sku_code,sku_name,station,platform,abcd,profile_segment,blend_daily,system_daily,blend_monthly,system_monthly,actual_monthly,actual_daily,error_daily,ape,kpi_comparable,version_no
100102901,US TA 1.5米口子农舍推拉零食柜 一件两箱 颜色->灰古木-40三胺,ALL,AMAZON,D,T4B,0.5214,0.2503,16.16,7.76,47,1.5161,-1.2658,0.8349,f,6 个月 · 全平台 · 全量 SKU · 2026-07-09
100102902,US TA 1.5米口子农舍推拉零食柜 一件两箱 颜色->白+棕,ALL,AMAZON,D,T4B,0.9071,0.4354,28.12,13.50,0,0.0000,0.4354,,f,6 个月 · 全平台 · 全量 SKU · 2026-07-09
100102903,US TA 1.5米口子农舍推拉零食柜 一件两箱 颜色->黑+棕,ALL,AMAZON,D,T4B,0.7929,0.3806,24.58,11.80,32,1.0323,-0.6517,0.6313,f,6 个月 · 全平台 · 全量 SKU · 2026-07-09
100102904,US TA 1.5米口子农舍推拉零食柜 一件两箱 颜色->黑+卡罗橡木黄,ALL,AMAZON,D,T4B,0.7857,0.3771,24.36,11.69,13,0.4194,-0.0423,0.1008,f,6 个月 · 全平台 · 全量 SKU · 2026-07-09
100103604,US DC 铁木床 CBF-02GL 方管铁木角落床带抽篮-113G Q 黑 一件一箱,ALL,AMAZON,C,T4B,1.2143,0.5829,37.64,18.07,114,3.6774,-3.0945,0.8415,f,6 个月 · 全平台 · 全量 SKU · 2026-07-09
100103702,US DC 铁木床 CBF-02GL 方管铁木角落床带抽篮-113G TXL 白 一件一箱,ALL,AMAZON,D,T4B,0.2143,0.1029,6.64,3.19,37,1.1935,-1.0906,0.9138,f,6 个月 · 全平台 · 全量 SKU · 2026-07-09
100103804,US DC 铁木床 CBF-02GL 方管铁木角落床带抽篮-113G Q 灰 一件一箱,ALL,AMAZON,D,T4B,0.5786,0.2777,17.94,8.61,105,3.3871,-3.1094,0.9180,f,6 个月 · 全平台 · 全量 SKU · 2026-07-09
100103901,US DC 铁木床 CBF-02GL 方管铁木角落床带抽篮-113G T 粉 一件一箱,ALL,AMAZON,D,T4B,0.3929,0.1886,12.18,5.85,78,2.5161,-2.3275,0.9250,f,6 个月 · 全平台 · 全量 SKU · 2026-07-09
DJ453277_1,US VD 竹制浴室柜 单门+1层架 原色 一件一箱,ALL,AMAZON,C,T3,4.1486,4.2080,128.61,130.45,126,4.0645,0.1435,0.0353,t,6 个月 · 全平台 · 全量 SKU · 2026-07-09
DJ454146_2,US TP 折叠餐桌  方形玄关桌  一件一箱 颜色->YZ6630+寿光暖白（小麻）,ALL,AMAZON,C,T4B,0.9042,0.3689,28.03,11.44,60,1.9355,-1.5666,0.8094,f,6 个月 · 全平台 · 全量 SKU · 2026-07-09
DJ454146_2,US TP 折叠餐桌  方形玄关桌  一件一箱 颜色->YZ6630+寿光暖白（小麻）,ALL,UNKNOWN,C,T4B,0.9621,0.3925,29.83,12.17,25,0.8065,-0.4140,0.5133,f,6 个月 · 全平台 · 全量 SKU · 2026-07-09
DJ454909_1,"EU MS 猫爬架 猫勺2个 一件一箱 颜色->#3,米色",ALL,AMAZON,C,T4B,1.0858,0.5212,33.66,16.16,22,0.7097,-0.1885,0.2656,f,6 个月 · 全平台 · 全量 SKU · 2026-07-09
DJ454909_2,"EU MS 猫爬架 猫勺2个 一件一箱 颜色->#1,紫灰色",ALL,AMAZON,C,T4B,1.6216,0.6616,50.27,20.51,42,1.3548,-0.6932,0.5117,f,6 个月 · 全平台 · 全量 SKU · 2026-07-09
DJ454909_3,"EU MS 猫爬架 猫勺2个 一件一箱 颜色->#2,浅灰色",ALL,AMAZON,C,T4A,3.7937,1.7603,117.60,54.57,93,3.0000,-1.2397,0.4132,t,6 个月 · 全平台 · 全量 SKU · 2026-07-09
DJ470882_1,US AE 写字桌  （92*48）四个小抽屉 白色 一件一箱,ALL,UNKNOWN,C,T4B,0.7137,0.3837,22.12,11.89,40,1.2903,-0.9066,0.7026,f,6 个月 · 全平台 · 全量 SKU · 2026-07-09
DJ470883_1,US AE 写字桌  （92*48）四个小抽屉带插座 白色 一件一箱,ALL,UNKNOWN,C,T4B,1.9125,0.7803,59.29,24.19,52,1.6774,-0.8971,0.5348,f,6 个月 · 全平台 · 全量 SKU · 2026-07-09
DJ478585_1,EU MS 猫爬架3顶窝175一件一箱 颜色->米白,ALL,AMAZON,C,T4B,2.1810,1.0469,67.61,32.45,69,2.2258,-1.1789,0.5297,f,6 个月 · 全平台 · 全量 SKU · 2026-07-09
DJ478585_1,EU MS 猫爬架3顶窝175一件一箱 颜色->米白,ALL,UNKNOWN,C,T4B,1.6095,0.6567,49.89,20.36,52,1.6774,-1.0207,0.6085,f,6 个月 · 全平台 · 全量 SKU · 2026-07-09
DJ478585_3,EU MS 猫爬架3顶窝175一件一箱 颜色->浅灰色,ALL,AMAZON,B,T3,4.1513,3.7362,128.69,115.82,118,3.8065,-0.0703,0.0185,t,6 个月 · 全平台 · 全量 SKU · 2026-07-09
DJ478945_1,"US TP 折叠餐桌 方形玄关桌  一件一箱  颜色->#1,栗木+铁灰",ALL,AMAZON,C,T4B,1.1198,0.3900,34.71,12.09,33,1.0645,-0.6745,0.6336,f,6 个月 · 全平台 · 全量 SKU · 2026-07-09
DJ478945_1,"US TP 折叠餐桌 方形玄关桌  一件一箱  颜色->#1,栗木+铁灰",ALL,UNKNOWN,C,T4B,1.2277,0.5009,38.06,15.53,28,0.9032,-0.4023,0.4454,f,6 个月 · 全平台 · 全量 SKU · 2026-07-09
DJ481034,US AE 写字桌  （80*40）四个小抽屉小款带插座 白色 一件一箱,ALL,AMAZON,C,T4B,1.1557,0.3236,35.83,10.03,4,0.1290,0.1946,1.5079,f,6 个月 · 全平台 · 全量 SKU · 2026-07-09
DJ486092_1,EU MS 猫爬架909升级款 一件一箱 颜色->米白,ALL,AMAZON,C,T4B,1.0831,0.5199,33.58,16.12,19,0.6129,-0.0930,0.1517,f,6 个月 · 全平台 · 全量 SKU · 2026-07-09
DJ486101_1,US TP 书桌 带灯泡  2小3大抽屉3折镜（拆装）  一件一箱 颜色->白色,ALL,AMAZON,C,T4A,5.3085,2.2400,164.56,69.44,157,5.0645,-2.8245,0.5577,t,6 个月 · 全平台 · 全量 SKU · 2026-07-09
DJ486101_1,US TP 书桌 带灯泡  2小3大抽屉3折镜（拆装）  一件一箱 颜色->白色,ALL,TIKTOK,C,T4B,0.2016,0.1084,6.25,3.36,61,1.9677,-1.8593,0.9449,f,6 个月 · 全平台 · 全量 SKU · 2026-07-09
DJ486101_2,US TP 书桌 带灯泡  2小3大抽屉3折镜（拆装）  一件一箱 颜色->黑色,ALL,AMAZON,C,T4B,2.0511,0.9845,63.58,30.52,50,1.6129,-0.6284,0.3896,f,6 个月 · 全平台 · 全量 SKU · 2026-07-09
DJ486101_3,US TP 书桌 带灯泡  2小3大抽屉3折镜（拆装）  一件一箱 颜色->棕色,ALL,AMAZON,C,T4A,3.6539,1.6800,113.27,52.08,40,1.2903,0.3897,0.3020,t,6 个月 · 全平台 · 全量 SKU · 2026-07-09
DJ486101_3,US TP 书桌 带灯泡  2小3大抽屉3折镜（拆装）  一件一箱 颜色->棕色,ALL,UNKNOWN,C,T4B,0.6496,0.3118,20.14,9.67,17,0.5484,-0.2366,0.4314,f,6 个月 · 全平台 · 全量 SKU · 2026-07-09
DJ487481_2,"EU MS 猫爬架 单勺两房 90MM 一件一箱 颜色->#1,浅灰+白麻",ALL,AMAZON,C,T4B,2.3708,1.1380,73.49,35.28,34,1.0968,0.0412,0.0376,f,6 个月 · 全平台 · 全量 SKU · 2026-07-09
DJ487481_2,"EU MS 猫爬架 单勺两房 90MM 一件一箱 颜色->#1,浅灰+白麻",ALL,UNKNOWN,C,T4B,0.8902,0.4529,27.60,14.04,40,1.2903,-0.8374,0.6490,f,6 个月 · 全平台 · 全量 SKU · 2026-07-09
DJ487481_5,"EU MS 猫爬架 单勺两房 90MM 一件一箱 颜色->#4,米色+白麻",ALL,AMAZON,C,T4B,1.1463,0.4677,35.54,14.50,22,0.7097,-0.2420,0.3410,f,6 个月 · 全平台 · 全量 SKU · 2026-07-09
DJ487481_5,"EU MS 猫爬架 单勺两房 90MM 一件一箱 颜色->#4,米色+白麻",ALL,UNKNOWN,C,T4B,0.7041,0.2873,21.83,8.91,21,0.6774,-0.3901,0.5759,f,6 个月 · 全平台 · 全量 SKU · 2026-07-09
DJ502257_1_WF,US AE 书柜 抽屉2个+插盘 2件1箱小麻点款 二件一箱 颜色->黑色,ALL,UNKNOWN,D,T4B,2.2588,1.0842,70.02,33.61,69,2.2258,-1.1416,0.5129,f,6 个月 · 全平台 · 全量 SKU · 2026-07-09
DJ502257_25_WF,"US AE 书柜 抽屉2个+插盘 2件1箱小麻点款 二件一箱 颜色->#3,灰木纹色",ALL,UNKNOWN,C,T4B,1.9360,0.7899,60.02,24.49,0,0.0000,0.7899,,f,6 个月 · 全平台 · 全量 SKU · 2026-07-09
DJ502406,VD 竹制马桶架 大款 双门储物+单层架 原色 一个一箱,ALL,AMAZON,C,T3,5.0226,4.5203,155.70,140.13,211,6.8065,-2.2862,0.3359,t,6 个月 · 全平台 · 全量 SKU · 2026-07-09
DJ502408,VD 竹制浴室柜 高款 单门+3层架 原色 一个一箱,ALL,AMAZON,C,T4B,4.0499,1.6524,125.55,51.22,100,3.2258,-1.5734,0.4878,f,6 个月 · 全平台 · 全量 SKU · 2026-07-09
DJ502410,VD 竹制置物架 大款+6层 原色 一个一箱,ALL,AMAZON,C,T4A,3.3385,1.5491,103.49,48.02,73,2.3548,-0.8057,0.3422,t,6 个月 · 全平台 · 全量 SKU · 2026-07-09
DJ502416,VD 竹制门厅架 储物盒+软包 原色 一个一箱,ALL,AMAZON,C,T4B,2.5210,1.0286,78.15,31.89,72,2.3226,-1.2940,0.5571,f,6 个月 · 全平台 · 全量 SKU · 2026-07-09
DJ502419,VD 竹制浴室柜 双门+双层架 原色 一个一箱,ALL,AMAZON,C,T4A,2.5071,1.2331,77.72,38.23,88,2.8387,-1.6056,0.5656,t,6 个月 · 全平台 · 全量 SKU · 2026-07-09
DJ502420,VD 竹制浴室柜 双门上墙 原色 一个一箱,ALL,AMAZON,B,T3,3.9021,3.1997,120.97,99.19,124,4.0000,-0.8003,0.2001,t,6 个月 · 全平台 · 全量 SKU · 2026-07-09
DJ502459_1_WF,"US TP 书桌 五抽圆镜三色灯带压床头柜 颜色->#1,白+原木色",ALL,UNKNOWN,B,T4B,2.5043,1.0217,77.63,31.67,76,2.4516,-1.4299,0.5833,f,6 个月 · 全平台 · 全量 SKU · 2026-07-09
DJ502483,US TA 高文件柜带布抽 一件一箱 颜色->火烧云加黑色,ALL,UNKNOWN,C,T4B,0.8274,0.3376,25.65,10.47,0,0.0000,0.3376,,f,6 个月 · 全平台 · 全量 SKU · 2026-07-09
DJ502512_1,US AE 书柜 3抽屉 带插排小台款（大款） 颜色->白色,ALL,AMAZON,B,T2,11.0495,8.6186,342.53,267.18,285,9.1935,-0.5749,0.0625,t,6 个月 · 全平台 · 全量 SKU · 2026-07-09
DJ502512_1,US AE 书柜 3抽屉 带插排小台款（大款） 颜色->白色,ALL,TIKTOK,B,T4B,1.2005,0.5762,37.22,17.86,167,5.3871,-4.8109,0.8930,f,6 个月 · 全平台 · 全量 SKU · 2026-07-09
DJ502512_1,US AE 书柜 3抽屉 带插排小台款（大款） 颜色->白色,ALL,UNKNOWN,B,T4B,0.8785,0.4217,27.23,13.07,21,0.6774,-0.2557,0.3775,f,6 个月 · 全平台 · 全量 SKU · 2026-07-09
DJ502512_13,"US AE 书柜 3抽屉 带插排小台款（大款） 颜色->#3,灰木纹色",ALL,AMAZON,A,T2,16.5741,12.9278,513.80,400.76,378,12.1935,0.7343,0.0602,t,6 个月 · 全平台 · 全量 SKU · 2026-07-09
DJ502512_13,"US AE 书柜 3抽屉 带插排小台款（大款） 颜色->#3,灰木纹色",ALL,TEMU,A,T4B,3.7133,1.8893,115.11,58.57,250,8.0645,-6.1752,0.7657,f,6 个月 · 全平台 · 全量 SKU · 2026-07-09
DJ502512_13,"US AE 书柜 3抽屉 带插排小台款（大款） 颜色->#3,灰木纹色",ALL,TIKTOK,A,T4B,0.9808,0.5273,30.40,16.35,167,5.3871,-4.8598,0.9021,f,6 个月 · 全平台 · 全量 SKU · 2026-07-09
DJ502512_13_WF,"US AE 书柜 3抽屉 带插排小台款（大款） 颜色->#3,灰木纹色",ALL,UNKNOWN,C,T4B,1.0856,0.5211,33.65,16.15,0,0.0000,0.5211,,f,6 个月 · 全平台 · 全量 SKU · 2026-07-09
DJ502512_1_WF,US AE 书柜 3抽屉 带插排小台款（大款） 颜色->白色,ALL,UNKNOWN,C,T4B,1.2463,0.5085,38.64,15.76,34,1.0968,-0.5883,0.5364,f,6 个月 · 全平台 · 全量 SKU · 2026-07-09
DJ502512_2,US AE 书柜 3抽屉 带插排小台款（大款） 颜色->黑色,ALL,AMAZON,A,T2,17.6704,13.7829,547.78,427.27,463,14.9355,-1.1526,0.0772,t,6 个月 · 全平台 · 全量 SKU · 2026-07-09
DJ502512_2,US AE 书柜 3抽屉 带插排小台款（大款） 颜色->黑色,ALL,TIKTOK,A,T4B,1.3675,0.6958,42.39,21.57,155,5.0000,-4.3042,0.8608,f,6 个月 · 全平台 · 全量 SKU · 2026-07-09
DJ502512_2,US AE 书柜 3抽屉 带插排小台款（大款） 颜色->黑色,ALL,UNKNOWN,A,T4B,1.0908,0.5236,33.81,16.23,45,1.4516,-0.9280,0.6393,f,6 个月 · 全平台 · 全量 SKU · 2026-07-09
DJ502512_2_WF,US AE 书柜 3抽屉 带插排小台款（大款） 颜色->黑色,ALL,UNKNOWN,C,T4B,1.9491,0.9356,60.42,29.00,37,1.1935,-0.2579,0.2161,f,6 个月 · 全平台 · 全量 SKU · 2026-07-09
DJ502512_4,US AE 书柜 3抽屉 带插排小台款 颜色->#4,ALL,AMAZON,B,T3,5.6444,5.1981,174.98,161.14,197,6.3548,-1.1567,0.1820,t,6 个月 · 全平台 · 全量 SKU · 2026-07-09
DJ502512_4,US AE 书柜 3抽屉 带插排小台款 颜色->#4,ALL,TIKTOK,B,T4B,1.2641,0.4071,39.19,12.62,20,0.6452,-0.2381,0.3690,f,6 个月 · 全平台 · 全量 SKU · 2026-07-09
DJ502529_1,US AE 书柜 两抽托盘带灯无线充插排 颜色->白色,ALL,AMAZON,B,T3,5.6475,4.9918,175.07,154.75,135,4.3548,0.6370,0.1463,t,6 个月 · 全平台 · 全量 SKU · 2026-07-09
DJ502529_1,US AE 书柜 两抽托盘带灯无线充插排 颜色->白色,ALL,UNKNOWN,B,T4B,1.3597,0.5100,42.15,15.81,22,0.7097,-0.1997,0.2814,f,6 个月 · 全平台 · 全量 SKU · 2026-07-09
DJ502529_19,"US AE 书柜 两抽托盘带灯无线充插排 颜色->#3,灰木纹",ALL,AMAZON,B,T3,4.4454,3.6452,137.81,113.00,75,2.4194,1.2258,0.5067,t,6 个月 · 全平台 · 全量 SKU · 2026-07-09
DJ502529_19,"US AE 书柜 两抽托盘带灯无线充插排 颜色->#3,灰木纹",ALL,WALMART,B,T4B,0.3494,0.1426,10.83,4.42,16,0.5161,-0.3735,0.7237,f,6 个月 · 全平台 · 全量 SKU · 2026-07-09
DJ502529_2,US AE 书柜 两抽托盘带灯无线充插排 颜色->黑色,ALL,AMAZON,B,T3,6.5112,5.3392,201.85,165.52,107,3.4516,1.8876,0.5469,t,6 个月 · 全平台 · 全量 SKU · 2026-07-09
DJ502529_2,US AE 书柜 两抽托盘带灯无线充插排 颜色->黑色,ALL,UNKNOWN,B,T4B,1.4042,0.3400,43.53,10.54,21,0.6774,-0.3374,0.4981,f,6 个月 · 全平台 · 全量 SKU · 2026-07-09
DJ502529_2,US AE 书柜 两抽托盘带灯无线充插排 颜色->黑色,ALL,WALMART,B,T4B,0.6411,0.3262,19.87,10.11,18,0.5806,-0.2544,0.4382,f,6 个月 · 全平台 · 全量 SKU · 2026-07-09
DJ502530_1,US AE 书柜 三抽带储物空间加灯带插排 颜色->白色,ALL,AMAZON,B,T1,27.0922,21.1319,839.86,655.09,616,19.8710,1.2609,0.0635,t,6 个月 · 全平台 · 全量 SKU · 2026-07-09
DJ502530_1,US AE 书柜 三抽带储物空间加灯带插排 颜色->白色,ALL,TIKTOK,B,T4B,0.4226,0.2272,13.10,7.04,515,16.6129,-16.3857,0.9863,f,6 个月 · 全平台 · 全量 SKU · 2026-07-09
DJ502530_1,US AE 书柜 三抽带储物空间加灯带插排 颜色->白色,ALL,WALMART,B,T4B,0.5006,0.2042,15.52,6.33,15,0.4839,-0.2797,0.5780,f,6 个月 · 全平台 · 全量 SKU · 2026-07-09
DJ502530_2,US AE 书柜 三抽带储物空间加灯带插排 颜色->黑色,ALL,AMAZON,A,T1,77.4690,60.4258,2401.54,1873.20,1822,58.7742,1.6516,0.0281,t,6 个月 · 全平台 · 全量 SKU · 2026-07-09
DJ502530_2,US AE 书柜 三抽带储物空间加灯带插排 颜色->黑色,ALL,WALMART,A,T4B,2.4331,0.9927,75.43,30.77,62,2.0000,-1.0073,0.5037,f,6 个月 · 全平台 · 全量 SKU · 2026-07-09
DJ502530_23,"US AE 书柜 三抽带储物空间加灯带插排 颜色->#3,鱼肚白大理石纹",ALL,AMAZON,C,T3,7.2057,5.9087,223.38,183.17,150,4.8387,1.0700,0.2211,t,6 个月 · 全平台 · 全量 SKU · 2026-07-09
DJ502530_4,"US AE 书柜 三抽带储物空间加灯带插排 颜色->#4,浅粉色",ALL,AMAZON,C,T4A,2.1384,0.9922,66.29,30.76,155,5.0000,-4.0078,0.8016,t,6 个月 · 全平台 · 全量 SKU · 2026-07-09
DJ502530_4,"US AE 书柜 三抽带储物空间加灯带插排 颜色->#4,浅粉色",ALL,UNKNOWN,C,T4B,0.1604,0.0862,4.97,2.67,22,0.7097,-0.6235,0.8785,f,6 个月 · 全平台 · 全量 SKU · 2026-07-09
DJ502552_1,US TP 书桌 2小3大抽屉3折1大2小方镜 带插排 USB灯泡串（拆装） 颜色->白色,ALL,AMAZON,C,T4B,1.1171,0.4558,34.63,14.13,30,0.9677,-0.5119,0.5290,f,6 个月 · 全平台 · 全量 SKU · 2026-07-09
DJ502552_1,US TP 书桌 2小3大抽屉3折1大2小方镜 带插排 USB灯泡串（拆装） 颜色->白色,ALL,TIKTOK,C,T4B,0.4564,0.2454,14.15,7.61,34,1.0968,-0.8514,0.7763,f,6 个月 · 全平台 · 全量 SKU · 2026-07-09
DJ502555_1,US SD 2m带支架游戏高桌 颜色 >>黑麻+磨砂黑铁管一件一箱,ALL,AMAZON,C,T3,7.8043,6.3995,241.93,198.38,200,6.4516,-0.0521,0.0081,t,6 个月 · 全平台 · 全量 SKU · 2026-07-09
DJ502555_2,US SD 2m带支架游戏高桌 颜色 >>白麻+银色铁管 一件一箱,ALL,AMAZON,C,T4B,1.5451,0.6304,47.90,19.54,10,0.3226,0.3078,0.9542,f,6 个月 · 全平台 · 全量 SKU · 2026-07-09
DJ502566_1,US SD 双抽文件柜带排插 一件一箱 颜色->黑麻,ALL,AMAZON,C,T4B,3.1282,1.2763,96.97,39.57,65,2.0968,-0.8205,0.3913,f,6 个月 · 全平台 · 全量 SKU · 2026-07-09
DJ502566_2,US SD 双抽文件柜带排插 一件一箱 颜色->火烧云,ALL,AMAZON,B,T3,6.3956,5.2444,198.26,162.58,114,3.6774,1.5670,0.4261,t,6 个月 · 全平台 · 全量 SKU · 2026-07-09
DJ502566_2_WF,US SD 双抽文件柜带排插 一件一箱 颜色->火烧云,ALL,UNKNOWN,C,T4B,5.7438,2.7570,178.06,85.47,178,5.7419,-2.9849,0.5198,f,6 个月 · 全平台 · 全量 SKU · 2026-07-09
DJ502566_3,US SD 双抽文件柜带排插 一件一箱 颜色->灰色,ALL,AMAZON,C,T4A,3.0651,1.4222,95.02,44.09,75,2.4194,-0.9972,0.4122,t,6 个月 · 全平台 · 全量 SKU · 2026-07-09
DJ502566_3_WF,US SD 双抽文件柜带排插 一件一箱 颜色->灰色,ALL,UNKNOWN,C,T4B,1.6801,0.8548,52.08,26.50,40,1.2903,-0.4355,0.3375,f,6 个月 · 全平台 · 全量 SKU · 2026-07-09
DJ502566_4,US SD 双抽文件柜带排插 一件一箱 颜色->棕色,ALL,AMAZON,C,T4B,1.1299,0.4610,35.03,14.29,43,1.3871,-0.9261,0.6677,f,6 个月 · 全平台 · 全量 SKU · 2026-07-09
DJ502566_4,US SD 双抽文件柜带排插 一件一箱 颜色->棕色,ALL,UNKNOWN,C,T4B,0.8484,0.4072,26.30,12.62,15,0.4839,-0.0767,0.1585,f,6 个月 · 全平台 · 全量 SKU · 2026-07-09
DJ502597,US TA 高文件柜带布抽 一件一箱 颜色->白色,ALL,AMAZON,C,T4B,2.1603,0.8814,66.97,27.32,5,0.1613,0.7201,4.4647,f,6 个月 · 全平台 · 全量 SKU · 2026-07-09
DJ502636,VD 竹制浴室柜 单门上墙 原色 一个一箱,ALL,AMAZON,C,T4B,2.1116,0.8615,65.46,26.71,45,1.4516,-0.5901,0.4065,f,6 个月 · 全平台 · 全量 SKU · 2026-07-09
DJ502650_3,"US TP 铁木梳妆台 带玻璃门五抽灯泡插排款 颜色->白色,白色铁件",ALL,UNKNOWN,C,T4B,1.2629,0.5063,39.15,15.70,71,2.2903,-1.7840,0.7789,f,6 个月 · 全平台 · 全量 SKU · 2026-07-09
DJ502650_4,US TP 铁木梳妆台 带玻璃门五抽灯泡插排款 颜色->粉色,ALL,UNKNOWN,C,T4B,0.1943,0.0933,6.02,2.89,24,0.7742,-0.6809,0.8795,f,6 个月 · 全平台 · 全量 SKU · 2026-07-09
DJ502682_3,US床T-B213Q软包灯带和USB款四抽屉含垫（153*203）一件一箱 颜色黑色PU,ALL,AMAZON,C,T3,4.4457,3.6455,137.82,113.01,38,1.2258,2.4197,1.9740,t,6 个月 · 全平台 · 全量 SKU · 2026-07-09
DJ502683_4,US床T-B213F软包灯带和USB款四抽屉含垫137.5*190一件一箱 颜色->#4白色PU,ALL,AMAZON,C,T4B,0.4028,0.1201,12.49,3.72,4,0.1290,-0.0089,0.0692,f,6 个月 · 全平台 · 全量 SKU · 2026-07-09
DJ502691,US DC 宽浴室柜 H160cm 上三层架中抽屉下柜子 白色 一件一箱,ALL,AMAZON,C,T4A,2.6553,1.0473,82.31,32.47,73,2.3548,-1.3075,0.5553,t,6 个月 · 全平台 · 全量 SKU · 2026-07-09
DJ502694,VD 竹制烘焙架 三孔排插 原色 一个1箱,ALL,AMAZON,C,T4B,3.1010,1.2652,96.13,39.22,110,3.5484,-2.2832,0.6434,f,6 个月 · 全平台 · 全量 SKU · 2026-07-09
DJ502695,VD 竹制浴室柜 双门上墙+1层架 原色 一个一箱,ALL,AMAZON,B,T4A,2.6620,1.2352,82.52,38.29,123,3.9677,-2.7325,0.6887,t,6 个月 · 全平台 · 全量 SKU · 2026-07-09
DJ502706,US DC 浴室柜 H122cmD33cm 上两层架中抽屉下柜子 白色 一件一箱,ALL,AMAZON,C,T3,3.8852,3.4967,120.44,108.40,53,1.7097,1.7870,1.0452,t,6 个月 · 全平台 · 全量 SKU · 2026-07-09
DJ502706,US DC 浴室柜 H122cmD33cm 上两层架中抽屉下柜子 白色 一件一箱,ALL,TIKTOK,C,T4B,0.5686,0.2893,17.63,8.97,50,1.6129,-1.3236,0.8206,f,6 个月 · 全平台 · 全量 SKU · 2026-07-09
DJ502788,US  DC 美标LED金属镜柜排铰拆装双开门 白色 一件一箱,ALL,AMAZON,C,T3,3.9552,3.5588,122.61,110.32,127,4.0968,-0.5380,0.1313,t,6 个月 · 全平台 · 全量 SKU · 2026-07-09
DJ502788,US  DC 美标LED金属镜柜排铰拆装双开门 白色 一件一箱,ALL,UNKNOWN,C,T4B,0.5049,0.2060,15.65,6.39,14,0.4516,-0.2456,0.5439,f,6 个月 · 全平台 · 全量 SKU · 2026-07-09
DJ502789_1,"US SD 复古款X字门L桌 一件一箱 颜色-白麻 颜色->白色,白色",ALL,UNKNOWN,C,T4B,0.6198,0.3332,19.21,10.33,0,0.0000,0.3332,,f,6 个月 · 全平台 · 全量 SKU · 2026-07-09
DJ502834_1,US AG 铁木3抽边桌 灯带+排插  一件一箱 颜色->黑色,ALL,AMAZON,B,T2,10.4424,7.5677,323.71,234.60,187,6.0323,1.5354,0.2545,t,6 个月 · 全平台 · 全量 SKU · 2026-07-09
DJ502834_1,US AG 铁木3抽边桌 灯带+排插  一件一箱 颜色->黑色,ALL,UNKNOWN,B,T4B,2.3448,1.1255,72.69,34.89,66,2.1290,-1.0035,0.4714,f,6 个月 · 全平台 · 全量 SKU · 2026-07-09
DJ502834_2,US AG 铁木3抽边桌 灯带+排插  一件一箱 颜色->白色,ALL,UNKNOWN,C,T4B,0.7373,0.3539,22.86,10.97,21,0.6774,-0.3235,0.4776,f,6 个月 · 全平台 · 全量 SKU · 2026-07-09
DJ502834_3,"US AG 铁木3抽边桌 灯带+排插  一件一箱 颜色->#1,火烧云",ALL,AMAZON,C,T3,8.4651,6.9414,262.42,215.18,151,4.8710,2.0704,0.4251,t,6 个月 · 全平台 · 全量 SKU · 2026-07-09
DJ502834_3,"US AG 铁木3抽边桌 灯带+排插  一件一箱 颜色->#1,火烧云",ALL,UNKNOWN,C,T4B,1.1099,0.5328,34.41,16.52,40,1.2903,-0.7575,0.5871,f,6 个月 · 全平台 · 全量 SKU · 2026-07-09
DJ502844,VD 板式边桌 编藤双抽+单隔层+插排+灯带 木色 一个一箱,ALL,AMAZON,C,T4A,4.5170,1.7815,140.03,55.23,90,2.9032,-1.1217,0.3864,t,6 个月 · 全平台 · 全量 SKU · 2026-07-09
DJ502844,VD 板式边桌 编藤双抽+单隔层+插排+灯带 木色 一个一箱,ALL,UNKNOWN,C,T4B,0.2217,0.1192,6.87,3.70,6,0.1935,-0.0743,0.3841,f,6 个月 · 全平台 · 全量 SKU · 2026-07-09
DJ502859,EU DC 折叠床床面铁板 黑色 5英寸床垫 一件一箱,ALL,AMAZON,B,T4A,3.7364,1.8377,115.83,56.97,89,2.8710,-1.0333,0.3599,t,6 个月 · 全平台 · 全量 SKU · 2026-07-09
DJ502860_2,US AG 立柱开放储物灯带边桌 含插座  一件一箱 颜色->白色,ALL,AMAZON,C,T3,8.5935,7.0467,266.40,218.45,185,5.9677,1.0790,0.1808,t,6 个月 · 全平台 · 全量 SKU · 2026-07-09
DJ502860_2,US AG 立柱开放储物灯带边桌 含插座  一件一箱 颜色->白色,ALL,TIKTOK,C,T4B,0.1571,0.0754,4.87,2.34,19,0.6129,-0.5375,0.8770,f,6 个月 · 全平台 · 全量 SKU · 2026-07-09
DJ502890_1,US SD L桌带洞洞铁皮带排插  一件一箱 颜色->火烧云,ALL,AMAZON,C,T4B,3.6309,1.4814,112.56,45.92,102,3.2903,-1.8089,0.5498,f,6 个月 · 全平台 · 全量 SKU · 2026-07-09
DJ502890_2,US SD L桌带洞洞铁皮带排插  一件一箱 颜色->白色,ALL,AMAZON,C,T4B,4.6939,1.9151,145.51,59.37,101,3.2581,-1.3430,0.4122,f,6 个月 · 全平台 · 全量 SKU · 2026-07-09
DJ502890_2,US SD L桌带洞洞铁皮带排插  一件一箱 颜色->白色,ALL,UNKNOWN,C,T4B,0.1446,0.0694,4.48,2.15,5,0.1613,-0.0919,0.5697,f,6 个月 · 全平台 · 全量 SKU · 2026-07-09
DJ502890_3,US SD L桌带洞洞铁皮带排插  一件一箱 颜色->黑色,ALL,AMAZON,B,T2,11.9060,8.6284,369.09,267.48,310,10.0000,-1.3716,0.1372,t,6 个月 · 全平台 · 全量 SKU · 2026-07-09
DJ502890_3,US SD L桌带洞洞铁皮带排插  一件一箱 颜色->黑色,ALL,TIKTOK,B,T4B,0.4015,0.1927,12.45,5.97,29,0.9355,-0.7428,0.7940,f,6 个月 · 全平台 · 全量 SKU · 2026-07-09
DJ502890_3,US SD L桌带洞洞铁皮带排插  一件一箱 颜色->黑色,ALL,UNKNOWN,B,T4B,0.2231,0.1135,6.92,3.52,15,0.4839,-0.3704,0.7654,f,6 个月 · 全平台 · 全量 SKU · 2026-07-09
DJ502890_4,US SD L桌带洞洞铁皮带排插  一件一箱 颜色->989-3,ALL,AMAZON,C,T3,4.3847,3.9462,135.93,122.33,124,4.0000,-0.0538,0.0135,t,6 个月 · 全平台 · 全量 SKU · 2026-07-09
DJ502890_4,US SD L桌带洞洞铁皮带排插  一件一箱 颜色->989-3,ALL,UNKNOWN,C,T4B,0.1719,0.0875,5.33,2.71,6,0.1935,-0.1060,0.5479,f,6 个月 · 全平台 · 全量 SKU · 2026-07-09
DJ502894,EU DC LED镜柜三开门80*16*60 白色 一件一箱,ALL,AMAZON,B,T4A,3.8295,1.8835,118.71,58.39,65,2.0968,-0.2133,0.1017,t,6 个月 · 全平台 · 全量 SKU · 2026-07-09
DJ502895,EU DC LED镜柜三开门90*16*60 白色 一件一箱,ALL,AMAZON,B,T3,4.9046,4.6790,152.04,145.05,124,4.0000,0.6790,0.1698,t,6 个月 · 全平台 · 全量 SKU · 2026-07-09
DJ502897,VD 竹制浴室柜 单镜门上墙 原色 一个一箱,ALL,AMAZON,C,T4A,2.9361,1.3624,91.02,42.23,70,2.2581,-0.8957,0.3967,t,6 个月 · 全平台 · 全量 SKU · 2026-07-09
DJ502917_1,EU MS 猫爬架 2个吊床 大型加高193 颜色->米白,ALL,AMAZON,C,T4B,0.9987,0.4794,30.96,14.86,54,1.7419,-1.2625,0.7248,f,6 个月 · 全平台 · 全量 SKU · 2026-07-09
DJ502917_2,EU MS 猫爬架 2个吊床 大型加高193 颜色->深灰色,ALL,AMAZON,C,T4B,2.1925,1.0524,67.97,32.62,82,2.6452,-1.5928,0.6021,f,6 个月 · 全平台 · 全量 SKU · 2026-07-09
DJ502917_3,EU MS 猫爬架 2个吊床 大型加高193 颜色->浅灰色,ALL,AMAZON,C,T4A,2.5202,0.9940,78.13,30.81,102,3.2903,-2.2963,0.6979,t,6 个月 · 全平台 · 全量 SKU · 2026-07-09
DJ502919_1,US TA 双抽双顶咖啡桌 颜色->火烧云,ALL,AMAZON,C,T4B,3.2362,1.3204,100.32,40.93,90,2.9032,-1.5828,0.5452,f,6 个月 · 全平台 · 全量 SKU · 2026-07-09
DJ502919_1,US TA 双抽双顶咖啡桌 颜色->火烧云,ALL,TEMU,C,T4B,0.6085,0.2921,18.86,9.06,8,0.2581,0.0340,0.1319,f,6 个月 · 全平台 · 全量 SKU · 2026-07-09
DJ502919_2,US TA 双抽双顶咖啡桌 颜色->黑麻,ALL,AMAZON,B,T4B,3.4993,1.4277,108.48,44.26,70,2.2581,-0.8304,0.3677,f,6 个月 · 全平台 · 全量 SKU · 2026-07-09
DJ502919_2,US TA 双抽双顶咖啡桌 颜色->黑麻,ALL,TEMU,B,T4B,1.1463,0.6163,35.54,19.11,34,1.0968,-0.4805,0.4381,f,6 个月 · 全平台 · 全量 SKU · 2026-07-09
DJ502919_5,US TA 双抽双顶咖啡桌 颜色->棕色+黑麻,ALL,AMAZON,C,T4B,0.5934,0.3019,18.40,9.36,37,1.1935,-0.8916,0.7471,f,6 个月 · 全平台 · 全量 SKU · 2026-07-09
DJ502934_3,US床T-B221CQ软包Y形格子柜含插盘灯带152.5*203黑色铁+米白绒布,ALL,AMAZON,B,T3,5.4173,4.4422,167.94,137.71,98,3.1613,1.2809,0.4052,t,6 个月 · 全平台 · 全量 SKU · 2026-07-09
DJ502935_3,US床T-B221CF软包Y形格子柜含插盘灯带137*190黑色铁+米白绒布,ALL,AMAZON,A,T3,9.9742,8.1788,309.20,253.54,120,3.8710,4.3078,1.1129,t,6 个月 · 全平台 · 全量 SKU · 2026-07-09
DJ502950,US DC 木质镜柜三开门 80*16*60 白色 一件一箱,ALL,AMAZON,C,T3,5.5815,4.7777,173.03,148.11,101,3.2581,1.5196,0.4664,t,6 个月 · 全平台 · 全量 SKU · 2026-07-09
DJ502950,US DC 木质镜柜三开门 80*16*60 白色 一件一箱,ALL,UNKNOWN,C,T4B,0.8027,0.4084,24.88,12.66,41,1.3226,-0.9142,0.6912,f,6 个月 · 全平台 · 全量 SKU · 2026-07-09
DJ502952_1,US SD 23款L桌高桌 一件一箱 颜色->黑色,ALL,AMAZON,A,T1,28.5188,22.2447,884.08,689.59,745,24.0323,-1.7876,0.0744,t,6 个月 · 全平台 · 全量 SKU · 2026-07-09
DJ502952_1,US SD 23款L桌高桌 一件一箱 颜色->黑色,ALL,TEMU,A,T4B,0.7623,0.4098,23.63,12.70,35,1.1290,-0.7192,0.6370,f,6 个月 · 全平台 · 全量 SKU · 2026-07-09
DJ502952_1,US SD 23款L桌高桌 一件一箱 颜色->黑色,ALL,UNKNOWN,A,T4B,0.5694,0.3061,17.65,9.49,19,0.6129,-0.3068,0.5006,f,6 个月 · 全平台 · 全量 SKU · 2026-07-09
DJ502952_2,US SD 23款L桌高桌 一件一箱 颜色->989-2色,ALL,AMAZON,C,T3,4.7498,4.2748,147.24,132.52,169,5.4516,-1.1768,0.2159,t,6 个月 · 全平台 · 全量 SKU · 2026-07-09
DJ502952_3,US SD 23款L桌高桌 一件一箱 颜色->白色,ALL,AMAZON,B,T2,9.2083,7.8510,285.46,243.38,317,10.2258,-2.3748,0.2322,t,6 个月 · 全平台 · 全量 SKU · 2026-07-09
DJ502952_3,US SD 23款L桌高桌 一件一箱 颜色->白色,ALL,UNKNOWN,B,T4B,0.6266,0.3188,19.42,9.88,18,0.5806,-0.2618,0.4510,f,6 个月 · 全平台 · 全量 SKU · 2026-07-09
DJ502952_4,US SD 23款L桌高桌 一件一箱 颜色->火烧云色,ALL,AMAZON,B,T2,9.7861,8.3436,303.37,258.65,269,8.6774,-0.3338,0.0385,t,6 个月 · 全平台 · 全量 SKU · 2026-07-09
DJ502952_5,US SD 23款L桌高桌 一件一箱 颜色->989-3,ALL,AMAZON,C,T2,8.9508,7.4560,277.47,231.14,228,7.3548,0.1012,0.0138,t,6 个月 · 全平台 · 全量 SKU · 2026-07-09
DJ502954_1,US SD 圆弧面转角高桌 一件一箱 颜色->白色,ALL,AMAZON,C,T4B,1.1132,0.0940,34.51,2.91,0,0.0000,0.0940,,f,6 个月 · 全平台 · 全量 SKU · 2026-07-09
DJ502963,EU DC 折叠床床面菱形网改款 黑色 5英寸床垫 一件一箱,ALL,AMAZON,C,T4B,2.0292,1.0325,62.91,32.01,43,1.3871,-0.3546,0.2556,f,6 个月 · 全平台 · 全量 SKU · 2026-07-09
DJ502988_1,US SD L桌带两层网书架 一件一箱 颜色->白色,ALL,AMAZON,B,T3,8.8719,7.2750,275.03,225.53,210,6.7742,0.5008,0.0739,t,6 个月 · 全平台 · 全量 SKU · 2026-07-09
DJ502988_1,US SD L桌带两层网书架 一件一箱 颜色->白色,ALL,UNKNOWN,B,T4B,1.0849,0.5208,33.63,16.14,9,0.2903,0.2305,0.7939,f,6 个月 · 全平台 · 全量 SKU · 2026-07-09
DJ502988_2,US SD L桌带两层网书架 一件一箱 颜色->黑色,ALL,AMAZON,C,T3,5.2793,4.3290,163.66,134.20,116,3.7419,0.5871,0.1569,t,6 个月 · 全平台 · 全量 SKU · 2026-07-09
DJ502988_2,US SD L桌带两层网书架 一件一箱 颜色->黑色,ALL,UNKNOWN,C,T4B,0.4936,0.2369,15.30,7.34,16,0.5161,-0.2792,0.5410,f,6 个月 · 全平台 · 全量 SKU · 2026-07-09
DJ502988_4,US SD L桌带两层网书架 一件一箱 颜色->火烧云,ALL,AMAZON,B,T2,12.0769,8.7523,374.38,271.32,310,10.0000,-1.2477,0.1248,t,6 个月 · 全平台 · 全量 SKU · 2026-07-09
DJ502990,US  DC 美标LED金属镜柜排胶拆装双开门90 白色 一件一箱,ALL,AMAZON,C,T4B,3.1571,1.1050,97.87,34.26,1,0.0323,1.0727,33.2550,f,6 个月 · 全平台 · 全量 SKU · 2026-07-09
DJ502991,US  DC 美标LED金属镜柜铰链拆装三开门100 白色 一件一箱,ALL,AMAZON,C,T4A,3.8612,1.7916,119.70,55.54,82,2.6452,-0.8536,0.3227,t,6 个月 · 全平台 · 全量 SKU · 2026-07-09
DJ503006,EU DC LED镜柜三开门70*16*60 白色 一件一箱,ALL,AMAZON,B,T3,5.3137,4.7823,164.72,148.25,65,2.0968,2.6855,1.2808,t,6 个月 · 全平台 · 全量 SKU · 2026-07-09
DJ503056,US DC 木质镜柜三开门 70*16*60 白色 一件一箱,ALL,AMAZON,C,T4A,3.9003,1.5383,120.91,47.69,79,2.5484,-1.0101,0.3964,t,6 个月 · 全平台 · 全量 SKU · 2026-07-09
DJ503079_1,"US BF 书柜 板材美式+托盘含插盘（大款）加RGB灯带 一件一箱 颜色->#1,黑色小麻",ALL,AMAZON,C,T3,6.2897,5.1576,194.98,159.89,122,3.9355,1.2221,0.3105,t,6 个月 · 全平台 · 全量 SKU · 2026-07-09
DJ503079_1,"US BF 书柜 板材美式+托盘含插盘（大款）加RGB灯带 一件一箱 颜色->#1,黑色小麻",ALL,UNKNOWN,C,T4B,1.9953,0.9577,61.85,29.69,52,1.6774,-0.7197,0.4291,f,6 个月 · 全平台 · 全量 SKU · 2026-07-09
DJ503079_2,"US BF 书柜 板材美式+托盘含插盘（大款）加RGB灯带 一件一箱 颜色->#2,白色小麻",ALL,AMAZON,C,T4B,4.2592,1.7378,132.04,53.87,56,1.8065,-0.0687,0.0380,f,6 个月 · 全平台 · 全量 SKU · 2026-07-09
DJ503079_2,"US BF 书柜 板材美式+托盘含插盘（大款）加RGB灯带 一件一箱 颜色->#2,白色小麻",ALL,TIKTOK,C,T4B,0.6359,0.3052,19.71,9.46,73,2.3548,-2.0496,0.8704,f,6 个月 · 全平台 · 全量 SKU · 2026-07-09
DJ503079_2,"US BF 书柜 板材美式+托盘含插盘（大款）加RGB灯带 一件一箱 颜色->#2,白色小麻",ALL,UNKNOWN,C,T4B,1.0665,0.5119,33.06,15.87,19,0.6129,-0.1010,0.1648,f,6 个月 · 全平台 · 全量 SKU · 2026-07-09
DJ503079_2_WF,"US BF 书柜 板材美式+托盘含插盘（大款）加RGB灯带 一件一箱 颜色->#2,白色小麻",ALL,UNKNOWN,D,T4B,0.2451,0.1317,7.60,4.08,11,0.3548,-0.2231,0.6288,f,6 个月 · 全平台 · 全量 SKU · 2026-07-09
DJ503080_1,"US BF 书柜 金色铁腿+托盘含插盘（大款）加RGB灯带 一件一箱 颜色->#1,黑色小麻",ALL,UNKNOWN,C,T4B,0.5485,0.2300,17.00,7.13,9,0.2903,-0.0603,0.2078,f,6 个月 · 全平台 · 全量 SKU · 2026-07-09
DJ503080_2,"US BF 书柜 金色铁腿+托盘含插盘（大款）加RGB灯带 一件一箱 颜色->#2,白色小麻",ALL,AMAZON,C,T4B,2.4841,1.1924,77.01,36.96,36,1.1613,0.0311,0.0268,f,6 个月 · 全平台 · 全量 SKU · 2026-07-09
DJ503086_1,US床T-B212Q软包悬浮含插盘灯带152.5*203颜色麻布基洛斯灰,ALL,AMAZON,C,T3,5.2144,4.6930,161.65,145.48,124,4.0000,0.6930,0.1733,t,6 个月 · 全平台 · 全量 SKU · 2026-07-09
DJ503114_1,HS NSD-02边柜 两抽布抽屉 带插排氛围灯款 两件一箱 颜色->黑色,ALL,AMAZON,C,T3,4.5015,4.1052,139.55,127.26,46,1.4839,2.6213,1.7665,t,6 个月 · 全平台 · 全量 SKU · 2026-07-09
DJ503114_1,HS NSD-02边柜 两抽布抽屉 带插排氛围灯款 两件一箱 颜色->黑色,ALL,TIKTOK,C,T4B,0.8150,0.4147,25.27,12.86,40,1.2903,-0.8756,0.6786,f,6 个月 · 全平台 · 全量 SKU · 2026-07-09
DJ503121_3,HS NSFH-01L 边柜 纯木 插板翻门 双抽 一件一箱 颜色->橡木灰,ALL,AMAZON,C,T3,5.3925,4.4219,167.17,137.08,60,1.9355,2.4864,1.2846,t,6 个月 · 全平台 · 全量 SKU · 2026-07-09
DJ503122_1,US SD 谷仓门双顶咖啡桌 一件一箱 颜色->浅橡木灰,ALL,AMAZON,B,T3,4.2461,3.8215,131.63,118.47,91,2.9355,0.8860,0.3018,t,6 个月 · 全平台 · 全量 SKU · 2026-07-09
DJ503122_1,US SD 谷仓门双顶咖啡桌 一件一箱 颜色->浅橡木灰,ALL,TIKTOK,B,T4B,2.0782,0.9350,64.42,28.99,48,1.5484,-0.6134,0.3961,f,6 个月 · 全平台 · 全量 SKU · 2026-07-09
DJ503122_1_WF,US SD 谷仓门双顶咖啡桌 一件一箱 颜色->浅橡木灰,ALL,UNKNOWN,C,T4B,0.4357,0.1775,13.51,5.50,13,0.4194,-0.2419,0.5767,f,6 个月 · 全平台 · 全量 SKU · 2026-07-09
DJ503122_2,US SD 谷仓门双顶咖啡桌 一件一箱 颜色->火烧云色,ALL,AMAZON,C,T4B,2.0701,0.8446,64.17,26.18,39,1.2581,-0.4135,0.3287,f,6 个月 · 全平台 · 全量 SKU · 2026-07-09
DJ503122_3,US SD 谷仓门双顶咖啡桌 一件一箱 颜色->白橡纹+卡罗橡纹,ALL,AMAZON,B,T3,4.4815,4.2754,138.93,132.54,97,3.1290,1.1464,0.3664,t,6 个月 · 全平台 · 全量 SKU · 2026-07-09
DJ503122_3,US SD 谷仓门双顶咖啡桌 一件一箱 颜色->白橡纹+卡罗橡纹,ALL,TEMU,B,T4B,0.8265,0.3000,25.62,9.30,14,0.4516,-0.1516,0.3357,f,6 个月 · 全平台 · 全量 SKU · 2026-07-09
DJ503122_3,US SD 谷仓门双顶咖啡桌 一件一箱 颜色->白橡纹+卡罗橡纹,ALL,TIKTOK,B,T4B,2.9420,1.0544,91.20,32.69,120,3.8710,-2.8166,0.7276,f,6 个月 · 全平台 · 全量 SKU · 2026-07-09
DJ503122_3_WF,US SD 谷仓门双顶咖啡桌 一件一箱 颜色->白橡纹+卡罗橡纹,ALL,UNKNOWN,C,T4B,0.5157,0.2772,15.99,8.59,69,2.2258,-1.9486,0.8755,f,6 个月 · 全平台 · 全量 SKU · 2026-07-09
DJ503122_4,US TA 谷仓门双顶咖啡桌 一件一箱 颜色->蓝色+棕色（顶）,ALL,AMAZON,C,T4A,2.6439,1.0428,81.96,32.33,56,1.8065,-0.7637,0.4227,t,6 个月 · 全平台 · 全量 SKU · 2026-07-09
DJ503122_5,US TA 谷仓门双顶咖啡桌 一件一箱 颜色->黑+咖啡胡桃,ALL,AMAZON,C,T4B,0.5357,0.2571,16.61,7.97,56,1.8065,-1.5494,0.8577,f,6 个月 · 全平台 · 全量 SKU · 2026-07-09
DJ503122_6,US TA 谷仓门双顶咖啡桌 一件一箱 颜色->白G42014K+仿古樱桃,ALL,AMAZON,C,T4B,0.5286,0.2537,16.39,7.86,75,2.4194,-2.1657,0.8951,f,6 个月 · 全平台 · 全量 SKU · 2026-07-09
DJ503122_6,US TA 谷仓门双顶咖啡桌 一件一箱 颜色->白G42014K+仿古樱桃,ALL,TIKTOK,C,T4B,0.1357,0.0651,4.21,2.02,116,3.7419,-3.6768,0.9826,f,6 个月 · 全平台 · 全量 SKU · 2026-07-09
DJ503138_2,US SD U型桌文件抽带2个活动支架  一件一箱 颜色->黑色,ALL,AMAZON,C,T4B,1.1918,0.6064,36.95,18.80,55,1.7742,-1.1678,0.6582,f,6 个月 · 全平台 · 全量 SKU · 2026-07-09
DJ503138_2_WF,US SD U型桌文件抽带2个活动支架  一件一箱 颜色->黑色,ALL,UNKNOWN,C,T4B,0.6568,0.3531,20.36,10.95,46,1.4839,-1.1308,0.7620,f,6 个月 · 全平台 · 全量 SKU · 2026-07-09
DJ503139_1,US SD 1.6米双抽单人桌带排插  一件一箱 颜色->黑麻,ALL,AMAZON,C,T4A,3.6862,1.7104,114.27,53.02,99,3.1935,-1.4831,0.4644,t,6 个月 · 全平台 · 全量 SKU · 2026-07-09
DJ503139_2,US SD 1.6米双抽单人桌带排插  一件一箱 颜色->火烧云,ALL,AMAZON,C,T4B,2.3547,0.9607,73.00,29.78,74,2.3871,-1.4264,0.5975,f,6 个月 · 全平台 · 全量 SKU · 2026-07-09
DJ503139_2,US SD 1.6米双抽单人桌带排插  一件一箱 颜色->火烧云,ALL,UNKNOWN,C,T4B,0.1812,0.0974,5.62,3.02,0,0.0000,0.0974,,f,6 个月 · 全平台 · 全量 SKU · 2026-07-09
DJ503139_3_WF,US SD 1.6米双抽单人桌带排插  一件一箱 颜色->989-3,ALL,UNKNOWN,C,T4B,1.2032,0.5775,37.30,17.90,46,1.4839,-0.9064,0.6108,f,6 个月 · 全平台 · 全量 SKU · 2026-07-09
DJ503141,US DC 木质LED打砂镜柜双开门 70*16*60 白色 一件一箱,ALL,AMAZON,C,T4B,2.6950,1.0996,83.55,34.09,97,3.1290,-2.0294,0.6486,f,6 个月 · 全平台 · 全量 SKU · 2026-07-09
DJ503142,US DC 木质LED打砂镜柜双开门 80*16*60 白色 一件一箱,ALL,AMAZON,C,T4A,3.0582,1.5041,94.80,46.63,51,1.6452,-0.1411,0.0857,t,6 个月 · 全平台 · 全量 SKU · 2026-07-09
DJ503164_1,US SD 1m悬浮升降咖啡桌 颜色->黑色 一件一箱,ALL,AMAZON,C,T3,4.7185,4.2467,146.27,131.65,109,3.5161,0.7306,0.2078,t,6 个月 · 全平台 · 全量 SKU · 2026-07-09
DJ503164_1,US SD 1m悬浮升降咖啡桌 颜色->黑色 一件一箱,ALL,UNKNOWN,C,T4B,0.4601,0.2208,14.26,6.84,12,0.3871,-0.1663,0.4296,f,6 个月 · 全平台 · 全量 SKU · 2026-07-09
DJ503164_2,US SD 1m悬浮升降咖啡桌 颜色->白色 一件一箱,ALL,TEMU,C,T4B,0.4916,0.2006,15.24,6.22,9,0.2903,-0.0897,0.3090,f,6 个月 · 全平台 · 全量 SKU · 2026-07-09
DJ503164_3,US SD 1m悬浮升降咖啡桌 颜色->白色大理石 一件一箱,ALL,TIKTOK,C,T4B,0.6412,0.3078,19.88,9.54,26,0.8387,-0.5309,0.6330,f,6 个月 · 全平台 · 全量 SKU · 2026-07-09
DJ503164_3,US SD 1m悬浮升降咖啡桌 颜色->白色大理石 一件一箱,ALL,UNKNOWN,C,T4B,0.6914,0.3717,21.43,11.52,18,0.5806,-0.2089,0.3599,f,6 个月 · 全平台 · 全量 SKU · 2026-07-09
DJ503164_4,US TA 1m悬浮升降咖啡桌 颜色->高光黑大理石 一件一箱,ALL,TIKTOK,B,T4B,0.6934,0.3328,21.50,10.32,26,0.8387,-0.5059,0.6032,f,6 个月 · 全平台 · 全量 SKU · 2026-07-09
DJ503164_4,US TA 1m悬浮升降咖啡桌 颜色->高光黑大理石 一件一箱,ALL,UNKNOWN,B,T4B,0.1961,0.0998,6.08,3.09,16,0.5161,-0.4163,0.8066,f,6 个月 · 全平台 · 全量 SKU · 2026-07-09
DJ503171_1,US TA 双顶双抽带门咖啡桌 一件一箱 颜色->火烧云,ALL,AMAZON,C,T4B,4.1589,1.6968,128.93,52.60,82,2.6452,-0.9484,0.3585,f,6 个月 · 全平台 · 全量 SKU · 2026-07-09
DJ503171_1_WF,US TA 双顶双抽带门咖啡桌 一件一箱 颜色->火烧云,ALL,UNKNOWN,C,T4B,2.0893,0.8524,64.77,26.42,6,0.1935,0.6589,3.4041,f,6 个月 · 全平台 · 全量 SKU · 2026-07-09
DJ503171_2,US TA 双顶双抽带门咖啡桌 一件一箱 颜色->象牙灰色,ALL,AMAZON,B,T3,4.7546,4.1940,147.39,130.01,127,4.0968,0.0972,0.0237,t,6 个月 · 全平台 · 全量 SKU · 2026-07-09
DJ503171_3,US TA 双顶双抽带门咖啡桌 一件一箱 颜色->黑麻,ALL,AMAZON,B,T3,4.5078,3.7876,139.74,117.42,131,4.2258,-0.4382,0.1037,t,6 个月 · 全平台 · 全量 SKU · 2026-07-09
DJ503171_3,US TA 双顶双抽带门咖啡桌 一件一箱 颜色->黑麻,ALL,TIKTOK,B,T4B,0.4039,0.1648,12.52,5.11,20,0.6452,-0.4804,0.7446,f,6 个月 · 全平台 · 全量 SKU · 2026-07-09
DJ503171_4,US TA 双顶双抽带门咖啡桌 一件一箱 颜色->棕色,ALL,AMAZON,C,T4B,0.7868,0.3777,24.39,11.71,37,1.1935,-0.8158,0.6835,f,6 个月 · 全平台 · 全量 SKU · 2026-07-09
DJ503212,EU  DC 德标LED金属镜柜铰链拆装三开门100 白色 一件一箱,ALL,AMAZON,C,T4B,1.1887,0.4850,36.85,15.04,30,0.9677,-0.4827,0.4988,f,6 个月 · 全平台 · 全量 SKU · 2026-07-09
DJ503277_1,US PT 米字型门板材衣帽架  一件一箱 颜色->火烧云,ALL,AMAZON,C,T4A,2.6995,1.0647,83.68,33.01,49,1.5806,-0.5159,0.3264,t,6 个月 · 全平台 · 全量 SKU · 2026-07-09
DJ503277_4,US PT 米字型门板材衣帽架  一件一箱 颜色->白+棕,ALL,AMAZON,C,T4B,1.3890,0.7067,43.06,21.91,50,1.6129,-0.9062,0.5618,f,6 个月 · 全平台 · 全量 SKU · 2026-07-09
DJ503277_5,US PT 米字型门板材衣帽架  一件一箱 颜色->黑+棕,ALL,AMAZON,C,T4B,1.2945,0.6586,40.13,20.42,46,1.4839,-0.8253,0.5562,f,6 个月 · 全平台 · 全量 SKU · 2026-07-09
DJ503278,EU DC 欧标木质LED打砂镜柜单开门 50*16*70 白色 一件一箱,ALL,TIKTOK,C,T4B,0.2496,0.1270,7.74,3.94,20,0.6452,-0.5182,0.8032,f,6 个月 · 全平台 · 全量 SKU · 2026-07-09
DJ503280,EU DC 欧标木质LED打砂镜柜双开门 70*16*60 白色 一件一箱,ALL,AMAZON,B,T3,8.8878,7.9990,275.52,247.97,107,3.4516,4.5474,1.3175,t,6 个月 · 全平台 · 全量 SKU · 2026-07-09
DJ503280,EU DC 欧标木质LED打砂镜柜双开门 70*16*60 白色 一件一箱,ALL,UNKNOWN,B,T4B,1.7522,0.9420,54.32,29.20,3,0.0968,0.8452,8.7340,f,6 个月 · 全平台 · 全量 SKU · 2026-07-09
DJ503281,EU DC 欧标木质LED打砂镜柜双开门 80*16*60 白色 一件一箱,ALL,AMAZON,B,T3,13.8213,13.1855,428.46,408.75,309,9.9677,3.2178,0.3228,t,6 个月 · 全平台 · 全量 SKU · 2026-07-09
DJ503281,EU DC 欧标木质LED打砂镜柜双开门 80*16*60 白色 一件一箱,ALL,UNKNOWN,B,T4B,1.5558,0.8364,48.23,25.93,11,0.3548,0.4816,1.3571,f,6 个月 · 全平台 · 全量 SKU · 2026-07-09
DJ503315_1,US SD 1.67米游戏高桌  一件一箱 颜色->黑色,ALL,AMAZON,C,T4B,2.4101,0.9833,74.71,30.48,5,0.1613,0.8220,5.0965,f,6 个月 · 全平台 · 全量 SKU · 2026-07-09
DJ503315_2,US SD 1.67米游戏高桌  一件一箱 颜色->白色,ALL,AMAZON,C,T4B,0.7962,0.3248,24.68,10.07,20,0.6452,-0.3204,0.4966,f,6 个月 · 全平台 · 全量 SKU · 2026-07-09
DJ503346_1,"US BF VD18 书桌 铁木造型双开门款带凳子 一件一箱 颜色->#1,白色+金色铁件",ALL,AMAZON,C,T4B,1.8917,1.0170,58.64,31.53,1,0.0323,0.9847,30.5270,f,6 个月 · 全平台 · 全量 SKU · 2026-07-09
DJ503347_1,US SD 1.5米单人桌三抽  一件一箱 颜色->火烧云,ALL,AMAZON,C,T4B,1.1675,0.5604,36.19,17.37,0,0.0000,0.5604,,f,6 个月 · 全平台 · 全量 SKU · 2026-07-09
DJ503347_3,US SD 1.5米单人桌三抽  一件一箱 颜色->灰色989-3,ALL,AMAZON,C,T4B,2.1999,0.7083,68.20,21.96,18,0.5806,0.1277,0.2198,f,6 个月 · 全平台 · 全量 SKU · 2026-07-09
DJ503347_3,US SD 1.5米单人桌三抽  一件一箱 颜色->灰色989-3,ALL,UNKNOWN,C,T4B,2.6275,1.3369,81.45,41.44,85,2.7419,-1.4050,0.5124,f,6 个月 · 全平台 · 全量 SKU · 2026-07-09
DJ503347_4,US SD 1.5米单人桌三抽  一件一箱 颜色->顶棕+主体白,ALL,AMAZON,C,T4B,0.7194,0.3660,22.30,11.35,33,1.0645,-0.6985,0.6562,f,6 个月 · 全平台 · 全量 SKU · 2026-07-09
DJ503347_4,US SD 1.5米单人桌三抽  一件一箱 颜色->顶棕+主体白,ALL,UNKNOWN,C,T4B,0.5082,0.2439,15.75,7.56,20,0.6452,-0.4013,0.6220,f,6 个月 · 全平台 · 全量 SKU · 2026-07-09
DJ503351_1,US SD L桌高桌带X字双抽  一件一箱 颜色->火烧云,ALL,UNKNOWN,C,T4B,0.3965,0.2132,12.29,6.61,16,0.5161,-0.3029,0.5869,f,6 个月 · 全平台 · 全量 SKU · 2026-07-09
DJ503351_1,US SD L桌高桌带X字双抽  一件一箱 颜色->火烧云,ALL,WALMART,C,T4B,0.3714,0.1997,11.51,6.19,15,0.4839,-0.2842,0.5873,f,6 个月 · 全平台 · 全量 SKU · 2026-07-09
DJ503351_2,US SD L桌高桌带X字双抽  一件一箱 颜色->白麻,ALL,AMAZON,C,T4B,3.4576,1.4107,107.19,43.73,39,1.2581,0.1526,0.1213,f,6 个月 · 全平台 · 全量 SKU · 2026-07-09
DJ503351_2,US SD L桌高桌带X字双抽  一件一箱 颜色->白麻,ALL,TEMU,C,T4B,0.4759,0.2284,14.75,7.08,10,0.3226,-0.0942,0.2920,f,6 个月 · 全平台 · 全量 SKU · 2026-07-09
DJ503351_2,US SD L桌高桌带X字双抽  一件一箱 颜色->白麻,ALL,WALMART,C,T4B,0.2342,0.1259,7.26,3.90,5,0.1613,-0.0354,0.2194,f,6 个月 · 全平台 · 全量 SKU · 2026-07-09
DJ503351_3,US SD L桌高桌带X字双抽  一件一箱 颜色->灰色989-3,ALL,AMAZON,B,T3,7.6349,6.2606,236.68,194.08,115,3.7097,2.5509,0.6876,t,6 个月 · 全平台 · 全量 SKU · 2026-07-09
DJ503351_3,US SD L桌高桌带X字双抽  一件一箱 颜色->灰色989-3,ALL,UNKNOWN,B,T4B,0.6857,0.3291,21.26,10.20,37,1.1935,-0.8644,0.7243,f,6 个月 · 全平台 · 全量 SKU · 2026-07-09
DJ503351_3,US SD L桌高桌带X字双抽  一件一箱 颜色->灰色989-3,ALL,WALMART,B,T4B,1.1898,0.6396,36.88,19.83,33,1.0645,-0.4249,0.3992,f,6 个月 · 全平台 · 全量 SKU · 2026-07-09
DJ503351_4,US SD L桌高桌带X字双抽  一件一箱 颜色->黑色,ALL,AMAZON,B,T3,6.8144,5.5878,211.25,173.22,124,4.0000,1.5878,0.3970,t,6 个月 · 全平台 · 全量 SKU · 2026-07-09
DJ503351_4,US SD L桌高桌带X字双抽  一件一箱 颜色->黑色,ALL,TEMU,B,T4B,2.0386,0.8317,63.20,25.78,39,1.2581,-0.4264,0.3389,f,6 个月 · 全平台 · 全量 SKU · 2026-07-09
DJ503351_4,US SD L桌高桌带X字双抽  一件一箱 颜色->黑色,ALL,WALMART,B,T4B,0.5414,0.2911,16.78,9.02,9,0.2903,0.0008,0.0027,f,6 个月 · 全平台 · 全量 SKU · 2026-07-09
DJ503385_1,US 床T-B208Q软包全拆弧形床头悬浮含插盘灯带153*203 颜色麻布深灰,ALL,AMAZON,B,T4B,1.6008,0.7684,49.62,23.82,18,0.5806,0.1878,0.3234,f,6 个月 · 全平台 · 全量 SKU · 2026-07-09
DJ503385_1,US 床T-B208Q软包全拆弧形床头悬浮含插盘灯带153*203 颜色麻布深灰,ALL,TIKTOK,B,T4B,0.5965,0.2434,18.49,7.55,14,0.4516,-0.2082,0.4610,f,6 个月 · 全平台 · 全量 SKU · 2026-07-09
DJ503385_1,US 床T-B208Q软包全拆弧形床头悬浮含插盘灯带153*203 颜色麻布深灰,ALL,UNKNOWN,B,T4B,0.9044,0.4602,28.04,14.27,32,1.0323,-0.5721,0.5542,f,6 个月 · 全平台 · 全量 SKU · 2026-07-09
DJ503411_3,EU KM 铁木圆形升降咖啡桌 颜色->白色,ALL,AMAZON,C,T4B,1.5477,0.6315,47.98,19.58,24,0.7742,-0.1427,0.1843,f,6 个月 · 全平台 · 全量 SKU · 2026-07-09
DJ503411_3,EU KM 铁木圆形升降咖啡桌 颜色->白色,ALL,TEMU,C,T4B,0.2143,0.1029,6.64,3.19,35,1.1290,-1.0261,0.9089,f,6 个月 · 全平台 · 全量 SKU · 2026-07-09
DJ503411_3,EU KM 铁木圆形升降咖啡桌 颜色->白色,ALL,UNKNOWN,C,T4B,0.6662,0.3198,20.65,9.91,15,0.4839,-0.1641,0.3391,f,6 个月 · 全平台 · 全量 SKU · 2026-07-09
DJ503413,VD 竹制浴室高柜 对开门+3层架 原色 一个一箱,ALL,AMAZON,C,T4A,2.5485,1.1825,79.00,36.66,85,2.7419,-1.5594,0.5687,t,6 个月 · 全平台 · 全量 SKU · 2026-07-09
DJ503416_1,US PT 美式四抽侧边置物床Q  一件两箱 颜色->黑色PU,ALL,AMAZON,B,T4B,1.6929,0.6907,52.48,21.41,37,1.1935,-0.5028,0.4213,f,6 个月 · 全平台 · 全量 SKU · 2026-07-09
DJ503416_1,US PT 美式四抽侧边置物床Q  一件两箱 颜色->黑色PU,ALL,TEMU,B,T4B,2.6363,1.0756,81.73,33.34,49,1.5806,-0.5050,0.3195,f,6 个月 · 全平台 · 全量 SKU · 2026-07-09
DJ503416_1,US PT 美式四抽侧边置物床Q  一件两箱 颜色->黑色PU,ALL,TIKTOK,B,T4B,0.5882,0.2823,18.23,8.75,28,0.9032,-0.6209,0.6875,f,6 个月 · 全平台 · 全量 SKU · 2026-07-09
DJ503416_2,US PT 美式四抽侧边置物床Q  一件两箱 颜色->白色PU,ALL,AMAZON,B,T4A,2.6121,1.0302,80.98,31.94,64,2.0645,-1.0343,0.5010,t,6 个月 · 全平台 · 全量 SKU · 2026-07-09
DJ503416_2,US PT 美式四抽侧边置物床Q  一件两箱 颜色->白色PU,ALL,TEMU,B,T4B,3.3373,1.3616,103.46,42.21,73,2.3548,-0.9932,0.4218,f,6 个月 · 全平台 · 全量 SKU · 2026-07-09
DJ503416_2,US PT 美式四抽侧边置物床Q  一件两箱 颜色->白色PU,ALL,TIKTOK,B,T4B,1.8011,0.8645,55.83,26.80,49,1.5806,-0.7161,0.4531,f,6 个月 · 全平台 · 全量 SKU · 2026-07-09
DJ503422_2,"US VK 基础款高层带洞洞板电脑桌 一个一箱 颜色->黑色,浮雕黑",ALL,AMAZON,C,T4B,1.9281,0.9255,59.77,28.69,52,1.6774,-0.7519,0.4483,f,6 个月 · 全平台 · 全量 SKU · 2026-07-09
DJ503440_1,US SD L桌三抽带单玻璃门  一件一箱 颜色->火烧云,ALL,AMAZON,B,T3,7.6983,6.3126,238.65,195.69,205,6.6129,-0.3003,0.0454,t,6 个月 · 全平台 · 全量 SKU · 2026-07-09
DJ503440_1_WF,US SD L桌三抽带单玻璃门  一件一箱 颜色->火烧云,ALL,UNKNOWN,B,T3P,7.4101,7.8547,229.71,243.50,236,7.6129,0.2418,0.0318,t,6 个月 · 全平台 · 全量 SKU · 2026-07-09
DJ503440_2,US SD L桌三抽带单玻璃门  一件一箱 颜色->黑麻,ALL,AMAZON,C,T3,5.1862,4.2527,160.77,131.83,137,4.4194,-0.1667,0.0377,t,6 个月 · 全平台 · 全量 SKU · 2026-07-09
DJ503440_2,US SD L桌三抽带单玻璃门  一件一箱 颜色->黑麻,ALL,TEMU,C,T4B,0.7756,0.3164,24.04,9.81,4,0.1290,0.1874,1.4521,f,6 个月 · 全平台 · 全量 SKU · 2026-07-09
DJ503440_2,US SD L桌三抽带单玻璃门  一件一箱 颜色->黑麻,ALL,UNKNOWN,C,T4B,1.4069,0.6753,43.61,20.93,23,0.7419,-0.0666,0.0898,f,6 个月 · 全平台 · 全量 SKU · 2026-07-09
DJ503440_2_WF,US SD L桌三抽带单玻璃门  一件一箱 颜色->黑麻,ALL,UNKNOWN,C,T4B,3.8952,1.8697,120.75,57.96,149,4.8065,-2.9368,0.6110,f,6 个月 · 全平台 · 全量 SKU · 2026-07-09
DJ503440_3,US SD L桌三抽带单玻璃门  一件一箱 颜色->白麻,ALL,AMAZON,B,T3,8.2571,7.4314,255.97,230.37,189,6.0968,1.3346,0.2189,t,6 个月 · 全平台 · 全量 SKU · 2026-07-09
DJ503440_3,US SD L桌三抽带单玻璃门  一件一箱 颜色->白麻,ALL,UNKNOWN,B,T4B,0.9436,0.3602,29.25,11.17,14,0.4516,-0.0914,0.2024,f,6 个月 · 全平台 · 全量 SKU · 2026-07-09
DJ503440_3_WF,US SD L桌三抽带单玻璃门  一件一箱 颜色->白麻,ALL,UNKNOWN,C,T4B,1.4438,0.5891,44.76,18.26,50,1.6129,-1.0238,0.6348,f,6 个月 · 全平台 · 全量 SKU · 2026-07-09
DJ503441_1,US PT 正方形升降谷仓咖啡桌 颜色->白麻+火烧云,ALL,AMAZON,A,T3,9.9427,8.3272,308.22,258.14,193,6.2258,2.1014,0.3375,t,6 个月 · 全平台 · 全量 SKU · 2026-07-09
DJ503441_2,US PT 正方形升降谷仓咖啡桌 颜色->黑麻+火烧云,ALL,AMAZON,A,T1,19.8411,16.3332,615.07,506.33,509,16.4194,-0.0862,0.0052,t,6 个月 · 全平台 · 全量 SKU · 2026-07-09
DJ503441_2,US PT 正方形升降谷仓咖啡桌 颜色->黑麻+火烧云,ALL,TEMU,A,T4B,4.6243,2.2197,143.35,68.81,0,0.0000,2.2197,,f,6 个月 · 全平台 · 全量 SKU · 2026-07-09
DJ503441_2_WF,US PT 正方形升降谷仓咖啡桌 颜色->黑麻+火烧云,ALL,UNKNOWN,C,T4B,0.9614,0.5168,29.80,16.02,62,2.0000,-1.4832,0.7416,f,6 个月 · 全平台 · 全量 SKU · 2026-07-09
DJ503441_3,US PT 正方形升降谷仓咖啡桌 颜色->灰色,ALL,AMAZON,A,T2,8.9960,6.5195,278.88,202.10,238,7.6774,-1.1579,0.1508,t,6 个月 · 全平台 · 全量 SKU · 2026-07-09
DJ503441_3,US PT 正方形升降谷仓咖啡桌 颜色->灰色,ALL,TEMU,A,T4B,2.7120,1.3018,84.07,40.36,0,0.0000,1.3018,,f,6 个月 · 全平台 · 全量 SKU · 2026-07-09
DJ503441_4,US PT 正方形升降谷仓咖啡桌 颜色->深蓝+棕,ALL,AMAZON,B,T3,6.0534,5.5764,187.66,172.87,151,4.8710,0.7054,0.1448,t,6 个月 · 全平台 · 全量 SKU · 2026-07-09
DJ503441_4,US PT 正方形升降谷仓咖啡桌 颜色->深蓝+棕,ALL,TEMU,B,T4B,1.4581,0.6999,45.20,21.70,0,0.0000,0.6999,,f,6 个月 · 全平台 · 全量 SKU · 2026-07-09
DJ503441_5,US PT 正方形升降谷仓咖啡桌 颜色->复古白+棕,ALL,AMAZON,B,T2,8.0787,5.8547,250.44,181.50,245,7.9032,-2.0485,0.2592,t,6 个月 · 全平台 · 全量 SKU · 2026-07-09
DJ503441_5,US PT 正方形升降谷仓咖啡桌 颜色->复古白+棕,ALL,TEMU,B,T4B,1.1791,0.5660,36.55,17.55,0,0.0000,0.5660,,f,6 个月 · 全平台 · 全量 SKU · 2026-07-09
DJ503441_5,US PT 正方形升降谷仓咖啡桌 颜色->复古白+棕,ALL,UNKNOWN,B,T4B,0.2538,0.1036,7.87,3.21,7,0.2258,-0.1222,0.5412,f,6 个月 · 全平台 · 全量 SKU · 2026-07-09
DJ503450_1,"EU KM 板式L型桌腿升降可展开咖啡桌 颜色->白色,麻面白",ALL,AMAZON,C,T4B,1.9229,0.9230,59.61,28.61,34,1.0968,-0.1738,0.1584,f,6 个月 · 全平台 · 全量 SKU · 2026-07-09
DJ503450_3,EU KM 板式L型桌腿升降可展开咖啡桌 颜色->灰色,ALL,AMAZON,C,T4B,1.2727,0.6109,39.45,18.94,32,1.0323,-0.4214,0.4082,f,6 个月 · 全平台 · 全量 SKU · 2026-07-09
DJ503450_4,EU KM 板式L型桌腿升降可展开咖啡桌 颜色->咖啡色,ALL,AMAZON,C,T4B,1.0163,0.4878,31.51,15.12,24,0.7742,-0.2864,0.3699,f,6 个月 · 全平台 · 全量 SKU · 2026-07-09
DJ503451_2,"EU KM 铁木带布抽升降可展开咖啡桌 一件一箱 颜色->灰色,浅灰色",ALL,UNKNOWN,C,T4B,2.4618,1.0044,76.32,31.14,36,1.1613,-0.1569,0.1351,f,6 个月 · 全平台 · 全量 SKU · 2026-07-09
DJ503451_3,"EU KM 铁木带布抽升降可展开咖啡桌 颜色->白色,白浮雕",ALL,AMAZON,C,T4B,2.0553,0.8386,63.71,26.00,16,0.5161,0.3225,0.6248,f,6 个月 · 全平台 · 全量 SKU · 2026-07-09
DJ503451_4,EU KM 铁木带布抽升降可展开咖啡桌 颜色->黑色,ALL,AMAZON,C,T4B,1.2272,0.5007,38.04,15.52,36,1.1613,-0.6606,0.5688,f,6 个月 · 全平台 · 全量 SKU · 2026-07-09
DJ503451_5,"EU KM 铁木带布抽升降可展开咖啡桌 颜色->卡其色,沙丘黄",ALL,UNKNOWN,C,T4B,1.5861,0.6471,49.17,20.06,55,1.7742,-1.1271,0.6353,f,6 个月 · 全平台 · 全量 SKU · 2026-07-09
DJ503462_1,EU MS 猫爬架917简配版 2猫箱 2顶窝 1吊床 颜色->米白,ALL,AMAZON,B,T4B,3.3151,1.3526,102.77,41.93,96,3.0968,-1.7442,0.5632,f,6 个月 · 全平台 · 全量 SKU · 2026-07-09
DJ503462_2,EU MS 猫爬架917简配版 2猫箱 2顶窝 1吊床 颜色->深灰色,ALL,AMAZON,B,T4A,3.8957,1.8076,120.77,56.04,146,4.7097,-2.9021,0.6162,t,6 个月 · 全平台 · 全量 SKU · 2026-07-09
DJ503462_3,EU MS 猫爬架917简配版 2猫箱 2顶窝 1吊床 颜色->浅灰色,ALL,AMAZON,A,T4B,5.2185,2.1291,161.77,66.00,160,5.1613,-3.0322,0.5875,f,6 个月 · 全平台 · 全量 SKU · 2026-07-09
DJ503465,EU BW 折叠床床面铁管拆装简易款 黑色 4英寸床垫 一件一箱,ALL,AMAZON,A,T3,6.5073,5.8566,201.73,181.55,76,2.4516,3.4050,1.3889,t,6 个月 · 全平台 · 全量 SKU · 2026-07-09
DJ503466_2,"US BF 电视柜 TV07 铁木6无纺布抽pu面转角直装两种安装 颜色->#2,黑色木纹色",ALL,AMAZON,B,T3,5.2034,4.2668,161.31,132.27,48,1.5484,2.7184,1.7556,t,6 个月 · 全平台 · 全量 SKU · 2026-07-09
DJ503466_5,US BF 电视柜 TV07 铁木6无纺布抽pu面转角直装两种安装 颜色->#5,ALL,UNKNOWN,C,T4B,0.2395,0.1219,7.42,3.78,7,0.2258,-0.1039,0.4602,f,6 个月 · 全平台 · 全量 SKU · 2026-07-09
DJ503468_1,US  DC 高柜HC-03 3抽3空格 门板铣型 一件一箱 颜色->黑色,ALL,AMAZON,C,T4B,1.9042,0.7769,59.03,24.08,33,1.0645,-0.2876,0.2702,f,6 个月 · 全平台 · 全量 SKU · 2026-07-09
DJ503468_2,US  DC 高柜HC-03 3抽3空格 门板铣型 一件一箱 颜色->白色,ALL,AMAZON,B,T2,9.4884,8.0898,294.14,250.78,152,4.9032,3.1866,0.6499,t,6 个月 · 全平台 · 全量 SKU · 2026-07-09
DJ503483_1,US PT 带灯排插层架文件柜  一件一箱 颜色->黑色,ALL,AMAZON,C,T4B,2.2588,0.9216,70.02,28.57,54,1.7419,-0.8203,0.4709,f,6 个月 · 全平台 · 全量 SKU · 2026-07-09
DJ503483_2,US PT 带灯排插层架文件柜  一件一箱 颜色->火烧云,ALL,AMAZON,C,T4A,3.5950,1.6681,111.45,51.71,82,2.6452,-0.9771,0.3694,t,6 个月 · 全平台 · 全量 SKU · 2026-07-09
DJ503483_3,US PT 带灯排插层架文件柜  一件一箱 颜色->灰色,ALL,AMAZON,C,T4B,1.5256,0.7323,47.29,22.70,39,1.2581,-0.5258,0.4179,f,6 个月 · 全平台 · 全量 SKU · 2026-07-09
DJ503487_1,EU BW 边柜NSD-03 欧标插排氛围灯款 上空2抽 两件一箱 颜色->黑色,ALL,AMAZON,C,T4B,2.8694,1.1707,88.95,36.29,89,2.8710,-1.7003,0.5922,f,6 个月 · 全平台 · 全量 SKU · 2026-07-09
DJ503514_1,EU MS 猫爬架3顶窝585增配版 一件一箱 颜色->米白,ALL,AMAZON,C,T4B,1.0022,0.5099,31.07,15.81,30,0.9677,-0.4578,0.4731,f,6 个月 · 全平台 · 全量 SKU · 2026-07-09
DJ503514_1,EU MS 猫爬架3顶窝585增配版 一件一箱 颜色->米白,ALL,UNKNOWN,C,T4B,0.2158,0.1098,6.69,3.40,13,0.4194,-0.3096,0.7382,f,6 个月 · 全平台 · 全量 SKU · 2026-07-09
DJ503514_2,EU MS 猫爬架3顶窝585增配版 一件一箱 颜色->深灰色,ALL,AMAZON,C,T4B,1.0922,0.5243,33.86,16.25,34,1.0968,-0.5725,0.5220,f,6 个月 · 全平台 · 全量 SKU · 2026-07-09
DJ503514_2,EU MS 猫爬架3顶窝585增配版 一件一箱 颜色->深灰色,ALL,UNKNOWN,C,T4B,0.1634,0.0878,5.07,2.72,10,0.3226,-0.2348,0.7278,f,6 个月 · 全平台 · 全量 SKU · 2026-07-09
DJ503514_3,EU MS 猫爬架3顶窝585增配版 一件一箱 颜色->浅灰色,ALL,AMAZON,C,T4B,1.8092,0.8684,56.09,26.92,23,0.7419,0.1265,0.1705,f,6 个月 · 全平台 · 全量 SKU · 2026-07-09
DJ503514_3,EU MS 猫爬架3顶窝585增配版 一件一箱 颜色->浅灰色,ALL,UNKNOWN,C,T4B,0.7277,0.3912,22.56,12.13,54,1.7419,-1.3507,0.7754,f,6 个月 · 全平台 · 全量 SKU · 2026-07-09
DJ503516_1,US SD 1.4米美式三抽纯板材电脑桌  一件一箱 颜色->白黑,ALL,AMAZON,B,T3,7.2313,6.5082,224.17,201.75,169,5.4516,1.0566,0.1938,t,6 个月 · 全平台 · 全量 SKU · 2026-07-09
DJ503516_1,US SD 1.4米美式三抽纯板材电脑桌  一件一箱 颜色->白黑,ALL,UNKNOWN,B,T4B,0.7015,0.3367,21.75,10.44,122,3.9355,-3.5988,0.9144,f,6 个月 · 全平台 · 全量 SKU · 2026-07-09
DJ503516_1_WF,US SD 1.4米美式三抽纯板材电脑桌  一件一箱 颜色->白黑,ALL,UNKNOWN,C,T4B,3.2760,1.5725,101.56,48.75,23,0.7419,0.8306,1.1195,f,6 个月 · 全平台 · 全量 SKU · 2026-07-09
DJ503516_2,US SD 1.4米美式三抽纯板材电脑桌  一件一箱 颜色->灰色,ALL,AMAZON,C,T3,5.2589,4.7330,163.03,146.72,122,3.9355,0.7975,0.2026,t,6 个月 · 全平台 · 全量 SKU · 2026-07-09
DJ503518_1,US SD 美式L桌四抽带柜门  一件两箱 颜色->白黑,ALL,AMAZON,B,T2,12.9597,9.3920,401.75,291.15,222,7.1613,2.2307,0.3115,t,6 个月 · 全平台 · 全量 SKU · 2026-07-09
DJ503518_1_WF,US SD 美式L桌四抽带柜门  一件两箱 颜色->白黑,ALL,UNKNOWN,C,T4B,2.0499,1.1020,63.55,34.16,82,2.6452,-1.5432,0.5834,f,6 个月 · 全平台 · 全量 SKU · 2026-07-09
DJ503518_2,US SD 美式L桌四抽带柜门  一件两箱 颜色->灰色,ALL,AMAZON,C,T2,9.2383,6.5412,286.39,202.78,188,6.0645,0.4767,0.0786,t,6 个月 · 全平台 · 全量 SKU · 2026-07-09
DJ503518_2_WF,US SD 美式L桌四抽带柜门  一件两箱 颜色->灰色,ALL,UNKNOWN,C,T4B,1.8405,0.9895,57.06,30.67,31,1.0000,-0.0105,0.0105,f,6 个月 · 全平台 · 全量 SKU · 2026-07-09
DJ503527_2,US 床T-B245T软包水晶扣公主床灯带99*190 颜色2024-17粉色绒布,ALL,AMAZON,C,T3,6.2515,5.1262,193.80,158.91,83,2.6774,2.4488,0.9146,t,6 个月 · 全平台 · 全量 SKU · 2026-07-09
DJ503537_1,US SD 1.4米游戏桌 一件一箱 颜色->白色,ALL,AMAZON,C,T4B,0.9837,0.4013,30.49,12.44,35,1.1290,-0.7277,0.6446,f,6 个月 · 全平台 · 全量 SKU · 2026-07-09
DJ503537_2,US SD 1.4米游戏桌 一件一箱 颜色->黑色,ALL,AMAZON,C,T4B,2.2771,1.0930,70.59,33.88,56,1.8065,-0.7135,0.3949,f,6 个月 · 全平台 · 全量 SKU · 2026-07-09
DJ503537_2,US SD 1.4米游戏桌 一件一箱 颜色->黑色,ALL,UNKNOWN,C,T4B,0.4102,0.1969,12.72,6.10,20,0.6452,-0.4483,0.6948,f,6 个月 · 全平台 · 全量 SKU · 2026-07-09
DJ503553_1,EU MS 猫爬架 909增配款 一件一箱 颜色->米白,ALL,AMAZON,C,T4B,0.7120,0.3828,22.07,11.87,29,0.9355,-0.5527,0.5908,f,6 个月 · 全平台 · 全量 SKU · 2026-07-09
DJ503553_2,EU MS 猫爬架 909增配款 一件一箱 颜色->深灰色,ALL,AMAZON,C,T4B,0.8760,0.4709,27.16,14.60,21,0.6774,-0.2065,0.3049,f,6 个月 · 全平台 · 全量 SKU · 2026-07-09
DJ503553_3,EU MS 猫爬架 909增配款 一件一箱 颜色->浅灰色,ALL,AMAZON,C,T4B,1.8769,0.8500,58.18,26.35,30,0.9677,-0.1177,0.1217,f,6 个月 · 全平台 · 全量 SKU · 2026-07-09
DJ503561_1,US 床T-B303T软包床头翻开床尾铝材四抽灯带99*190 颜色麻布深灰,ALL,AMAZON,C,T4A,3.2038,1.4866,99.32,46.08,68,2.1935,-0.7069,0.3223,t,6 个月 · 全平台 · 全量 SKU · 2026-07-09
DJ503561_3,"US 床T-B303T软包床头翻开床尾铝材四抽99*190 颜色->#3,绒布白色+白色铁",ALL,UNKNOWN,B,T4B,0.3682,0.1980,11.41,6.14,27,0.8710,-0.6730,0.7727,f,6 个月 · 全平台 · 全量 SKU · 2026-07-09
DJ503573_1,VD 板竹浴室柜 双门 开放储物格 白色+原色 一个一箱 颜色->白色,ALL,AMAZON,C,T4B,1.9466,0.7942,60.34,24.62,55,1.7742,-0.9800,0.5524,f,6 个月 · 全平台 · 全量 SKU · 2026-07-09
DJ503574_1,VD 板竹浴室高柜 双门 开放储物格 白色+原色 一个一箱 颜色->白色,ALL,AMAZON,C,T3,4.3153,4.3294,133.77,134.21,118,3.8065,0.5229,0.1374,t,6 个月 · 全平台 · 全量 SKU · 2026-07-09
DJ503574_1,VD 板竹浴室高柜 双门 开放储物格 白色+原色 一个一箱 颜色->白色,ALL,UNKNOWN,C,T4B,0.1771,0.0952,5.49,2.95,22,0.7097,-0.6145,0.8659,f,6 个月 · 全平台 · 全量 SKU · 2026-07-09
DJ503575_1,VD 板竹面盆柜 单门 开放储物格 白色+原色 一个一箱 颜色->白色,ALL,AMAZON,C,T3,5.0530,4.8665,156.64,150.86,134,4.3226,0.5439,0.1258,t,6 个月 · 全平台 · 全量 SKU · 2026-07-09
DJ503576_1,VD 板竹面盆柜 双门 白色+原色 一个一箱 颜色->白色,ALL,AMAZON,C,T4B,2.1639,0.8829,67.08,27.37,64,2.0645,-1.1816,0.5723,f,6 个月 · 全平台 · 全量 SKU · 2026-07-09
DJ503583_1,EU DC 悬浮床BXF-01L 铁管全拆装无床头-93款 黑色 90*200 一件一箱,ALL,AMAZON,C,T4B,0.7637,0.4106,23.67,12.73,64,2.0645,-1.6539,0.8011,f,6 个月 · 全平台 · 全量 SKU · 2026-07-09
DJ503606,VD 竹制置物架 梯形 4层 白色边框 一个一箱,ALL,AMAZON,C,T4B,1.9167,0.7820,59.42,24.24,57,1.8387,-1.0567,0.5747,f,6 个月 · 全平台 · 全量 SKU · 2026-07-09
DJ503625_1_WF,"US 床T-B263F软包全拆弧形床头悬浮含插盘灯带137*190 颜色->#1,黑色PU",ALL,UNKNOWN,D,T4B,0.6000,0.2880,18.60,8.93,26,0.8387,-0.5507,0.6566,f,6 个月 · 全平台 · 全量 SKU · 2026-07-09
DJ503647_1,"US AG 1x3藤编交叉腿边桌 含排插 一件一箱 尺码->#1,木色",ALL,AMAZON,B,T3,4.5232,4.2593,140.22,132.04,23,0.7419,3.5174,4.7408,t,6 个月 · 全平台 · 全量 SKU · 2026-07-09
DJ503647_1,"US AG 1x3藤编交叉腿边桌 含排插 一件一箱 尺码->#1,木色",ALL,UNKNOWN,B,T4B,2.9101,1.5644,90.21,48.50,23,0.7419,0.8225,1.1085,f,6 个月 · 全平台 · 全量 SKU · 2026-07-09
DJ503648_1,"US AG 1x5藤编交叉腿储物柜 一件一箱 尺码->#1,木色",ALL,AMAZON,B,T3,4.3804,3.9424,135.79,122.21,0,0.0000,3.9424,,f,6 个月 · 全平台 · 全量 SKU · 2026-07-09
DJ503648_2,"US AG 1x5藤编交叉腿储物柜 一件一箱 尺码->#2,黑色",ALL,AMAZON,C,T4B,0.7578,0.3092,23.49,9.59,6,0.1935,0.1157,0.5975,f,6 个月 · 全平台 · 全量 SKU · 2026-07-09
DJ503651_1,EU VD 板竹洗衣机架 双单门 2个开放储物格 白色+原色 一个一箱 颜色->白色,ALL,AMAZON,B,T3,4.1556,4.3634,128.82,135.27,170,5.4839,-1.1205,0.2043,t,6 个月 · 全平台 · 全量 SKU · 2026-07-09
DJ503651_1,EU VD 板竹洗衣机架 双单门 2个开放储物格 白色+原色 一个一箱 颜色->白色,ALL,UNKNOWN,B,T4B,0.4254,0.2287,13.19,7.09,21,0.6774,-0.4487,0.6624,f,6 个月 · 全平台 · 全量 SKU · 2026-07-09
DJ503685_2,US 1米双抽高文件柜 一件一箱 颜色->火烧云X字,ALL,AMAZON,B,T3,4.4239,3.7456,137.14,116.11,109,3.5161,0.2295,0.0653,t,6 个月 · 全平台 · 全量 SKU · 2026-07-09
DJ503685_2,US 1米双抽高文件柜 一件一箱 颜色->火烧云X字,ALL,UNKNOWN,B,T4B,1.1981,0.5751,37.14,17.83,34,1.0968,-0.5217,0.4756,f,6 个月 · 全平台 · 全量 SKU · 2026-07-09
DJ503685_3,US 1米双抽高文件柜 一件一箱 颜色->黑浮雕X字,ALL,AMAZON,C,T4B,1.9299,0.7874,59.83,24.41,52,1.6774,-0.8900,0.5306,f,6 个月 · 全平台 · 全量 SKU · 2026-07-09
DJ503685_4,US 1米双抽高文件柜 一件一箱 颜色->灰色X字,ALL,UNKNOWN,C,T4B,0.4311,0.1759,13.36,5.45,20,0.6452,-0.4693,0.7274,f,6 个月 · 全平台 · 全量 SKU · 2026-07-09
DJ503698_1,US 80cm板式储物马桶架 一件一箱 颜色->藤编原色,ALL,AMAZON,C,T4B,2.4202,1.3011,75.03,40.33,0,0.0000,1.3011,,f,6 个月 · 全平台 · 全量 SKU · 2026-07-09
DJ503698_2,US 80cm板式储物马桶架 一件一箱 颜色->灰古木+玻璃门,ALL,AMAZON,B,T4B,2.7408,1.1182,84.96,34.66,61,1.9677,-0.8495,0.4317,f,6 个月 · 全平台 · 全量 SKU · 2026-07-09
DJ503698_2,US 80cm板式储物马桶架 一件一箱 颜色->灰古木+玻璃门,ALL,UNKNOWN,B,T4B,1.0031,0.4093,31.10,12.69,7,0.2258,0.1835,0.8126,f,6 个月 · 全平台 · 全量 SKU · 2026-07-09
DJ503698_3,US 80cm板式储物马桶架 一件一箱 颜色->白+玻璃门,ALL,AMAZON,B,T3,4.5790,4.1211,141.95,127.75,96,3.0968,1.0243,0.3308,t,6 个月 · 全平台 · 全量 SKU · 2026-07-09
DJ503698_5,US 80cm板式储物马桶架 一件一箱 颜色->黑色+玻璃门,ALL,AMAZON,B,T3,5.2241,4.4275,161.95,137.25,156,5.0323,-0.6048,0.1202,t,6 个月 · 全平台 · 全量 SKU · 2026-07-09
DJ503712_1,US 亚克力双开门高文件柜 一件一箱 颜色->白麻色,ALL,AMAZON,C,T4B,2.3870,0.9739,74.00,30.19,62,2.0000,-1.0261,0.5131,f,6 个月 · 全平台 · 全量 SKU · 2026-07-09
DJ503712_1,US 亚克力双开门高文件柜 一件一箱 颜色->白麻色,ALL,UNKNOWN,C,T4B,0.4211,0.1718,13.05,5.33,12,0.3871,-0.2153,0.5562,f,6 个月 · 全平台 · 全量 SKU · 2026-07-09
DJ503712_2,US 亚克力双开门高文件柜 一件一箱 颜色->黑麻色,ALL,AMAZON,C,T4B,2.9942,1.2216,92.82,37.87,18,0.5806,0.6410,1.1039,f,6 个月 · 全平台 · 全量 SKU · 2026-07-09
DJ503733_1,US DC 铁木床 CBF-01L 方管软包角落床带抽篮-112 T 一件一箱,ALL,AMAZON,A,T2,15.4887,11.2248,480.15,347.97,475,15.3226,-4.0978,0.2674,t,6 个月 · 全平台 · 全量 SKU · 2026-07-09
DJ503733_2,US DC 铁木床 CBF-01L 方管软包角落床带抽篮-112 TXL 一件一箱,ALL,AMAZON,B,T3,7.8807,6.4622,244.30,200.33,203,6.5484,-0.0862,0.0132,t,6 个月 · 全平台 · 全量 SKU · 2026-07-09
DJ503733_2,US DC 铁木床 CBF-01L 方管软包角落床带抽篮-112 TXL 一件一箱,ALL,TIKTOK,B,T4B,0.5080,0.2438,15.75,7.56,30,0.9677,-0.7239,0.7481,f,6 个月 · 全平台 · 全量 SKU · 2026-07-09
DJ503733_3,US DC 铁木床 CBF-01L 方管软包角落床带抽篮-112 灰 F 一件一箱,ALL,AMAZON,A,T2,17.8300,12.9216,552.73,400.57,550,17.7419,-4.8203,0.2717,t,6 个月 · 全平台 · 全量 SKU · 2026-07-09
DJ503733_3,US DC 铁木床 CBF-01L 方管软包角落床带抽篮-112 灰 F 一件一箱,ALL,UNKNOWN,A,T4B,1.2589,0.5136,39.03,15.92,34,1.0968,-0.5832,0.5317,f,6 个月 · 全平台 · 全量 SKU · 2026-07-09
DJ503733_4,US DC 铁木床 CBF-01L 方管软包角落床带抽篮-112 灰 Q  一件一箱,ALL,AMAZON,B,T2,8.2278,7.0150,255.06,217.47,301,9.7097,-2.6947,0.2775,t,6 个月 · 全平台 · 全量 SKU · 2026-07-09
DJ503733_4,US DC 铁木床 CBF-01L 方管软包角落床带抽篮-112 灰 Q  一件一箱,ALL,TIKTOK,B,T4B,0.6330,0.2583,19.62,8.01,51,1.6452,-1.3869,0.8430,f,6 个月 · 全平台 · 全量 SKU · 2026-07-09
DJ503733_4,US DC 铁木床 CBF-01L 方管软包角落床带抽篮-112 灰 Q  一件一箱,ALL,UNKNOWN,B,T4B,0.4038,0.1938,12.52,6.01,23,0.7419,-0.5481,0.7388,f,6 个月 · 全平台 · 全量 SKU · 2026-07-09
DJ503734_1,US DC 铁木床 CBF-02L 方管铁木角落床带抽篮-113 T 灰 一件一箱,ALL,AMAZON,B,T2,16.1602,12.6050,500.97,390.76,263,8.4839,4.1211,0.4858,t,6 个月 · 全平台 · 全量 SKU · 2026-07-09
DJ503734_2,US DC 铁木床 CBF-02L 方管铁木角落床带抽篮-113 TXL 灰 一件一箱,ALL,AMAZON,C,T3,5.1241,4.2018,158.85,130.26,93,3.0000,1.2018,0.4006,t,6 个月 · 全平台 · 全量 SKU · 2026-07-09
DJ503782_1,US VD29 书桌 三折镜转角梳妆台 一件一箱 颜色->白色,ALL,AMAZON,C,T4B,1.9264,0.9247,59.72,28.67,89,2.8710,-1.9463,0.6779,f,6 个月 · 全平台 · 全量 SKU · 2026-07-09
DJ503782_1,US VD29 书桌 三折镜转角梳妆台 一件一箱 颜色->白色,ALL,WALMART,C,T4B,0.1339,0.0720,4.15,2.23,1,0.0323,0.0397,1.2320,f,6 个月 · 全平台 · 全量 SKU · 2026-07-09
DJ503782_2,US VD29 书桌 三折镜转角梳妆台 一件一箱 颜色->黑色,ALL,AMAZON,A,T4B,4.3700,1.7830,135.47,55.27,106,3.4194,-1.6364,0.4786,f,6 个月 · 全平台 · 全量 SKU · 2026-07-09
DJ503799_1,US AG 软包床 蝴蝶床头+波浪床尾+尾抽+灯带+排插 T 一件一箱 颜色->米白,ALL,AMAZON,C,T4B,1.3456,0.5490,41.71,17.02,26,0.8387,-0.2897,0.3454,f,6 个月 · 全平台 · 全量 SKU · 2026-07-09
DJ503835_2,US SD L桌高桌带洞洞铁皮带排插（小尺寸版）  一件一箱 颜色->白色,ALL,AMAZON,C,T4B,1.7463,0.7125,54.14,22.09,35,1.1290,-0.4165,0.3689,f,6 个月 · 全平台 · 全量 SKU · 2026-07-09
DJ503835_3,US SD L桌高桌带洞洞铁皮带排插（小尺寸版）  一件一箱 颜色->黑色,ALL,UNKNOWN,C,T4B,0.3359,0.1612,10.41,5.00,10,0.3226,-0.1614,0.5003,f,6 个月 · 全平台 · 全量 SKU · 2026-07-09
DJ503839_2,US DC 软包床 HQ112 三圈灯四抽2085款 Q尺寸 PU 一件一箱 颜色->白色,ALL,AMAZON,C,T4B,1.1540,0.4708,35.77,14.59,34,1.0968,-0.6260,0.5707,f,6 个月 · 全平台 · 全量 SKU · 2026-07-09
DJ503841_1,US AG 金属圆脚书桌 三色好莱坞灯泡 右侧分格收纳+玻璃柜门 颜色->白色,ALL,UNKNOWN,C,T4B,0.4905,0.2637,15.21,8.17,30,0.9677,-0.7040,0.7275,f,6 个月 · 全平台 · 全量 SKU · 2026-07-09
DJ503846_1,US TA X字板材厨房置物架 一件一箱 颜色->白麻+火烧云,ALL,AMAZON,C,T3,4.2010,3.6709,130.23,113.80,83,2.6774,0.9935,0.3711,t,6 个月 · 全平台 · 全量 SKU · 2026-07-09
DJ503846_2,US TA X字板材厨房置物架 一件一箱 颜色->黑麻+火烧云,ALL,AMAZON,C,T4B,3.6046,1.4707,111.74,45.59,91,2.9355,-1.4648,0.4990,f,6 个月 · 全平台 · 全量 SKU · 2026-07-09
DJ503846_3,US TA X字板材厨房置物架 一件一箱 颜色->灰K13074K,ALL,AMAZON,C,T4B,1.8856,0.7693,58.45,23.85,40,1.2903,-0.5210,0.4038,f,6 个月 · 全平台 · 全量 SKU · 2026-07-09
DJ503846_4,US TA X字板材厨房置物架 一件一箱 颜色->7625手抓纹,ALL,AMAZON,C,T4B,0.6984,0.3754,21.65,11.64,24,0.7742,-0.3988,0.5151,f,6 个月 · 全平台 · 全量 SKU · 2026-07-09
DJ503855_1,US 带柜门抽屉美式书架 一件一箱 颜色->白黑,ALL,AMAZON,B,T3,6.4917,5.8753,201.24,182.13,169,5.4516,0.4237,0.0777,t,6 个月 · 全平台 · 全量 SKU · 2026-07-09
DJ503855_1,US 带柜门抽屉美式书架 一件一箱 颜色->白黑,ALL,TEMU,B,T4B,0.3232,0.1551,10.02,4.81,11,0.3548,-0.1997,0.5629,f,6 个月 · 全平台 · 全量 SKU · 2026-07-09
DJ503855_1,US 带柜门抽屉美式书架 一件一箱 颜色->白黑,ALL,UNKNOWN,B,T4B,1.6162,0.6594,50.10,20.44,36,1.1613,-0.5019,0.4322,f,6 个月 · 全平台 · 全量 SKU · 2026-07-09
DJ503855_2,US 带柜门抽屉美式书架 一件一箱 颜色->灰色,ALL,AMAZON,B,T3,4.4221,4.3014,137.09,133.34,132,4.2581,0.0433,0.0102,t,6 个月 · 全平台 · 全量 SKU · 2026-07-09
DJ503855_2,US 带柜门抽屉美式书架 一件一箱 颜色->灰色,ALL,TEMU,B,T4B,0.1568,0.0843,4.86,2.61,10,0.3226,-0.2383,0.7387,f,6 个月 · 全平台 · 全量 SKU · 2026-07-09
DJ503855_2,US 带柜门抽屉美式书架 一件一箱 颜色->灰色,ALL,UNKNOWN,B,T4B,0.8257,0.4201,25.60,13.02,19,0.6129,-0.1928,0.3146,f,6 个月 · 全平台 · 全量 SKU · 2026-07-09
DJ503855_3,US 带柜门抽屉美式书架 一件一箱 颜色->I27014K木纹,ALL,AMAZON,C,T4B,0.4286,0.2057,13.29,6.38,45,1.4516,-1.2459,0.8583,f,6 个月 · 全平台 · 全量 SKU · 2026-07-09
DJ503856_5,EU DC铁木床LIW-01 床头一层盖板+灯带+插排 WS 黑色+火烧色  一件一箱 160*200,ALL,AMAZON,C,T4B,1.9366,0.9296,60.03,28.82,19,0.6129,0.3167,0.5167,f,6 个月 · 全平台 · 全量 SKU · 2026-07-09
DJ503860_1,"EU BW铁木床DIW-01 床头一层盖板+灯带+插排 HQ 黑色+火烧色  一件一箱 ,90*200",ALL,AMAZON,C,T4B,2.2406,1.1400,69.46,35.34,0,0.0000,1.1400,,f,6 个月 · 全平台 · 全量 SKU · 2026-07-09
DJ503860_3,EU BW铁木床DIW-01 床头一层盖板+灯带+插排 HQ 黑色+火烧色  一件一箱 140*200,ALL,AMAZON,C,T4B,1.8493,0.9942,57.33,30.82,53,1.7097,-0.7155,0.4185,f,6 个月 · 全平台 · 全量 SKU · 2026-07-09
DJ503860_4,"EU BW铁木床DIW-01 床头一层盖板+灯带+插排 HQ 黑色+火烧色  一件一箱 ,160*200",ALL,AMAZON,C,T4B,1.8127,0.8701,56.19,26.97,79,2.5484,-1.6783,0.6586,f,6 个月 · 全平台 · 全量 SKU · 2026-07-09
DJ503860_5,"EU BW铁木床DIW-01 床头一层盖板+灯带+插排 HQ 黑色+火烧色  一件一箱 ,180*200",ALL,AMAZON,C,T4B,2.4224,0.9883,75.09,30.64,0,0.0000,0.9883,,f,6 个月 · 全平台 · 全量 SKU · 2026-07-09
DJ503866_1,"US BF 电视柜 TV08 9抽无纺布带侧边层架左右变换一件一箱 颜色->#1,黑色pu抽面+黑浮雕板",ALL,AMAZON,B,T3,5.7844,5.2060,179.32,161.39,222,7.1613,-1.9553,0.2730,t,6 个月 · 全平台 · 全量 SKU · 2026-07-09
DJ503866_2,"US BF 电视柜 TV08 9抽无纺布带侧边层架左右变换一件一箱 颜色->#2,火烧云印染抽面+火烧云浮雕板",ALL,AMAZON,C,T4B,1.9327,0.9277,59.91,28.76,87,2.8065,-1.8788,0.6694,f,6 个月 · 全平台 · 全量 SKU · 2026-07-09
DJ503877_1,US 双抽美式文件柜 一件一箱 颜色->灰色,ALL,AMAZON,C,T4B,2.7868,1.1370,86.39,35.25,94,3.0323,-1.8953,0.6250,f,6 个月 · 全平台 · 全量 SKU · 2026-07-09
DJ503877_1,US 双抽美式文件柜 一件一箱 颜色->灰色,ALL,UNKNOWN,C,T4B,0.3793,0.1821,11.76,5.65,22,0.7097,-0.5276,0.7434,f,6 个月 · 全平台 · 全量 SKU · 2026-07-09
DJ503877_2,US 双抽美式文件柜 一件一箱 颜色->白色,ALL,AMAZON,C,T4B,3.7047,1.5115,114.85,46.86,75,2.4194,-0.9079,0.3752,f,6 个月 · 全平台 · 全量 SKU · 2026-07-09
DJ503877_2,US 双抽美式文件柜 一件一箱 颜色->白色,ALL,UNKNOWN,C,T4B,0.7313,0.3931,22.67,12.19,0,0.0000,0.3931,,f,6 个月 · 全平台 · 全量 SKU · 2026-07-09
DJ503880_1,US 592T款 两抽14寸铁床带床尾布 一件一箱 颜色->深灰色,ALL,AMAZON,C,T3,5.0163,4.1134,155.51,127.52,91,2.9355,1.1779,0.4013,t,6 个月 · 全平台 · 全量 SKU · 2026-07-09
DJ503880_1,US 592T款 两抽14寸铁床带床尾布 一件一箱 颜色->深灰色,ALL,UNKNOWN,C,T4B,1.6821,0.8074,52.15,25.03,89,2.8710,-2.0636,0.7188,f,6 个月 · 全平台 · 全量 SKU · 2026-07-09
DJ503889,US UA 带推车侧架马桶柜>麻面白 一件一箱,ALL,AMAZON,B,T3,7.0675,5.7954,219.09,179.66,146,4.7097,1.0857,0.2305,t,6 个月 · 全平台 · 全量 SKU · 2026-07-09
DJ503889,US UA 带推车侧架马桶柜>麻面白 一件一箱,ALL,WALMART,B,T4B,0.4721,0.2402,14.64,7.45,11,0.3548,-0.1146,0.3231,f,6 个月 · 全平台 · 全量 SKU · 2026-07-09
DJ503897_1,US DC 铁木床 BFH-01 方管X谷仓吊轨推拉门置物格款-胡桃白 901 T 一件一箱,ALL,AMAZON,C,T4B,1.9820,0.8087,61.44,25.07,34,1.0968,-0.2881,0.2627,f,6 个月 · 全平台 · 全量 SKU · 2026-07-09
DJ503897_2,US DC 铁木床 BFH-01 方管X谷仓吊轨推拉门置物格款- 橡木灰 901 T 一件一箱,ALL,AMAZON,C,T4B,1.6717,0.8024,51.82,24.87,48,1.5484,-0.7460,0.4818,f,6 个月 · 全平台 · 全量 SKU · 2026-07-09
DJ503900_2,US 床T-B704F前后围栏含插盘灯带137*190 颜色2024-17粉色绒布+白色铁,ALL,AMAZON,B,T3,6.6574,5.4591,206.38,169.23,59,1.9032,3.5559,1.8683,t,6 个月 · 全平台 · 全量 SKU · 2026-07-09
DJ503900_2,US 床T-B704F前后围栏含插盘灯带137*190 颜色2024-17粉色绒布+白色铁,ALL,TIKTOK,B,T4B,0.1398,0.0751,4.33,2.33,12,0.3871,-0.3120,0.8060,f,6 个月 · 全平台 · 全量 SKU · 2026-07-09
DJ503900_2,US 床T-B704F前后围栏含插盘灯带137*190 颜色2024-17粉色绒布+白色铁,ALL,UNKNOWN,B,T4B,0.9664,0.5195,29.96,16.10,32,1.0323,-0.5128,0.4967,f,6 个月 · 全平台 · 全量 SKU · 2026-07-09
DJ503901_1,US 床T-B704T前后围栏含插盘灯带99*190 颜色TX-001米白绒布+白色铁,ALL,AMAZON,C,T4B,2.3789,0.7367,73.75,22.84,13,0.4194,0.3173,0.7567,f,6 个月 · 全平台 · 全量 SKU · 2026-07-09
DJ503901_1,US 床T-B704T前后围栏含插盘灯带99*190 颜色TX-001米白绒布+白色铁,ALL,TIKTOK,C,T4B,0.2128,0.1144,6.60,3.55,17,0.5484,-0.4340,0.7914,f,6 个月 · 全平台 · 全量 SKU · 2026-07-09
DJ503901_2,"US 床T-B704T前后围栏含插盘灯带99*190 颜色,2024-17粉色绒布+白色铁",ALL,AMAZON,B,T3,7.3234,6.0052,227.03,186.16,36,1.1613,4.8439,4.1711,t,6 个月 · 全平台 · 全量 SKU · 2026-07-09
DJ503901_2,"US 床T-B704T前后围栏含插盘灯带99*190 颜色,2024-17粉色绒布+白色铁",ALL,TIKTOK,B,T4B,0.7812,0.3187,24.22,9.88,32,1.0323,-0.7136,0.6913,f,6 个月 · 全平台 · 全量 SKU · 2026-07-09
DJ503902_1,US AG 1x4简约立柱灯带储物柜 一件一箱 颜色->黑色,ALL,AMAZON,C,T3,5.5329,5.2962,171.52,164.18,0,0.0000,5.2962,,f,6 个月 · 全平台 · 全量 SKU · 2026-07-09
DJ503902_2,US AG 1x4简约立柱灯带储物柜 一件一箱 颜色->白色,ALL,AMAZON,C,T4B,1.2596,0.6409,39.05,19.87,24,0.7742,-0.1333,0.1722,f,6 个月 · 全平台 · 全量 SKU · 2026-07-09
DJ503904_1,US AG 2x3简约立柱灯带储物柜 一件一箱 颜色->黑色,ALL,AMAZON,C,T3,3.6586,3.8415,113.42,119.09,0,0.0000,3.8415,,f,6 个月 · 全平台 · 全量 SKU · 2026-07-09
DJ503905_1,US AG 高款板式三抽边桌 灯带+排插 一件一箱 颜色->黑色,ALL,AMAZON,A,T2,18.6982,13.5508,579.64,420.07,555,17.9032,-4.3524,0.2431,t,6 个月 · 全平台 · 全量 SKU · 2026-07-09
DJ503905_1,US AG 高款板式三抽边桌 灯带+排插 一件一箱 颜色->黑色,ALL,TIKTOK,A,T4B,2.0126,1.0240,62.39,31.74,87,2.8065,-1.7825,0.6351,f,6 个月 · 全平台 · 全量 SKU · 2026-07-09
DJ503905_1,US AG 高款板式三抽边桌 灯带+排插 一件一箱 颜色->黑色,ALL,UNKNOWN,A,T4B,2.2546,1.0822,69.89,33.55,37,1.1935,-0.1113,0.0933,f,6 个月 · 全平台 · 全量 SKU · 2026-07-09
DJ503905_1,US AG 高款板式三抽边桌 灯带+排插 一件一箱 颜色->黑色,ALL,WALMART,A,T4B,0.5993,0.3222,18.58,9.99,19,0.6129,-0.2907,0.4743,f,6 个月 · 全平台 · 全量 SKU · 2026-07-09
DJ503905_2,US AG 高款板式三抽边桌 灯带+排插 一件一箱 颜色->白色,ALL,AMAZON,C,T3,5.0229,4.5206,155.71,140.14,129,4.1613,0.3593,0.0863,t,6 个月 · 全平台 · 全量 SKU · 2026-07-09
DJ503905_2,US AG 高款板式三抽边桌 灯带+排插 一件一箱 颜色->白色,ALL,UNKNOWN,C,T4B,0.9021,0.4590,27.97,14.23,24,0.7742,-0.3152,0.4071,f,6 个月 · 全平台 · 全量 SKU · 2026-07-09
DJ503905_3,US AG 高款板式三抽边桌 灯带+排插 一件一箱 颜色->火烧云,ALL,AMAZON,B,T2,8.0336,5.8220,249.04,180.48,233,7.5161,-1.6941,0.2254,t,6 个月 · 全平台 · 全量 SKU · 2026-07-09
DJ503905_3,US AG 高款板式三抽边桌 灯带+排插 一件一箱 颜色->火烧云,ALL,TIKTOK,B,T4B,0.8726,0.4188,27.05,12.98,65,2.0968,-1.6780,0.8003,f,6 个月 · 全平台 · 全量 SKU · 2026-07-09
DJ503905_3,US AG 高款板式三抽边桌 灯带+排插 一件一箱 颜色->火烧云,ALL,UNKNOWN,B,T4B,0.9174,0.4668,28.44,14.47,10,0.3226,0.1442,0.4471,f,6 个月 · 全平台 · 全量 SKU · 2026-07-09
DJ503905_4,US AG 高款板式三抽边桌 灯带+排插 一件一箱 颜色->灰橡木,ALL,AMAZON,C,T3,3.6970,3.7456,114.61,116.11,113,3.6452,0.1004,0.0276,t,6 个月 · 全平台 · 全量 SKU · 2026-07-09
DJ503905_4,US AG 高款板式三抽边桌 灯带+排插 一件一箱 颜色->灰橡木,ALL,TIKTOK,C,T4B,0.2615,0.1255,8.11,3.89,48,1.5484,-1.4229,0.9189,f,6 个月 · 全平台 · 全量 SKU · 2026-07-09
DJ503907,EU BW SCQL-01鞋柜2翻盖4隔板+冷轧钢翻转  白色 一件一箱,ALL,AMAZON,C,T4B,1.0183,0.4888,31.57,15.15,54,1.7419,-1.2531,0.7194,f,6 个月 · 全平台 · 全量 SKU · 2026-07-09
DJ503908,EU BW SCQL-01鞋柜3翻盖6隔板+冷轧钢翻转 白色 一件一箱,ALL,AMAZON,B,T4A,2.4468,1.2716,75.85,39.42,109,3.5161,-2.2445,0.6384,t,6 个月 · 全平台 · 全量 SKU · 2026-07-09
DJ503909,EU BW SC-01鞋柜4翻盖8隔板+不锈钢翻转 白色 一件一箱,ALL,AMAZON,C,T4B,1.1744,0.4792,36.41,14.86,42,1.3548,-0.8756,0.6463,f,6 个月 · 全平台 · 全量 SKU · 2026-07-09
DJ503910_2,US HS 抽屉柜 DDB-01 1x4+2 圆角底座 DFS 背板 一件一箱 颜色->白色,ALL,TIKTOK,C,T4B,0.1830,0.0931,5.67,2.89,25,0.8065,-0.7134,0.8846,f,6 个月 · 全平台 · 全量 SKU · 2026-07-09
DJ503911_1,"US BF 储物柜 DT15 5抽无把手悬浮带灯带插头 一件一箱 颜色->#1,黑色三胺麻面",ALL,AMAZON,A,T3,7.0017,6.6832,217.05,207.18,0,0.0000,6.6832,,f,6 个月 · 全平台 · 全量 SKU · 2026-07-09
DJ503911_2,"US BF 储物柜 DT15 5抽无把手悬浮带灯带插头 一件一箱 颜色->#2,白色三胺麻面",ALL,AMAZON,A,T4A,4.3248,2.0067,134.07,62.21,110,3.5484,-1.5417,0.4345,t,6 个月 · 全平台 · 全量 SKU · 2026-07-09
DJ503911_2,"US BF 储物柜 DT15 5抽无把手悬浮带灯带插头 一件一箱 颜色->#2,白色三胺麻面",ALL,TIKTOK,A,T4B,0.4764,0.2424,14.77,7.51,22,0.7097,-0.4673,0.6584,f,6 个月 · 全平台 · 全量 SKU · 2026-07-09
DJ503911_2,"US BF 储物柜 DT15 5抽无把手悬浮带灯带插头 一件一箱 颜色->#2,白色三胺麻面",ALL,UNKNOWN,A,T4B,1.7869,0.9092,55.39,28.19,27,0.8710,0.0382,0.0439,f,6 个月 · 全平台 · 全量 SKU · 2026-07-09
DJ503912_2,US AG 软包床 郁金香花瓣 荷兰绒 4抽屉 T 一件一箱 颜色->粉色,ALL,AMAZON,C,T4B,0.9234,0.3767,28.63,11.68,39,1.2581,-0.8814,0.7006,f,6 个月 · 全平台 · 全量 SKU · 2026-07-09
DJ503913_2,US AG 软包床 郁金香花瓣 荷兰绒 4抽屉 F 一件一箱 颜色->粉色,ALL,AMAZON,C,T4B,1.0941,0.5252,33.92,16.28,19,0.6129,-0.0877,0.1431,f,6 个月 · 全平台 · 全量 SKU · 2026-07-09
DJ503914_1,US HS 抽屉柜 DDBT-01 1x4+2 底座 无把手 一件一箱 颜色->黑色,ALL,UNKNOWN,C,T4B,0.3927,0.1885,12.17,5.84,22,0.7097,-0.5212,0.7344,f,6 个月 · 全平台 · 全量 SKU · 2026-07-09
DJ503914_2,US HS 抽屉柜 DDBT-01 1x4+2 底座 无把手 一件一箱 颜色->白色,ALL,UNKNOWN,C,T4B,0.1716,0.0923,5.32,2.86,21,0.6774,-0.5851,0.8637,f,6 个月 · 全平台 · 全量 SKU · 2026-07-09
DJ503915_1,US HS 抽屉柜 DDBT-02 1x5+2 底座 无把手 一件一箱 颜色->黑色,ALL,UNKNOWN,C,T4B,0.4414,0.1801,13.68,5.58,60,1.9355,-1.7554,0.9069,f,6 个月 · 全平台 · 全量 SKU · 2026-07-09
DJ503915_2,US HS 抽屉柜 DDBT-02 1x5+2 底座 无把手 一件一箱 颜色->白色,ALL,TIKTOK,B,T4B,0.6755,0.3242,20.94,10.05,26,0.8387,-0.5145,0.6135,f,6 个月 · 全平台 · 全量 SKU · 2026-07-09
DJ503915_2,US HS 抽屉柜 DDBT-02 1x5+2 底座 无把手 一件一箱 颜色->白色,ALL,UNKNOWN,B,T4B,0.6754,0.3242,20.94,10.05,46,1.4839,-1.1597,0.7815,f,6 个月 · 全平台 · 全量 SKU · 2026-07-09
DJ503915_4,US HS 抽屉柜 DDBT-02 1x5+2 底座 无把手 一件一箱 颜色->深海蓝,ALL,UNKNOWN,C,T4B,0.2160,0.1037,6.70,3.21,18,0.5806,-0.4769,0.8214,f,6 个月 · 全平台 · 全量 SKU · 2026-07-09
DJ503915_4,US HS 抽屉柜 DDBT-02 1x5+2 底座 无把手 一件一箱 颜色->深海蓝,ALL,WALMART,C,T4B,0.2310,0.0942,7.16,2.92,13,0.4194,-0.3252,0.7754,f,6 个月 · 全平台 · 全量 SKU · 2026-07-09
DJ503916_1,US HS 抽屉柜 DDBT-03 1x6+2 底座 无把手 一件一箱 颜色->黑色,ALL,AMAZON,B,T2,9.2754,7.9082,287.54,245.15,15,0.4839,7.4243,15.3436,t,6 个月 · 全平台 · 全量 SKU · 2026-07-09
DJ503916_1,US HS 抽屉柜 DDBT-03 1x6+2 底座 无把手 一件一箱 颜色->黑色,ALL,TIKTOK,B,T4B,0.5278,0.2533,16.36,7.85,5,0.1613,0.0920,0.5705,f,6 个月 · 全平台 · 全量 SKU · 2026-07-09
DJ503916_1,US HS 抽屉柜 DDBT-03 1x6+2 底座 无把手 一件一箱 颜色->黑色,ALL,UNKNOWN,B,T4B,1.2621,0.5149,39.13,15.96,92,2.9677,-2.4528,0.8265,f,6 个月 · 全平台 · 全量 SKU · 2026-07-09
DJ503916_1,US HS 抽屉柜 DDBT-03 1x6+2 底座 无把手 一件一箱 颜色->黑色,ALL,WALMART,B,T4B,0.6639,0.2709,20.58,8.40,11,0.3548,-0.0839,0.2366,f,6 个月 · 全平台 · 全量 SKU · 2026-07-09
DJ503916_2,US HS 抽屉柜 DDBT-03 1x6+2 底座 无把手 一件一箱 颜色->白色,ALL,AMAZON,A,T2,11.0071,7.9770,341.22,247.29,25,0.8065,7.1705,8.8915,t,6 个月 · 全平台 · 全量 SKU · 2026-07-09
DJ503916_2,US HS 抽屉柜 DDBT-03 1x6+2 底座 无把手 一件一箱 颜色->白色,ALL,TIKTOK,A,T4B,1.1667,0.5600,36.17,17.36,4,0.1290,0.4310,3.3400,f,6 个月 · 全平台 · 全量 SKU · 2026-07-09
DJ503916_2,US HS 抽屉柜 DDBT-03 1x6+2 底座 无把手 一件一箱 颜色->白色,ALL,UNKNOWN,A,T4B,2.2665,1.1532,70.26,35.75,3,0.0968,1.0564,10.9164,f,6 个月 · 全平台 · 全量 SKU · 2026-07-09
DJ503916_2,US HS 抽屉柜 DDBT-03 1x6+2 底座 无把手 一件一箱 颜色->白色,ALL,WALMART,A,T4B,0.2471,0.1008,7.66,3.12,0,0.0000,0.1008,,f,6 个月 · 全平台 · 全量 SKU · 2026-07-09
DJ503917_1,US 玻璃门L桌高桌带布兜款 一件一箱 颜色->火烧云,ALL,AMAZON,C,T3,5.5556,5.0346,172.22,156.07,169,5.4516,-0.4170,0.0765,t,6 个月 · 全平台 · 全量 SKU · 2026-07-09
DJ503917_2,US 玻璃门L桌高桌带布兜款 一件一箱 颜色->白色,ALL,AMAZON,C,T3,5.8505,5.7118,181.37,177.07,198,6.3871,-0.6753,0.1057,t,6 个月 · 全平台 · 全量 SKU · 2026-07-09
DJ503917_2,US 玻璃门L桌高桌带布兜款 一件一箱 颜色->白色,ALL,TIKTOK,C,T4B,0.2850,0.1163,8.84,3.61,26,0.8387,-0.7224,0.8613,f,6 个月 · 全平台 · 全量 SKU · 2026-07-09
DJ503917_2,US 玻璃门L桌高桌带布兜款 一件一箱 颜色->白色,ALL,UNKNOWN,C,T4B,0.4376,0.1785,13.57,5.53,17,0.5484,-0.3699,0.6745,f,6 个月 · 全平台 · 全量 SKU · 2026-07-09
DJ503917_3,US 玻璃门L桌高桌带布兜款 一件一箱 颜色->黑色,ALL,AMAZON,B,T2,11.8154,8.5627,366.28,265.44,339,10.9355,-2.3728,0.2170,t,6 个月 · 全平台 · 全量 SKU · 2026-07-09
DJ503917_3,US 玻璃门L桌高桌带布兜款 一件一箱 颜色->黑色,ALL,UNKNOWN,B,T4B,0.4844,0.2325,15.02,7.21,8,0.2581,-0.0256,0.0991,f,6 个月 · 全平台 · 全量 SKU · 2026-07-09
DJ503917_3,US 玻璃门L桌高桌带布兜款 一件一箱 颜色->黑色,ALL,WALMART,B,T4B,0.1439,0.0691,4.46,2.14,19,0.6129,-0.5438,0.8873,f,6 个月 · 全平台 · 全量 SKU · 2026-07-09
DJ503921_1,"US BF 储物柜 DT17 6抽凹槽无把手高柜一件一箱 颜色->#1,黑色麻面",ALL,AMAZON,B,T3,4.6732,4.6843,144.87,145.21,0,0.0000,4.6843,,f,6 个月 · 全平台 · 全量 SKU · 2026-07-09
DJ503946_1,"US 床T-B2451T软包水晶扣公主床抽屉灯带99*190 颜色->#1,TX-001米白色绒布+黑色铁",ALL,AMAZON,C,T4B,1.0741,0.4533,33.30,14.05,5,0.1613,0.2920,1.8105,f,6 个月 · 全平台 · 全量 SKU · 2026-07-09
DJ503948,EU DC 木质镜柜三开门 70*16*60 白色 一件一箱,ALL,TIKTOK,C,T4B,0.3030,0.1629,9.39,5.05,20,0.6452,-0.4823,0.7475,f,6 个月 · 全平台 · 全量 SKU · 2026-07-09
DJ503955_1,US 美式角落桌带抽屉 一件一箱 颜色->白+黑,ALL,AMAZON,B,T3,3.9245,3.4747,121.66,107.72,112,3.6129,-0.1382,0.0383,t,6 个月 · 全平台 · 全量 SKU · 2026-07-09
DJ503955_1,US 美式角落桌带抽屉 一件一箱 颜色->白+黑,ALL,UNKNOWN,B,T4B,1.4345,0.7299,44.47,22.63,49,1.5806,-0.8507,0.5382,f,6 个月 · 全平台 · 全量 SKU · 2026-07-09
DJ503955_1,US 美式角落桌带抽屉 一件一箱 颜色->白+黑,ALL,WALMART,B,T4B,0.7368,0.3537,22.84,10.96,23,0.7419,-0.3882,0.5233,f,6 个月 · 全平台 · 全量 SKU · 2026-07-09
DJ503955_2,US 美式角落桌带抽屉 一件一箱 颜色->灰色,ALL,AMAZON,B,T3,6.8266,6.2863,211.62,194.88,176,5.6774,0.6089,0.1072,t,6 个月 · 全平台 · 全量 SKU · 2026-07-09
DJ503955_2,US 美式角落桌带抽屉 一件一箱 颜色->灰色,ALL,UNKNOWN,B,T4B,2.2996,0.9382,71.29,29.08,91,2.9355,-1.9973,0.6804,f,6 个月 · 全平台 · 全量 SKU · 2026-07-09
DJ503955_2,US 美式角落桌带抽屉 一件一箱 颜色->灰色,ALL,WALMART,B,T4B,0.5029,0.2052,15.59,6.36,34,1.0968,-0.8916,0.8129,f,6 个月 · 全平台 · 全量 SKU · 2026-07-09
DJ503955_3,US 美式角落桌带抽屉 一件一箱 颜色->棕色,ALL,AMAZON,C,T4B,1.8302,0.9839,56.74,30.50,129,4.1613,-3.1774,0.7636,f,6 个月 · 全平台 · 全量 SKU · 2026-07-09
DJ503955_3,US 美式角落桌带抽屉 一件一箱 颜色->棕色,ALL,UNKNOWN,C,T4B,0.3500,0.1680,10.85,5.21,50,1.6129,-1.4449,0.8958,f,6 个月 · 全平台 · 全量 SKU · 2026-07-09
DJ503966_1,"EU KM 板式梳妆台  50cm梳妆台 一箱一个 颜色->白色,麻面白",ALL,AMAZON,C,T4B,1.2404,0.5061,38.45,15.69,19,0.6129,-0.1068,0.1743,f,6 个月 · 全平台 · 全量 SKU · 2026-07-09
DJ503966_1,"EU KM 板式梳妆台  50cm梳妆台 一箱一个 颜色->白色,麻面白",ALL,UNKNOWN,C,T4B,0.8070,0.3293,25.02,10.21,17,0.5484,-0.2191,0.3995,f,6 个月 · 全平台 · 全量 SKU · 2026-07-09
DJ503970_32,"EU KM 箱式液压床 一箱一个 尺码->XXL,160*200;颜色->黑色,PU黑",ALL,AMAZON,C,T4B,0.4000,0.1920,12.40,5.95,2,0.0645,0.1275,1.9760,f,6 个月 · 全平台 · 全量 SKU · 2026-07-09
DJ503976_2,"US AG 1x3藤编交叉腿边桌 含排插 一件一箱 尺码->#2,黑色",ALL,UNKNOWN,C,T4B,0.8844,0.4500,27.42,13.95,40,1.2903,-0.8403,0.6513,f,6 个月 · 全平台 · 全量 SKU · 2026-07-09
DJ503983_1,US VD JYH205 泰迪绒软包4抽床 弧形掀盖靠背 双灯带 T 一件一箱 颜色->米白,ALL,UNKNOWN,C,T4B,0.3481,0.1771,10.79,5.49,27,0.8710,-0.6939,0.7967,f,6 个月 · 全平台 · 全量 SKU · 2026-07-09
DJ503995_1,US AG 火烧云PU软包 抽屉床 T 一件一箱 颜色->黑色,ALL,UNKNOWN,C,T4B,0.9144,0.3731,28.35,11.57,70,2.2581,-1.8850,0.8348,f,6 个月 · 全平台 · 全量 SKU · 2026-07-09
DJ504004_1,US HS 储物柜-DSGW-02抽面竖纹 1x5+2一件一箱 颜色->黑色,ALL,UNKNOWN,C,T4B,0.5347,0.2721,16.58,8.44,25,0.8065,-0.5344,0.6626,f,6 个月 · 全平台 · 全量 SKU · 2026-07-09
DJ504004_2,US HS 储物柜-DSGW-02抽面竖纹 1x5+2一件一箱 颜色->胡桃白,ALL,UNKNOWN,C,T4B,0.7566,0.4067,23.45,12.61,0,0.0000,0.4067,,f,6 个月 · 全平台 · 全量 SKU · 2026-07-09
DJ504004_3,US HS 储物柜-DSGW-02抽面竖纹 1x5+2一件一箱 颜色->橡木灰,ALL,UNKNOWN,C,T4B,0.2203,0.1058,6.83,3.28,25,0.8065,-0.7007,0.8688,f,6 个月 · 全平台 · 全量 SKU · 2026-07-09
DJ504013_1,US 1.4米三抽吸塑桌 一件一箱 颜色->原木色,ALL,AMAZON,C,T4B,3.9761,1.6222,123.26,50.29,102,3.2903,-1.6681,0.5070,f,6 个月 · 全平台 · 全量 SKU · 2026-07-09
DJ504013_1,US 1.4米三抽吸塑桌 一件一箱 颜色->原木色,ALL,TIKTOK,C,T4B,0.1995,0.0958,6.18,2.97,10,0.3226,-0.2268,0.7030,f,6 个月 · 全平台 · 全量 SKU · 2026-07-09
DJ504015_1,US 纯板材三抽双人电脑桌  一件一箱 颜色 象牙灰色,ALL,AMAZON,C,T3,5.2404,4.2971,162.45,133.21,103,3.3226,0.9745,0.2933,t,6 个月 · 全平台 · 全量 SKU · 2026-07-09
DJ504015_1,US 纯板材三抽双人电脑桌  一件一箱 颜色 象牙灰色,ALL,UNKNOWN,C,T4B,1.1216,0.4576,34.77,14.19,13,0.4194,0.0382,0.0912,f,6 个月 · 全平台 · 全量 SKU · 2026-07-09
DJ504015_2,US 纯板材三抽双人电脑桌  一件一箱 颜色   橡木棕色（顶板）+白麻（主体）,ALL,AMAZON,A,T2,14.6083,10.5868,452.86,328.19,456,14.7097,-4.1229,0.2803,t,6 个月 · 全平台 · 全量 SKU · 2026-07-09
DJ504015_2_WF,US 纯板材三抽双人电脑桌  一件一箱 颜色   橡木棕色（顶板）+白麻（主体）,ALL,UNKNOWN,C,T4B,0.9643,0.4629,29.89,14.35,56,1.8065,-1.3436,0.7438,f,6 个月 · 全平台 · 全量 SKU · 2026-07-09
DJ504015_3,US 纯板材三抽双人电脑桌  一件一箱 颜色->橡木棕色,ALL,AMAZON,C,T3,4.2322,3.4934,131.20,108.30,91,2.9355,0.5579,0.1901,t,6 个月 · 全平台 · 全量 SKU · 2026-07-09
DJ504015_3_WF,US 纯板材三抽双人电脑桌  一件一箱 颜色->橡木棕色,ALL,UNKNOWN,C,T4B,0.2143,0.1029,6.64,3.19,38,1.2258,-1.1229,0.9161,f,6 个月 · 全平台 · 全量 SKU · 2026-07-09
DJ504015_4,US 纯板材三抽双人电脑桌  一件一箱 颜色->棕色+黑色,ALL,AMAZON,B,T2,7.4658,6.3653,231.44,197.32,271,8.7419,-2.3766,0.2719,t,6 个月 · 全平台 · 全量 SKU · 2026-07-09
DJ504015_5,US 纯板材三抽双人电脑桌  一件一箱 颜色->原木色,ALL,AMAZON,C,T4B,0.9742,0.5237,30.20,16.23,58,1.8710,-1.3473,0.7201,f,6 个月 · 全平台 · 全量 SKU · 2026-07-09
DJ504017_1,US DC 铁木床 CBF-02L 方管铁木角落床带抽篮-113 T 黑 一件一箱,ALL,AMAZON,A,T2,18.4341,14.3786,571.46,445.74,374,12.0645,2.3141,0.1918,t,6 个月 · 全平台 · 全量 SKU · 2026-07-09
DJ504017_2,US DC 铁木床 CBF-02L 方管铁木角落床带抽篮-113 TXL 黑 一件一箱,ALL,AMAZON,B,T3,5.6943,5.7165,176.52,177.21,152,4.9032,0.8133,0.1659,t,6 个月 · 全平台 · 全量 SKU · 2026-07-09
DJ504018_1,US 纯板材X字双抽高文件柜 一件一箱 颜色->白色+棕色,ALL,AMAZON,B,T2,8.7807,6.3635,272.20,197.27,325,10.4839,-4.1204,0.3930,t,6 个月 · 全平台 · 全量 SKU · 2026-07-09
DJ504018_2,US 纯板材X字双抽高文件柜 一件一箱 颜色->棕色,ALL,AMAZON,C,T4B,1.7979,0.7335,55.73,22.74,68,2.1935,-1.4600,0.6656,f,6 个月 · 全平台 · 全量 SKU · 2026-07-09
DJ504018_3,US 纯板材X字双抽高文件柜 一件一箱 颜色->棕顶+黑麻,ALL,AMAZON,C,T4A,3.7215,1.7268,115.37,53.53,165,5.3226,-3.5958,0.6756,t,6 个月 · 全平台 · 全量 SKU · 2026-07-09
DJ504019_1,US TA 100*80双抽谷仓门升降咖啡桌 一件一箱 颜色->白+棕,ALL,AMAZON,B,T2,8.3468,7.1165,258.75,220.61,323,10.4194,-3.3029,0.3170,t,6 个月 · 全平台 · 全量 SKU · 2026-07-09
DJ504019_1,US TA 100*80双抽谷仓门升降咖啡桌 一件一箱 颜色->白+棕,ALL,UNKNOWN,B,T4B,0.5236,0.2664,16.23,8.26,72,2.3226,-2.0562,0.8853,f,6 个月 · 全平台 · 全量 SKU · 2026-07-09
DJ504019_2,US TA 100*80双抽谷仓门升降咖啡桌 一件一箱 颜色->黑+棕,ALL,AMAZON,B,T3,4.1859,4.1846,129.76,129.72,142,4.5806,-0.3960,0.0865,t,6 个月 · 全平台 · 全量 SKU · 2026-07-09
DJ504019_2,US TA 100*80双抽谷仓门升降咖啡桌 一件一箱 颜色->黑+棕,ALL,UNKNOWN,B,T4B,0.7248,0.3479,22.47,10.78,32,1.0323,-0.6844,0.6630,f,6 个月 · 全平台 · 全量 SKU · 2026-07-09
DJ504019_3,US TA 100*80双抽谷仓门升降咖啡桌 一件一箱 颜色->灰古木-40三胺,ALL,AMAZON,B,T3,3.2443,3.1758,100.57,98.45,87,2.8065,0.3693,0.1316,t,6 个月 · 全平台 · 全量 SKU · 2026-07-09
DJ504019_3,US TA 100*80双抽谷仓门升降咖啡桌 一件一箱 颜色->灰古木-40三胺,ALL,UNKNOWN,B,T4B,0.4843,0.2604,15.01,8.07,14,0.4516,-0.1912,0.4234,f,6 个月 · 全平台 · 全量 SKU · 2026-07-09
DJ504021_1,US AG 玻璃桌面灯带边桌 含插座  一件一箱 颜色->黑色,ALL,AMAZON,C,T4B,3.1070,1.2677,96.32,39.30,79,2.5484,-1.2807,0.5025,f,6 个月 · 全平台 · 全量 SKU · 2026-07-09
DJ504021_2,US AG 玻璃桌面灯带边桌 含插座  一件一箱 颜色->白色,ALL,AMAZON,C,T4A,2.7381,1.2705,84.88,39.39,103,3.3226,-2.0521,0.6176,t,6 个月 · 全平台 · 全量 SKU · 2026-07-09
DJ504021_2,US AG 玻璃桌面灯带边桌 含插座  一件一箱 颜色->白色,ALL,TIKTOK,C,T4B,0.5596,0.3008,17.35,9.32,39,1.2581,-0.9573,0.7609,f,6 个月 · 全平台 · 全量 SKU · 2026-07-09
DJ504024_1,US 1.2米四抽L桌  一件一箱 颜色->火烧云,ALL,AMAZON,B,T3,4.7685,4.2917,147.82,133.04,126,4.0645,0.2272,0.0559,t,6 个月 · 全平台 · 全量 SKU · 2026-07-09
DJ504024_1,US 1.2米四抽L桌  一件一箱 颜色->火烧云,ALL,UNKNOWN,B,T4B,0.9502,0.4835,29.46,14.99,34,1.0968,-0.6133,0.5592,f,6 个月 · 全平台 · 全量 SKU · 2026-07-09
DJ504024_2,US 1.2米四抽L桌  一件一箱 颜色->黑色,ALL,AMAZON,C,T4A,3.2937,1.5283,102.10,47.38,93,3.0000,-1.4717,0.4906,t,6 个月 · 全平台 · 全量 SKU · 2026-07-09
DJ504024_2,US 1.2米四抽L桌  一件一箱 颜色->黑色,ALL,TEMU,C,T4B,1.6709,0.8020,51.80,24.86,22,0.7097,0.0923,0.1301,f,6 个月 · 全平台 · 全量 SKU · 2026-07-09
DJ504024_2,US 1.2米四抽L桌  一件一箱 颜色->黑色,ALL,UNKNOWN,C,T4B,1.1087,0.5322,34.37,16.50,51,1.6452,-1.1130,0.6765,f,6 个月 · 全平台 · 全量 SKU · 2026-07-09
DJ504024_3,US 1.2米四抽L桌  一件一箱 颜色->白色,ALL,AMAZON,C,T4B,2.5933,1.0581,80.39,32.80,85,2.7419,-1.6838,0.6141,f,6 个月 · 全平台 · 全量 SKU · 2026-07-09
DJ504024_3,US 1.2米四抽L桌  一件一箱 颜色->白色,ALL,TEMU,C,T4B,1.2409,0.5956,38.47,18.46,21,0.6774,-0.0818,0.1208,f,6 个月 · 全平台 · 全量 SKU · 2026-07-09
DJ504024_3,US 1.2米四抽L桌  一件一箱 颜色->白色,ALL,UNKNOWN,C,T4B,0.7022,0.3573,21.77,11.08,31,1.0000,-0.6427,0.6427,f,6 个月 · 全平台 · 全量 SKU · 2026-07-09
DJ504027_3,EU DC 悬浮床BXF-01L 铁管全拆装无床头-93款 HQ 黑色 140*190 一件一箱,ALL,AMAZON,B,T4A,3.9552,2.0554,122.61,63.72,25,0.8065,1.2489,1.5487,t,6 个月 · 全平台 · 全量 SKU · 2026-07-09
DJ504027_4,EU DC 悬浮床BXF-01L 铁管全拆装无床头-93款 HQ 黑色 140*200 一件一箱,ALL,AMAZON,C,T4B,2.8596,1.4550,88.65,45.11,38,1.2258,0.2292,0.1870,f,6 个月 · 全平台 · 全量 SKU · 2026-07-09
DJ504027_4,EU DC 悬浮床BXF-01L 铁管全拆装无床头-93款 HQ 黑色 140*200 一件一箱,ALL,UNKNOWN,C,T4B,0.7651,0.3672,23.72,11.38,19,0.6129,-0.2457,0.4009,f,6 个月 · 全平台 · 全量 SKU · 2026-07-09
DJ504027_5,EU DC 悬浮床BXF-01L 铁管全拆装无床头-93款 HQ 黑色 160*200 一件一箱,ALL,AMAZON,C,T4B,2.1559,1.0969,66.83,34.00,31,1.0000,0.0969,0.0969,f,6 个月 · 全平台 · 全量 SKU · 2026-07-09
DJ504027_5,EU DC 悬浮床BXF-01L 铁管全拆装无床头-93款 HQ 黑色 160*200 一件一箱,ALL,UNKNOWN,C,T4B,0.7317,0.2985,22.68,9.25,21,0.6774,-0.3789,0.5594,f,6 个月 · 全平台 · 全量 SKU · 2026-07-09
DJ504027_6,EU DC 悬浮床BXF-01L 铁管全拆装无床头-93款 HQ 黑色 180*200 一件一箱,ALL,AMAZON,C,T4B,1.4107,0.6771,43.73,20.99,25,0.8065,-0.1294,0.1604,f,6 个月 · 全平台 · 全量 SKU · 2026-07-09
DJ504027_6,EU DC 悬浮床BXF-01L 铁管全拆装无床头-93款 HQ 黑色 180*200 一件一箱,ALL,UNKNOWN,C,T4B,1.4580,0.6998,45.20,21.69,37,1.1935,-0.4937,0.4137,f,6 个月 · 全平台 · 全量 SKU · 2026-07-09
DJ504034_1,"US 床T-B2355T皇冠灯带99*190 颜色->#1,TX-001米白+粉2024-17绒布+黑色铁",ALL,TIKTOK,B,T4B,2.1252,1.0813,65.88,33.52,123,3.9677,-2.8864,0.7275,f,6 个月 · 全平台 · 全量 SKU · 2026-07-09
DJ504034_1,"US 床T-B2355T皇冠灯带99*190 颜色->#1,TX-001米白+粉2024-17绒布+黑色铁",ALL,UNKNOWN,B,T4B,0.9440,0.3852,29.26,11.94,34,1.0968,-0.7116,0.6488,f,6 个月 · 全平台 · 全量 SKU · 2026-07-09
DJ504034_1,"US 床T-B2355T皇冠灯带99*190 颜色->#1,TX-001米白+粉2024-17绒布+黑色铁",ALL,WALMART,B,T4B,0.3633,0.1744,11.26,5.41,7,0.2258,-0.0514,0.2277,f,6 个月 · 全平台 · 全量 SKU · 2026-07-09
DJ504034_1_WF,"US 床T-B2355T皇冠灯带99*190 颜色->#1,TX-001米白+粉2024-17绒布+黑色铁",ALL,UNKNOWN,D,T4B,0.7286,0.3497,22.59,10.84,25,0.8065,-0.4568,0.5664,f,6 个月 · 全平台 · 全量 SKU · 2026-07-09
DJ504038_1,US 1.6米五层书架U型桌  一件一箱 颜色->火烧云,ALL,AMAZON,C,T3,3.9139,3.4934,121.33,108.30,100,3.2258,0.2676,0.0830,t,6 个月 · 全平台 · 全量 SKU · 2026-07-09
DJ504038_2,US 1.6米五层书架U型桌  一件一箱 颜色->黑色,ALL,AMAZON,C,T3,5.8590,4.9085,181.63,152.16,134,4.3226,0.5859,0.1355,t,6 个月 · 全平台 · 全量 SKU · 2026-07-09
DJ504038_3,US 1.6米五层书架U型桌  一件一箱 颜色->白色,ALL,TEMU,C,T4B,0.4439,0.1811,13.76,5.61,13,0.4194,-0.2383,0.5681,f,6 个月 · 全平台 · 全量 SKU · 2026-07-09
DJ504040_1,EU FR板竹双开门面盆柜 左三开放格 一个一箱 颜色->白色,ALL,AMAZON,C,T4B,2.4674,1.0067,76.49,31.21,96,3.0968,-2.0901,0.6749,f,6 个月 · 全平台 · 全量 SKU · 2026-07-09
DJ504048_1,"EU DC气动床BQD-01床头两层物+灯带+插排HQ603灰色麻布+火烧色一件两箱,90*200",ALL,AMAZON,C,T4B,1.4626,0.7021,45.34,21.77,52,1.6774,-0.9753,0.5814,f,6 个月 · 全平台 · 全量 SKU · 2026-07-09
DJ504048_2,"EU DC气动床BQD-01床头两层+灯带+插排HQ603灰色麻布+火烧色 一件两箱,140*190",ALL,AMAZON,C,T4B,1.7162,0.8732,53.20,27.07,73,2.3548,-1.4816,0.6292,f,6 个月 · 全平台 · 全量 SKU · 2026-07-09
DJ504048_3,EU DC气动床BQD-01床头两层+灯带+插排HQ603灰色麻布+火烧色 一件两箱140*200,ALL,AMAZON,C,T4B,1.2083,0.6148,37.46,19.06,35,1.1290,-0.5142,0.4555,f,6 个月 · 全平台 · 全量 SKU · 2026-07-09
DJ504048_3,EU DC气动床BQD-01床头两层+灯带+插排HQ603灰色麻布+火烧色 一件两箱140*200,ALL,UNKNOWN,C,T4B,0.2817,0.1352,8.73,4.19,6,0.1935,-0.0583,0.3015,f,6 个月 · 全平台 · 全量 SKU · 2026-07-09
DJ504048_4,EU DC气动床BQD-01床头两层+灯带+插排HQ603灰色麻布+火烧色 一件两箱160*200,ALL,AMAZON,C,T4B,1.7464,0.8383,54.14,25.99,100,3.2258,-2.3875,0.7401,f,6 个月 · 全平台 · 全量 SKU · 2026-07-09
DJ504049_1,EU DC气动床BQD-01床头两层+灯带+插排HQ603黑色PU+黑色 一件两箱90*200,ALL,AMAZON,C,T4B,0.5541,0.2660,17.18,8.25,11,0.3548,-0.0888,0.2504,f,6 个月 · 全平台 · 全量 SKU · 2026-07-09
DJ504050_1,"US 床BJS-590T低阁楼床下6抽屉含灯带99*190 颜色->#1,白色铁+白色板",ALL,AMAZON,C,T4B,4.2370,1.7567,131.35,54.46,37,1.1935,0.5632,0.4718,f,6 个月 · 全平台 · 全量 SKU · 2026-07-09
DJ504050_3,"US 床BJS-590T低阁楼床下6抽屉含灯带99*190 颜色->#3,粉色铁+粉色板",ALL,WALMART,C,T4B,0.4473,0.2147,13.87,6.66,4,0.1290,0.0857,0.6639,f,6 个月 · 全平台 · 全量 SKU · 2026-07-09
DJ504050_4,"US 床BJS-590T低阁楼床下6抽屉含灯带99*190 颜色->#4,黑色铁+黑色板+黑PU抽面",ALL,UNKNOWN,C,T4B,0.3489,0.1424,10.82,4.41,7,0.2258,-0.0834,0.3694,f,6 个月 · 全平台 · 全量 SKU · 2026-07-09
DJ504050_4,"US 床BJS-590T低阁楼床下6抽屉含灯带99*190 颜色->#4,黑色铁+黑色板+黑PU抽面",ALL,WALMART,C,T4B,0.5024,0.2050,15.57,6.36,10,0.3226,-0.1176,0.3645,f,6 个月 · 全平台 · 全量 SKU · 2026-07-09
DJ504065_3,EU DC 悬浮床 BXF-02L 床头槽灯菱形扣款-HQ108 灰色麻布 140*190,ALL,AMAZON,C,T4B,0.8645,0.4648,26.80,14.41,110,3.5484,-3.0836,0.8690,f,6 个月 · 全平台 · 全量 SKU · 2026-07-09
DJ504066_1,EU FR板竹浴室窄高柜 上下单开门 一个一箱 颜色->白色,ALL,AMAZON,C,T4B,2.8799,1.1750,89.28,36.43,107,3.4516,-2.2766,0.6596,f,6 个月 · 全平台 · 全量 SKU · 2026-07-09
DJ504067_1,EU VD板竹上下双开门浴室高柜 一个一箱  颜色->白色,ALL,AMAZON,B,T3,5.9350,6.0901,183.99,188.79,185,5.9677,0.1224,0.0205,t,6 个月 · 全平台 · 全量 SKU · 2026-07-09
DJ504068_3,"EU BW悬浮床BXF-Q01床头两层+灯带+插排HQ602灰色麻布+火烧色一件两箱,140*190",ALL,AMAZON,B,T3,3.9804,4.0122,123.39,124.38,2,0.0645,3.9477,61.1891,t,6 个月 · 全平台 · 全量 SKU · 2026-07-09
DJ504068_5,"EU BW悬浮床BXF-Q01床头两层+灯带+插排HQ602灰色麻布+火烧色一件两箱,160*200",ALL,AMAZON,C,T4B,1.5557,0.6347,48.23,19.68,71,2.2903,-1.6556,0.7229,f,6 个月 · 全平台 · 全量 SKU · 2026-07-09
DJ504068_51,EU BW 悬浮床BXF-Q01床头两层+灯带+插排HQ602白色麻布+原木色一件两箱140*190,ALL,AMAZON,C,T4B,0.8770,0.4210,27.19,13.05,107,3.4516,-3.0306,0.8780,f,6 个月 · 全平台 · 全量 SKU · 2026-07-09
DJ504068_52,EU BW悬浮床BXF-Q01床头两层+灯带+插排HQ602白色麻布+原木色 一件两箱140*200,ALL,AMAZON,C,T4B,0.5945,0.2854,18.43,8.85,87,2.8065,-2.5211,0.8983,f,6 个月 · 全平台 · 全量 SKU · 2026-07-09
DJ504068_53,EU BW 悬浮床BXF-Q01床头两层+灯带+插排HQ602白色麻布+原木色一件两箱160*200,ALL,AMAZON,C,T4B,0.8441,0.4051,26.17,12.56,52,1.6774,-1.2723,0.7585,f,6 个月 · 全平台 · 全量 SKU · 2026-07-09
DJ504068_54,EU BW 悬浮床BXF-Q01床头两层+灯带+插排HQ602白色麻布+原木色一件两箱180*200,ALL,AMAZON,C,T4B,1.1620,0.5578,36.02,17.29,52,1.6774,-1.1196,0.6675,f,6 个月 · 全平台 · 全量 SKU · 2026-07-09
DJ504068_6,"EU BW悬浮床BXF-Q01床头两层+灯带+插排HQ602灰色麻布+火烧色一件两箱,180*200",ALL,AMAZON,B,T3,4.1741,4.3828,129.40,135.87,78,2.5161,1.8667,0.7419,t,6 个月 · 全平台 · 全量 SKU · 2026-07-09
DJ504073_1,US L型桌带X字抽储物文件柜  一件一箱   颜色->橡木棕+白,ALL,AMAZON,B,T2,8.0221,6.2572,248.69,193.97,214,6.9032,-0.6460,0.0936,t,6 个月 · 全平台 · 全量 SKU · 2026-07-09
DJ504078_1,US DC 铁木床 CBF-04L 方管铁木角落床带抽 128 黑色 T 一件一箱,ALL,AMAZON,B,T3,7.0694,5.9313,219.15,183.87,184,5.9355,-0.0042,0.0007,t,6 个月 · 全平台 · 全量 SKU · 2026-07-09
DJ504078_2,US DC 铁木床 CBF-04L 方管铁木角落床带抽 128 黑色 TXL 一件一箱,ALL,AMAZON,C,T4B,3.4754,1.4180,107.74,43.96,69,2.2258,-0.8078,0.3629,f,6 个月 · 全平台 · 全量 SKU · 2026-07-09
DJ504078_3,US DC 铁木床 CBF-04L 方管铁木角落床带抽 128 黑色 F 一件一箱,ALL,AMAZON,B,T3,7.5817,6.2170,235.03,192.73,138,4.4516,1.7654,0.3966,t,6 个月 · 全平台 · 全量 SKU · 2026-07-09
DJ504078_3,US DC 铁木床 CBF-04L 方管铁木角落床带抽 128 黑色 F 一件一箱,ALL,WALMART,B,T4B,0.5854,0.2810,18.15,8.71,18,0.5806,-0.2996,0.5161,f,6 个月 · 全平台 · 全量 SKU · 2026-07-09
DJ504081_1,US DC 铁木床 CBF-04L 方管铁木角落床带抽 128 橡木灰 T 一件一箱,ALL,AMAZON,B,T3,5.1674,4.2373,160.19,131.36,59,1.9032,2.3341,1.2264,t,6 个月 · 全平台 · 全量 SKU · 2026-07-09
DJ504081_1,US DC 铁木床 CBF-04L 方管铁木角落床带抽 128 橡木灰 T 一件一箱,ALL,WALMART,B,T4B,0.7056,0.3387,21.87,10.50,12,0.3871,-0.0484,0.1250,f,6 个月 · 全平台 · 全量 SKU · 2026-07-09
DJ504085_1,US 单人L高桌5布抽低价款 一件一箱 颜色->火烧云,ALL,AMAZON,B,T2,7.8367,5.6793,242.94,176.06,261,8.4194,-2.7401,0.3254,t,6 个月 · 全平台 · 全量 SKU · 2026-07-09
DJ504085_1,US 单人L高桌5布抽低价款 一件一箱 颜色->火烧云,ALL,WALMART,B,T4B,0.3454,0.1757,10.71,5.45,14,0.4516,-0.2759,0.6110,f,6 个月 · 全平台 · 全量 SKU · 2026-07-09
DJ504085_2,US 单人L高桌5布抽低价款 一件一箱 颜色->黑麻,ALL,AMAZON,B,T2,11.7877,8.5427,365.42,264.82,308,9.9355,-1.3928,0.1402,t,6 个月 · 全平台 · 全量 SKU · 2026-07-09
DJ504085_2,US 单人L高桌5布抽低价款 一件一箱 颜色->黑麻,ALL,TEMU,B,T4B,2.3541,1.2656,72.98,39.23,80,2.5806,-1.3150,0.5096,f,6 个月 · 全平台 · 全量 SKU · 2026-07-09
DJ504085_2,US 单人L高桌5布抽低价款 一件一箱 颜色->黑麻,ALL,UNKNOWN,B,T4B,0.3445,0.1852,10.68,5.74,18,0.5806,-0.3954,0.6810,f,6 个月 · 全平台 · 全量 SKU · 2026-07-09
DJ504085_2,US 单人L高桌5布抽低价款 一件一箱 颜色->黑麻,ALL,WALMART,B,T4B,1.1343,0.6098,35.16,18.90,70,2.2581,-1.6483,0.7299,f,6 个月 · 全平台 · 全量 SKU · 2026-07-09
DJ504085_3,US 单人L高桌5布抽低价款 一件一箱 颜色->白麻,ALL,AMAZON,B,T3,5.8625,5.3429,181.74,165.63,186,6.0000,-0.6571,0.1095,t,6 个月 · 全平台 · 全量 SKU · 2026-07-09
DJ504085_3,US 单人L高桌5布抽低价款 一件一箱 颜色->白麻,ALL,TEMU,B,T4B,2.0438,0.8339,63.36,25.85,61,1.9677,-1.1338,0.5762,f,6 个月 · 全平台 · 全量 SKU · 2026-07-09
DJ504085_3,US 单人L高桌5布抽低价款 一件一箱 颜色->白麻,ALL,UNKNOWN,B,T4B,0.5808,0.2788,18.00,8.64,21,0.6774,-0.3986,0.5884,f,6 个月 · 全平台 · 全量 SKU · 2026-07-09
DJ504085_3,US 单人L高桌5布抽低价款 一件一箱 颜色->白麻,ALL,WALMART,B,T4B,0.2570,0.1308,7.97,4.05,12,0.3871,-0.2563,0.6621,f,6 个月 · 全平台 · 全量 SKU · 2026-07-09
DJ504088_1,VD10转角镜子开门梳妆台带凳子 一件一箱 颜色->白色,ALL,TIKTOK,B,T4B,0.3239,0.1648,10.04,5.11,59,1.9032,-1.7384,0.9134,f,6 个月 · 全平台 · 全量 SKU · 2026-07-09
DJ504088_2,VD10转角镜子开门梳妆台带凳子 一件一箱 颜色->黑色,ALL,AMAZON,B,T4B,3.6474,1.4881,113.07,46.13,100,3.2258,-1.7377,0.5387,f,6 个月 · 全平台 · 全量 SKU · 2026-07-09
DJ504088_2,VD10转角镜子开门梳妆台带凳子 一件一箱 颜色->黑色,ALL,TIKTOK,B,T4B,0.3581,0.1925,11.10,5.97,23,0.7419,-0.5494,0.7405,f,6 个月 · 全平台 · 全量 SKU · 2026-07-09
DJ504088_4,"VD10转角镜子开门梳妆台带凳子 一件一箱 颜色->#4,原木色",ALL,TIKTOK,C,T4B,0.4214,0.2266,13.06,7.02,58,1.8710,-1.6444,0.8789,f,6 个月 · 全平台 · 全量 SKU · 2026-07-09
DJ504091_1,EU AG 2抽斜封边抽面边桌 排插灯带 一件一箱 颜色->黑色,ALL,AMAZON,C,T3,4.5242,4.1613,140.25,129.00,201,6.4839,-2.3226,0.3582,t,6 个月 · 全平台 · 全量 SKU · 2026-07-09
DJ504091_2,EU AG 2抽斜封边抽面边桌 排插灯带 一件一箱 颜色->白色,ALL,AMAZON,C,T4A,3.7108,1.7218,115.03,53.38,214,6.9032,-5.1814,0.7506,t,6 个月 · 全平台 · 全量 SKU · 2026-07-09
DJ504092_2,"US AG 两抽波浪凹槽抽面边桌 一件一箱 尺码->#2,木色",ALL,AMAZON,C,T3,9.3894,7.6993,291.07,238.68,204,6.5806,1.1187,0.1700,t,6 个月 · 全平台 · 全量 SKU · 2026-07-09
DJ504093_1,"US AG 谷仓门乡村风灯泡书桌 一件一箱 尺码->#1,仿古白",ALL,AMAZON,B,T3,5.9874,5.3887,185.61,167.05,171,5.5161,-0.1274,0.0231,t,6 个月 · 全平台 · 全量 SKU · 2026-07-09
DJ504093_2,"US AG 谷仓门乡村风灯泡书桌 一件一箱 尺码->#2,仿古橡木",ALL,TIKTOK,C,T4B,0.2095,0.1006,6.49,3.12,1,0.0323,0.0683,2.1186,f,6 个月 · 全平台 · 全量 SKU · 2026-07-09
DJ504094_1,"US AG 大款谷仓门乡村风LED镜书桌 一件一箱 尺码->#1,仿古白",ALL,AMAZON,B,T3,4.1044,3.6288,127.24,112.49,108,3.4839,0.1449,0.0416,t,6 个月 · 全平台 · 全量 SKU · 2026-07-09
DJ504094_2,"US AG 大款谷仓门乡村风LED镜书桌 一件一箱 尺码->#2,仿古橡木",ALL,AMAZON,C,T4A,2.9155,1.3528,90.38,41.94,97,3.1290,-1.7762,0.5677,t,6 个月 · 全平台 · 全量 SKU · 2026-07-09
DJ504101_1,EU AG 铁木软包床 火烧云置物层 欧标USB排插 灯带 1.4*1.9m 一件一箱 颜色->深灰色,ALL,AMAZON,C,T4B,3.0553,1.2466,94.71,38.64,192,6.1935,-4.9469,0.7987,f,6 个月 · 全平台 · 全量 SKU · 2026-07-09
DJ504103_1,EU AG 铁木软包床 火烧云置物层 欧标USB排插 灯带 1.6*2m 一件一箱 颜色->深灰色,ALL,AMAZON,C,T4B,1.1976,0.4886,37.13,15.15,126,4.0645,-3.5759,0.8798,f,6 个月 · 全平台 · 全量 SKU · 2026-07-09
DJ504104_1,"US 床BJS-592T布抽日间床含灯带、插盘99*190 颜色->#1,黑色+火烧云",ALL,AMAZON,C,T4B,1.8409,0.7511,57.07,23.28,22,0.7097,0.0414,0.0584,f,6 个月 · 全平台 · 全量 SKU · 2026-07-09
DJ504104_2,"US 床BJS-592T布抽日间床含灯带插盘99*190 颜色->#2,纯白",ALL,AMAZON,C,T4B,1.8113,0.7390,56.15,22.91,53,1.7097,-0.9707,0.5678,f,6 个月 · 全平台 · 全量 SKU · 2026-07-09
DJ504105_1,"US 床BJS-593T软包菱格日间床含灯带插盘99*190 颜色->#1,黑色PU",ALL,AMAZON,C,T4B,2.1065,1.0718,65.30,33.23,19,0.6129,0.4589,0.7487,f,6 个月 · 全平台 · 全量 SKU · 2026-07-09
DJ504105_1,"US 床BJS-593T软包菱格日间床含灯带插盘99*190 颜色->#1,黑色PU",ALL,UNKNOWN,C,T4B,0.1704,0.0867,5.28,2.69,4,0.1290,-0.0423,0.3281,f,6 个月 · 全平台 · 全量 SKU · 2026-07-09
DJ504105_2,"US 床BJS-593T软包菱格日间床含灯带插盘99*190 颜色->#2,白铁+白色绒布+浅木色",ALL,AMAZON,C,T4B,1.7204,0.8258,53.33,25.60,16,0.5161,0.3097,0.6000,f,6 个月 · 全平台 · 全量 SKU · 2026-07-09
DJ504106_1,EU AG 悬浮床 软包床头 铁框架 灯带 USB插排 1.4*1.9m 一件一箱 颜色->深灰色,ALL,AMAZON,B,T4B,2.9678,1.2109,92.00,37.54,156,5.0323,-3.8214,0.7594,f,6 个月 · 全平台 · 全量 SKU · 2026-07-09
DJ504106_2,EU AG 悬浮床 软包床头 铁框架 灯带 USB插排 1.4*1.9m 一件一箱 颜色->白色,ALL,AMAZON,C,T4B,1.3713,0.5595,42.51,17.34,38,1.2258,-0.6663,0.5436,f,6 个月 · 全平台 · 全量 SKU · 2026-07-09
DJ504106_3,EU AG 悬浮床 软包床头 铁框架 灯带 USB插排 1.4*1.9m 一件一箱 颜色->米白,ALL,AMAZON,C,T4B,0.8094,0.3302,25.09,10.24,29,0.9355,-0.6053,0.6470,f,6 个月 · 全平台 · 全量 SKU · 2026-07-09
DJ504107_1,EU AG 悬浮床 软包床头 铁框架 灯带 USB插排 1.4*2m 一件一箱 颜色->深灰色,ALL,UNKNOWN,C,T4B,1.9726,0.9468,61.15,29.35,52,1.6774,-0.7306,0.4356,f,6 个月 · 全平台 · 全量 SKU · 2026-07-09
DJ504107_2,EU AG 悬浮床 软包床头 铁框架 灯带 USB插排 1.4*2m 一件一箱 颜色->白色,ALL,AMAZON,C,T4B,1.1839,0.4830,36.70,14.97,82,2.6452,-2.1622,0.8174,f,6 个月 · 全平台 · 全量 SKU · 2026-07-09
DJ504107_3,EU AG 悬浮床 软包床头 铁框架 灯带 USB插排 1.4*2m 一件一箱 颜色->米白,ALL,AMAZON,C,T4B,0.6152,0.2510,19.07,7.78,38,1.2258,-0.9748,0.7952,f,6 个月 · 全平台 · 全量 SKU · 2026-07-09
DJ504107_3,EU AG 悬浮床 软包床头 铁框架 灯带 USB插排 1.4*2m 一件一箱 颜色->米白,ALL,UNKNOWN,C,T4B,0.3467,0.1864,10.75,5.78,18,0.5806,-0.3942,0.6790,f,6 个月 · 全平台 · 全量 SKU · 2026-07-09
DJ504108_1,EU AG 悬浮床 软包床头 铁框架 灯带 USB插排 1.6*2m 一件一箱 颜色->深灰色,ALL,UNKNOWN,C,T4B,0.6241,0.2546,19.35,7.89,20,0.6452,-0.3906,0.6054,f,6 个月 · 全平台 · 全量 SKU · 2026-07-09
DJ504108_2,EU AG 悬浮床 软包床头 铁框架 灯带 USB插排 1.6*2m 一件一箱 颜色->白色,ALL,AMAZON,C,T4B,0.7908,0.4251,24.51,13.18,38,1.2258,-0.8007,0.6532,f,6 个月 · 全平台 · 全量 SKU · 2026-07-09
DJ504118_1,US床T-B715F床头置物软包床前后铝材灯带四抽含垫137*193 颜色黑色PU,ALL,UNKNOWN,C,T4B,0.4402,0.1796,13.65,5.57,19,0.6129,-0.4333,0.7070,f,6 个月 · 全平台 · 全量 SKU · 2026-07-09
DJ504119_1,US床T-B715T床头置物软包床前后铝材灯带四抽含垫99*190 颜色黑色PU,ALL,AMAZON,C,T4B,1.3160,0.5369,40.80,16.64,18,0.5806,-0.0437,0.0753,f,6 个月 · 全平台 · 全量 SKU · 2026-07-09
DJ504119_1,US床T-B715T床头置物软包床前后铝材灯带四抽含垫99*190 颜色黑色PU,ALL,TIKTOK,C,T4B,0.3104,0.1669,9.62,5.17,5,0.1613,0.0056,0.0348,f,6 个月 · 全平台 · 全量 SKU · 2026-07-09
DJ504119_1,US床T-B715T床头置物软包床前后铝材灯带四抽含垫99*190 颜色黑色PU,ALL,UNKNOWN,C,T4B,0.2395,0.1150,7.42,3.57,1,0.0323,0.0827,2.5650,f,6 个月 · 全平台 · 全量 SKU · 2026-07-09
DJ504125_1,US DC 悬浮床BXF-01L 铁管全拆 HQ -75改 黑色 F 一件一箱,ALL,UNKNOWN,C,T4B,0.4176,0.2245,12.95,6.96,10,0.3226,-0.0981,0.3041,f,6 个月 · 全平台 · 全量 SKU · 2026-07-09
DJ504125_1,US DC 悬浮床BXF-01L 铁管全拆 HQ -75改 黑色 F 一件一箱,ALL,WALMART,C,T4B,1.1907,0.5715,36.91,17.72,59,1.9032,-1.3317,0.6997,f,6 个月 · 全平台 · 全量 SKU · 2026-07-09
DJ504125_2,US DC 悬浮床BXF-01L 铁管全拆 HQ -75改 黑色 Q 一件一箱,ALL,UNKNOWN,B,T4B,1.5337,0.7803,47.54,24.19,3,0.0968,0.6835,7.0631,f,6 个月 · 全平台 · 全量 SKU · 2026-07-09
DJ504125_2,US DC 悬浮床BXF-01L 铁管全拆 HQ -75改 黑色 Q 一件一箱,ALL,WALMART,B,T3P,11.3281,9.6289,351.17,298.50,12,0.3871,9.2418,23.8747,t,6 个月 · 全平台 · 全量 SKU · 2026-07-09
DJ504125_4,US DC 悬浮床BXF-01L 铁管全拆 HQ -75改 黑色 CK 一件一箱,ALL,AMAZON,C,T4B,3.4046,1.4733,105.54,45.67,27,0.8710,0.6023,0.6916,f,6 个月 · 全平台 · 全量 SKU · 2026-07-09
DJ504125_4,US DC 悬浮床BXF-01L 铁管全拆 HQ -75改 黑色 CK 一件一箱,ALL,WALMART,C,T4B,1.0508,0.4287,32.57,13.29,21,0.6774,-0.2487,0.3672,f,6 个月 · 全平台 · 全量 SKU · 2026-07-09
DJ504125_6,US DC 悬浮床BXF-01L 铁管全拆 HQ -75改 黑色 TXL 一件一箱,ALL,WALMART,C,T4B,0.7777,0.3733,24.11,11.57,20,0.6452,-0.2719,0.4214,f,6 个月 · 全平台 · 全量 SKU · 2026-07-09
DJ504129_1,US 轻奢风吸塑1m文件柜 一件一箱 颜色->原木色,ALL,AMAZON,B,T3,4.2437,3.8193,131.55,118.40,156,5.0323,-1.2130,0.2410,t,6 个月 · 全平台 · 全量 SKU · 2026-07-09
DJ504129_1,US 轻奢风吸塑1m文件柜 一件一箱 颜色->原木色,ALL,UNKNOWN,B,T4B,1.0868,0.5530,33.69,17.14,27,0.8710,-0.3180,0.3651,f,6 个月 · 全平台 · 全量 SKU · 2026-07-09
DJ504129_2,US 轻奢风吸塑1m文件柜 一件一箱 颜色->黑色,ALL,AMAZON,C,T4B,2.2532,0.9193,69.85,28.50,81,2.6129,-1.6936,0.6482,f,6 个月 · 全平台 · 全量 SKU · 2026-07-09
DJ504129_2,US 轻奢风吸塑1m文件柜 一件一箱 颜色->黑色,ALL,UNKNOWN,C,T4B,1.4991,0.8059,46.47,24.98,39,1.2581,-0.4522,0.3594,f,6 个月 · 全平台 · 全量 SKU · 2026-07-09
DJ504129_3,US 轻奢风吸塑1m文件柜 一件一箱 颜色->棕色,ALL,AMAZON,C,T4A,2.6369,1.2235,81.74,37.93,85,2.7419,-1.5184,0.5538,t,6 个月 · 全平台 · 全量 SKU · 2026-07-09
DJ504129_3,US 轻奢风吸塑1m文件柜 一件一箱 颜色->棕色,ALL,UNKNOWN,C,T4B,1.3612,0.6926,42.20,21.47,61,1.9677,-1.2751,0.6480,f,6 个月 · 全平台 · 全量 SKU · 2026-07-09
DJ504130_1,EU AG 铁木悬浮床 2侧托盘 欧标USB排插 灯带 床垫1.4*1.9m 一件一箱 颜色->黑色,ALL,AMAZON,B,T3,5.4500,5.5670,168.95,172.58,171,5.5161,0.0509,0.0092,t,6 个月 · 全平台 · 全量 SKU · 2026-07-09
DJ504130_2,EU AG 铁木悬浮床 2侧托盘 欧标USB排插 灯带 床垫1.4*1.9m 一件一箱 颜色->白色,ALL,AMAZON,C,T4B,1.8374,0.8819,56.96,27.34,125,4.0323,-3.1504,0.7813,f,6 个月 · 全平台 · 全量 SKU · 2026-07-09
DJ504131_1,EU AG 铁木悬浮床 2侧托盘 欧标USB排插 灯带 床垫1.4*2m 一件一箱 颜色->黑色,ALL,AMAZON,C,T4A,2.2187,1.0912,68.78,33.83,126,4.0645,-2.9733,0.7315,t,6 个月 · 全平台 · 全量 SKU · 2026-07-09
DJ504131_2,EU AG 铁木悬浮床 2侧托盘 欧标USB排插 灯带 床垫1.4*2m 一件一箱 颜色->白色,ALL,AMAZON,C,T4B,1.2714,0.6103,39.41,18.92,51,1.6452,-1.0349,0.6290,f,6 个月 · 全平台 · 全量 SKU · 2026-07-09
DJ504132_1,EU AG 铁木悬浮床 2侧托盘 欧标USB排插 灯带 床垫1.6*2m 一件一箱 颜色->黑色,ALL,AMAZON,C,T4B,2.5949,1.0587,80.44,32.82,100,3.2258,-2.1671,0.6718,f,6 个月 · 全平台 · 全量 SKU · 2026-07-09
DJ504132_2,EU AG 铁木悬浮床 2侧托盘 欧标USB排插 灯带 床垫1.6*2m 一件一箱 颜色->白色,ALL,AMAZON,C,T4B,1.2330,0.6273,38.22,19.45,69,2.2258,-1.5985,0.7182,f,6 个月 · 全平台 · 全量 SKU · 2026-07-09
DJ504133_1,EU AG 铁木悬浮床 2侧托盘 欧标USB排插 灯带 床垫1.8*2m 一件一箱 颜色->黑色,ALL,AMAZON,C,T4B,3.1625,1.2903,98.04,40.00,85,2.7419,-1.4516,0.5294,f,6 个月 · 全平台 · 全量 SKU · 2026-07-09
DJ504146_1,US DC 铁木床 BFH-01 方管X谷仓吊轨推拉门置物格款- 胡桃白 901TXL 一件一箱,ALL,AMAZON,C,T4B,1.5478,0.7429,47.98,23.03,48,1.5484,-0.8055,0.5202,f,6 个月 · 全平台 · 全量 SKU · 2026-07-09
DJ504146_1,US DC 铁木床 BFH-01 方管X谷仓吊轨推拉门置物格款- 胡桃白 901TXL 一件一箱,ALL,UNKNOWN,C,T4B,0.3079,0.1567,9.54,4.86,2,0.0645,0.0922,1.4288,f,6 个月 · 全平台 · 全量 SKU · 2026-07-09
DJ504146_1,US DC 铁木床 BFH-01 方管X谷仓吊轨推拉门置物格款- 胡桃白 901TXL 一件一箱,ALL,WALMART,C,T4B,0.3198,0.1627,9.91,5.04,13,0.4194,-0.2567,0.6120,f,6 个月 · 全平台 · 全量 SKU · 2026-07-09
DJ504149_1,US 单人书架桌配5布抽 一件一箱 颜色->火烧云,ALL,UNKNOWN,C,T4B,1.8558,0.7572,57.53,23.47,130,4.1935,-3.4363,0.8194,f,6 个月 · 全平台 · 全量 SKU · 2026-07-09
DJ504149_3,US 单人书架桌配5布抽 一件一箱 颜色->白色,ALL,UNKNOWN,C,T4B,2.3132,0.9438,71.71,29.26,112,3.6129,-2.6691,0.7388,f,6 个月 · 全平台 · 全量 SKU · 2026-07-09
DJ504149_3,US 单人书架桌配5布抽 一件一箱 颜色->白色,ALL,WALMART,C,T4B,0.1993,0.0957,6.18,2.97,22,0.7097,-0.6140,0.8652,f,6 个月 · 全平台 · 全量 SKU · 2026-07-09
DJ504164_1,US TA 左侧置物1米三抽衣帽架 一件一箱 颜色->火烧云,ALL,AMAZON,B,T3,5.0883,4.7077,157.74,145.94,151,4.8710,-0.1633,0.0335,t,6 个月 · 全平台 · 全量 SKU · 2026-07-09
DJ504164_1,US TA 左侧置物1米三抽衣帽架 一件一箱 颜色->火烧云,ALL,UNKNOWN,B,T4B,0.5297,0.2349,16.42,7.28,18,0.5806,-0.3457,0.5955,f,6 个月 · 全平台 · 全量 SKU · 2026-07-09
DJ504164_2,US TA 左侧置物1米三抽衣帽架 一件一箱 颜色->浅象牙灰,ALL,AMAZON,C,T3,4.4034,4.2920,136.51,133.05,114,3.6774,0.6146,0.1671,t,6 个月 · 全平台 · 全量 SKU · 2026-07-09
DJ504164_2,US TA 左侧置物1米三抽衣帽架 一件一箱 颜色->浅象牙灰,ALL,UNKNOWN,C,T4B,0.3622,0.1739,11.23,5.39,17,0.5484,-0.3745,0.6829,f,6 个月 · 全平台 · 全量 SKU · 2026-07-09
DJ504166_2,"EU KM 软包-带床头-悬浮床 一箱一个 尺码->L,190*140;颜色->白色,PU-白",ALL,AMAZON,B,T4B,1.2357,0.6287,38.31,19.49,84,2.7097,-2.0810,0.7680,f,6 个月 · 全平台 · 全量 SKU · 2026-07-09
DJ504170_1,"EU AG 板式边桌 编藤双抽+单隔层+排插灯带 一件一箱 尺码->#1,木色",ALL,AMAZON,C,T4A,3.0955,1.4363,95.96,44.53,93,3.0000,-1.5637,0.5212,t,6 个月 · 全平台 · 全量 SKU · 2026-07-09
DJ504172_1,EU DC 铁木床 CBF-01L 方管软包角落床带抽篮-131 90*200  灰色 一件一箱,ALL,AMAZON,B,T3,4.4053,4.2026,136.56,130.28,195,6.2903,-2.0877,0.3319,t,6 个月 · 全平台 · 全量 SKU · 2026-07-09
DJ504173_26,"EU KM 铁木-带床头-悬浮床 一箱一个 尺码->XL,140*200;颜色->白色,原木白",ALL,AMAZON,C,T4B,0.7138,0.3632,22.13,11.26,78,2.5161,-2.1529,0.8557,f,6 个月 · 全平台 · 全量 SKU · 2026-07-09
DJ504175_1,"US UA 高款拱顶书柜 铣型门板 一件一箱 颜色->黑色,浮雕黑",ALL,AMAZON,A,T2,8.4878,6.1512,263.12,190.69,217,7.0000,-0.8488,0.1213,t,6 个月 · 全平台 · 全量 SKU · 2026-07-09
DJ504175_1,"US UA 高款拱顶书柜 铣型门板 一件一箱 颜色->黑色,浮雕黑",ALL,UNKNOWN,A,T4B,6.7209,3.2260,208.35,100.01,189,6.0968,-2.8708,0.4709,f,6 个月 · 全平台 · 全量 SKU · 2026-07-09
DJ504175_1,"US UA 高款拱顶书柜 铣型门板 一件一箱 颜色->黑色,浮雕黑",ALL,WALMART,A,T4B,1.2589,0.6043,39.03,18.73,37,1.1935,-0.5892,0.4937,f,6 个月 · 全平台 · 全量 SKU · 2026-07-09
DJ504175_2,US UA 高款拱顶书柜 铣型门板 一件一箱 颜色->棕色G29024I全贴纸,ALL,AMAZON,A,T3,6.8910,6.4404,213.62,199.65,117,3.7742,2.6662,0.7064,t,6 个月 · 全平台 · 全量 SKU · 2026-07-09
DJ504175_2,US UA 高款拱顶书柜 铣型门板 一件一箱 颜色->棕色G29024I全贴纸,ALL,UNKNOWN,A,T4B,3.9518,2.0107,122.51,62.33,161,5.1935,-3.1828,0.6128,f,6 个月 · 全平台 · 全量 SKU · 2026-07-09
DJ504175_2,US UA 高款拱顶书柜 铣型门板 一件一箱 颜色->棕色G29024I全贴纸,ALL,WALMART,A,T4B,0.6878,0.3500,21.32,10.85,27,0.8710,-0.5210,0.5981,f,6 个月 · 全平台 · 全量 SKU · 2026-07-09
DJ504175_4,US UA 高款拱顶书柜 铣型门板 一件一箱 颜色->咖啡胡桃浮雕+H65074K,ALL,AMAZON,D,T4B,0.7857,0.3771,24.36,11.69,109,3.5161,-3.1390,0.8928,f,6 个月 · 全平台 · 全量 SKU · 2026-07-09
DJ504176_1,"US UA 高款拱顶书柜 藤编门板 一件一箱 颜色->黄色,木色手抓纹",ALL,AMAZON,B,T3,4.2662,4.0025,132.25,124.08,122,3.9355,0.0670,0.0170,t,6 个月 · 全平台 · 全量 SKU · 2026-07-09
DJ504176_1,"US UA 高款拱顶书柜 藤编门板 一件一箱 颜色->黄色,木色手抓纹",ALL,UNKNOWN,B,T4B,3.7021,1.7770,114.77,55.09,135,4.3548,-2.5778,0.5919,f,6 个月 · 全平台 · 全量 SKU · 2026-07-09
DJ504176_1,"US UA 高款拱顶书柜 藤编门板 一件一箱 颜色->黄色,木色手抓纹",ALL,WALMART,B,T4B,0.7856,0.3771,24.35,11.69,7,0.2258,0.1513,0.6700,f,6 个月 · 全平台 · 全量 SKU · 2026-07-09
DJ504176_2,US UA 高款拱顶书柜 藤编门板 一件一箱 颜色->黑色,ALL,AMAZON,C,T4A,2.2963,1.0655,71.19,33.03,53,1.7097,-0.6442,0.3768,t,6 个月 · 全平台 · 全量 SKU · 2026-07-09
DJ504176_2,US UA 高款拱顶书柜 藤编门板 一件一箱 颜色->黑色,ALL,UNKNOWN,C,T4B,0.4494,0.1834,13.93,5.69,27,0.8710,-0.6876,0.7894,f,6 个月 · 全平台 · 全量 SKU · 2026-07-09
DJ504177_1,EU AG JYH208 棉麻软包气杆床 三灯带 140*190cm 一件两箱 颜色->深灰色,ALL,UNKNOWN,A,T4B,0.1786,0.0857,5.54,2.66,9,0.2903,-0.2046,0.7048,f,6 个月 · 全平台 · 全量 SKU · 2026-07-09
DJ504177_2,EU AG JYH208 棉麻软包气杆床 三灯带 140*190cm 一件两箱 颜色->米白,ALL,AMAZON,B,T4B,1.4114,0.7181,43.75,22.26,57,1.8387,-1.1206,0.6095,f,6 个月 · 全平台 · 全量 SKU · 2026-07-09
DJ504178_1,EU AG JYH208 棉麻软包气杆床 三灯带 140*200cm 一件两箱 颜色->深灰色,ALL,UNKNOWN,B,T4B,1.2552,0.6748,38.91,20.92,33,1.0645,-0.3897,0.3661,f,6 个月 · 全平台 · 全量 SKU · 2026-07-09
DJ504178_2,EU AG JYH208 棉麻软包气杆床 三灯带 140*200cm 一件两箱 颜色->米白,ALL,AMAZON,C,T4B,1.1389,0.5467,35.31,16.95,24,0.7742,-0.2275,0.2938,f,6 个月 · 全平台 · 全量 SKU · 2026-07-09
DJ504178_2,EU AG JYH208 棉麻软包气杆床 三灯带 140*200cm 一件两箱 颜色->米白,ALL,UNKNOWN,C,T4B,0.7093,0.3813,21.99,11.82,12,0.3871,-0.0058,0.0150,f,6 个月 · 全平台 · 全量 SKU · 2026-07-09
DJ504179_1,EU AG JYH208 棉麻软包气杆床 三灯带 160*200cm 一件两箱 颜色->深灰色,ALL,UNKNOWN,C,T4B,0.3500,0.1680,10.85,5.21,9,0.2903,-0.1223,0.4213,f,6 个月 · 全平台 · 全量 SKU · 2026-07-09
DJ504183_1,"US UA 拱顶壁柜铣型门板 一件一箱 颜色->黑色,黑浮雕",ALL,AMAZON,B,T3,3.8675,4.0609,119.89,125.89,169,5.4516,-1.3907,0.2551,t,6 个月 · 全平台 · 全量 SKU · 2026-07-09
DJ504183_1,"US UA 拱顶壁柜铣型门板 一件一箱 颜色->黑色,黑浮雕",ALL,UNKNOWN,B,T3P,3.9377,5.3429,122.07,165.63,147,4.7419,0.6010,0.1267,t,6 个月 · 全平台 · 全量 SKU · 2026-07-09
DJ504183_2,"US UA 拱顶壁柜铣型门板 一件一箱 颜色->黄色,木色手抓纹",ALL,UNKNOWN,C,T4B,2.1438,1.0290,66.46,31.90,98,3.1613,-2.1323,0.6745,f,6 个月 · 全平台 · 全量 SKU · 2026-07-09
DJ504194_1,"US AG 收纳储物书桌 K字玻璃灯带柜门 LED镜门 凳子 一件一箱 尺码->#1,仿古白",ALL,AMAZON,C,T4B,1.3486,0.5502,41.81,17.06,51,1.6452,-1.0950,0.6656,f,6 个月 · 全平台 · 全量 SKU · 2026-07-09
DJ504194_1,"US AG 收纳储物书桌 K字玻璃灯带柜门 LED镜门 凳子 一件一箱 尺码->#1,仿古白",ALL,UNKNOWN,C,T4B,0.7367,0.3006,22.84,9.32,11,0.3548,-0.0542,0.1529,f,6 个月 · 全平台 · 全量 SKU · 2026-07-09
DJ504194_2,"US AG 收纳储物书桌 K字玻璃灯带柜门 LED镜门 凳子 一件一箱 尺码->#2,仿古橡木",ALL,AMAZON,C,T4B,1.8314,0.8791,56.77,27.25,35,1.1290,-0.2499,0.2214,f,6 个月 · 全平台 · 全量 SKU · 2026-07-09
DJ504197_1,EU BW 边柜NSD-04 欧标插排 3抽 两件一箱 颜色->黑色,ALL,AMAZON,C,T4B,1.8076,0.9718,56.04,30.13,0,0.0000,0.9718,,f,6 个月 · 全平台 · 全量 SKU · 2026-07-09
DJ504197_2,EU BW 边柜NSD-04 欧标插排 3抽 两件一箱 颜色->白色,ALL,AMAZON,C,T4B,1.3545,0.7282,41.99,22.57,14,0.4516,0.2766,0.6124,f,6 个月 · 全平台 · 全量 SKU · 2026-07-09
DJ504202_1,EU AG 板式床 软包掀盖靠背 4抽 欧洲床垫1.4*2m 一件两箱 颜色->白色,ALL,AMAZON,C,T4B,1.2262,0.6239,38.01,19.34,70,2.2581,-1.6342,0.7237,f,6 个月 · 全平台 · 全量 SKU · 2026-07-09
DJ504202_3,"EU AG 板式床 软包掀盖靠背 4抽 1.4*2m床垫 一件两箱 颜色->#1,白色+浅灰",ALL,AMAZON,C,T4B,0.4187,0.2251,12.98,6.98,27,0.8710,-0.6459,0.7416,f,6 个月 · 全平台 · 全量 SKU · 2026-07-09
DJ504204_1,EU AG 铁木软包悬浮床 双层置物 USB插排 灯带 床垫1.4*1.9m 一件一箱 颜色->深灰色,ALL,AMAZON,B,T2,7.4484,5.3979,230.90,167.33,149,4.8065,0.5914,0.1231,t,6 个月 · 全平台 · 全量 SKU · 2026-07-09
DJ504206_1,EU AG 铁木软包悬浮床 双层置物 USB插排 灯带 床垫1.6*2m 一件一箱 颜色->深灰色,ALL,AMAZON,B,T4B,1.1942,0.5732,37.02,17.77,45,1.4516,-0.8784,0.6051,f,6 个月 · 全平台 · 全量 SKU · 2026-07-09
DJ504216_2,"US HA 书桌 VT03 11抽铁木无纺布菱形格双列置物架款 颜色->#2,黑色麻面+黑皮",ALL,AMAZON,C,T4A,2.1191,0.9833,65.69,30.48,74,2.3871,-1.4038,0.5881,t,6 个月 · 全平台 · 全量 SKU · 2026-07-09
DJ504216_3,US HA 书桌 VT03 11抽铁木无纺布菱形格双列置物架款 颜色 粉色+粉皮,ALL,AMAZON,C,T4B,1.2668,0.6445,39.27,19.98,36,1.1613,-0.5168,0.4450,f,6 个月 · 全平台 · 全量 SKU · 2026-07-09
DJ504216_3,US HA 书桌 VT03 11抽铁木无纺布菱形格双列置物架款 颜色 粉色+粉皮,ALL,TIKTOK,C,T4B,0.4022,0.2046,12.47,6.34,48,1.5484,-1.3438,0.8679,f,6 个月 · 全平台 · 全量 SKU · 2026-07-09
DJ504221_1,US TS04 6抽1米8电视柜带灯带插排 颜色->火烧云,ALL,AMAZON,C,T4B,2.2364,0.9125,69.33,28.29,80,2.5806,-1.6681,0.6464,f,6 个月 · 全平台 · 全量 SKU · 2026-07-09
DJ504227_2,US SD 1.3米L桌高桌带置物架  一件一箱 颜色->黑浮雕,ALL,AMAZON,C,T4A,2.7656,1.2832,85.73,39.78,0,0.0000,1.2832,,f,6 个月 · 全平台 · 全量 SKU · 2026-07-09
DJ504227_3,US SD 1.3米L桌高桌带置物架  一件一箱 颜色->989-3灰色,ALL,AMAZON,C,T4B,1.3695,0.6574,42.45,20.38,5,0.1613,0.4961,3.0759,f,6 个月 · 全平台 · 全量 SKU · 2026-07-09
DJ504227_3,US SD 1.3米L桌高桌带置物架  一件一箱 颜色->989-3灰色,ALL,UNKNOWN,C,T4B,0.2564,0.1046,7.95,3.24,0,0.0000,0.1046,,f,6 个月 · 全平台 · 全量 SKU · 2026-07-09
DJ504243_1,US UA 带推车侧架马桶柜（扩色） 一件一箱 颜色->黑色,ALL,UNKNOWN,C,T4B,0.6093,0.2486,18.89,7.71,26,0.8387,-0.5901,0.7036,f,6 个月 · 全平台 · 全量 SKU · 2026-07-09
DJ504243_1,US UA 带推车侧架马桶柜（扩色） 一件一箱 颜色->黑色,ALL,WALMART,C,T4B,0.4920,0.2361,15.25,7.32,9,0.2903,-0.0542,0.1868,f,6 个月 · 全平台 · 全量 SKU · 2026-07-09
DJ504258_1,"US BF 书架  BC04 8抽7层双列书架（不可转角） 颜色->#3,黑色+黑pu",ALL,AMAZON,C,T4B,1.0810,0.4410,33.51,13.67,36,1.1613,-0.7203,0.6203,f,6 个月 · 全平台 · 全量 SKU · 2026-07-09
DJ504258_2,"US BF 书架  BC04 8抽7层双列书架（不可转角） 颜色->#1,火烧云",ALL,AMAZON,C,T4B,3.1444,1.2829,97.48,39.77,31,1.0000,0.2829,0.2829,f,6 个月 · 全平台 · 全量 SKU · 2026-07-09
DJ504258_3,"US BF 书架  BC04 8抽7层双列书架（不可转角） 颜色->#2,灰色",ALL,AMAZON,C,T4B,0.6300,0.2570,19.53,7.97,14,0.4516,-0.1946,0.4309,f,6 个月 · 全平台 · 全量 SKU · 2026-07-09
DJ504259_1,US SD 2.4米双人八抽电脑桌  一件一箱 颜色->火烧云,ALL,AMAZON,B,T3,5.9145,5.3230,183.35,165.01,174,5.6129,-0.2899,0.0516,t,6 个月 · 全平台 · 全量 SKU · 2026-07-09
DJ504259_1,US SD 2.4米双人八抽电脑桌  一件一箱 颜色->火烧云,ALL,UNKNOWN,B,T4B,0.7007,0.2859,21.72,8.86,18,0.5806,-0.2947,0.5076,f,6 个月 · 全平台 · 全量 SKU · 2026-07-09
DJ504259_2,US SD 2.4米双人八抽电脑桌  一件一箱 颜色->黑色,ALL,AMAZON,B,T2,8.9615,7.6406,277.81,236.86,257,8.2903,-0.6497,0.0784,t,6 个月 · 全平台 · 全量 SKU · 2026-07-09
DJ504259_2,US SD 2.4米双人八抽电脑桌  一件一箱 颜色->黑色,ALL,UNKNOWN,B,T4B,1.1840,0.6024,36.70,18.67,35,1.1290,-0.5266,0.4664,f,6 个月 · 全平台 · 全量 SKU · 2026-07-09
DJ504259_2,US SD 2.4米双人八抽电脑桌  一件一箱 颜色->黑色,ALL,WALMART,B,T4B,0.3089,0.1661,9.58,5.15,20,0.6452,-0.4791,0.7425,f,6 个月 · 全平台 · 全量 SKU · 2026-07-09
DJ504259_3,US SD 2.4米双人八抽电脑桌  一件一箱 颜色->灰色989-3,ALL,AMAZON,B,T3,5.2280,4.7052,162.07,145.86,177,5.7097,-1.0045,0.1759,t,6 个月 · 全平台 · 全量 SKU · 2026-07-09
DJ504259_4,US SD 2.4米双人八抽电脑桌  一件一箱 颜色->棕色+白色,ALL,AMAZON,C,T4B,0.8143,0.3909,25.24,12.12,88,2.8387,-2.4478,0.8623,f,6 个月 · 全平台 · 全量 SKU · 2026-07-09
DJ504261_1,"EU AG 板式边桌 编藤双抽+单隔层+灯带 无排插款 一件一箱 尺码->#1,木色",ALL,AMAZON,C,T4B,2.4648,1.3251,76.41,41.08,114,3.6774,-2.3523,0.6397,f,6 个月 · 全平台 · 全量 SKU · 2026-07-09
DJ504265,US UA 天鹅绒软包床 一件一箱 米白色软包+白色铁架  T尺寸,ALL,AMAZON,C,T4B,0.8668,0.3915,26.87,12.14,34,1.0968,-0.7053,0.6430,f,6 个月 · 全平台 · 全量 SKU · 2026-07-09
DJ504269_1,EU AG JYH210 棉麻软包气杆床 靠背2档调节 双灯带 140*190cm 一件两箱 颜色->深灰色,ALL,UNKNOWN,C,T4B,0.2801,0.1506,8.68,4.67,20,0.6452,-0.4946,0.7666,f,6 个月 · 全平台 · 全量 SKU · 2026-07-09
DJ504270_1,EU AG JYH210 棉麻软包气杆床 靠背2档调节 双灯带 140*200cm 一件两箱 颜色->深灰色,ALL,AMAZON,C,T3,3.9943,3.8997,123.82,120.89,51,1.6452,2.2545,1.3704,t,6 个月 · 全平台 · 全量 SKU · 2026-07-09
DJ504270_1,EU AG JYH210 棉麻软包气杆床 靠背2档调节 双灯带 140*200cm 一件两箱 颜色->深灰色,ALL,UNKNOWN,C,T4B,1.7337,0.8821,53.74,27.35,131,4.2258,-3.3437,0.7913,f,6 个月 · 全平台 · 全量 SKU · 2026-07-09
DJ504270_2,EU AG JYH210 棉麻软包气杆床 靠背2档调节 双灯带 140*200cm 一件两箱 颜色->米白,ALL,UNKNOWN,C,T4B,0.5662,0.2881,17.55,8.93,33,1.0645,-0.7764,0.7294,f,6 个月 · 全平台 · 全量 SKU · 2026-07-09
DJ504271_1,EU AG JYH210 棉麻软包气杆床 靠背2档调节 双灯带 160*200cm 一件两箱 颜色->深灰色,ALL,UNKNOWN,C,T4B,0.3214,0.1635,9.96,5.07,21,0.6774,-0.5139,0.7586,f,6 个月 · 全平台 · 全量 SKU · 2026-07-09
DJ504271_2,EU AG JYH210 棉麻软包气杆床 靠背2档调节 双灯带 160*200cm 一件两箱 颜色->米白,ALL,AMAZON,C,T4B,0.7060,0.3592,21.89,11.14,51,1.6452,-1.2860,0.7817,f,6 个月 · 全平台 · 全量 SKU · 2026-07-09
DJ504283_1,US AG 绒布软包皇冠公主床 T 一件一箱 颜色->粉色,ALL,AMAZON,C,T4A,3.6216,1.4284,112.27,44.28,73,2.3548,-0.9264,0.3934,t,6 个月 · 全平台 · 全量 SKU · 2026-07-09
DJ504283_1,US AG 绒布软包皇冠公主床 T 一件一箱 颜色->粉色,ALL,WALMART,C,T4B,0.7328,0.2990,22.72,9.27,10,0.3226,-0.0236,0.0731,f,6 个月 · 全平台 · 全量 SKU · 2026-07-09
DJ504284_1,US AG 绒布软包皇冠公主床 F 一件一箱 颜色->粉色,ALL,UNKNOWN,C,T4B,0.3119,0.1497,9.67,4.64,7,0.2258,-0.0761,0.3370,f,6 个月 · 全平台 · 全量 SKU · 2026-07-09
DJ504285_1,US TS05 五抽悬浮电视柜带电视支架 颜色->黑色,ALL,AMAZON,B,T3,6.5073,5.8566,201.73,181.55,267,8.6129,-2.7563,0.3200,t,6 个月 · 全平台 · 全量 SKU · 2026-07-09
DJ504285_1,US TS05 五抽悬浮电视柜带电视支架 颜色->黑色,ALL,UNKNOWN,B,T4B,1.2900,0.6564,39.99,20.35,29,0.9355,-0.2791,0.2983,f,6 个月 · 全平台 · 全量 SKU · 2026-07-09
DJ504285_2,US TS05 五抽悬浮电视柜带电视支架 颜色->白色,ALL,AMAZON,C,T4B,2.3090,1.1748,71.58,36.42,95,3.0645,-1.8897,0.6166,f,6 个月 · 全平台 · 全量 SKU · 2026-07-09
DJ504285_3,US TS05 五抽悬浮电视柜带电视支架 颜色->火烧云,ALL,AMAZON,C,T4A,2.3455,1.0883,72.71,33.74,76,2.4516,-1.3633,0.5561,t,6 个月 · 全平台 · 全量 SKU · 2026-07-09
DJ504287_1,US TA 1.2米4抽2玻璃门铁木厨房置物架 一件一箱 颜色->火烧云,ALL,AMAZON,C,T4A,2.3675,1.0985,73.39,34.05,74,2.3871,-1.2886,0.5398,t,6 个月 · 全平台 · 全量 SKU · 2026-07-09
DJ504287_2,US TA 1.2米4抽2玻璃门铁木厨房置物架 一件一箱 颜色->黑色,ALL,AMAZON,C,T4B,1.5465,0.6310,47.94,19.56,31,1.0000,-0.3690,0.3690,f,6 个月 · 全平台 · 全量 SKU · 2026-07-09
DJ504288_2,"US 床T-B731T前后围栏四抽水晶扣含插盘灯带99*190 颜色->#2,2024-17粉色绒布+白色铁",ALL,AMAZON,B,T3,3.3784,3.5473,104.73,109.97,68,2.1935,1.3538,0.6172,t,6 个月 · 全平台 · 全量 SKU · 2026-07-09
DJ504295_3,US TS06 现代简约风1米6两布袋6抽电视柜带灯带插排 颜色->火烧云,ALL,AMAZON,D,T4B,1.7722,0.8507,54.94,26.37,0,0.0000,0.8507,,f,6 个月 · 全平台 · 全量 SKU · 2026-07-09
DJ504296_1,"US BF 储物柜 DT24 6抽无拉手悬浮顶带灯带一件一箱 颜色->#1,黑色麻面",ALL,AMAZON,B,T3,5.8521,5.8659,181.42,181.84,54,1.7419,4.1240,2.3675,t,6 个月 · 全平台 · 全量 SKU · 2026-07-09
DJ504296_2,"US BF 储物柜 DT24 6抽无拉手悬浮顶带灯带一件一箱 颜色->#2,白色麻面",ALL,AMAZON,C,T3,3.4573,3.5588,107.18,110.32,66,2.1290,1.4298,0.6716,t,6 个月 · 全平台 · 全量 SKU · 2026-07-09
DJ504296_2,"US BF 储物柜 DT24 6抽无拉手悬浮顶带灯带一件一箱 颜色->#2,白色麻面",ALL,TIKTOK,C,T4B,0.1786,0.0857,5.54,2.66,2,0.0645,0.0212,0.3283,f,6 个月 · 全平台 · 全量 SKU · 2026-07-09
DJ504297_1,"US BF 储物柜 DT25 7抽无拉手悬浮顶带灯带一件一箱 颜色->#1,黑色麻面",ALL,AMAZON,B,T3,4.7023,4.8478,145.77,150.28,3,0.0968,4.7510,49.0939,t,6 个月 · 全平台 · 全量 SKU · 2026-07-09
DJ504297_1,"US BF 储物柜 DT25 7抽无拉手悬浮顶带灯带一件一箱 颜色->#1,黑色麻面",ALL,UNKNOWN,B,T4B,1.3522,0.7269,41.92,22.53,0,0.0000,0.7269,,f,6 个月 · 全平台 · 全量 SKU · 2026-07-09
DJ504297_2,"US BF 储物柜 DT25 7抽无拉手悬浮顶带灯带一件一箱 颜色->#2,白色麻面",ALL,AMAZON,C,T4A,3.2558,1.5107,100.93,46.83,85,2.7419,-1.2312,0.4490,t,6 个月 · 全平台 · 全量 SKU · 2026-07-09
DJ504297_2,"US BF 储物柜 DT25 7抽无拉手悬浮顶带灯带一件一箱 颜色->#2,白色麻面",ALL,UNKNOWN,C,T4B,0.5595,0.3008,17.34,9.32,10,0.3226,-0.0218,0.0675,f,6 个月 · 全平台 · 全量 SKU · 2026-07-09
DJ504298_1,"US BF 储物柜 DT26 8抽凹槽无把手高柜一件一箱 颜色->#1,黑色麻面",ALL,UNKNOWN,A,T4B,1.8648,0.7500,57.81,23.25,37,1.1935,-0.4435,0.3716,f,6 个月 · 全平台 · 全量 SKU · 2026-07-09
DJ504308_1,EU DC铁木床LIW-02 床头一层板+交叉造型+灯带插排 ZY 火烧色 一件一箱 90*200,ALL,AMAZON,C,T4B,1.0339,0.5558,32.05,17.23,69,2.2258,-1.6700,0.7503,f,6 个月 · 全平台 · 全量 SKU · 2026-07-09
DJ504308_1,EU DC铁木床LIW-02 床头一层板+交叉造型+灯带插排 ZY 火烧色 一件一箱 90*200,ALL,UNKNOWN,C,T4B,0.6794,0.3457,21.06,10.72,27,0.8710,-0.5253,0.6031,f,6 个月 · 全平台 · 全量 SKU · 2026-07-09
DJ504308_3,EU DC铁木床LIW-02 床头一层板+交叉造型+灯带插排 ZY 火烧色 一件一箱 140*190,ALL,AMAZON,C,T4B,1.4343,0.6885,44.46,21.34,89,2.8710,-2.1825,0.7602,f,6 个月 · 全平台 · 全量 SKU · 2026-07-09
DJ504308_5,EU DC铁木床LIW-02 床头一层板+交叉造型+灯带插排 ZY 火烧色 一件一箱 160*200,ALL,AMAZON,C,T4B,1.3202,0.7097,40.93,22.00,62,2.0000,-1.2903,0.6452,f,6 个月 · 全平台 · 全量 SKU · 2026-07-09
DJ504308_5,EU DC铁木床LIW-02 床头一层板+交叉造型+灯带插排 ZY 火烧色 一件一箱 160*200,ALL,UNKNOWN,C,T4B,0.3382,0.1623,10.48,5.03,10,0.3226,-0.1603,0.4969,f,6 个月 · 全平台 · 全量 SKU · 2026-07-09
DJ504308_6,EU DC铁木床LIW-02 床头一层板+交叉造型+灯带插排 ZY 火烧色 一件一箱 180*200,ALL,AMAZON,B,T4B,1.0596,0.5696,32.85,17.66,18,0.5806,-0.0110,0.0190,f,6 个月 · 全平台 · 全量 SKU · 2026-07-09
DJ504308_6,EU DC铁木床LIW-02 床头一层板+交叉造型+灯带插排 ZY 火烧色 一件一箱 180*200,ALL,UNKNOWN,B,T4B,0.9302,0.4733,28.84,14.67,56,1.8065,-1.3332,0.7380,f,6 个月 · 全平台 · 全量 SKU · 2026-07-09
DJ504309_1,EU BW铁木床DIW-02 床头一层板+几何造型+灯带插排 ZY 火烧色 一件一箱 90*200,ALL,AMAZON,B,T4A,2.2947,1.1925,71.14,36.97,15,0.4839,0.7086,1.4645,t,6 个月 · 全平台 · 全量 SKU · 2026-07-09
DJ504309_3,EU BW铁木床DIW-02 床头一层板+几何造型+灯带插排 ZY 火烧色 一件一箱 140*190,ALL,AMAZON,C,T4B,1.5643,0.7959,48.49,24.67,34,1.0968,-0.3009,0.2743,f,6 个月 · 全平台 · 全量 SKU · 2026-07-09
DJ504309_4,EU BW铁木床DIW-02 床头一层板+几何造型+灯带插排 ZY 火烧色 一件一箱 140*200,ALL,AMAZON,C,T4B,1.5586,0.6359,48.32,19.71,12,0.3871,0.2488,0.6427,f,6 个月 · 全平台 · 全量 SKU · 2026-07-09
DJ504309_5,EU BW铁木床DIW-02 床头一层板+几何造型+灯带插排 ZY 火烧色 一件一箱 160*200,ALL,AMAZON,C,T4B,1.2454,0.6336,38.61,19.64,19,0.6129,0.0207,0.0338,f,6 个月 · 全平台 · 全量 SKU · 2026-07-09
DJ504309_6,EU BW铁木床DIW-02 床头一层板+几何造型+灯带插排 ZY 火烧色 一件一箱180*200,ALL,AMAZON,C,T4B,1.1932,0.5727,36.99,17.75,42,1.3548,-0.7821,0.5773,f,6 个月 · 全平台 · 全量 SKU · 2026-07-09
DJ504317_1,"US UA一型行政电脑桌 一件一箱 麻面黑+胡桃色 颜色->#1,麻面黑+胡桃色",ALL,AMAZON,C,T4B,2.7937,1.3410,86.60,41.57,73,2.3548,-1.0138,0.4305,f,6 个月 · 全平台 · 全量 SKU · 2026-07-09
DJ504317_1,"US UA一型行政电脑桌 一件一箱 麻面黑+胡桃色 颜色->#1,麻面黑+胡桃色",ALL,UNKNOWN,C,T4B,0.8042,0.4092,24.93,12.69,34,1.0968,-0.6876,0.6269,f,6 个月 · 全平台 · 全量 SKU · 2026-07-09
DJ504317_2,"US UA一型行政电脑桌 一件一箱 麻面黑+灰色 颜色->#2,麻面黑+灰色",ALL,AMAZON,C,T4B,1.1827,0.5677,36.66,17.60,33,1.0645,-0.4968,0.4667,f,6 个月 · 全平台 · 全量 SKU · 2026-07-09
DJ504318_2,US 床T-B732T带屋顶软包床带护边含插盘灯带99*190 颜色粉色绒布+白色铁,ALL,AMAZON,A,T3,4.6860,4.3527,145.27,134.93,115,3.7097,0.6430,0.1733,t,6 个月 · 全平台 · 全量 SKU · 2026-07-09
DJ504318_2,US 床T-B732T带屋顶软包床带护边含插盘灯带99*190 颜色粉色绒布+白色铁,ALL,TIKTOK,A,T4B,0.3143,0.1509,9.74,4.68,55,1.7742,-1.6233,0.9149,f,6 个月 · 全平台 · 全量 SKU · 2026-07-09
DJ504318_2,US 床T-B732T带屋顶软包床带护边含插盘灯带99*190 颜色粉色绒布+白色铁,ALL,UNKNOWN,A,T4B,0.4800,0.2580,14.88,8.00,30,0.9677,-0.7097,0.7334,f,6 个月 · 全平台 · 全量 SKU · 2026-07-09
DJ504318_2,US 床T-B732T带屋顶软包床带护边含插盘灯带99*190 颜色粉色绒布+白色铁,ALL,WALMART,A,T4B,0.4104,0.1970,12.72,6.11,17,0.5484,-0.3514,0.6408,f,6 个月 · 全平台 · 全量 SKU · 2026-07-09
DJ504318_3,US 床T-B732T带屋顶软包床带护边含插盘灯带99*190 颜色深灰绒布+黑色铁,ALL,AMAZON,C,T4B,0.6286,0.3017,19.49,9.35,2,0.0645,0.2372,3.6763,f,6 个月 · 全平台 · 全量 SKU · 2026-07-09
DJ504330_1,EU FR 双开门LED灯光铁木浴室镜柜 欧标插座2插孔+1U1T 一件一箱 颜色->白色,ALL,AMAZON,C,T4A,3.4521,1.6018,107.02,49.66,103,3.3226,-1.7208,0.5179,t,6 个月 · 全平台 · 全量 SKU · 2026-07-09
DJ504331_1,EU FR 三开门LED灯光铁木浴室镜柜 欧标插座2插孔+1U1T 一件一箱 颜色->白色,ALL,AMAZON,C,T4A,2.8159,1.1106,87.29,34.43,70,2.2581,-1.1475,0.5082,t,6 个月 · 全平台 · 全量 SKU · 2026-07-09
DJ504336_1,EU AG JYH213 泰迪绒软包气杆床 圆弧靠背掀盖 双灯带 140*200m 一件两箱 颜色->米白,ALL,UNKNOWN,C,T4B,0.4319,0.2073,13.39,6.43,15,0.4839,-0.2766,0.5716,f,6 个月 · 全平台 · 全量 SKU · 2026-07-09
DJ504340_1,"US AG 乡村风高款边桌 一件一箱 尺码->#10,胡桃木色",ALL,AMAZON,C,T4A,2.3851,1.1067,73.94,34.31,83,2.6774,-1.5707,0.5867,t,6 个月 · 全平台 · 全量 SKU · 2026-07-09
DJ504340_2,"US AG 乡村风高款边桌 一件一箱 尺码->#11,仿古白+棕色橡木",ALL,AMAZON,C,T4A,3.3700,1.5637,104.47,48.47,156,5.0323,-3.4686,0.6893,t,6 个月 · 全平台 · 全量 SKU · 2026-07-09
DJ504340_2,"US AG 乡村风高款边桌 一件一箱 尺码->#11,仿古白+棕色橡木",ALL,UNKNOWN,C,T4B,0.7351,0.3529,22.79,10.94,9,0.2903,0.0626,0.2155,f,6 个月 · 全平台 · 全量 SKU · 2026-07-09
DJ504340_3,US AG 乡村风高款边桌 一件一箱 颜色->木色,ALL,AMAZON,C,T4B,1.1447,0.5824,35.49,18.05,58,1.8710,-1.2886,0.6887,f,6 个月 · 全平台 · 全量 SKU · 2026-07-09
DJ504340_4,US AG 乡村风高款边桌 一件一箱 颜色->灰色,ALL,AMAZON,C,T4B,1.8291,0.9307,56.70,28.85,93,3.0000,-2.0693,0.6898,f,6 个月 · 全平台 · 全量 SKU · 2026-07-09
DJ504340_4,US AG 乡村风高款边桌 一件一箱 颜色->灰色,ALL,UNKNOWN,C,T4B,0.2027,0.0973,6.28,3.02,7,0.2258,-0.1285,0.5691,f,6 个月 · 全平台 · 全量 SKU · 2026-07-09
DJ504342_1,"US 床YW542T儿童双层床+绘本架 含灯带、插盘 颜色->#1,黑铁+黑色大浮雕",ALL,UNKNOWN,B,T4B,1.8686,0.8969,57.93,27.80,0,0.0000,0.8969,,f,6 个月 · 全平台 · 全量 SKU · 2026-07-09
DJ504342_3,"US 床YW542T儿童双层床+绘本架 含灯带、插盘 颜色->#3,粉色",ALL,WALMART,C,T4B,0.1615,0.0775,5.01,2.40,2,0.0645,0.0130,0.2012,f,6 个月 · 全平台 · 全量 SKU · 2026-07-09
DJ504345_1,EU BW铁木床LIWS-02 高床头储物+倾斜靠背+灯带插排 ZY 火烧色 一件一箱 90*200,ALL,AMAZON,C,T4B,1.1992,0.4893,37.18,15.17,73,2.3548,-1.8655,0.7922,f,6 个月 · 全平台 · 全量 SKU · 2026-07-09
DJ504345_2,EU BW铁木床LIWS-02 高床头储物+倾斜靠背+灯带插排 ZY火烧色 一件一箱 120*200,ALL,AMAZON,C,T4B,1.4286,0.6857,44.29,21.26,65,2.0968,-1.4111,0.6730,f,6 个月 · 全平台 · 全量 SKU · 2026-07-09
DJ504345_3,EU BW铁木床LIWS-02 高床头储物+倾斜靠背+灯带插排 ZY火烧色一件一箱 140*190,ALL,AMAZON,C,T4B,1.3449,0.6843,41.69,21.21,103,3.3226,-2.6383,0.7940,f,6 个月 · 全平台 · 全量 SKU · 2026-07-09
DJ504345_4,EU BW铁木床LIWS-02 高床头储物+倾斜靠背+灯带插排 ZY火烧色一件一箱 140*200,ALL,AMAZON,C,T4B,0.9114,0.3719,28.25,11.53,35,1.1290,-0.7571,0.6706,f,6 个月 · 全平台 · 全量 SKU · 2026-07-09
DJ504348_1,"US 床RL-76T低阁楼床下8抽4空格含灯带99*190 颜色->#1,白色铁+白色PU布抽面",ALL,AMAZON,A,T2,6.8960,5.2967,213.78,164.20,138,4.4516,0.8451,0.1898,t,6 个月 · 全平台 · 全量 SKU · 2026-07-09
DJ504348_1,"US 床RL-76T低阁楼床下8抽4空格含灯带99*190 颜色->#1,白色铁+白色PU布抽面",ALL,TIKTOK,A,T4B,1.3714,0.6583,42.51,20.41,199,6.4194,-5.7611,0.8975,f,6 个月 · 全平台 · 全量 SKU · 2026-07-09
DJ504348_1,"US 床RL-76T低阁楼床下8抽4空格含灯带99*190 颜色->#1,白色铁+白色PU布抽面",ALL,UNKNOWN,A,T4B,3.6049,1.9380,111.75,60.08,130,4.1935,-2.2555,0.5379,f,6 个月 · 全平台 · 全量 SKU · 2026-07-09
DJ504348_1,"US 床RL-76T低阁楼床下8抽4空格含灯带99*190 颜色->#1,白色铁+白色PU布抽面",ALL,WALMART,A,T4B,0.5633,0.2704,17.46,8.38,11,0.3548,-0.0844,0.2380,f,6 个月 · 全平台 · 全量 SKU · 2026-07-09
DJ504348_2,"US 床RL-76T低阁楼床下8抽4空格含灯带99*190 颜色->#20,黑色铁+浅咖色抽面",ALL,AMAZON,B,T3,3.7832,3.4934,117.28,108.30,37,1.1935,2.2999,1.9269,t,6 个月 · 全平台 · 全量 SKU · 2026-07-09
DJ504348_2,"US 床RL-76T低阁楼床下8抽4空格含灯带99*190 颜色->#20,黑色铁+浅咖色抽面",ALL,TIKTOK,B,T4B,0.1929,0.0926,5.98,2.87,31,1.0000,-0.9074,0.9074,f,6 个月 · 全平台 · 全量 SKU · 2026-07-09
DJ504348_2_WF,"US 床RL-76T低阁楼床下8抽4空格含灯带99*190 颜色->#20,黑色铁+浅咖色抽面",ALL,UNKNOWN,D,T4B,0.9198,0.4945,28.51,15.33,46,1.4839,-0.9894,0.6668,f,6 个月 · 全平台 · 全量 SKU · 2026-07-09
DJ504348_3,US 床RL-76T低阁楼床下8抽4空格含灯带99*190 颜色黑铁+PU黑抽面,ALL,TIKTOK,A,T4B,0.9357,0.4491,29.01,13.92,125,4.0323,-3.5832,0.8886,f,6 个月 · 全平台 · 全量 SKU · 2026-07-09
DJ504348_3,US 床RL-76T低阁楼床下8抽4空格含灯带99*190 颜色黑铁+PU黑抽面,ALL,UNKNOWN,A,T4B,1.8874,1.0146,58.51,31.45,56,1.8065,-0.7919,0.4383,f,6 个月 · 全平台 · 全量 SKU · 2026-07-09
DJ504348_4,US 床RL-76T低阁楼床下8抽4空格含灯带99*190 颜色粉铁+粉麻板+PU粉抽面,ALL,AMAZON,C,T4B,1.1357,0.5451,35.21,16.90,35,1.1290,-0.5839,0.5172,f,6 个月 · 全平台 · 全量 SKU · 2026-07-09
DJ504348_4,US 床RL-76T低阁楼床下8抽4空格含灯带99*190 颜色粉铁+粉麻板+PU粉抽面,ALL,TIKTOK,C,T4B,0.4929,0.2366,15.28,7.33,103,3.3226,-3.0860,0.9288,f,6 个月 · 全平台 · 全量 SKU · 2026-07-09
DJ504348_4,US 床RL-76T低阁楼床下8抽4空格含灯带99*190 颜色粉铁+粉麻板+PU粉抽面,ALL,UNKNOWN,C,T4B,0.1286,0.0617,3.99,1.91,27,0.8710,-0.8093,0.9292,f,6 个月 · 全平台 · 全量 SKU · 2026-07-09
DJ504354_2,US TA 双顶布抽层架带灯咖啡桌 一件一箱 颜色->黑+棕,ALL,AMAZON,B,T3,3.1708,3.0310,98.29,93.96,73,2.3548,0.6762,0.2871,t,6 个月 · 全平台 · 全量 SKU · 2026-07-09
DJ504354_2,US TA 双顶布抽层架带灯咖啡桌 一件一箱 颜色->黑+棕,ALL,UNKNOWN,B,T4B,0.5233,0.2663,16.22,8.26,38,1.2258,-0.9595,0.7828,f,6 个月 · 全平台 · 全量 SKU · 2026-07-09
DJ504354_4,US TA 双顶布抽层架带灯咖啡桌 一件一箱 颜色->淡雅胡桃,ALL,AMAZON,C,T4B,1.0375,0.4233,32.16,13.12,22,0.7097,-0.2864,0.4035,f,6 个月 · 全平台 · 全量 SKU · 2026-07-09
DJ504354_4,US TA 双顶布抽层架带灯咖啡桌 一件一箱 颜色->淡雅胡桃,ALL,TEMU,C,T4B,0.2974,0.1513,9.22,4.69,14,0.4516,-0.3003,0.6650,f,6 个月 · 全平台 · 全量 SKU · 2026-07-09
DJ504358_1,EU VD 板式面盆柜 双开门 单抽 一件一箱 颜色->白色,ALL,AMAZON,B,T3,4.7670,4.7170,147.78,146.23,127,4.0968,0.6202,0.1514,t,6 个月 · 全平台 · 全量 SKU · 2026-07-09
DJ504358_1,EU VD 板式面盆柜 双开门 单抽 一件一箱 颜色->白色,ALL,UNKNOWN,B,T4B,0.2361,0.1133,7.32,3.51,6,0.1935,-0.0802,0.4146,f,6 个月 · 全平台 · 全量 SKU · 2026-07-09
DJ504360_2,US VD 低高架床 步梯 9布抽 T 一件一箱 颜色->灰色,ALL,UNKNOWN,C,T4B,0.6653,0.3193,20.62,9.90,6,0.1935,0.1258,0.6497,f,6 个月 · 全平台 · 全量 SKU · 2026-07-09
DJ504364_1,EU KM 喷漆水槽柜80cm两大抽可互换层架 一箱一个 颜色->白色,ALL,UNKNOWN,C,T4B,1.3787,0.5625,42.74,17.44,22,0.7097,-0.1472,0.2074,f,6 个月 · 全平台 · 全量 SKU · 2026-07-09
DJ504365_1,EU KM 喷漆水槽柜60cm两抽金属底角 一箱一个 颜色->白色,ALL,AMAZON,C,T4B,2.2413,0.9144,69.48,28.35,92,2.9677,-2.0533,0.6919,f,6 个月 · 全平台 · 全量 SKU · 2026-07-09
DJ504365_1,EU KM 喷漆水槽柜60cm两抽金属底角 一箱一个 颜色->白色,ALL,UNKNOWN,C,T4B,1.9649,0.9432,60.91,29.24,37,1.1935,-0.2503,0.2098,f,6 个月 · 全平台 · 全量 SKU · 2026-07-09
DJ504366_1,EU KM 喷漆水槽柜80cm两抽金属底角 一箱一个 颜色->白色,ALL,AMAZON,C,T4B,1.6098,0.6568,49.90,20.36,84,2.7097,-2.0529,0.7576,f,6 个月 · 全平台 · 全量 SKU · 2026-07-09
DJ504367_1,EU KM 板式镜柜LED 白色 一箱一个 颜色->白色,ALL,UNKNOWN,C,T4B,1.6816,0.8556,52.13,26.52,21,0.6774,0.1782,0.2630,f,6 个月 · 全平台 · 全量 SKU · 2026-07-09
DJ504371_1,EU KM 板式镜柜LED三门带层架 一箱一个 颜色->白色,ALL,UNKNOWN,C,T4B,0.8464,0.3453,26.24,10.70,11,0.3548,-0.0095,0.0269,f,6 个月 · 全平台 · 全量 SKU · 2026-07-09
DJ504372_1,"US AG 两抽斜百叶抽面边桌 灯带+排插 一件一箱 尺码->#1,黑+胡桃木色",ALL,AMAZON,C,T4B,1.1586,0.4727,35.92,14.65,12,0.3871,0.0856,0.2211,f,6 个月 · 全平台 · 全量 SKU · 2026-07-09
DJ504377_1,"US AG 大镜面柔光灯箱书桌 含排插 一件一箱 尺码->#1,白色",ALL,AMAZON,C,T4B,0.8842,0.4753,27.41,14.73,8,0.2581,0.2172,0.8418,f,6 个月 · 全平台 · 全量 SKU · 2026-07-09
DJ504379_1,"EU KM 板式餐边柜大款三抽谷仓门 两箱一件 颜色->白色,麻面白",ALL,AMAZON,C,T4B,1.1759,0.5983,36.45,18.55,29,0.9355,-0.3372,0.3604,f,6 个月 · 全平台 · 全量 SKU · 2026-07-09
DJ504380_1,"EU KM 板式餐边柜大款玻璃单抽三柜门 两箱一件 颜色->白色,磨砂白",ALL,UNKNOWN,C,T4B,0.5429,0.2762,16.83,8.56,5,0.1613,0.1149,0.7124,f,6 个月 · 全平台 · 全量 SKU · 2026-07-09
DJ504381_1,"EU KM 板式梳妆台120cm带电带玻璃 两箱一件 颜色->白色,麻面白",ALL,AMAZON,C,T4B,0.6740,0.3235,20.89,10.03,47,1.5161,-1.1926,0.7866,f,6 个月 · 全平台 · 全量 SKU · 2026-07-09
DJ504395_1,EU BW铁木软包床LIWS-01 床尾两抽屉 白色+原木色 一件一箱140*190,ALL,AMAZON,C,T4B,1.7938,0.8610,55.61,26.69,24,0.7742,0.0868,0.1121,f,6 个月 · 全平台 · 全量 SKU · 2026-07-09
DJ504395_2,EU BW铁木软包床LIWS-01 床尾两抽屉 白色+原木色 一件一箱140*200,ALL,AMAZON,C,T4B,0.9495,0.4558,29.43,14.13,4,0.1290,0.3268,2.5325,f,6 个月 · 全平台 · 全量 SKU · 2026-07-09
DJ504396_1,"EU KM 板式鞋柜 80cm单排3门鞋柜 单包 颜色->白色,麻面白",ALL,AMAZON,C,T4B,0.8240,0.3362,25.54,10.42,15,0.4839,-0.1477,0.3052,f,6 个月 · 全平台 · 全量 SKU · 2026-07-09
DJ504396_1,"EU KM 板式鞋柜 80cm单排3门鞋柜 单包 颜色->白色,麻面白",ALL,UNKNOWN,C,T4B,0.6492,0.3116,20.13,9.66,17,0.5484,-0.2368,0.4318,f,6 个月 · 全平台 · 全量 SKU · 2026-07-09
DJ504396_2,"EU KM 板式鞋柜 80cm单排3门鞋柜 单包  颜色->黑色,山纹黑",ALL,UNKNOWN,C,T4B,0.8710,0.3554,27.00,11.02,22,0.7097,-0.3543,0.4992,f,6 个月 · 全平台 · 全量 SKU · 2026-07-09
DJ504397_1,"EU KM 板式鞋柜 100m双排4门2抽鞋柜  单包 颜色->白色,麻面白",ALL,AMAZON,C,T4B,1.4688,0.7050,45.53,21.86,38,1.2258,-0.5208,0.4249,f,6 个月 · 全平台 · 全量 SKU · 2026-07-09
DJ504399_1,"US AE 书柜 NT24 两抽悬浮滑盖加灯带插排 颜色->#1,黑色麻面",ALL,TIKTOK,C,T4B,1.1278,0.6063,34.96,18.80,65,2.0968,-1.4905,0.7108,f,6 个月 · 全平台 · 全量 SKU · 2026-07-09
DJ504399_2,"US AE 书柜 NT24 两抽悬浮滑盖加灯带插排 颜色->#2,白色麻面",ALL,TIKTOK,C,T4B,0.3082,0.1657,9.55,5.14,17,0.5484,-0.3827,0.6978,f,6 个月 · 全平台 · 全量 SKU · 2026-07-09
DJ504400_1,"US AE 书柜 NT25 四抽悬浮滑盖加灯带插排 颜色->#1,黑色麻面",ALL,AMAZON,A,T2,9.1082,6.6008,282.35,204.62,270,8.7097,-2.1089,0.2421,t,6 个月 · 全平台 · 全量 SKU · 2026-07-09
DJ504400_1,"US AE 书柜 NT25 四抽悬浮滑盖加灯带插排 颜色->#1,黑色麻面",ALL,TIKTOK,A,T4B,0.5593,0.3007,17.34,9.32,53,1.7097,-1.4090,0.8241,f,6 个月 · 全平台 · 全量 SKU · 2026-07-09
DJ504400_1,"US AE 书柜 NT25 四抽悬浮滑盖加灯带插排 颜色->#1,黑色麻面",ALL,UNKNOWN,A,T4B,1.1990,0.6446,37.17,19.98,98,3.1613,-2.5167,0.7961,f,6 个月 · 全平台 · 全量 SKU · 2026-07-09
DJ504400_1,"US AE 书柜 NT25 四抽悬浮滑盖加灯带插排 颜色->#1,黑色麻面",ALL,WALMART,A,T4B,0.2080,0.0998,6.45,3.09,6,0.1935,-0.0937,0.4844,f,6 个月 · 全平台 · 全量 SKU · 2026-07-09
DJ504400_2,"US AE 书柜 NT25 四抽悬浮滑盖加灯带插排 颜色->#2,白色麻面",ALL,AMAZON,B,T3,4.3357,4.2313,134.41,131.17,168,5.4194,-1.1881,0.2192,t,6 个月 · 全平台 · 全量 SKU · 2026-07-09
DJ504400_2,"US AE 书柜 NT25 四抽悬浮滑盖加灯带插排 颜色->#2,白色麻面",ALL,TIKTOK,B,T4B,0.4714,0.2534,14.61,7.86,19,0.6129,-0.3595,0.5866,f,6 个月 · 全平台 · 全量 SKU · 2026-07-09
DJ504400_3,US AE 书柜 NT25 四抽悬浮滑盖加灯带插排 颜色->#3,ALL,AMAZON,C,T4B,1.6731,0.8031,51.87,24.90,49,1.5806,-0.7775,0.4919,f,6 个月 · 全平台 · 全量 SKU · 2026-07-09
DJ504403,US HS 梳妆台 MFL-VDNF-05 农舍风吊轨门 三抽二门 好莱坞灯串 一件一箱,ALL,UNKNOWN,C,T4B,0.7372,0.3538,22.85,10.97,31,1.0000,-0.6462,0.6462,f,6 个月 · 全平台 · 全量 SKU · 2026-07-09
DJ504405_1,US TS01 12抽悬浮顶电视柜带插排一拖二灯带 一件一箱 颜色->黑色,ALL,AMAZON,A,T4B,5.5005,2.7987,170.52,86.76,256,8.2581,-5.4594,0.6611,f,6 个月 · 全平台 · 全量 SKU · 2026-07-09
DJ504405_1,US TS01 12抽悬浮顶电视柜带插排一拖二灯带 一件一箱 颜色->黑色,ALL,UNKNOWN,A,T4B,0.4654,0.2502,14.43,7.76,21,0.6774,-0.4272,0.6307,f,6 个月 · 全平台 · 全量 SKU · 2026-07-09
DJ504405_2,US TS01 12抽悬浮顶电视柜带插排一拖二灯带 一件一箱 颜色->火烧云,ALL,AMAZON,B,T3,3.9667,3.5700,122.97,110.67,115,3.7097,-0.1397,0.0377,t,6 个月 · 全平台 · 全量 SKU · 2026-07-09
DJ504405_2,US TS01 12抽悬浮顶电视柜带插排一拖二灯带 一件一箱 颜色->火烧云,ALL,TEMU,B,T4B,0.4703,0.2528,14.58,7.84,0,0.0000,0.2528,,f,6 个月 · 全平台 · 全量 SKU · 2026-07-09
DJ504405_2,US TS01 12抽悬浮顶电视柜带插排一拖二灯带 一件一箱 颜色->火烧云,ALL,UNKNOWN,B,T4B,0.7335,0.2993,22.74,9.28,21,0.6774,-0.3781,0.5582,f,6 个月 · 全平台 · 全量 SKU · 2026-07-09
DJ504405_3,US TS01 12抽悬浮顶电视柜带插排一拖二灯带 一件一箱 颜色->白色,ALL,AMAZON,B,T3,4.4862,4.2799,139.07,132.68,102,3.2903,0.9896,0.3008,t,6 个月 · 全平台 · 全量 SKU · 2026-07-09
DJ504405_3,US TS01 12抽悬浮顶电视柜带插排一拖二灯带 一件一箱 颜色->白色,ALL,UNKNOWN,B,T4B,0.3511,0.1888,10.88,5.85,22,0.7097,-0.5209,0.7340,f,6 个月 · 全平台 · 全量 SKU · 2026-07-09
DJ504405_4,US TS01 12抽悬浮顶电视柜带插排一拖二灯带 一件一箱 颜色->灰色,ALL,AMAZON,B,T3,4.6813,4.1005,145.12,127.12,115,3.7097,0.3908,0.1054,t,6 个月 · 全平台 · 全量 SKU · 2026-07-09
DJ504405_4,US TS01 12抽悬浮顶电视柜带插排一拖二灯带 一件一箱 颜色->灰色,ALL,UNKNOWN,B,T4B,0.5101,0.2448,15.81,7.59,14,0.4516,-0.2068,0.4579,f,6 个月 · 全平台 · 全量 SKU · 2026-07-09
DJ504406_1,EU AG转角床 深灰棉麻 床头可互换1.4*2m 2灯带 欧规2AC+2USB 一件两箱 颜色->火烧云,ALL,AMAZON,B,T4A,2.5543,1.1852,79.18,36.74,86,2.7742,-1.5890,0.5728,t,6 个月 · 全平台 · 全量 SKU · 2026-07-09
DJ504406_2,EU AG转角床 浅灰棉麻 床头可互换1.4*2m 2灯带 欧规2AC+2USB 一件两箱 颜色->白色,ALL,AMAZON,C,T4B,2.1887,0.8930,67.85,27.68,70,2.2581,-1.3651,0.6045,f,6 个月 · 全平台 · 全量 SKU · 2026-07-09
DJ504407_1,"EU-KM-90cm水槽柜 斜切拉手款 单包 颜色->白色,麻面白",ALL,UNKNOWN,C,T4B,4.0605,2.1829,125.88,67.67,221,7.1290,-4.9461,0.6938,f,6 个月 · 全平台 · 全量 SKU · 2026-07-09
DJ504408_1,"EU KM 80cm4门餐边柜 双包 颜色->白色,麻面白",ALL,UNKNOWN,C,T4B,0.9849,0.5011,30.53,15.53,34,1.0968,-0.5957,0.5431,f,6 个月 · 全平台 · 全量 SKU · 2026-07-09
DJ504408_2,"EU KM 80cm4门餐边柜 双包 颜色->黑色,浮雕黑",ALL,AMAZON,C,T4B,0.8188,0.3341,25.38,10.36,16,0.5161,-0.1820,0.3527,f,6 个月 · 全平台 · 全量 SKU · 2026-07-09
DJ504408_2,"EU KM 80cm4门餐边柜 双包 颜色->黑色,浮雕黑",ALL,UNKNOWN,C,T4B,0.7095,0.3405,21.99,10.56,17,0.5484,-0.2079,0.3791,f,6 个月 · 全平台 · 全量 SKU · 2026-07-09
DJ504411_1,US UA 悬浮款单列五层斗柜 一个一箱 颜色-->黑色 山纹黑,ALL,UNKNOWN,C,T4B,1.0467,0.5627,32.45,17.44,90,2.9032,-2.3405,0.8062,f,6 个月 · 全平台 · 全量 SKU · 2026-07-09
DJ504411_1,US UA 悬浮款单列五层斗柜 一个一箱 颜色-->黑色 山纹黑,ALL,WALMART,C,T4B,0.4698,0.2255,14.56,6.99,28,0.9032,-0.6777,0.7503,f,6 个月 · 全平台 · 全量 SKU · 2026-07-09
DJ504414_1,US UA 悬浮款单列六层斗柜 一个一箱 颜色-->黑色 山纹黑,ALL,WALMART,C,T4B,0.1982,0.1066,6.14,3.30,23,0.7419,-0.6353,0.8563,f,6 个月 · 全平台 · 全量 SKU · 2026-07-09
DJ504436_1,"EU KM 板式鞋柜 100cm2斗1抽1柜鞋柜-3层翻斗  单包 颜色->白色,麻面白",ALL,AMAZON,C,T4B,1.3561,0.5533,42.04,17.15,51,1.6452,-1.0919,0.6637,f,6 个月 · 全平台 · 全量 SKU · 2026-07-09
DJ504452_1,US UA 带推车侧架马桶柜 三七分布局 一件一箱 颜色->白色,ALL,AMAZON,C,T4B,1.9154,0.9194,59.38,28.50,24,0.7742,0.1452,0.1876,f,6 个月 · 全平台 · 全量 SKU · 2026-07-09
DJ504453_1,"US UA 带推车侧架马桶柜 农舍风撞色 一件一箱 颜色->白色,做旧白+胡桃木",ALL,AMAZON,B,T4A,3.5595,1.4039,110.34,43.52,83,2.6774,-1.2735,0.4757,t,6 个月 · 全平台 · 全量 SKU · 2026-07-09
DJ504453_1,"US UA 带推车侧架马桶柜 农舍风撞色 一件一箱 颜色->白色,做旧白+胡桃木",ALL,TEMU,B,T4B,0.6180,0.2967,19.16,9.20,20,0.6452,-0.3485,0.5401,f,6 个月 · 全平台 · 全量 SKU · 2026-07-09
DJ504453_1,"US UA 带推车侧架马桶柜 农舍风撞色 一件一箱 颜色->白色,做旧白+胡桃木",ALL,UNKNOWN,B,T4B,0.7847,0.3202,24.33,9.93,14,0.4516,-0.1314,0.2910,f,6 个月 · 全平台 · 全量 SKU · 2026-07-09
DJ504454_1,US UA 带推车侧架马桶柜 十字贴条雾面玻璃柜门 一件一箱 颜色->白色,ALL,AMAZON,C,T4B,1.8809,0.7674,58.31,23.79,20,0.6452,0.1222,0.1895,f,6 个月 · 全平台 · 全量 SKU · 2026-07-09
DJ504458_1,EU VD 板竹浴室镜柜 LED打砂镜 三开门 一件一箱 颜色->白色,ALL,AMAZON,C,T4B,1.4017,0.6728,43.45,20.86,100,3.2258,-2.5530,0.7914,f,6 个月 · 全平台 · 全量 SKU · 2026-07-09
DJ504469_1,US TA 1.1米衣帽架带鞋架层架 一件一箱 颜色->白+棕,ALL,AMAZON,B,T3,4.0713,4.2749,126.21,132.52,86,2.7742,1.5007,0.5410,t,6 个月 · 全平台 · 全量 SKU · 2026-07-09
DJ504469_1,US TA 1.1米衣帽架带鞋架层架 一件一箱 颜色->白+棕,ALL,TEMU,B,T4B,0.3022,0.1625,9.37,5.04,10,0.3226,-0.1601,0.4963,f,6 个月 · 全平台 · 全量 SKU · 2026-07-09
DJ504469_1,US TA 1.1米衣帽架带鞋架层架 一件一箱 颜色->白+棕,ALL,UNKNOWN,B,T4B,1.2053,0.6480,37.36,20.09,44,1.4194,-0.7714,0.5435,f,6 个月 · 全平台 · 全量 SKU · 2026-07-09
DJ504469_1_WF,US TA 1.1米衣帽架带鞋架层架 一件一箱 颜色->白+棕,ALL,UNKNOWN,C,T4B,1.9544,1.0507,60.59,32.57,127,4.0968,-3.0461,0.7435,f,6 个月 · 全平台 · 全量 SKU · 2026-07-09
DJ504469_2,US TA 1.1米衣帽架带鞋架层架 一件一箱 颜色->黑色,ALL,AMAZON,B,T3,3.1645,3.3227,98.10,103.00,87,2.8065,0.5162,0.1840,t,6 个月 · 全平台 · 全量 SKU · 2026-07-09
DJ504469_2,US TA 1.1米衣帽架带鞋架层架 一件一箱 颜色->黑色,ALL,TEMU,B,T4B,0.2929,0.1406,9.08,4.36,10,0.3226,-0.1820,0.5641,f,6 个月 · 全平台 · 全量 SKU · 2026-07-09
DJ504469_2_WF,US TA 1.1米衣帽架带鞋架层架 一件一箱 颜色->黑色,ALL,UNKNOWN,C,T4B,1.1247,0.6047,34.87,18.75,43,1.3871,-0.7824,0.5641,f,6 个月 · 全平台 · 全量 SKU · 2026-07-09
DJ504469_3,US TA 1.1米衣帽架带鞋架层架 一件一箱 颜色->火烧云,ALL,AMAZON,B,T3,2.7400,2.8770,84.94,89.19,64,2.0645,0.8125,0.3935,t,6 个月 · 全平台 · 全量 SKU · 2026-07-09
DJ504469_3,US TA 1.1米衣帽架带鞋架层架 一件一箱 颜色->火烧云,ALL,TEMU,B,T4B,0.4071,0.1954,12.62,6.06,12,0.3871,-0.1917,0.4952,f,6 个月 · 全平台 · 全量 SKU · 2026-07-09
DJ504469_3_WF,US TA 1.1米衣帽架带鞋架层架 一件一箱 颜色->火烧云,ALL,UNKNOWN,C,T4B,0.9896,0.5320,30.68,16.49,44,1.4194,-0.8874,0.6252,f,6 个月 · 全平台 · 全量 SKU · 2026-07-09
DJ504473_1,"US UA 长款两抽谷仓门换鞋凳 一件一箱 颜色->白色,做旧白+胡桃木",ALL,AMAZON,C,T4A,4.2591,1.9762,132.03,61.26,57,1.8387,0.1375,0.0748,t,6 个月 · 全平台 · 全量 SKU · 2026-07-09
DJ504475_1,US 床T-B737T拱形中间翻门水晶扣围栏含插盘灯带99*190 颜色白铁+粉色绒布+白板+白脚,ALL,AMAZON,C,T4B,1.0037,0.4818,31.11,14.94,37,1.1935,-0.7117,0.5963,f,6 个月 · 全平台 · 全量 SKU · 2026-07-09
DJ504475_1,US 床T-B737T拱形中间翻门水晶扣围栏含插盘灯带99*190 颜色白铁+粉色绒布+白板+白脚,ALL,TIKTOK,C,T4B,0.2000,0.0960,6.20,2.98,2,0.0645,0.0315,0.4880,f,6 个月 · 全平台 · 全量 SKU · 2026-07-09
DJ504476_2,US 床T-B737Q拱形中间翻门水晶扣围栏含插盘灯带153*203 颜色白铁+米白绒布+白板+白脚,ALL,UNKNOWN,C,T4B,0.2323,0.1182,7.20,3.66,13,0.4194,-0.3012,0.7181,f,6 个月 · 全平台 · 全量 SKU · 2026-07-09
DJ504477_1,US 床T-B737F拱形中间翻门水晶扣围栏含插盘灯带137*190 颜色白铁+粉色绒布+白板+白脚,ALL,TIKTOK,C,T4B,0.1071,0.0514,3.32,1.59,16,0.5161,-0.4647,0.9004,f,6 个月 · 全平台 · 全量 SKU · 2026-07-09
DJ504477_1,US 床T-B737F拱形中间翻门水晶扣围栏含插盘灯带137*190 颜色白铁+粉色绒布+白板+白脚,ALL,UNKNOWN,C,T4B,0.3350,0.1704,10.39,5.28,32,1.0323,-0.8619,0.8349,f,6 个月 · 全平台 · 全量 SKU · 2026-07-09
DJ504477_2,US 床T-B737F拱形中间翻门水晶扣围栏含插盘灯带137*190 颜色白铁+米白绒布+白板+白脚,ALL,UNKNOWN,C,T4B,0.5467,0.2782,16.95,8.62,38,1.2258,-0.9476,0.7730,f,6 个月 · 全平台 · 全量 SKU · 2026-07-09
DJ504484_1,"US AG 双层下翻浮雕门鞋柜 一件一箱 尺码->#1,黑色",ALL,UNKNOWN,C,T4B,0.7813,0.3750,24.22,11.63,6,0.1935,0.1815,0.9375,f,6 个月 · 全平台 · 全量 SKU · 2026-07-09
DJ504490_1,"US UA 梯形柜门置物现代板式行政桌 一件一箱 浮雕黑 颜色->黑色,浮雕黑",ALL,AMAZON,C,T4B,2.9254,1.1936,90.69,37.00,90,2.9032,-1.7096,0.5889,f,6 个月 · 全平台 · 全量 SKU · 2026-07-09
DJ504490_1,"US UA 梯形柜门置物现代板式行政桌 一件一箱 浮雕黑 颜色->黑色,浮雕黑",ALL,UNKNOWN,C,T4B,1.5845,0.7606,49.12,23.58,88,2.8387,-2.0781,0.7321,f,6 个月 · 全平台 · 全量 SKU · 2026-07-09
DJ504490_1,"US UA 梯形柜门置物现代板式行政桌 一件一箱 浮雕黑 颜色->黑色,浮雕黑",ALL,WALMART,C,T4B,0.4176,0.2004,12.95,6.21,8,0.2581,-0.0577,0.2234,f,6 个月 · 全平台 · 全量 SKU · 2026-07-09
DJ504490_2,"US UA 梯形柜门置物现代板式行政桌 一件一箱 颜色->#1,原木色",ALL,AMAZON,C,T3,3.9256,3.5331,121.69,109.53,137,4.4194,-0.8863,0.2005,t,6 个月 · 全平台 · 全量 SKU · 2026-07-09
DJ504492_1,US UA 厚抽底菱形拼色单列四斗柜 一件一箱 颜色->黑色,ALL,WALMART,C,T4B,0.4612,0.2480,14.30,7.69,12,0.3871,-0.1391,0.3593,f,6 个月 · 全平台 · 全量 SKU · 2026-07-09
DJ504493_1,US UA 厚抽底菱形拼色单列五斗柜 一件一箱 颜色->黑色,ALL,UNKNOWN,C,T4B,0.3119,0.1677,9.67,5.20,8,0.2581,-0.0904,0.3502,f,6 个月 · 全平台 · 全量 SKU · 2026-07-09
DJ504493_1,US UA 厚抽底菱形拼色单列五斗柜 一件一箱 颜色->黑色,ALL,WALMART,C,T4B,0.1939,0.1042,6.01,3.23,22,0.7097,-0.6055,0.8532,f,6 个月 · 全平台 · 全量 SKU · 2026-07-09
DJ504494_1,EU KM 布兜款咖啡桌 一件一箱 颜色->白色+米黄色布兜,ALL,AMAZON,C,T4B,0.8876,0.4260,27.52,13.21,17,0.5484,-0.1224,0.2232,f,6 个月 · 全平台 · 全量 SKU · 2026-07-09
DJ504494_1,EU KM 布兜款咖啡桌 一件一箱 颜色->白色+米黄色布兜,ALL,UNKNOWN,C,T4B,0.5228,0.2509,16.21,7.78,15,0.4839,-0.2330,0.4815,f,6 个月 · 全平台 · 全量 SKU · 2026-07-09
DJ504494_2,EU KM 布兜款咖啡桌 一件一箱 颜色->黑色+深灰色布兜,ALL,AMAZON,C,T4B,0.7577,0.3091,23.49,9.58,13,0.4194,-0.1103,0.2629,f,6 个月 · 全平台 · 全量 SKU · 2026-07-09
DJ504495_1,EU KM双侧储物梳妆台 一件两箱 颜色->白色,ALL,AMAZON,C,T4B,0.8198,0.3345,25.41,10.37,20,0.6452,-0.3107,0.4815,f,6 个月 · 全平台 · 全量 SKU · 2026-07-09
DJ504502_1,"US AG 一格两门餐边柜 浮雕门吸塑 含灯带 一件一箱 尺码->#1,黑色",ALL,AMAZON,C,T4B,0.4976,0.2675,15.43,8.29,0,0.0000,0.2675,,f,6 个月 · 全平台 · 全量 SKU · 2026-07-09
DJ504510_1,EU FR 拼色浴室面盆柜单开门+左三层开放格 一件一箱 颜色->白色,ALL,AMAZON,C,T4B,2.0675,1.0519,64.09,32.61,67,2.1613,-1.1094,0.5133,f,6 个月 · 全平台 · 全量 SKU · 2026-07-09
DJ504510_1,EU FR 拼色浴室面盆柜单开门+左三层开放格 一件一箱 颜色->白色,ALL,UNKNOWN,C,T4B,0.2786,0.1498,8.64,4.64,14,0.4516,-0.3018,0.6683,f,6 个月 · 全平台 · 全量 SKU · 2026-07-09
DJ504511_1,EU FR 拼色浴室镜柜LED灯光镜+下开放格 一件一箱 颜色->白色,ALL,UNKNOWN,C,T4B,1.3268,0.7133,41.13,22.11,51,1.6452,-0.9319,0.5664,f,6 个月 · 全平台 · 全量 SKU · 2026-07-09
DJ504512_1,EU FR 拼色浴室高柜一抽+上下单开门 一件一箱 颜色->白色,ALL,AMAZON,C,T4B,1.4196,0.7632,44.01,23.66,75,2.4194,-1.6562,0.6845,f,6 个月 · 全平台 · 全量 SKU · 2026-07-09
DJ504513,EU BW铁木床LIWS-02 高床头储物+倾斜靠背+灯带插排 ZY火烧色一件两箱 160*200,ALL,AMAZON,C,T4B,0.9946,0.4774,30.83,14.80,65,2.0968,-1.6194,0.7723,f,6 个月 · 全平台 · 全量 SKU · 2026-07-09
DJ504514,EU BW铁木床LIWS-02 高床头储物+倾斜靠背+灯带插排 ZY火烧色一件两箱 180*200,ALL,AMAZON,C,T4B,1.2970,0.5292,40.21,16.41,74,2.3871,-1.8579,0.7783,f,6 个月 · 全平台 · 全量 SKU · 2026-07-09
DJ504519,EU BW 沙发凳折叠床 10cm厚床垫*3 90*200 颜色黑色 一件一箱,ALL,AMAZON,C,T4B,1.0410,0.4997,32.27,15.49,32,1.0323,-0.5326,0.5159,f,6 个月 · 全平台 · 全量 SKU · 2026-07-09
DJ504520_1,US 160cm单人板材电脑桌 一件一箱 颜色->白木纹柜体+黑桌面,ALL,AMAZON,C,T3,4.5565,4.1519,141.25,128.71,83,2.6774,1.4745,0.5507,t,6 个月 · 全平台 · 全量 SKU · 2026-07-09
DJ504520_2,US 160cm单人板材电脑桌 一件一箱 颜色->灰古木-40三胺,ALL,AMAZON,C,T4A,3.1955,1.2603,99.06,39.07,84,2.7097,-1.4494,0.5349,t,6 个月 · 全平台 · 全量 SKU · 2026-07-09
DJ504520_2,US 160cm单人板材电脑桌 一件一箱 颜色->灰古木-40三胺,ALL,UNKNOWN,C,T4B,1.7608,0.7184,54.58,22.27,41,1.3226,-0.6042,0.4568,f,6 个月 · 全平台 · 全量 SKU · 2026-07-09
DJ504522_1,EU AG JYH215 棉麻软包气杆床 火烧云板 靠背掀盖 双灯带 90*200cm 一件两箱 颜色->深灰色,ALL,AMAZON,C,T4B,1.8653,0.7610,57.82,23.59,58,1.8710,-1.1100,0.5933,f,6 个月 · 全平台 · 全量 SKU · 2026-07-09
DJ504522_1,EU AG JYH215 棉麻软包气杆床 火烧云板 靠背掀盖 双灯带 90*200cm 一件两箱 颜色->深灰色,ALL,UNKNOWN,C,T4B,1.4271,0.7672,44.24,23.78,47,1.5161,-0.7489,0.4940,f,6 个月 · 全平台 · 全量 SKU · 2026-07-09
DJ504522_2,EU AG JYH215 棉麻软包气杆床 灰色板 靠背掀盖 双灯带 90*200cm 一件两箱 颜色->米白,ALL,AMAZON,C,T4B,1.3833,0.5644,42.88,17.50,52,1.6774,-1.1130,0.6635,f,6 个月 · 全平台 · 全量 SKU · 2026-07-09
DJ504522_2,EU AG JYH215 棉麻软包气杆床 灰色板 靠背掀盖 双灯带 90*200cm 一件两箱 颜色->米白,ALL,UNKNOWN,C,T4B,0.3505,0.1885,10.87,5.84,14,0.4516,-0.2631,0.5826,f,6 个月 · 全平台 · 全量 SKU · 2026-07-09
DJ504528_1,"US UA 四腿双顶四推拉门咖啡桌 一件一箱 颜色->白色,做旧白+栗棕木",ALL,AMAZON,C,T4B,2.0305,0.8284,62.95,25.68,46,1.4839,-0.6555,0.4417,f,6 个月 · 全平台 · 全量 SKU · 2026-07-09
DJ504531_1,US SD L桌带文件抽桌面宽470mm 一件一箱 颜色->火烧云,ALL,AMAZON,C,T3,4.4686,4.6921,138.53,145.46,0,0.0000,4.6921,,f,6 个月 · 全平台 · 全量 SKU · 2026-07-09
DJ504531_4,US SD L桌带文件抽桌面宽470mm 一件一箱 颜色->989-3,ALL,AMAZON,B,T2,10.4306,8.8931,323.35,275.69,0,0.0000,8.8931,,f,6 个月 · 全平台 · 全量 SKU · 2026-07-09
DJ504532_1,EU VD 角落气杆软包床 2层置物 欧标床垫1.4*2m 一件两箱 颜色->深灰色,ALL,AMAZON,B,T4A,2.5965,1.2770,80.49,39.59,99,3.1935,-1.9165,0.6001,t,6 个月 · 全平台 · 全量 SKU · 2026-07-09
DJ504532_1,EU VD 角落气杆软包床 2层置物 欧标床垫1.4*2m 一件两箱 颜色->深灰色,ALL,UNKNOWN,B,T4B,0.7907,0.4023,24.51,12.47,76,2.4516,-2.0493,0.8359,f,6 个月 · 全平台 · 全量 SKU · 2026-07-09
DJ504532_2,EU VD 角落气杆软包床 2层置物 欧标床垫1.4*2m 一件两箱 颜色->米白,ALL,AMAZON,C,T4B,0.9573,0.4595,29.68,14.24,62,2.0000,-1.5405,0.7703,f,6 个月 · 全平台 · 全量 SKU · 2026-07-09
DJ504532_2,EU VD 角落气杆软包床 2层置物 欧标床垫1.4*2m 一件两箱 颜色->米白,ALL,UNKNOWN,C,T4B,0.9610,0.5166,29.79,16.01,87,2.8065,-2.2899,0.8159,f,6 个月 · 全平台 · 全量 SKU · 2026-07-09
DJ504532_3,"EU VD 角落气杆软包床 2层置物 欧标床垫1.4*2m 绒布 一件两箱 颜色->#1,米白",ALL,AMAZON,B,T4B,1.5445,0.8303,47.88,25.74,110,3.5484,-2.7181,0.7660,f,6 个月 · 全平台 · 全量 SKU · 2026-07-09
DJ504535_1,"EU KM 软包液压床 假悬浮  双包 尺码->L,190*140;颜色->白色,PU白",ALL,AMAZON,C,T4B,0.9175,0.4933,28.44,15.29,0,0.0000,0.4933,,f,6 个月 · 全平台 · 全量 SKU · 2026-07-09
DJ504535_2,"EU KM 软包液压床 假悬浮  双包 尺码->L,190*140;颜色->灰色,亚麻灰",ALL,AMAZON,C,T4B,0.7814,0.3976,24.22,12.33,11,0.3548,0.0428,0.1205,f,6 个月 · 全平台 · 全量 SKU · 2026-07-09
DJ504535_3,"EU KM 软包液压床 假悬浮  双包 尺码->XL,200*140;颜色->白色,PU白",ALL,AMAZON,C,T4B,0.6987,0.3756,21.66,11.64,0,0.0000,0.3756,,f,6 个月 · 全平台 · 全量 SKU · 2026-07-09
DJ504535_4,"EU KM 软包液压床 假悬浮 双包  尺码->XL,200*140;颜色->灰色,亚麻灰",ALL,AMAZON,C,T4B,0.6212,0.2982,19.26,9.24,1,0.0323,0.2659,8.2442,f,6 个月 · 全平台 · 全量 SKU · 2026-07-09
DJ504535_5,"EU KM 软包液压床 假悬浮 双包  尺码->XXL,200*160;颜色->白色,PU白",ALL,AMAZON,C,T4B,0.7763,0.4173,24.07,12.94,0,0.0000,0.4173,,f,6 个月 · 全平台 · 全量 SKU · 2026-07-09
DJ504538_1,US K腿6抽单人游戏桌 一件一箱 颜色->黑色碳纤维,ALL,AMAZON,B,T3,3.2923,3.4569,102.06,107.16,92,2.9677,0.4892,0.1648,t,6 个月 · 全平台 · 全量 SKU · 2026-07-09
DJ504538_1,US K腿6抽单人游戏桌 一件一箱 颜色->黑色碳纤维,ALL,UNKNOWN,B,T4B,0.7453,0.3792,23.10,11.76,43,1.3871,-1.0079,0.7266,f,6 个月 · 全平台 · 全量 SKU · 2026-07-09
DJ504538_2,US K腿6抽单人游戏桌 一件一箱 颜色->白色碳纤维,ALL,AMAZON,C,T4B,1.1221,0.5709,34.79,17.70,50,1.6129,-1.0420,0.6460,f,6 个月 · 全平台 · 全量 SKU · 2026-07-09
DJ504539_1,EU VD 悬浮床 软包床头 铁框架 灯带 USB插排 1.8*2m 一件一箱 颜色->深灰色,ALL,AMAZON,C,T4B,1.0086,0.5422,31.27,16.81,46,1.4839,-0.9417,0.6346,f,6 个月 · 全平台 · 全量 SKU · 2026-07-09
DJ504542_2,US 梳妆台-VDRM-01圆弧镜玻璃桌面 一件一箱  颜色->白色,ALL,AMAZON,C,T4B,0.7717,0.3704,23.92,11.48,26,0.8387,-0.4683,0.5584,f,6 个月 · 全平台 · 全量 SKU · 2026-07-09
DJ504543_1,US TS08 1米6长11抽悬浮顶电视柜带灯带插排 一件一箱 颜色->黑色,ALL,AMAZON,C,T4A,2.0298,0.9418,62.92,29.20,63,2.0323,-1.0905,0.5366,t,6 个月 · 全平台 · 全量 SKU · 2026-07-09
DJ504543_1,US TS08 1米6长11抽悬浮顶电视柜带灯带插排 一件一箱 颜色->黑色,ALL,UNKNOWN,C,T4B,0.2647,0.1423,8.21,4.41,9,0.2903,-0.1480,0.5099,f,6 个月 · 全平台 · 全量 SKU · 2026-07-09
DJ504543_2,US TS08 1米6长11抽悬浮顶电视柜带灯带插排 一件一箱 颜色->火烧云,ALL,AMAZON,C,T4B,1.2735,0.6480,39.48,20.09,81,2.6129,-1.9649,0.7520,f,6 个月 · 全平台 · 全量 SKU · 2026-07-09
DJ504543_2,US TS08 1米6长11抽悬浮顶电视柜带灯带插排 一件一箱 颜色->火烧云,ALL,UNKNOWN,C,T4B,0.1933,0.0984,5.99,3.05,6,0.1935,-0.0951,0.4916,f,6 个月 · 全平台 · 全量 SKU · 2026-07-09
DJ504546_1,"US 床YL-544T布抽儿童床含灯带、含插盘99*190 颜色->#1,白色",ALL,AMAZON,A,T4A,3.2952,1.5290,102.15,47.40,111,3.5806,-2.0516,0.5730,t,6 个月 · 全平台 · 全量 SKU · 2026-07-09
DJ504546_1,"US 床YL-544T布抽儿童床含灯带、含插盘99*190 颜色->#1,白色",ALL,UNKNOWN,A,T4B,3.1686,1.7034,98.23,52.81,36,1.1613,0.5421,0.4668,f,6 个月 · 全平台 · 全量 SKU · 2026-07-09
DJ504546_2,"US 床YL-544T布抽儿童床含灯带、含插盘99*190 颜色->#2,黑色",ALL,AMAZON,B,T3,3.7136,3.3907,115.12,105.11,111,3.5806,-0.1899,0.0530,t,6 个月 · 全平台 · 全量 SKU · 2026-07-09
DJ504553_1,EU FR 板竹上下双开门128高浴室柜 一个一箱 颜色->白色,ALL,AMAZON,C,T4B,2.3244,0.9483,72.06,29.40,112,3.6129,-2.6646,0.7375,f,6 个月 · 全平台 · 全量 SKU · 2026-07-09
DJ504561_1,EU AG门厅衣帽架 板式全开放格顶部置物 一件两箱  颜色->白色,ALL,AMAZON,C,T4B,0.8420,0.4042,26.10,12.53,89,2.8710,-2.4668,0.8592,f,6 个月 · 全平台 · 全量 SKU · 2026-07-09
DJ504565_1,"US 床YL545 T板式5抽布抽床+集成书柜 灯带+插盘99*190 颜色->#1,白板+白铁",ALL,AMAZON,B,T4A,2.8263,1.3114,87.62,40.65,67,2.1613,-0.8499,0.3932,t,6 个月 · 全平台 · 全量 SKU · 2026-07-09
DJ504565_1,"US 床YL545 T板式5抽布抽床+集成书柜 灯带+插盘99*190 颜色->#1,白板+白铁",ALL,UNKNOWN,B,T4B,1.0891,0.5228,33.76,16.21,54,1.7419,-1.2191,0.6999,f,6 个月 · 全平台 · 全量 SKU · 2026-07-09
DJ504565_2,"US 床YL545 T板式5抽布抽床+集成书柜 灯带+插盘99*190 颜色->#2,灰板+黑铁",ALL,UNKNOWN,C,T4B,0.8164,0.3331,25.31,10.33,21,0.6774,-0.3443,0.5083,f,6 个月 · 全平台 · 全量 SKU · 2026-07-09
DJ504565_3,"US 床YL545 T板式5抽布抽床+集成书柜 灯带+插盘99*190 颜色->#3,黑板+黑铁",ALL,AMAZON,D,T4B,0.4500,0.2160,13.95,6.70,29,0.9355,-0.7195,0.7691,f,6 个月 · 全平台 · 全量 SKU · 2026-07-09
DJ504570_2,"EU KM 铁木床拐角床头软包带柜门 90*200 一件两箱 颜色->黑色,小浮雕黑板灰色床头",ALL,AMAZON,B,T3,3.6468,3.4327,113.05,106.41,150,4.8387,-1.4060,0.2906,t,6 个月 · 全平台 · 全量 SKU · 2026-07-09
DJ504570_2,"EU KM 铁木床拐角床头软包带柜门 90*200 一件两箱 颜色->黑色,小浮雕黑板灰色床头",ALL,UNKNOWN,B,T4B,4.1858,2.0092,129.76,62.29,110,3.5484,-1.5392,0.4338,f,6 个月 · 全平台 · 全量 SKU · 2026-07-09
DJ504570_3,"EU KM 铁木床拐角床头软包带柜门 90*190 一件两箱 颜色->黑色,小浮雕黑板灰色床头",ALL,AMAZON,C,T4B,1.6593,0.7965,51.44,24.69,71,2.2903,-1.4938,0.6522,f,6 个月 · 全平台 · 全量 SKU · 2026-07-09
DJ504570_3,"EU KM 铁木床拐角床头软包带柜门 90*190 一件两箱 颜色->黑色,小浮雕黑板灰色床头",ALL,UNKNOWN,C,T4B,0.5676,0.2316,17.60,7.18,20,0.6452,-0.4136,0.6410,f,6 个月 · 全平台 · 全量 SKU · 2026-07-09
DJ504572_1,US 1.4mX字腿错层板材单人桌 一件一箱 颜色->棕顶+白,ALL,AMAZON,C,T4B,0.8859,0.4252,27.46,13.18,67,2.1613,-1.7361,0.8033,f,6 个月 · 全平台 · 全量 SKU · 2026-07-09
DJ504572_1,US 1.4mX字腿错层板材单人桌 一件一箱 颜色->棕顶+白,ALL,UNKNOWN,C,T4B,0.9165,0.3739,28.41,11.59,39,1.2581,-0.8842,0.7028,f,6 个月 · 全平台 · 全量 SKU · 2026-07-09
DJ504572_2,US 1.4mX字腿错层板材单人桌 一件一箱 颜色->棕顶+黑,ALL,UNKNOWN,C,T4B,1.0308,0.5541,31.95,17.18,66,2.1290,-1.5749,0.7397,f,6 个月 · 全平台 · 全量 SKU · 2026-07-09
DJ504577_1,"US BF 储物柜 DT30 7抽凹槽无把手高柜一件一箱 颜色->#1,黑色小麻",ALL,AMAZON,C,T4B,2.0211,0.8246,62.65,25.56,6,0.1935,0.6311,3.2604,f,6 个月 · 全平台 · 全量 SKU · 2026-07-09
DJ504577_2,"US BF 储物柜 DT30 7抽凹槽无把手高柜一件一箱 颜色->#2,白色小麻",ALL,AMAZON,C,T4A,1.8229,0.8458,56.51,26.22,41,1.3226,-0.4768,0.3605,t,6 个月 · 全平台 · 全量 SKU · 2026-07-09
DJ504580_2,EU DC气动床BQD-01床头两层+灯带+插排HQ603白色麻面+原木色 一件两箱90*200,ALL,AMAZON,C,T4B,0.4365,0.2346,13.53,7.27,14,0.4516,-0.2170,0.4805,f,6 个月 · 全平台 · 全量 SKU · 2026-07-09
DJ504580_3,EU DC气动床BQD-01床头两层+灯带+插排HQ603白色麻面+原木色 一件两箱140*190,ALL,AMAZON,C,T4B,1.1472,0.6167,35.56,19.12,18,0.5806,0.0361,0.0621,f,6 个月 · 全平台 · 全量 SKU · 2026-07-09
DJ504580_5,EU DC气动床BQD-01床头两层+灯带+插排HQ603白色麻面+原木色 一件两箱160*200,ALL,AMAZON,C,T4B,1.0120,0.5441,31.37,16.87,29,0.9355,-0.3914,0.4184,f,6 个月 · 全平台 · 全量 SKU · 2026-07-09
DJ504596_2,US DC 高架床 LLB-01  YL 床+阅读角 T 尺寸 一件一箱 颜色->白色,ALL,UNKNOWN,C,T4B,0.5875,0.2397,18.21,7.43,16,0.5161,-0.2764,0.5356,f,6 个月 · 全平台 · 全量 SKU · 2026-07-09
DJ504596_3,US DC 高架床 LLB-01  YL 床+阅读角 T 尺寸 一件一箱 颜色->粉色,ALL,AMAZON,C,T4B,1.6309,0.6654,50.56,20.63,36,1.1613,-0.4959,0.4270,f,6 个月 · 全平台 · 全量 SKU · 2026-07-09
DJ504609_1,US VD 板式悬浮床 掀盖软包靠背 T 一件一箱 颜色->黑色,ALL,AMAZON,C,T4B,0.8679,0.4666,26.90,14.46,45,1.4516,-0.9850,0.6786,f,6 个月 · 全平台 · 全量 SKU · 2026-07-09
DJ504610_1,US VD 板式悬浮床 掀盖软包靠背 F 一件一箱 颜色->黑色,ALL,AMAZON,C,T4B,1.5507,0.8337,48.07,25.84,112,3.6129,-2.7792,0.7692,f,6 个月 · 全平台 · 全量 SKU · 2026-07-09
DJ504610_2,US VD 板式悬浮床 掀盖软包靠背 F 一件一箱 颜色->白色,ALL,AMAZON,C,T4B,1.0348,0.5265,32.08,16.32,67,2.1613,-1.6348,0.7564,f,6 个月 · 全平台 · 全量 SKU · 2026-07-09
DJ504611_2,US VD 板式悬浮床 掀盖软包靠背 Q 一件一箱 颜色->白色,ALL,AMAZON,C,T4B,1.0664,0.5426,33.06,16.82,54,1.7419,-1.1993,0.6885,f,6 个月 · 全平台 · 全量 SKU · 2026-07-09
DJ504612_1,US DC 铁木床 CBF-02L 方管铁木角落床带抽篮-113  白 T 一件一箱,ALL,AMAZON,B,T3,6.0764,5.4970,188.37,170.41,154,4.9677,0.5293,0.1065,t,6 个月 · 全平台 · 全量 SKU · 2026-07-09
DJ504613_2,EU DC 铁木床 CBF-11L 方管铁木角落床带抽篮-138 白 90×200 一件两箱,ALL,AMAZON,C,T4B,0.8920,0.4538,27.65,14.07,0,0.0000,0.4538,,f,6 个月 · 全平台 · 全量 SKU · 2026-07-09
DJ504615,EU BW BSS-01 床头软包倾斜靠背+灯带+插排BD 灰色+火烧色 一件一箱 90*200,ALL,AMAZON,C,T4B,0.7380,0.3755,22.88,11.64,36,1.1613,-0.7858,0.6767,f,6 个月 · 全平台 · 全量 SKU · 2026-07-09
DJ504616,EU BW BSS-02 床头软包倾斜靠背+灯带+插排BD 灰色+火烧色 一件两箱 90*200,ALL,AMAZON,C,T4B,1.4381,0.6903,44.58,21.40,54,1.7419,-1.0516,0.6037,f,6 个月 · 全平台 · 全量 SKU · 2026-07-09
DJ504620_1,"EU KM 软包床-床头斜线绗缝 单包装 基础款 尺码->L,140*190;颜色->白色,PU-白",ALL,AMAZON,C,T4A,2.8469,1.1228,88.25,34.81,48,1.5484,-0.4256,0.2749,t,6 个月 · 全平台 · 全量 SKU · 2026-07-09
DJ504620_2,"EU KM 软包床-床头斜线绗缝 单包装 基础款 尺码->XL,140*200;颜色>白色,PU-白",ALL,AMAZON,C,T4B,0.7401,0.3020,22.94,9.36,71,2.2903,-1.9883,0.8681,f,6 个月 · 全平台 · 全量 SKU · 2026-07-09
DJ504621_3,US TS04s 6抽1米6电视柜带灯带插排 颜色->白色,ALL,AMAZON,D,T4B,0.7562,0.3847,23.44,11.93,0,0.0000,0.3847,,f,6 个月 · 全平台 · 全量 SKU · 2026-07-09
DJ504622_1,US VD 板式床 掀盖软包靠背 双灯带 4抽 T款 一件一箱 颜色->黑色,ALL,AMAZON,B,T4B,1.5374,0.7822,47.66,24.25,55,1.7742,-0.9920,0.5591,f,6 个月 · 全平台 · 全量 SKU · 2026-07-09
DJ504622_1,US VD 板式床 掀盖软包靠背 双灯带 4抽 T款 一件一箱 颜色->黑色,ALL,TIKTOK,B,T4B,0.3445,0.1654,10.68,5.13,18,0.5806,-0.4152,0.7151,f,6 个月 · 全平台 · 全量 SKU · 2026-07-09
DJ504622_1,US VD 板式床 掀盖软包靠背 双灯带 4抽 T款 一件一箱 颜色->黑色,ALL,UNKNOWN,B,T4B,0.7841,0.4215,24.31,13.07,34,1.0968,-0.6753,0.6157,f,6 个月 · 全平台 · 全量 SKU · 2026-07-09
DJ504622_2,US VD 板式床 掀盖软包靠背 双灯带 4抽 T款 一件一箱 颜色->白色,ALL,AMAZON,C,T4B,1.4362,0.5860,44.52,18.17,19,0.6129,-0.0269,0.0439,f,6 个月 · 全平台 · 全量 SKU · 2026-07-09
DJ504622_2,US VD 板式床 掀盖软包靠背 双灯带 4抽 T款 一件一箱 颜色->白色,ALL,UNKNOWN,C,T4B,0.6748,0.3239,20.92,10.04,2,0.0645,0.2594,4.0204,f,6 个月 · 全平台 · 全量 SKU · 2026-07-09
DJ504625_1,US 6抽错层亚克力柜门L高桌 一件一箱 颜色->火烧云,ALL,AMAZON,C,T3,4.0353,3.7549,125.09,116.40,118,3.8065,-0.0516,0.0135,t,6 个月 · 全平台 · 全量 SKU · 2026-07-09
DJ504625_2,US 6抽错层亚克力柜门L高桌 一件一箱 颜色->黑色,ALL,AMAZON,C,T3,5.3407,5.2168,165.56,161.72,194,6.2581,-1.0413,0.1664,t,6 个月 · 全平台 · 全量 SKU · 2026-07-09
DJ504625_2,US 6抽错层亚克力柜门L高桌 一件一箱 颜色->黑色,ALL,UNKNOWN,C,T4B,0.2737,0.1472,8.48,4.56,24,0.7742,-0.6270,0.8099,f,6 个月 · 全平台 · 全量 SKU · 2026-07-09
DJ504625_3,US 6抽错层亚克力柜门L高桌 一件一箱 颜色->白色,ALL,AMAZON,C,T4B,0.6071,0.2914,18.82,9.03,75,2.4194,-2.1280,0.8796,f,6 个月 · 全平台 · 全量 SKU · 2026-07-09
DJ504625_4,US 6抽错层亚克力柜门L高桌 一件一箱 颜色->989-3浅灰色,ALL,AMAZON,C,T4B,0.8071,0.3874,25.02,12.01,72,2.3226,-1.9352,0.8332,f,6 个月 · 全平台 · 全量 SKU · 2026-07-09
DJ504632_3,US SD L桌四抽带一组亚克力门  一件一箱 颜色->黑麻,ALL,AMAZON,C,T4B,3.2580,1.3293,101.00,41.21,184,5.9355,-4.6062,0.7760,f,6 个月 · 全平台 · 全量 SKU · 2026-07-09
DJ504636_2,"EU KM 铁木床洞洞板基础款 一箱一件 尺码->L,140*190;颜色->棕色,复古色",ALL,AMAZON,C,T4B,2.0791,1.1177,64.45,34.65,2,0.0645,1.0532,16.3243,f,6 个月 · 全平台 · 全量 SKU · 2026-07-09
DJ504636_4,"EU KM 铁木床洞洞板基础款 一箱一件 尺码->XL,140*200;颜色->棕色,复古色",ALL,AMAZON,C,T4B,0.5725,0.3078,17.75,9.54,164,5.2903,-4.9825,0.9418,f,6 个月 · 全平台 · 全量 SKU · 2026-07-09
DJ504636_4,"EU KM 铁木床洞洞板基础款 一箱一件 尺码->XL,140*200;颜色->棕色,复古色",ALL,UNKNOWN,C,T4B,0.1451,0.0780,4.50,2.42,4,0.1290,-0.0510,0.3955,f,6 个月 · 全平台 · 全量 SKU · 2026-07-09
DJ504636_8,"EU KM 铁木床洞洞板基础款 一箱一件 尺码->XXL,160*200;颜色->棕色,复古色",ALL,AMAZON,C,T4B,0.3093,0.1663,9.59,5.16,119,3.8387,-3.6724,0.9567,f,6 个月 · 全平台 · 全量 SKU · 2026-07-09
DJ504642_1,US SD 2米L桌带亚克力门文件柜  一件一箱 颜色->火烧云,ALL,AMAZON,C,T4A,2.1748,1.0091,67.42,31.28,91,2.9355,-1.9264,0.6562,t,6 个月 · 全平台 · 全量 SKU · 2026-07-09
DJ504642_1,US SD 2米L桌带亚克力门文件柜  一件一箱 颜色->火烧云,ALL,UNKNOWN,C,T4B,0.3133,0.1504,9.71,4.66,10,0.3226,-0.1722,0.5338,f,6 个月 · 全平台 · 全量 SKU · 2026-07-09
DJ504642_2,US SD 2米L桌带亚克力门文件柜  一件一箱 颜色->黑麻,ALL,AMAZON,C,T3,4.9286,4.5442,152.79,140.87,189,6.0968,-1.5526,0.2547,t,6 个月 · 全平台 · 全量 SKU · 2026-07-09
DJ504642_3,US SD 2米L桌带亚克力门文件柜  一件一箱 颜色->白麻,ALL,AMAZON,C,T4B,1.8897,0.9071,58.58,28.12,65,2.0968,-1.1897,0.5674,f,6 个月 · 全平台 · 全量 SKU · 2026-07-09
DJ504644_1,"EU KM 板式展示柜玻璃带灯 一箱一个 颜色->白色,麻面白",ALL,AMAZON,C,T4B,1.4940,0.6096,46.31,18.90,36,1.1613,-0.5517,0.4751,f,6 个月 · 全平台 · 全量 SKU · 2026-07-09
DJ504644_1,"EU KM 板式展示柜玻璃带灯 一箱一个 颜色->白色,麻面白",ALL,UNKNOWN,C,T4B,0.7065,0.3391,21.90,10.51,10,0.3226,0.0165,0.0512,f,6 个月 · 全平台 · 全量 SKU · 2026-07-09
DJ504647_1,UK DC 悬浮床BXF-Q01 602 HQ 灰色麻布+火烧色 一件两箱135*190,ALL,AMAZON,C,T4B,1.6091,0.8187,49.88,25.38,77,2.4839,-1.6652,0.6704,f,6 个月 · 全平台 · 全量 SKU · 2026-07-09
DJ504647_2,UK DC 悬浮床BXF-Q01 602 HQ 灰色麻布+火烧色 一件两箱 150*200,ALL,AMAZON,C,T4B,1.2187,0.5850,37.78,18.14,65,2.0968,-1.5118,0.7210,f,6 个月 · 全平台 · 全量 SKU · 2026-07-09
DJ504648_1,"UK DC气动床BQD-01 603 HQ 灰色麻布+火烧色一件两箱,90*190",ALL,AMAZON,B,T3,4.2006,4.2342,130.22,131.26,150,4.8387,-0.6045,0.1249,t,6 个月 · 全平台 · 全量 SKU · 2026-07-09
DJ504648_2,UK DC气动床BQD-01 603 HQ 灰色麻布+火烧色一件两箱 135*190,ALL,AMAZON,B,T4A,2.9258,1.5205,90.70,47.14,69,2.2258,-0.7053,0.3169,t,6 个月 · 全平台 · 全量 SKU · 2026-07-09
DJ504648_3,UK DC气动床BQD-01 603 HQ 灰色麻布+火烧色一件两箱 150*200,ALL,AMAZON,C,T4A,2.4635,1.2802,76.37,39.69,96,3.0968,-1.8166,0.5866,t,6 个月 · 全平台 · 全量 SKU · 2026-07-09
DJ504648_4,"UK DC气动床BQD-01 603 灰色麻布+火烧色一件两箱,120*190",ALL,AMAZON,D,T4B,1.0857,0.5211,33.66,16.15,88,2.8387,-2.3176,0.8164,f,6 个月 · 全平台 · 全量 SKU · 2026-07-09
DJ504649_1,US YW01 7抽帐篷低阁楼床带2条灯带床头置物袋 颜色->白色,ALL,AMAZON,A,T3,6.5461,6.1462,202.93,190.53,90,2.9032,3.2430,1.1170,t,6 个月 · 全平台 · 全量 SKU · 2026-07-09
DJ504649_2,US YW01 7抽帐篷低阁楼床带2条灯带床头置物袋 颜色->黑色,ALL,AMAZON,A,T3,10.5606,11.0886,327.38,343.75,206,6.6452,4.4434,0.6687,t,6 个月 · 全平台 · 全量 SKU · 2026-07-09
DJ504649_2,US YW01 7抽帐篷低阁楼床带2条灯带床头置物袋 颜色->黑色,ALL,WALMART,A,T4B,0.5862,0.2392,18.17,7.42,14,0.4516,-0.2124,0.4703,f,6 个月 · 全平台 · 全量 SKU · 2026-07-09
DJ504649_3,US YW01 7抽帐篷低阁楼床带2条灯带床头置物袋 颜色->粉色,ALL,AMAZON,A,T2,12.7336,9.9322,394.74,307.90,145,4.6774,5.2548,1.1234,t,6 个月 · 全平台 · 全量 SKU · 2026-07-09
DJ504649_3,US YW01 7抽帐篷低阁楼床带2条灯带床头置物袋 颜色->粉色,ALL,TIKTOK,A,T4B,1.1198,0.6020,34.71,18.66,51,1.6452,-1.0432,0.6341,f,6 个月 · 全平台 · 全量 SKU · 2026-07-09
DJ504649_3,US YW01 7抽帐篷低阁楼床带2条灯带床头置物袋 颜色->粉色,ALL,UNKNOWN,A,T4B,1.5151,0.6182,46.97,19.16,65,2.0968,-1.4786,0.7052,f,6 个月 · 全平台 · 全量 SKU · 2026-07-09
DJ504652_1,US VD 板式床 乡村风掀盖米字拼框 5抽 T款 一件一箱 颜色->白色,ALL,AMAZON,C,T4B,1.0235,0.5502,31.73,17.06,116,3.7419,-3.1917,0.8530,f,6 个月 · 全平台 · 全量 SKU · 2026-07-09
DJ504652_2,US VD 板式床 乡村风掀盖米字拼框 5抽 T款 一件一箱 颜色->棕色,ALL,AMAZON,C,T4B,0.4357,0.2091,13.51,6.48,17,0.5484,-0.3393,0.6187,f,6 个月 · 全平台 · 全量 SKU · 2026-07-09
DJ504656_3,EU MS 猫爬架 1吊床1猫屋2平台 150cm 一件一箱 颜色->浅灰色,ALL,AMAZON,B,T3,4.4029,4.6231,136.49,143.32,105,3.3871,1.2360,0.3649,t,6 个月 · 全平台 · 全量 SKU · 2026-07-09
DJ504657_1,"US HA 书桌 VT05 5抽单压波浪纹加高梳妆台玻璃柜+七彩流光灯+插座 颜色->#1,原木色",ALL,AMAZON,C,T4B,1.3231,0.7113,41.02,22.05,70,2.2581,-1.5468,0.6850,f,6 个月 · 全平台 · 全量 SKU · 2026-07-09
DJ504657_1,"US HA 书桌 VT05 5抽单压波浪纹加高梳妆台玻璃柜+七彩流光灯+插座 颜色->#1,原木色",ALL,UNKNOWN,C,T4B,0.2824,0.1518,8.75,4.71,18,0.5806,-0.4288,0.7386,f,6 个月 · 全平台 · 全量 SKU · 2026-07-09
DJ504657_2,"US HA 书桌 VT05 5抽单压波浪纹加高梳妆台玻璃柜+七彩流光灯+插座 颜色->#2,白色麻点",ALL,AMAZON,D,T4B,1.0241,0.5505,31.75,17.07,0,0.0000,0.5505,,f,6 个月 · 全平台 · 全量 SKU · 2026-07-09
DJ504657_2,"US HA 书桌 VT05 5抽单压波浪纹加高梳妆台玻璃柜+七彩流光灯+插座 颜色->#2,白色麻点",ALL,TIKTOK,D,T4B,0.1406,0.0756,4.36,2.34,0,0.0000,0.0756,,f,6 个月 · 全平台 · 全量 SKU · 2026-07-09
DJ504657_2,"US HA 书桌 VT05 5抽单压波浪纹加高梳妆台玻璃柜+七彩流光灯+插座 颜色->#2,白色麻点",ALL,UNKNOWN,D,T4B,0.3637,0.1955,11.27,6.06,0,0.0000,0.1955,,f,6 个月 · 全平台 · 全量 SKU · 2026-07-09
DJ504659_1,"EU KM 铁木 床头拼板3灯带 单包 尺码->L,140*190;颜色->黑色,包覆-麻面黑",ALL,AMAZON,C,T4B,1.9286,1.0368,59.79,32.14,17,0.5484,0.4884,0.8906,f,6 个月 · 全平台 · 全量 SKU · 2026-07-09
DJ504659_2,"EU KM 铁木 床头拼板3灯带 单包 尺码->XL,140*200;颜色->黑色,包覆-麻面黑",ALL,AMAZON,C,T4B,0.5460,0.2778,16.93,8.61,45,1.4516,-1.1738,0.8086,f,6 个月 · 全平台 · 全量 SKU · 2026-07-09
DJ504660_1,US DC 高架床 TB-01  YL 床尾二抽 三T床上桌款 一件两箱 颜色->黑色,ALL,AMAZON,B,T3,4.0735,3.8063,126.28,118.00,119,3.8387,-0.0324,0.0084,t,6 个月 · 全平台 · 全量 SKU · 2026-07-09
DJ504660_1,US DC 高架床 TB-01  YL 床尾二抽 三T床上桌款 一件两箱 颜色->黑色,ALL,UNKNOWN,B,T4B,1.5077,0.8105,46.74,25.13,72,2.3226,-1.5121,0.6510,f,6 个月 · 全平台 · 全量 SKU · 2026-07-09
DJ504660_2,US DC 高架床 TB-01  YL 床尾二抽 三T床上桌款 一件两箱 颜色->白色,ALL,AMAZON,C,T4B,2.3779,0.9702,73.71,30.08,68,2.1935,-1.2233,0.5577,f,6 个月 · 全平台 · 全量 SKU · 2026-07-09
DJ504660_2,US DC 高架床 TB-01  YL 床尾二抽 三T床上桌款 一件两箱 颜色->白色,ALL,UNKNOWN,C,T4B,0.4297,0.2310,13.32,7.16,30,0.9677,-0.7367,0.7613,f,6 个月 · 全平台 · 全量 SKU · 2026-07-09
DJ504672_1,US TS11 板式六抽圆柱支撑顶电视柜带电视支架 颜色->黑色,ALL,UNKNOWN,C,T4B,0.5810,0.3124,18.01,9.68,36,1.1613,-0.8489,0.7310,f,6 个月 · 全平台 · 全量 SKU · 2026-07-09
DJ504672_2,US TS11 板式六抽圆柱支撑顶电视柜带电视支架 颜色->白色,ALL,AMAZON,C,T4B,1.0620,0.5097,32.92,15.80,64,2.0645,-1.5548,0.7531,f,6 个月 · 全平台 · 全量 SKU · 2026-07-09
DJ504672_2,US TS11 板式六抽圆柱支撑顶电视柜带电视支架 颜色->白色,ALL,UNKNOWN,C,T4B,0.4193,0.2254,13.00,6.99,12,0.3871,-0.1617,0.4177,f,6 个月 · 全平台 · 全量 SKU · 2026-07-09
DJ504676_1,"US UA 拱顶带灯狭缝柜 一件一箱 颜色->黑色,山纹黑",ALL,AMAZON,C,T4A,2.1871,1.0148,67.80,31.46,81,2.6129,-1.5981,0.6116,t,6 个月 · 全平台 · 全量 SKU · 2026-07-09
DJ504676_1,"US UA 拱顶带灯狭缝柜 一件一箱 颜色->黑色,山纹黑",ALL,UNKNOWN,C,T4B,0.8355,0.4011,25.90,12.43,24,0.7742,-0.3731,0.4819,f,6 个月 · 全平台 · 全量 SKU · 2026-07-09
DJ504676_2,"US UA 拱顶带灯狭缝柜 一件一箱 颜色->黄色,橡木黄",ALL,AMAZON,C,T4B,1.5872,0.7618,49.20,23.62,86,2.7742,-2.0124,0.7254,f,6 个月 · 全平台 · 全量 SKU · 2026-07-09
DJ504676_2,"US UA 拱顶带灯狭缝柜 一件一箱 颜色->黄色,橡木黄",ALL,UNKNOWN,C,T4B,0.6230,0.3170,19.31,9.83,36,1.1613,-0.8443,0.7270,f,6 个月 · 全平台 · 全量 SKU · 2026-07-09
DJ504680_9,EU KM 软包床-双灯带液压床 尺码->XXL 160*200 ;颜色->深灰色 亚麻,ALL,AMAZON,C,T4B,0.1357,0.0651,4.21,2.02,4,0.1290,-0.0639,0.4955,f,6 个月 · 全平台 · 全量 SKU · 2026-07-09
DJ504687_1,UK AG 铁木软包床 英标排插 灯带 床垫150*200cm 一件一箱 颜色->深灰色,ALL,AMAZON,C,T4B,1.0683,0.5435,33.12,16.85,0,0.0000,0.5435,,f,6 个月 · 全平台 · 全量 SKU · 2026-07-09
DJ504688_1,UK AG 悬浮床 软包床头 铁框架 英标排插 灯带 床垫135*190cm 一件一箱 颜色->深灰色,ALL,AMAZON,C,T4B,0.9308,0.5004,28.85,15.51,99,3.1935,-2.6931,0.8433,f,6 个月 · 全平台 · 全量 SKU · 2026-07-09
DJ504688_1,UK AG 悬浮床 软包床头 铁框架 英标排插 灯带 床垫135*190cm 一件一箱 颜色->深灰色,ALL,UNKNOWN,C,T4B,0.4143,0.1989,12.84,6.17,78,2.5161,-2.3172,0.9209,f,6 个月 · 全平台 · 全量 SKU · 2026-07-09
DJ504688_2,UK AG 悬浮床 软包床头 铁框架 英标排插 灯带 床垫135*190cm 一件一箱 颜色->米白,ALL,AMAZON,C,T4B,0.2214,0.1063,6.86,3.30,14,0.4516,-0.3453,0.7646,f,6 个月 · 全平台 · 全量 SKU · 2026-07-09
DJ504688_2,UK AG 悬浮床 软包床头 铁框架 英标排插 灯带 床垫135*190cm 一件一箱 颜色->米白,ALL,UNKNOWN,C,T4B,0.1143,0.0549,3.54,1.70,20,0.6452,-0.5903,0.9149,f,6 个月 · 全平台 · 全量 SKU · 2026-07-09
DJ504689_1,UK AG 悬浮床 软包床头 铁框架 英标排插 灯带 床垫150*200cm 一件一箱 颜色->深灰色,ALL,AMAZON,C,T4B,0.4109,0.1677,12.74,5.20,12,0.3871,-0.2194,0.5668,f,6 个月 · 全平台 · 全量 SKU · 2026-07-09
DJ504689_1,UK AG 悬浮床 软包床头 铁框架 英标排插 灯带 床垫150*200cm 一件一箱 颜色->深灰色,ALL,UNKNOWN,C,T4B,0.1286,0.0617,3.99,1.91,15,0.4839,-0.4222,0.8725,f,6 个月 · 全平台 · 全量 SKU · 2026-07-09
DJ504691_1,UK AG 悬浮床 侧边托盘 英标排插 灯带 床垫150*200cm 一件一箱 颜色->黑色,ALL,AMAZON,C,T4B,1.1958,0.6084,37.07,18.86,4,0.1290,0.4794,3.7151,f,6 个月 · 全平台 · 全量 SKU · 2026-07-09
DJ504692_1,UK AG JYH210A 棉麻软包气杆床 靠背2档调节 双灯带 135*190cm 一件两箱 颜色->深灰色,ALL,UNKNOWN,B,T4B,0.2857,0.1371,8.86,4.25,66,2.1290,-1.9919,0.9356,f,6 个月 · 全平台 · 全量 SKU · 2026-07-09
DJ504692_2,UK AG JYH210A 棉麻软包气杆床 靠背2档调节 双灯带 135*190cm 一件两箱 颜色->米白,ALL,UNKNOWN,C,T4B,0.3000,0.1440,9.30,4.46,24,0.7742,-0.6302,0.8140,f,6 个月 · 全平台 · 全量 SKU · 2026-07-09
DJ504693_1,UK AG JYH210A 棉麻软包气杆床 靠背2档调节 双灯带 150*200cm 一件两箱 颜色->深灰色,ALL,AMAZON,C,T4B,1.6560,0.8425,51.34,26.12,62,2.0000,-1.1575,0.5788,f,6 个月 · 全平台 · 全量 SKU · 2026-07-09
DJ504693_1,UK AG JYH210A 棉麻软包气杆床 靠背2档调节 双灯带 150*200cm 一件两箱 颜色->深灰色,ALL,UNKNOWN,C,T4B,0.2286,0.1097,7.09,3.40,23,0.7419,-0.6322,0.8521,f,6 个月 · 全平台 · 全量 SKU · 2026-07-09
DJ504693_2,UK AG JYH210A 棉麻软包气杆床 靠背2档调节 双灯带 150*200cm 一件两箱 颜色->米白,ALL,AMAZON,C,T4B,0.4082,0.2195,12.65,6.80,28,0.9032,-0.6837,0.7570,f,6 个月 · 全平台 · 全量 SKU · 2026-07-09
DJ504701_1,EU AG灯芯绒 床围环绕灯带 1.4*1.9m气杆床 2AC+1U1T插孔 一件两箱 颜色->米白,ALL,AMAZON,C,T4B,1.3044,0.7012,40.44,21.74,121,3.9032,-3.2020,0.8204,f,6 个月 · 全平台 · 全量 SKU · 2026-07-09
DJ504701_2,EU AG灯芯绒床围环绕灯带 1.4*1.9m气杆床 2AC+1U1T插孔 一件两箱 颜色->深灰色,ALL,AMAZON,C,T4B,0.4500,0.2160,13.95,6.70,62,2.0000,-1.7840,0.8920,f,6 个月 · 全平台 · 全量 SKU · 2026-07-09
DJ504702_1,EU AG灯芯绒 床围环绕灯带 1.4*2m气杆床 2AC+1U1T插孔 一件两箱 颜色->米白,ALL,AMAZON,C,T4B,0.6687,0.3595,20.73,11.14,57,1.8387,-1.4792,0.8045,f,6 个月 · 全平台 · 全量 SKU · 2026-07-09
DJ504702_1,EU AG灯芯绒 床围环绕灯带 1.4*2m气杆床 2AC+1U1T插孔 一件两箱 颜色->米白,ALL,UNKNOWN,C,T4B,0.1830,0.0984,5.67,3.05,5,0.1613,-0.0629,0.3899,f,6 个月 · 全平台 · 全量 SKU · 2026-07-09
DJ504702_2,EU AG灯芯绒 床围环绕灯带 1.4*2m气杆床 2AC+1U1T插孔 一件两箱 颜色->深灰色,ALL,AMAZON,C,T4B,1.4379,0.7730,44.57,23.96,105,3.3871,-2.6141,0.7718,f,6 个月 · 全平台 · 全量 SKU · 2026-07-09
DJ504702_2,EU AG灯芯绒 床围环绕灯带 1.4*2m气杆床 2AC+1U1T插孔 一件两箱 颜色->深灰色,ALL,UNKNOWN,C,T4B,0.3192,0.1716,9.90,5.32,16,0.5161,-0.3445,0.6675,f,6 个月 · 全平台 · 全量 SKU · 2026-07-09
DJ504705_1,"US UA 高款罗马柱床头柜带灯带插排 一件一箱 颜色->白色,做旧白+刀砍纹棕",ALL,AMAZON,C,T4B,0.2714,0.1303,8.41,4.04,10,0.3226,-0.1923,0.5961,f,6 个月 · 全平台 · 全量 SKU · 2026-07-09
DJ504705_1,"US UA 高款罗马柱床头柜带灯带插排 一件一箱 颜色->白色,做旧白+刀砍纹棕",ALL,WALMART,C,T4B,0.2929,0.1406,9.08,4.36,18,0.5806,-0.4400,0.7579,f,6 个月 · 全平台 · 全量 SKU · 2026-07-09
DJ504705_2,"US UA 高款罗马柱床头柜带灯带插排 一件一箱 颜色->棕色,刀砍纹棕",ALL,AMAZON,C,T4B,0.7402,0.3553,22.95,11.01,37,1.1935,-0.8382,0.7023,f,6 个月 · 全平台 · 全量 SKU · 2026-07-09
DJ504705_2,"US UA 高款罗马柱床头柜带灯带插排 一件一箱 颜色->棕色,刀砍纹棕",ALL,WALMART,C,T4B,0.2780,0.1495,8.62,4.63,23,0.7419,-0.5924,0.7985,f,6 个月 · 全平台 · 全量 SKU · 2026-07-09
DJ504707_1,US 板式带玻璃门升降咖啡桌 一件一箱 颜色->白色,ALL,AMAZON,C,T4B,0.4357,0.2091,13.51,6.48,18,0.5806,-0.3715,0.6399,f,6 个月 · 全平台 · 全量 SKU · 2026-07-09
DJ504707_2,US 板式带玻璃门升降咖啡桌 一件一箱 颜色->黑色,ALL,AMAZON,C,T4A,2.0065,0.7914,62.20,24.53,113,3.6452,-2.8538,0.7829,t,6 个月 · 全平台 · 全量 SKU · 2026-07-09
DJ504717_1,US 单人升降桌带竖条凹槽腿 一件一箱 颜色->棕色,ALL,AMAZON,C,T4B,0.9516,0.5116,29.50,15.86,19,0.6129,-0.1013,0.1653,f,6 个月 · 全平台 · 全量 SKU · 2026-07-09
DJ504717_2,US 单人升降桌带竖条凹槽腿 一件一箱 颜色->棕色+白色,ALL,AMAZON,C,T4B,0.3709,0.1994,11.50,6.18,26,0.8387,-0.6393,0.7623,f,6 个月 · 全平台 · 全量 SKU · 2026-07-09
DJ504717_2,US 单人升降桌带竖条凹槽腿 一件一箱 颜色->棕色+白色,ALL,TEMU,C,T4B,0.2544,0.1368,7.89,4.24,24,0.7742,-0.6374,0.8233,f,6 个月 · 全平台 · 全量 SKU · 2026-07-09
DJ504717_2,US 单人升降桌带竖条凹槽腿 一件一箱 颜色->棕色+白色,ALL,UNKNOWN,C,T4B,0.1786,0.0857,5.54,2.66,5,0.1613,-0.0756,0.4687,f,6 个月 · 全平台 · 全量 SKU · 2026-07-09
DJ504717_2,US 单人升降桌带竖条凹槽腿 一件一箱 颜色->棕色+白色,ALL,WALMART,C,T4B,0.3808,0.2047,11.80,6.35,14,0.4516,-0.2469,0.5467,f,6 个月 · 全平台 · 全量 SKU · 2026-07-09
DJ504717_3,US 单人升降桌带竖条凹槽腿 一件一箱 颜色->白色,ALL,AMAZON,C,T4B,0.3599,0.1935,11.16,6.00,29,0.9355,-0.7420,0.7932,f,6 个月 · 全平台 · 全量 SKU · 2026-07-09
DJ504717_3,US 单人升降桌带竖条凹槽腿 一件一箱 颜色->白色,ALL,TEMU,C,T4B,0.3137,0.1687,9.72,5.23,23,0.7419,-0.5732,0.7726,f,6 个月 · 全平台 · 全量 SKU · 2026-07-09
DJ504717_3,US 单人升降桌带竖条凹槽腿 一件一箱 颜色->白色,ALL,WALMART,C,T4B,0.3808,0.2047,11.80,6.35,5,0.1613,0.0434,0.2691,f,6 个月 · 全平台 · 全量 SKU · 2026-07-09
DJ504719_1,UK KM 喷漆水槽柜60cm两抽金属底脚 一箱一个 颜色->白色,ALL,AMAZON,C,T4B,0.8099,0.4354,25.11,13.50,17,0.5484,-0.1130,0.2060,f,6 个月 · 全平台 · 全量 SKU · 2026-07-09
DJ504722_2,"UK KM 铁木床洞洞板基础款 一箱一件 尺码->#11,英标135*190;颜色->棕色,复古色",ALL,AMAZON,C,T4B,1.9588,1.0530,60.72,32.64,67,2.1613,-1.1083,0.5128,f,6 个月 · 全平台 · 全量 SKU · 2026-07-09
DJ504742_3,US SD L桌带抽屉六抽款 一件一箱 颜色->989-3灰色,ALL,AMAZON,C,T4A,2.5781,1.1962,79.92,37.08,30,0.9677,0.2285,0.2361,t,6 个月 · 全平台 · 全量 SKU · 2026-07-09
DJ504743_1,US 双高架K腿L高桌 一件一箱 颜色->火烧云,ALL,AMAZON,C,T3,5.1956,4.9566,161.06,153.65,200,6.4516,-1.4950,0.2317,t,6 个月 · 全平台 · 全量 SKU · 2026-07-09
DJ504743_2,US 双高架K腿L高桌 一件一箱 颜色->黑色,ALL,AMAZON,B,T2,9.4070,8.0204,291.62,248.63,238,7.6774,0.3430,0.0447,t,6 个月 · 全平台 · 全量 SKU · 2026-07-09
DJ504743_3,US 双高架K腿L高桌 一件一箱 颜色->白色,ALL,AMAZON,C,T3,4.7431,4.5249,147.04,140.27,98,3.1613,1.3636,0.4313,t,6 个月 · 全平台 · 全量 SKU · 2026-07-09
DJ504744_1,US SD 1.6m5抽L桌带排插 一件一箱  颜色->黑色,ALL,AMAZON,C,T4B,1.8269,0.9295,56.63,28.81,62,2.0000,-1.0705,0.5353,f,6 个月 · 全平台 · 全量 SKU · 2026-07-09
DJ504744_1,US SD 1.6m5抽L桌带排插 一件一箱  颜色->黑色,ALL,WALMART,C,T4B,0.4203,0.2139,13.03,6.63,5,0.1613,0.0526,0.3262,f,6 个月 · 全平台 · 全量 SKU · 2026-07-09
DJ504744_2,US SD 1.6m5抽L桌带排插 一件一箱  颜色->火烧云,ALL,AMAZON,C,T4A,2.5693,1.3352,79.65,41.39,50,1.6129,-0.2777,0.1722,t,6 个月 · 全平台 · 全量 SKU · 2026-07-09
DJ504744_2,US SD 1.6m5抽L桌带排插 一件一箱  颜色->火烧云,ALL,TEMU,C,T4B,0.1357,0.0651,4.21,2.02,3,0.0968,-0.0317,0.3273,f,6 个月 · 全平台 · 全量 SKU · 2026-07-09
DJ504751_1,US GS01 8抽转角铁床可左右换装含插排灯带床沿挡片 一件一箱 颜色->黑色,ALL,UNKNOWN,C,T4B,1.0515,0.4290,32.60,13.30,40,1.2903,-0.8613,0.6675,f,6 个月 · 全平台 · 全量 SKU · 2026-07-09
DJ504759_3,US SD 1.7米五抽单人桌  一件一箱  颜色->白色,ALL,AMAZON,C,T4B,1.5451,0.7861,47.90,24.37,14,0.4516,0.3345,0.7407,f,6 个月 · 全平台 · 全量 SKU · 2026-07-09
DJ504762_1,US SD T字双人桌 一件一箱  颜色->黑色,ALL,AMAZON,C,T4B,2.5835,1.0541,80.09,32.68,107,3.4516,-2.3975,0.6946,f,6 个月 · 全平台 · 全量 SKU · 2026-07-09
DJ504762_2,US SD T字双人桌 一件一箱  颜色->火烧云,ALL,AMAZON,C,T4A,2.6364,1.2233,81.73,37.92,68,2.1935,-0.9702,0.4423,t,6 个月 · 全平台 · 全量 SKU · 2026-07-09
DJ504762_2_WF,US SD T字双人桌 一件一箱  颜色->火烧云,ALL,UNKNOWN,C,T4B,0.9358,0.4761,29.01,14.76,40,1.2903,-0.8142,0.6310,f,6 个月 · 全平台 · 全量 SKU · 2026-07-09
DJ504762_3,US SD T字双人桌 一件一箱  颜色->白色,ALL,AMAZON,C,T4B,1.0511,0.4288,32.58,13.29,27,0.8710,-0.4422,0.5077,f,6 个月 · 全平台 · 全量 SKU · 2026-07-09
DJ504762_3,US SD T字双人桌 一件一箱  颜色->白色,ALL,UNKNOWN,C,T4B,0.2022,0.0825,6.27,2.56,16,0.5161,-0.4336,0.8402,f,6 个月 · 全平台 · 全量 SKU · 2026-07-09
DJ504762_4,US SD T字双人桌 一件一箱  颜色->碳纤维黑色,ALL,AMAZON,C,T4B,1.5366,0.7376,47.63,22.87,35,1.1290,-0.3914,0.3467,f,6 个月 · 全平台 · 全量 SKU · 2026-07-09
DJ504764_1,"US 床YL-412T 柜体沙发床+桌面 含灯带、插盘99*190 颜色->#1,白色",ALL,AMAZON,A,T4A,3.0783,1.4283,95.43,44.28,96,3.0968,-1.6685,0.5388,t,6 个月 · 全平台 · 全量 SKU · 2026-07-09
DJ504764_2,"US 床YL-412T 柜体沙发床+桌面 含灯带、插盘99*190 颜色->#2,黑铁+灰板",ALL,AMAZON,A,T4B,2.3873,1.1459,74.01,35.52,40,1.2903,-0.1444,0.1119,f,6 个月 · 全平台 · 全量 SKU · 2026-07-09
DJ504770_1,EU MS 猫爬架 2房1吊床2顶窝 175cm 一件一箱 颜色->米白,ALL,AMAZON,C,T4B,0.7877,0.4008,24.42,12.42,55,1.7742,-1.3734,0.7741,f,6 个月 · 全平台 · 全量 SKU · 2026-07-09
DJ504770_2,EU MS 猫爬架 2房1吊床2顶窝 175cm 一件一箱 颜色->深灰色,ALL,AMAZON,C,T4B,1.4050,0.7149,43.56,22.16,40,1.2903,-0.5754,0.4460,f,6 个月 · 全平台 · 全量 SKU · 2026-07-09
DJ504770_3,EU MS 猫爬架 2房1吊床2顶窝 175cm 一件一箱 颜色->浅灰色,ALL,AMAZON,C,T4B,3.0519,1.2452,94.61,38.60,196,6.3226,-5.0774,0.8031,f,6 个月 · 全平台 · 全量 SKU · 2026-07-09
DJ504777_1,US UA 窄款拱顶书柜 一件一箱 颜色->黑色,ALL,AMAZON,B,T3,4.8362,4.6750,149.92,144.93,224,7.2258,-2.5508,0.3530,t,6 个月 · 全平台 · 全量 SKU · 2026-07-09
DJ504777_1,US UA 窄款拱顶书柜 一件一箱 颜色->黑色,ALL,UNKNOWN,B,T4B,1.0714,0.5451,33.21,16.90,57,1.8387,-1.2936,0.7035,f,6 个月 · 全平台 · 全量 SKU · 2026-07-09
DJ504777_1,US UA 窄款拱顶书柜 一件一箱 颜色->黑色,ALL,WALMART,B,T4B,0.6901,0.3710,21.39,11.50,43,1.3871,-1.0161,0.7325,f,6 个月 · 全平台 · 全量 SKU · 2026-07-09
DJ504777_2,US UA 窄款拱顶书柜 一件一箱 颜色->橡木色,ALL,AMAZON,B,T3,3.5506,3.1992,110.07,99.18,122,3.9355,-0.7363,0.1871,t,6 个月 · 全平台 · 全量 SKU · 2026-07-09
DJ504777_2,US UA 窄款拱顶书柜 一件一箱 颜色->橡木色,ALL,UNKNOWN,B,T4B,1.7357,0.9331,53.81,28.93,82,2.6452,-1.7121,0.6472,f,6 个月 · 全平台 · 全量 SKU · 2026-07-09
DJ504777_2,US UA 窄款拱顶书柜 一件一箱 颜色->橡木色,ALL,WALMART,B,T4B,0.7621,0.4097,23.63,12.70,39,1.2581,-0.8484,0.6743,f,6 个月 · 全平台 · 全量 SKU · 2026-07-09
DJ504777_3,US UA 窄款拱顶书柜 一件一箱 颜色->棕色G29024I,ALL,AMAZON,B,T3,4.0760,4.0725,126.36,126.25,132,4.2581,-0.1856,0.0436,t,6 个月 · 全平台 · 全量 SKU · 2026-07-09
DJ504777_3,US UA 窄款拱顶书柜 一件一箱 颜色->棕色G29024I,ALL,UNKNOWN,B,T4B,0.8995,0.4835,27.88,14.99,82,2.6452,-2.1617,0.8172,f,6 个月 · 全平台 · 全量 SKU · 2026-07-09
DJ504777_3,US UA 窄款拱顶书柜 一件一箱 颜色->棕色G29024I,ALL,WALMART,B,T4B,0.4495,0.2157,13.93,6.69,37,1.1935,-0.9778,0.8193,f,6 个月 · 全平台 · 全量 SKU · 2026-07-09
DJ504777_4,US UA 窄款拱顶书柜 一件一箱 颜色->复古白G05256,ALL,AMAZON,D,T4B,0.5071,0.2434,15.72,7.55,63,2.0323,-1.7889,0.8802,f,6 个月 · 全平台 · 全量 SKU · 2026-07-09
DJ504777_5,US UA 窄款拱顶书柜 一件一箱 颜色->咖啡胡桃浮雕+H65074K,ALL,AMAZON,D,T4B,0.4071,0.1954,12.62,6.06,78,2.5161,-2.3207,0.9223,f,6 个月 · 全平台 · 全量 SKU · 2026-07-09
DJ504779_1,"US 床TB-748T双层抽屉软包转角床 含灯带 99*190 颜色->#1,黑铁+灰色麻布",ALL,AMAZON,C,T4B,1.2242,0.6581,37.95,20.40,44,1.4194,-0.7613,0.5363,f,6 个月 · 全平台 · 全量 SKU · 2026-07-09
DJ504779_2,"US 床TB-748T双层抽屉软包转角床 含灯带 99*190 颜色->#2,白铁+白PU",ALL,AMAZON,C,T4B,1.8341,0.9860,56.86,30.57,52,1.6774,-0.6914,0.4122,f,6 个月 · 全平台 · 全量 SKU · 2026-07-09
DJ504780_2,US 1.2变1.6米铁木软包餐桌椅套装 一件一箱 颜色->胡桃色,ALL,AMAZON,B,T3,4.5305,4.5115,140.45,139.86,0,0.0000,4.5115,,f,6 个月 · 全平台 · 全量 SKU · 2026-07-09
DJ504780_3,US 1.2变1.6米铁木软包餐桌椅套装 一件一箱 颜色->黑色,ALL,AMAZON,B,T3,3.0805,2.9937,95.50,92.80,49,1.5806,1.4131,0.8940,t,6 个月 · 全平台 · 全量 SKU · 2026-07-09
DJ504787_1,EU AG 铁木软包床 方块软包 欧标USB排插 灯带 0.9*2m 一件一箱 颜色->深灰色,ALL,AMAZON,C,T4B,0.8170,0.3922,25.33,12.16,59,1.9032,-1.5110,0.7939,f,6 个月 · 全平台 · 全量 SKU · 2026-07-09
DJ504789_1,EU AG 铁木软包床 方块软包 欧标USB排插 灯带 1.4*2m 一件一箱 颜色->深灰色,ALL,AMAZON,C,T4B,0.5683,0.2891,17.62,8.96,97,3.1290,-2.8399,0.9076,f,6 个月 · 全平台 · 全量 SKU · 2026-07-09
DJ504789_1,EU AG 铁木软包床 方块软包 欧标USB排插 灯带 1.4*2m 一件一箱 颜色->深灰色,ALL,UNKNOWN,C,T4B,0.2912,0.1398,9.03,4.33,4,0.1290,0.0108,0.0835,f,6 个月 · 全平台 · 全量 SKU · 2026-07-09
DJ504790_1,EU AG 铁木软包床 方块软包 欧标USB排插 灯带 1.6*2m 一件一箱 颜色->深灰色,ALL,AMAZON,C,T4B,1.5461,0.7421,47.93,23.01,78,2.5161,-1.7740,0.7051,f,6 个月 · 全平台 · 全量 SKU · 2026-07-09
DJ504792_1,EU BW 软包气动床BQQ-01 HQ 608 灰色 一件两箱90*190,ALL,AMAZON,C,T4B,0.4571,0.2194,14.17,6.80,14,0.4516,-0.2322,0.5142,f,6 个月 · 全平台 · 全量 SKU · 2026-07-09
DJ504792_2,EU BW 软包气动床BQQ-01 HQ 608 灰色 一件两箱 90*200,ALL,AMAZON,C,T4B,0.7214,0.3463,22.36,10.74,9,0.2903,0.0560,0.1928,f,6 个月 · 全平台 · 全量 SKU · 2026-07-09
DJ504792_3,EU BW 软包气动床BQQ-01 HQ 608 灰色 一件两箱140*190,ALL,AMAZON,C,T4B,0.6210,0.3159,19.25,9.79,25,0.8065,-0.4906,0.6083,f,6 个月 · 全平台 · 全量 SKU · 2026-07-09
DJ504792_4,EU BW 软包气动床BQQ-01 HQ 608 灰色 一件两箱140*200,ALL,AMAZON,C,T4B,0.5984,0.3217,18.55,9.97,22,0.7097,-0.3880,0.5467,f,6 个月 · 全平台 · 全量 SKU · 2026-07-09
DJ504792_5,EU BW 软包气动床BQQ-01 HQ 608 灰色 一件两箱 160*200,ALL,AMAZON,C,T4B,0.7062,0.3796,21.89,11.77,18,0.5806,-0.2010,0.3462,f,6 个月 · 全平台 · 全量 SKU · 2026-07-09
DJ504792_6,EU BW 软包气动床BQQ-01 HQ 608 灰色 一件两箱 180*200,ALL,AMAZON,C,T4B,1.8615,1.0008,57.71,31.02,30,0.9677,0.0331,0.0342,f,6 个月 · 全平台 · 全量 SKU · 2026-07-09
DJ504793_1,EU AG 铁木软包床 3置物层 欧标USB排插 灯带 0.9*2m 一件一箱 颜色->黑色,ALL,AMAZON,C,T4B,0.3071,0.1474,9.52,4.57,58,1.8710,-1.7236,0.9212,f,6 个月 · 全平台 · 全量 SKU · 2026-07-09
DJ504794_1,EU AG 铁木软包床 3置物层 欧标USB排插 灯带 1.4*1.9m 一件一箱 颜色->黑色,ALL,AMAZON,C,T4B,0.5786,0.2777,17.94,8.61,80,2.5806,-2.3029,0.8924,f,6 个月 · 全平台 · 全量 SKU · 2026-07-09
DJ504795_1,EU AG 铁木软包床 3置物层 欧标USB排插 灯带 1.4*2m 一件一箱 颜色->黑色,ALL,AMAZON,C,T4B,0.3571,0.1714,11.07,5.31,42,1.3548,-1.1834,0.8735,f,6 个月 · 全平台 · 全量 SKU · 2026-07-09
DJ504799_1,US VD 板式床 掀盖软包靠背 双灯带 4抽 K款 一件两箱 颜色->黑色,ALL,UNKNOWN,C,T4B,0.7168,0.3441,22.22,10.67,34,1.0968,-0.7527,0.6863,f,6 个月 · 全平台 · 全量 SKU · 2026-07-09
DJ504799_2,US VD 板式床 掀盖软包靠背 双灯带 4抽 K款 一件两箱 颜色->白色,ALL,AMAZON,C,T4B,0.6553,0.2674,20.31,8.29,28,0.9032,-0.6358,0.7040,f,6 个月 · 全平台 · 全量 SKU · 2026-07-09
DJ504800_1,EU AG软包床 侧边置物 绒布气杆床1.4*1.9m 1灯带+欧标2AC+1U1T 一件两箱 颜色->米白,ALL,AMAZON,C,T4A,2.3207,1.0768,71.94,33.38,107,3.4516,-2.3748,0.6880,t,6 个月 · 全平台 · 全量 SKU · 2026-07-09
DJ504801_1,EU AG软包床 侧边置物 绒布气杆床1.4*2.0m 1灯带+欧标2AC+1U1T 一件两箱 颜色->米白,ALL,AMAZON,C,T4B,1.1383,0.5464,35.29,16.94,51,1.6452,-1.0988,0.6679,f,6 个月 · 全平台 · 全量 SKU · 2026-07-09
DJ504808_1,US AG 乡村风长虹玻璃LED书桌 一件一箱 颜色->白色,ALL,AMAZON,C,T4B,0.5898,0.2831,18.28,8.78,8,0.2581,0.0250,0.0970,f,6 个月 · 全平台 · 全量 SKU · 2026-07-09
DJ504808_1,US AG 乡村风长虹玻璃LED书桌 一件一箱 颜色->白色,ALL,UNKNOWN,C,T4B,0.8875,0.4771,27.51,14.79,7,0.2258,0.2513,1.1129,f,6 个月 · 全平台 · 全量 SKU · 2026-07-09
DJ504808_2,US AG 乡村风长虹玻璃LED书桌 一件一箱 颜色->灰色,ALL,AMAZON,C,T4B,0.6147,0.2951,19.06,9.15,36,1.1613,-0.8662,0.7459,f,6 个月 · 全平台 · 全量 SKU · 2026-07-09
DJ504808_2,US AG 乡村风长虹玻璃LED书桌 一件一箱 颜色->灰色,ALL,UNKNOWN,C,T4B,0.4874,0.2339,15.11,7.25,19,0.6129,-0.3790,0.6184,f,6 个月 · 全平台 · 全量 SKU · 2026-07-09
DJ504809_1,US VD33 书桌 大镜子7抽波浪纹抽面透明玻璃门 一件一箱 颜色->棕色,ALL,AMAZON,C,T4B,0.8923,0.4797,27.66,14.87,73,2.3548,-1.8751,0.7963,f,6 个月 · 全平台 · 全量 SKU · 2026-07-09
DJ504809_1,US VD33 书桌 大镜子7抽波浪纹抽面透明玻璃门 一件一箱 颜色->棕色,ALL,UNKNOWN,C,T4B,0.5000,0.2400,15.50,7.44,105,3.3871,-3.1471,0.9291,f,6 个月 · 全平台 · 全量 SKU · 2026-07-09
DJ504809_2,"US VD33 书桌 大镜子7抽波浪纹抽面透明玻璃门 一件一箱 颜色->#1,原木色",ALL,AMAZON,C,T4B,0.3484,0.1772,10.80,5.49,35,1.1290,-0.9518,0.8431,f,6 个月 · 全平台 · 全量 SKU · 2026-07-09
DJ504809_2,"US VD33 书桌 大镜子7抽波浪纹抽面透明玻璃门 一件一箱 颜色->#1,原木色",ALL,UNKNOWN,C,T4B,0.2236,0.1202,6.93,3.73,71,2.2903,-2.1701,0.9475,f,6 个月 · 全平台 · 全量 SKU · 2026-07-09
DJ504816_1,EU AG软包床 侧边置物 绒布气杆床1.4*2.0m 1灯带+欧标2AC+1U1T一件两箱 颜色->深灰色,ALL,AMAZON,C,T4B,0.7638,0.3666,23.68,11.36,99,3.1935,-2.8269,0.8852,f,6 个月 · 全平台 · 全量 SKU · 2026-07-09
DJ504817_1,US UA 拱顶壁柜大款带开放格 一件一箱 颜色->黑色,ALL,UNKNOWN,C,T4B,0.2516,0.1280,7.80,3.97,16,0.5161,-0.3881,0.7520,f,6 个月 · 全平台 · 全量 SKU · 2026-07-09
DJ504824_1,US 3抽农舍风竖条文件柜 一件一箱 颜色->白+棕顶,ALL,AMAZON,C,T4B,1.6264,0.8275,50.42,25.65,49,1.5806,-0.7531,0.4765,f,6 个月 · 全平台 · 全量 SKU · 2026-07-09
DJ504824_2,US 3抽农舍风竖条文件柜 一件一箱 颜色->棕色,ALL,AMAZON,C,T4B,1.1185,0.5691,34.67,17.64,40,1.2903,-0.7212,0.5589,f,6 个月 · 全平台 · 全量 SKU · 2026-07-09
DJ504824_3,US 3抽农舍风竖条文件柜 一件一箱 颜色->灰色,ALL,AMAZON,C,T4B,0.8215,0.3943,25.47,12.22,31,1.0000,-0.6057,0.6057,f,6 个月 · 全平台 · 全量 SKU · 2026-07-09
DJ504824_3,US 3抽农舍风竖条文件柜 一件一箱 颜色->灰色,ALL,UNKNOWN,C,T4B,0.3212,0.1542,9.96,4.78,5,0.1613,-0.0071,0.0440,f,6 个月 · 全平台 · 全量 SKU · 2026-07-09
DJ504831_1,EU FR 浴室柜 板竹结合马桶柜H80 一件一箱 颜色->白色,ALL,AMAZON,B,T3,5.3853,4.8468,166.94,150.25,199,6.4194,-1.5726,0.2450,t,6 个月 · 全平台 · 全量 SKU · 2026-07-09
DJ504832_1,EU AG JYH208B 棉麻软包气杆床 掀盖靠背 三灯带 140*190cm 一件两箱 颜色->深灰色,ALL,AMAZON,C,T4A,2.5474,1.2529,78.97,38.84,109,3.5161,-2.2632,0.6437,t,6 个月 · 全平台 · 全量 SKU · 2026-07-09
DJ504842_1,US 板材双抽波浪板高文件柜 一件一箱 颜色->原木色,ALL,AMAZON,C,T4A,1.9892,0.9230,61.67,28.61,80,2.5806,-1.6576,0.6423,t,6 个月 · 全平台 · 全量 SKU · 2026-07-09
DJ504846_1,"US 床TB-748F 双层抽屉软包转角床 含灯带 137*190 颜色->#1,黑铁+灰色麻布",ALL,AMAZON,C,T4B,1.5016,0.8073,46.55,25.03,60,1.9355,-1.1282,0.5829,f,6 个月 · 全平台 · 全量 SKU · 2026-07-09
DJ504846_2,US 床TB-748F 双层抽屉软包转角床 含灯带137*190 颜色->#2 白铁+白PU,ALL,AMAZON,B,T4B,2.1214,1.1405,65.76,35.36,86,2.7742,-1.6337,0.5889,f,6 个月 · 全平台 · 全量 SKU · 2026-07-09
DJ504851_1,US AG 绒布皇冠公主床 尾抽 T  颜色->粉色,ALL,AMAZON,C,T4B,1.2679,0.6816,39.30,21.13,65,2.0968,-1.4152,0.6749,f,6 个月 · 全平台 · 全量 SKU · 2026-07-09
DJ504851_1,US AG 绒布皇冠公主床 尾抽 T  颜色->粉色,ALL,WALMART,C,T4B,0.1418,0.0762,4.40,2.36,0,0.0000,0.0762,,f,6 个月 · 全平台 · 全量 SKU · 2026-07-09
DJ504852_1,US AG 绒布皇冠公主床 尾两抽 F 颜色->粉色,ALL,AMAZON,C,T4B,0.6555,0.3146,20.32,9.75,72,2.3226,-2.0080,0.8645,f,6 个月 · 全平台 · 全量 SKU · 2026-07-09
DJ504852_1,US AG 绒布皇冠公主床 尾两抽 F 颜色->粉色,ALL,UNKNOWN,C,T4B,0.1258,0.0604,3.90,1.87,0,0.0000,0.0604,,f,6 个月 · 全平台 · 全量 SKU · 2026-07-09
DJ504852_2,US AG 绒布皇冠公主床 尾两抽 F 颜色->白色,ALL,AMAZON,C,T4B,0.3467,0.1415,10.75,4.39,27,0.8710,-0.7295,0.8375,f,6 个月 · 全平台 · 全量 SKU · 2026-07-09
DJ504852_2,US AG 绒布皇冠公主床 尾两抽 F 颜色->白色,ALL,UNKNOWN,C,T4B,0.2220,0.1193,6.88,3.70,26,0.8387,-0.7194,0.8578,f,6 个月 · 全平台 · 全量 SKU · 2026-07-09
DJ504860_1,EU AG 铁木软包转角床 0.9*2m 简约款拉网造型 一拖二灯带 欧规3U1T插排 一件一箱 颜色->深灰色,ALL,AMAZON,B,T4B,2.8187,1.5153,87.38,46.97,99,3.1935,-1.6782,0.5255,f,6 个月 · 全平台 · 全量 SKU · 2026-07-09
DJ504860_1,EU AG 铁木软包转角床 0.9*2m 简约款拉网造型 一拖二灯带 欧规3U1T插排 一件一箱 颜色->深灰色,ALL,UNKNOWN,B,T4B,1.3060,0.7021,40.49,21.77,70,2.2581,-1.5560,0.6891,f,6 个月 · 全平台 · 全量 SKU · 2026-07-09
DJ504861_1,US 农舍风1.2m谷仓门文件柜 一件一箱 颜色->棕+白,ALL,AMAZON,C,T4B,0.9357,0.4491,29.01,13.92,52,1.6774,-1.2283,0.7323,f,6 个月 · 全平台 · 全量 SKU · 2026-07-09
DJ504861_2,US 农舍风1.2m谷仓门文件柜 一件一箱 颜色->棕+黑,ALL,AMAZON,C,T4B,0.9286,0.4457,28.79,13.82,90,2.9032,-2.4575,0.8465,f,6 个月 · 全平台 · 全量 SKU · 2026-07-09
DJ504864_2,US VD 板式床 床头床尾拼框 掀盖靠背 4抽 T款 一件一箱 颜色->灰色,ALL,AMAZON,C,T4B,0.3429,0.1646,10.63,5.10,53,1.7097,-1.5451,0.9037,f,6 个月 · 全平台 · 全量 SKU · 2026-07-09
DJ504864_2,US VD 板式床 床头床尾拼框 掀盖靠背 4抽 T款 一件一箱 颜色->灰色,ALL,WALMART,C,T4B,0.1571,0.0754,4.87,2.34,10,0.3226,-0.2472,0.7663,f,6 个月 · 全平台 · 全量 SKU · 2026-07-09
DJ504867_1,US SD U型书架桌带三抽   一件一箱 颜色 颜色->火烧云,ALL,AMAZON,C,T3,5.7685,5.6604,178.82,175.47,164,5.2903,0.3701,0.0700,t,6 个月 · 全平台 · 全量 SKU · 2026-07-09
DJ504867_1,US SD U型书架桌带三抽   一件一箱 颜色 颜色->火烧云,ALL,TIKTOK,C,T4B,0.1390,0.0747,4.31,2.32,19,0.6129,-0.5382,0.8781,f,6 个月 · 全平台 · 全量 SKU · 2026-07-09
DJ504867_2,US SD U型书架桌带三抽   一件一箱 颜色 颜色->黑色,ALL,AMAZON,B,T2,11.9510,9.3218,370.48,288.98,304,9.8065,-0.4847,0.0494,t,6 个月 · 全平台 · 全量 SKU · 2026-07-09
DJ504867_2,US SD U型书架桌带三抽   一件一箱 颜色 颜色->黑色,ALL,TIKTOK,B,T4B,0.8736,0.4445,27.08,13.78,27,0.8710,-0.4265,0.4896,f,6 个月 · 全平台 · 全量 SKU · 2026-07-09
DJ504867_4,US SD U型书架桌带三抽   一件一箱 颜色 颜色->989-3,ALL,AMAZON,C,T3,4.1584,4.1192,128.91,127.70,128,4.1290,-0.0098,0.0024,t,6 个月 · 全平台 · 全量 SKU · 2026-07-09
DJ504873_1,US UA SB--CC01 150cm长款带除臭换鞋凳 一个一箱 颜色-麻面白+灰色软包 颜色->白色,ALL,AMAZON,C,T4B,1.2247,0.5879,37.97,18.22,73,2.3548,-1.7669,0.7503,f,6 个月 · 全平台 · 全量 SKU · 2026-07-09
DJ504873_1,US UA SB--CC01 150cm长款带除臭换鞋凳 一个一箱 颜色-麻面白+灰色软包 颜色->白色,ALL,UNKNOWN,C,T4B,0.2951,0.1586,9.15,4.92,32,1.0323,-0.8737,0.8464,f,6 个月 · 全平台 · 全量 SKU · 2026-07-09
DJ504874_1,US 1.2m6抽弧形文件柜 一件一箱 颜色->黑+火烧云,ALL,AMAZON,C,T4B,1.3302,0.7151,41.24,22.17,106,3.4194,-2.7043,0.7909,f,6 个月 · 全平台 · 全量 SKU · 2026-07-09
DJ504874_2,US 1.2m6抽弧形文件柜 一件一箱 颜色->黑色,ALL,AMAZON,C,T4B,2.2687,1.2196,70.33,37.81,184,5.9355,-4.7159,0.7945,f,6 个月 · 全平台 · 全量 SKU · 2026-07-09
DJ504874_3,US 1.2m6抽弧形文件柜 一件一箱 颜色->白色,ALL,AMAZON,C,T4B,0.7934,0.3808,24.60,11.80,93,3.0000,-2.6192,0.8731,f,6 个月 · 全平台 · 全量 SKU · 2026-07-09
DJ504874_3,US 1.2m6抽弧形文件柜 一件一箱 颜色->白色,ALL,UNKNOWN,C,T4B,0.3033,0.1543,9.40,4.78,7,0.2258,-0.0715,0.3167,f,6 个月 · 全平台 · 全量 SKU · 2026-07-09
DJ504877_1,EU FR浴室镜柜 铁木双开门LED灯 70*70两侧挂篮 欧标2AC+1U1T 一件一箱 颜色->白色,ALL,AMAZON,C,T4B,1.3324,0.5436,41.30,16.85,60,1.9355,-1.3919,0.7191,f,6 个月 · 全平台 · 全量 SKU · 2026-07-09
DJ504881_1,EU AG 高架床 上下铺 侧边布抽衣帽架 床垫90*200cm 一件两箱 颜色->黑色,ALL,UNKNOWN,C,T4B,0.4341,0.2334,13.46,7.24,43,1.3871,-1.1537,0.8317,f,6 个月 · 全平台 · 全量 SKU · 2026-07-09
DJ504881_2,EU AG 高架床 上下铺 侧边布抽衣帽架 床垫90*200cm 一件两箱 颜色->白色,ALL,AMAZON,C,T4B,0.6429,0.3086,19.93,9.57,54,1.7419,-1.4333,0.8228,f,6 个月 · 全平台 · 全量 SKU · 2026-07-09
DJ504887_1,US 低价款5布抽2m电脑桌 一件一箱 颜色->火烧云+黑,ALL,AMAZON,C,T4B,0.6103,0.2929,18.92,9.08,22,0.7097,-0.4168,0.5873,f,6 个月 · 全平台 · 全量 SKU · 2026-07-09
DJ504887_2,US 低价款5布抽2m电脑桌 一件一箱 颜色->顶板棕+白,ALL,AMAZON,C,T4B,1.6462,0.8850,51.03,27.44,86,2.7742,-1.8892,0.6810,f,6 个月 · 全平台 · 全量 SKU · 2026-07-09
DJ504887_2,US 低价款5布抽2m电脑桌 一件一箱 颜色->顶板棕+白,ALL,WALMART,C,T4B,0.4951,0.2661,15.35,8.25,0,0.0000,0.2661,,f,6 个月 · 全平台 · 全量 SKU · 2026-07-09
DJ504887_3,US 低价款5布抽2m电脑桌 一件一箱 颜色->黑色,ALL,AMAZON,C,T4B,0.8011,0.3268,24.83,10.13,23,0.7419,-0.4151,0.5595,f,6 个月 · 全平台 · 全量 SKU · 2026-07-09
DJ504888_1,US SD L桌X字升降桌带文件柜 一件两箱 颜色->棕+白色,ALL,AMAZON,C,T4B,2.1885,1.1765,67.84,36.47,74,2.3871,-1.2106,0.5071,f,6 个月 · 全平台 · 全量 SKU · 2026-07-09
DJ504888_2,US SD L桌X字升降桌带文件柜  一件两箱 颜色->棕+黑色,ALL,AMAZON,C,T4B,2.5813,1.3877,80.02,43.02,113,3.6452,-2.2575,0.6193,f,6 个月 · 全平台 · 全量 SKU · 2026-07-09
DJ504888_3,US SD L桌X字升降桌带文件柜  一件两箱 颜色->原木+白色,ALL,AMAZON,C,T4B,1.6687,0.8971,51.73,27.81,65,2.0968,-1.1997,0.5722,f,6 个月 · 全平台 · 全量 SKU · 2026-07-09
DJ504888_3,US SD L桌X字升降桌带文件柜  一件两箱 颜色->原木+白色,ALL,UNKNOWN,C,T4B,0.1808,0.0972,5.60,3.01,31,1.0000,-0.9028,0.9028,f,6 个月 · 全平台 · 全量 SKU · 2026-07-09
DJ504889_1,"US AE 书桌 VT08 玻璃柜两抽玻璃桌面梳妆台带RGB灯带 颜色->#1,白色麻面",ALL,AMAZON,C,T4B,1.1715,0.5623,36.32,17.43,17,0.5484,0.0139,0.0254,f,6 个月 · 全平台 · 全量 SKU · 2026-07-09
DJ504889_2,"US AE 书桌 VT08 玻璃柜两抽玻璃桌面梳妆台带RGB灯带 颜色->#2,黑色麻面",ALL,AMAZON,C,T4B,1.0473,0.5630,32.47,17.45,21,0.6774,-0.1144,0.1689,f,6 个月 · 全平台 · 全量 SKU · 2026-07-09
DJ504889_2,"US AE 书桌 VT08 玻璃柜两抽玻璃桌面梳妆台带RGB灯带 颜色->#2,黑色麻面",ALL,UNKNOWN,C,T4B,0.1786,0.0857,5.54,2.66,39,1.2581,-1.1724,0.9319,f,6 个月 · 全平台 · 全量 SKU · 2026-07-09
DJ504890_1,US SD L桌商用高桌带洞洞板 一件两箱 颜色->棕色+黑,ALL,AMAZON,C,T4B,2.2429,1.0766,69.53,33.37,126,4.0645,-2.9879,0.7351,f,6 个月 · 全平台 · 全量 SKU · 2026-07-09
DJ504890_1,US SD L桌商用高桌带洞洞板 一件两箱 颜色->棕色+黑,ALL,TEMU,C,T4B,0.2714,0.1303,8.41,4.04,9,0.2903,-0.1600,0.5512,f,6 个月 · 全平台 · 全量 SKU · 2026-07-09
DJ504890_2,US SD L桌商用高桌带洞洞板 一件两箱 颜色->黑色,ALL,AMAZON,C,T4B,1.7214,0.8263,53.36,25.62,95,3.0645,-2.2382,0.7304,f,6 个月 · 全平台 · 全量 SKU · 2026-07-09
DJ504890_3,US SD L桌商用高桌带洞洞板 一件两箱 颜色->白色,ALL,AMAZON,C,T4B,0.7093,0.3813,21.99,11.82,39,1.2581,-0.8768,0.6969,f,6 个月 · 全平台 · 全量 SKU · 2026-07-09
DJ504890_3,US SD L桌商用高桌带洞洞板 一件两箱 颜色->白色,ALL,UNKNOWN,C,T4B,0.2016,0.1084,6.25,3.36,46,1.4839,-1.3755,0.9269,f,6 个月 · 全平台 · 全量 SKU · 2026-07-09
DJ504891_1,"US SJ02款 T尺寸两布抽铁床 一件一箱,重量不超22kg 颜色->黑色",ALL,AMAZON,B,T3,3.1497,3.0637,97.64,94.97,79,2.5484,0.5153,0.2022,t,6 个月 · 全平台 · 全量 SKU · 2026-07-09
DJ504891_1_WF,"US SJ02款 T尺寸两布抽铁床 一件一箱,重量不超22kg 颜色->黑色",ALL,UNKNOWN,D,T4B,1.0643,0.4342,32.99,13.46,9,0.2903,0.1439,0.4956,f,6 个月 · 全平台 · 全量 SKU · 2026-07-09
DJ504891_2,"US SJ02款 T尺寸两布抽铁床 一件一箱,重量不超22kg 颜色->白色",ALL,AMAZON,B,T3,3.1891,3.1338,98.86,97.15,96,3.0968,0.0370,0.0120,t,6 个月 · 全平台 · 全量 SKU · 2026-07-09
DJ504891_2,"US SJ02款 T尺寸两布抽铁床 一件一箱,重量不超22kg 颜色->白色",ALL,UNKNOWN,B,T4B,1.3217,0.5393,40.97,16.72,53,1.7097,-1.1704,0.6846,f,6 个月 · 全平台 · 全量 SKU · 2026-07-09
DJ504891_3,"US SJ02款 T尺寸两布抽铁床 一件一箱,重量不超22kg 颜色->粉色",ALL,AMAZON,B,T3,3.6658,3.6802,113.64,114.09,77,2.4839,1.1963,0.4816,t,6 个月 · 全平台 · 全量 SKU · 2026-07-09
DJ504895_1,"US HA 储物柜 DT33 3抽格栅镂空抽面模块化斗柜 一件一箱 颜色->#1,原木橡木色",ALL,AMAZON,C,T4B,0.5253,0.2673,16.28,8.29,0,0.0000,0.2673,,f,6 个月 · 全平台 · 全量 SKU · 2026-07-09
DJ504895_1,"US HA 储物柜 DT33 3抽格栅镂空抽面模块化斗柜 一件一箱 颜色->#1,原木橡木色",ALL,UNKNOWN,C,T4B,0.3857,0.1851,11.96,5.74,0,0.0000,0.1851,,f,6 个月 · 全平台 · 全量 SKU · 2026-07-09
DJ504898_1,"US 床BJS-549T 儿童树屋床+布抽 含灯带 99*190 颜色->#1,白色",ALL,AMAZON,B,T4A,2.0322,0.9430,63.00,29.23,62,2.0000,-1.0570,0.5285,t,6 个月 · 全平台 · 全量 SKU · 2026-07-09
DJ504898_2,US 床BJS-549T 儿童树屋床+布抽 含灯带 99*190 颜色->#2 黑色,ALL,AMAZON,B,T4B,1.0154,0.4874,31.48,15.11,44,1.4194,-0.9320,0.6566,f,6 个月 · 全平台 · 全量 SKU · 2026-07-09
DJ504898_3,US BJS-549 T 儿童树屋床+布抽 含灯带 99*190cm 一件一箱 颜色->粉色,ALL,AMAZON,B,T4B,1.3868,0.7056,42.99,21.87,109,3.5161,-2.8105,0.7993,f,6 个月 · 全平台 · 全量 SKU · 2026-07-09
DJ504898_3,US BJS-549 T 儿童树屋床+布抽 含灯带 99*190cm 一件一箱 颜色->粉色,ALL,UNKNOWN,B,T4B,0.5709,0.3069,17.70,9.51,9,0.2903,0.0166,0.0571,f,6 个月 · 全平台 · 全量 SKU · 2026-07-09
DJ504899_1,"US 床TB-2362T FB-儿童床-002  99*190 颜色->#1,米白泰迪绒",ALL,AMAZON,A,T3,5.1360,4.8998,159.22,151.89,235,7.5806,-2.6808,0.3536,t,6 个月 · 全平台 · 全量 SKU · 2026-07-09
DJ504899_1,"US 床TB-2362T FB-儿童床-002  99*190 颜色->#1,米白泰迪绒",ALL,UNKNOWN,A,T4B,0.1110,0.0597,3.44,1.85,24,0.7742,-0.7145,0.9229,f,6 个月 · 全平台 · 全量 SKU · 2026-07-09
DJ504899_2,US 床TB-2362T FB-儿童床-002  99*190 颜色->#2灰泰迪绒,ALL,AMAZON,C,T4B,0.5214,0.2503,16.16,7.76,13,0.4194,-0.1691,0.4031,f,6 个月 · 全平台 · 全量 SKU · 2026-07-09
DJ504899_3,US 床TB-2362T FB-儿童床-002  99*190 颜色->#3 灰色绒布,ALL,AMAZON,C,T4B,0.5786,0.2777,17.94,8.61,7,0.2258,0.0519,0.2298,f,6 个月 · 全平台 · 全量 SKU · 2026-07-09
DJ504900_1,"US 床TB-2362F FB-儿童床-002  137*190 颜色->#1,米白色泰迪绒+杨木板",ALL,AMAZON,A,T4A,4.6679,2.4258,144.70,75.20,297,9.5806,-7.1548,0.7468,t,6 个月 · 全平台 · 全量 SKU · 2026-07-09
DJ504900_1,"US 床TB-2362F FB-儿童床-002  137*190 颜色->#1,米白色泰迪绒+杨木板",ALL,UNKNOWN,A,T4B,0.3758,0.2020,11.65,6.26,58,1.8710,-1.6690,0.8920,f,6 个月 · 全平台 · 全量 SKU · 2026-07-09
DJ504900_2,US 床TB-2362F FB-儿童床-002  137*190 颜色->#2灰泰迪绒,ALL,AMAZON,C,T4B,0.5357,0.2571,16.61,7.97,3,0.0968,0.1603,1.6567,f,6 个月 · 全平台 · 全量 SKU · 2026-07-09
DJ504900_3,US 床TB-2362F FB-儿童床-002  137*190 颜色->#3 灰色绒布,ALL,AMAZON,C,T4B,0.4714,0.2263,14.61,7.02,0,0.0000,0.2263,,f,6 个月 · 全平台 · 全量 SKU · 2026-07-09
DJ504901_1,EU DC 铁木床IW-01带灯带欧标插排 HQ G黑色火烧云 90*200 一件一箱,ALL,AMAZON,B,T4A,1.8545,0.9121,57.49,28.28,48,1.5484,-0.6363,0.4109,t,6 个月 · 全平台 · 全量 SKU · 2026-07-09
DJ504901_2,EU DC 铁木床IW-01带灯带欧标插排 HQ G黑色火烧云 120*200 一件一箱,ALL,AMAZON,B,T4B,1.4413,0.7333,44.68,22.73,62,2.0000,-1.2667,0.6334,f,6 个月 · 全平台 · 全量 SKU · 2026-07-09
DJ504901_3,EU DC 铁木床IW-01带灯带欧标插排 HQ G黑色火烧云 140*190 一件一箱,ALL,AMAZON,C,T4A,3.0026,1.3932,93.08,43.19,108,3.4839,-2.0907,0.6001,t,6 个月 · 全平台 · 全量 SKU · 2026-07-09
DJ504901_4,EU DC 铁木床IW-01带灯带欧标插排 HQ G黑色火烧云 140*200 一件一箱,ALL,AMAZON,B,T4B,1.6049,0.8166,49.75,25.31,20,0.6452,0.1714,0.2657,f,6 个月 · 全平台 · 全量 SKU · 2026-07-09
DJ504902_1,EU BW 铁木床IW-01带灯带欧标插排 HQ G黑色火烧云 90*200 一件一箱,ALL,AMAZON,B,T4A,2.3314,1.0818,72.27,33.54,91,2.9355,-1.8537,0.6315,t,6 个月 · 全平台 · 全量 SKU · 2026-07-09
DJ504903_1,EU BW 铁木床IW-01带灯带欧标插排 HQ G黑色火烧云 160*200  一件一箱,ALL,AMAZON,C,T4B,0.8720,0.3558,27.03,11.03,15,0.4839,-0.1281,0.2647,f,6 个月 · 全平台 · 全量 SKU · 2026-07-09
DJ504904_1,EU DC 铁木床IW-01带灯带欧标插排 HQ G黑色火烧云 160*200  一件一箱,ALL,AMAZON,C,T4B,1.2034,0.6123,37.31,18.98,53,1.7097,-1.0974,0.6419,f,6 个月 · 全平台 · 全量 SKU · 2026-07-09
DJ504907_1,US DC 炫酷软包床 BFCB-01 PU材质 床头下翻门 灯带插排 黑色 一件一箱 T,ALL,AMAZON,B,T4B,1.9500,0.9360,60.45,29.02,212,6.8387,-5.9027,0.8631,f,6 个月 · 全平台 · 全量 SKU · 2026-07-09
DJ504907_1,US DC 炫酷软包床 BFCB-01 PU材质 床头下翻门 灯带插排 黑色 一件一箱 T,ALL,UNKNOWN,B,T4B,0.6874,0.3695,21.31,11.45,123,3.9677,-3.5982,0.9069,f,6 个月 · 全平台 · 全量 SKU · 2026-07-09
DJ504909_1,US DC 公主床 BPS-02 床侧三抽屉- T 米白色 一件一箱,ALL,AMAZON,C,T4B,1.0192,0.5479,31.60,16.98,23,0.7419,-0.1940,0.2615,f,6 个月 · 全平台 · 全量 SKU · 2026-07-09
DJ504909_2,US DC 公主床 BPS-02 床侧三抽屉-F 米白色 一件一箱,ALL,AMAZON,C,T4B,0.6120,0.2938,18.97,9.11,9,0.2903,0.0035,0.0120,f,6 个月 · 全平台 · 全量 SKU · 2026-07-09
DJ504910_3,US DC 铁木床 CBF-01L 方管软包角落床带抽篮-112 米白 F 一件一箱,ALL,AMAZON,C,T4B,2.6515,1.0818,82.20,33.54,96,3.0968,-2.0150,0.6507,f,6 个月 · 全平台 · 全量 SKU · 2026-07-09
DJ504910_4,US DC 铁木床 CBF-01L 方管软包角落床带抽篮-112 米白 Q一件一箱,ALL,AMAZON,C,T4A,2.2142,1.0274,68.64,31.85,71,2.2903,-1.2629,0.5514,t,6 个月 · 全平台 · 全量 SKU · 2026-07-09
DJ504913_1,US VD 板式床 推拉谷仓门 4抽 K款 一件两箱 颜色->白色,ALL,AMAZON,C,T4B,0.6000,0.2448,18.60,7.59,18,0.5806,-0.3358,0.5784,f,6 个月 · 全平台 · 全量 SKU · 2026-07-09
DJ504915_1,EU DC LED木质镜柜三开门内开 HYC 80*16*60 白色 一件一箱,ALL,AMAZON,C,T3,5.3351,4.8016,165.39,148.85,106,3.4194,1.3822,0.4042,t,6 个月 · 全平台 · 全量 SKU · 2026-07-09
DJ504915_1,EU DC LED木质镜柜三开门内开 HYC 80*16*60 白色 一件一箱,ALL,TIKTOK,C,T4B,0.5786,0.2777,17.94,8.61,68,2.1935,-1.9158,0.8734,f,6 个月 · 全平台 · 全量 SKU · 2026-07-09
DJ504915_2,EU DC LED木质镜柜三开门内开 HYC 90*16*60 白色 一件一箱,ALL,AMAZON,C,T4B,1.6560,0.7949,51.34,24.64,35,1.1290,-0.3341,0.2959,f,6 个月 · 全平台 · 全量 SKU · 2026-07-09
DJ504915_3,EU DC LED木质镜柜三开门内开 HYC 100*16*60 白色 一件一箱,ALL,AMAZON,C,T3,4.8934,4.4041,151.70,136.53,64,2.0645,2.3396,1.1332,t,6 个月 · 全平台 · 全量 SKU · 2026-07-09
DJ504915_3,EU DC LED木质镜柜三开门内开 HYC 100*16*60 白色 一件一箱,ALL,TIKTOK,C,T4B,0.9429,0.4526,29.23,14.03,118,3.8065,-3.3539,0.8811,f,6 个月 · 全平台 · 全量 SKU · 2026-07-09
DJ504916_1,EU MJ LED木质镜柜三开门内开 HYC 80*16*60 白色 一件一箱,ALL,AMAZON,C,T3,4.6498,4.5349,144.14,140.58,194,6.2581,-1.7232,0.2754,t,6 个月 · 全平台 · 全量 SKU · 2026-07-09
DJ504916_2,EU MJ LED木质镜柜三开门内开 HYC 90*16*60 白色 一件一箱,ALL,AMAZON,C,T4B,2.3280,0.9498,72.17,29.44,86,2.7742,-1.8244,0.6576,f,6 个月 · 全平台 · 全量 SKU · 2026-07-09
DJ504916_3,EU MJ LED木质镜柜三开门内开 HYC 100*16*60 白色 一件一箱,ALL,AMAZON,B,T3,6.8552,6.6179,212.51,205.15,229,7.3871,-0.7692,0.1041,t,6 个月 · 全平台 · 全量 SKU · 2026-07-09
DJ504922_1,"US SK CT-YX01 圆形咖啡桌 一件一箱 颜色->#1,实木色",ALL,AMAZON,C,T4B,1.4061,0.6749,43.59,20.92,68,2.1935,-1.5186,0.6923,f,6 个月 · 全平台 · 全量 SKU · 2026-07-09
DJ504922_2,"US SK CT-YX01 圆形咖啡桌 一件一箱 颜色->#2,胡桃木色",ALL,TEMU,C,T4B,0.4223,0.2027,13.09,6.28,0,0.0000,0.2027,,f,6 个月 · 全平台 · 全量 SKU · 2026-07-09
DJ504928_1,"US SK TS-DK01 铁木布抽高款带层架电视柜 一件一箱 颜色->黑色,小浮雕",ALL,AMAZON,C,T4B,0.6357,0.3051,19.71,9.46,98,3.1613,-2.8562,0.9035,f,6 个月 · 全平台 · 全量 SKU · 2026-07-09
DJ504928_1,"US SK TS-DK01 铁木布抽高款带层架电视柜 一件一箱 颜色->黑色,小浮雕",ALL,UNKNOWN,C,T4B,0.0929,0.0446,2.88,1.38,13,0.4194,-0.3748,0.8936,f,6 个月 · 全平台 · 全量 SKU · 2026-07-09
DJ504929_1,US 1.6米农舍L桌 一件一箱 颜色->白+黑,ALL,AMAZON,C,T4B,1.3731,0.7382,42.57,22.88,44,1.4194,-0.6812,0.4799,f,6 个月 · 全平台 · 全量 SKU · 2026-07-09
DJ504929_1,US 1.6米农舍L桌 一件一箱 颜色->白+黑,ALL,UNKNOWN,C,T4B,0.5687,0.3057,17.63,9.48,25,0.8065,-0.5008,0.6209,f,6 个月 · 全平台 · 全量 SKU · 2026-07-09
DJ504929_1,US 1.6米农舍L桌 一件一箱 颜色->白+黑,ALL,WALMART,C,T4B,0.2429,0.1166,7.53,3.61,18,0.5806,-0.4640,0.7992,f,6 个月 · 全平台 · 全量 SKU · 2026-07-09
DJ504929_2,US 1.6米农舍L桌 一件一箱 颜色->灰古木-40三胺,ALL,AMAZON,B,T4A,3.2742,1.7015,101.50,52.75,129,4.1613,-2.4598,0.5911,t,6 个月 · 全平台 · 全量 SKU · 2026-07-09
DJ504929_3,US 1.6米农舍L桌 一件一箱 颜色->白+棕,ALL,AMAZON,C,T4B,1.9522,1.0495,60.52,32.53,88,2.8387,-1.7892,0.6303,f,6 个月 · 全平台 · 全量 SKU · 2026-07-09
DJ504929_3,US 1.6米农舍L桌 一件一箱 颜色->白+棕,ALL,UNKNOWN,C,T4B,0.8714,0.4685,27.01,14.52,46,1.4839,-1.0154,0.6843,f,6 个月 · 全平台 · 全量 SKU · 2026-07-09
DJ504929_3,US 1.6米农舍L桌 一件一箱 颜色->白+棕,ALL,WALMART,C,T4B,0.5137,0.2762,15.92,8.56,86,2.7742,-2.4980,0.9004,f,6 个月 · 全平台 · 全量 SKU · 2026-07-09
DJ504930_1,"US AE 书桌 VT09 八抽悬浮桌面梳妆台LED灯光镜RGB灯带 颜色->#1,黑色麻点",ALL,AMAZON,C,T4B,0.4115,0.1975,12.76,6.12,44,1.4194,-1.2219,0.8609,f,6 个月 · 全平台 · 全量 SKU · 2026-07-09
DJ504931_1,"US AE 书柜 NT30（原NT15） 三抽加高款带玻璃柜门加RGB灯带 一件一箱 颜色->#3,灰木纹色麻面",ALL,AMAZON,B,T4B,2.7758,1.1325,86.05,35.11,107,3.4516,-2.3191,0.6719,f,6 个月 · 全平台 · 全量 SKU · 2026-07-09
DJ504931_2,"US AE 书柜 NT30（原NT15） 三抽加高款带玻璃柜门加RGB灯带 一件一箱 颜色->#1,黑色麻面",ALL,AMAZON,A,T3,7.2618,7.2904,225.12,226.00,199,6.4194,0.8710,0.1357,t,6 个月 · 全平台 · 全量 SKU · 2026-07-09
DJ504931_2,"US AE 书柜 NT30（原NT15） 三抽加高款带玻璃柜门加RGB灯带 一件一箱 颜色->#1,黑色麻面",ALL,TIKTOK,A,T4B,0.9143,0.4389,28.34,13.61,70,2.2581,-1.8192,0.8056,f,6 个月 · 全平台 · 全量 SKU · 2026-07-09
DJ504936_2,EU AG 气杆软包床 圆弧掀盖靠背 双灯带 棉麻 1.4*1.9m 颜色->米白,ALL,AMAZON,C,T4B,1.2319,0.6623,38.19,20.53,70,2.2581,-1.5958,0.7067,f,6 个月 · 全平台 · 全量 SKU · 2026-07-09
DJ504937_1,EU AG JYH213 棉麻软包气杆床 圆弧靠背掀盖 双灯带 140*200m 一件两箱 颜色->深灰色,ALL,AMAZON,C,T4B,1.5918,0.6494,49.35,20.13,65,2.0968,-1.4474,0.6903,f,6 个月 · 全平台 · 全量 SKU · 2026-07-09
DJ504937_1,EU AG JYH213 棉麻软包气杆床 圆弧靠背掀盖 双灯带 140*200m 一件两箱 颜色->深灰色,ALL,UNKNOWN,C,T4B,0.5110,0.2453,15.84,7.60,15,0.4839,-0.2386,0.4930,f,6 个月 · 全平台 · 全量 SKU · 2026-07-09
DJ504937_2,EU AG 气杆软包床 圆弧掀盖靠背 双灯带 棉麻 1.4*2m 颜色->米白,ALL,AMAZON,C,T4B,0.7819,0.4203,24.24,13.03,37,1.1935,-0.7732,0.6479,f,6 个月 · 全平台 · 全量 SKU · 2026-07-09
DJ504940_1,EU DC CBQ-03 客卧床头柜款青少年床90*190 黑色 一件两箱,ALL,AMAZON,C,T4B,0.7154,0.3640,22.18,11.28,10,0.3226,0.0414,0.1284,f,6 个月 · 全平台 · 全量 SKU · 2026-07-09
DJ504949_1,"US ER BF-TM01 基础双层儿童床 一件一箱 颜色->白色,白色",ALL,WALMART,C,T4B,0.1978,0.1006,6.13,3.12,3,0.0968,0.0038,0.0395,f,6 个月 · 全平台 · 全量 SKU · 2026-07-09
DJ504950_2,US ER BF-TM02 八抽单层儿童床 一件一箱 颜色->白色,ALL,AMAZON,C,T4B,0.6187,0.3148,19.18,9.76,30,0.9677,-0.6529,0.6747,f,6 个月 · 全平台 · 全量 SKU · 2026-07-09
DJ504950_2,US ER BF-TM02 八抽单层儿童床 一件一箱 颜色->白色,ALL,UNKNOWN,C,T4B,0.3714,0.1997,11.51,6.19,23,0.7419,-0.5422,0.7308,f,6 个月 · 全平台 · 全量 SKU · 2026-07-09
DJ504950_3,US ER BF-TM02 八抽单层儿童床 一件一箱 颜色->粉色,ALL,AMAZON,C,T4B,0.3258,0.1752,10.10,5.43,22,0.7097,-0.5345,0.7531,f,6 个月 · 全平台 · 全量 SKU · 2026-07-09
DJ504950_3,US ER BF-TM02 八抽单层儿童床 一件一箱 颜色->粉色,ALL,UNKNOWN,C,T4B,0.1522,0.0818,4.72,2.54,6,0.1935,-0.1117,0.5774,f,6 个月 · 全平台 · 全量 SKU · 2026-07-09
DJ504951_1,"EU KM BF-RC01 功能床头侧4抽 双包 尺码->L,140*190;颜色->白色,PU-白",ALL,AMAZON,C,T4B,1.5538,0.8353,48.17,25.89,101,3.2581,-2.4228,0.7436,f,6 个月 · 全平台 · 全量 SKU · 2026-07-09
DJ504951_2,"EU KM BF-RC01 功能床头侧4抽 双包 尺码->L,140*190;颜色->灰色,PU-灰",ALL,AMAZON,C,T4B,1.6511,0.8876,51.18,27.52,64,2.0645,-1.1769,0.5701,f,6 个月 · 全平台 · 全量 SKU · 2026-07-09
DJ504951_3,"EU KM BF-RC01 功能床头侧4抽 双包 尺码->XL,140*200;颜色 >白色,PU白",ALL,AMAZON,C,T4B,0.4819,0.2452,14.94,7.60,23,0.7419,-0.4967,0.6695,f,6 个月 · 全平台 · 全量 SKU · 2026-07-09
DJ504951_8,EU KM BF-RC01 功能床头侧4抽 魔术贴款 两箱装 尺码->E 160*200;颜色->白色,ALL,AMAZON,C,T4B,0.5357,0.2571,16.61,7.97,19,0.6129,-0.3558,0.5805,f,6 个月 · 全平台 · 全量 SKU · 2026-07-09
DJ504952_1,"US UA DK-SR02 板式原木两侧储物双人桌 一件一箱 颜色->#1,原木色",ALL,AMAZON,C,T4B,0.7264,0.2964,22.52,9.19,19,0.6129,-0.3165,0.5164,f,6 个月 · 全平台 · 全量 SKU · 2026-07-09
DJ504952_1,"US UA DK-SR02 板式原木两侧储物双人桌 一件一箱 颜色->#1,原木色",ALL,UNKNOWN,C,T4B,1.4956,0.8040,46.36,24.92,0,0.0000,0.8040,,f,6 个月 · 全平台 · 全量 SKU · 2026-07-09
DJ504955_2,"US HA 储物柜 DT34 6抽无拉手悬浮矮柜含灯带 颜色->#2,白色麻面",ALL,AMAZON,C,T4B,1.8198,0.9783,56.41,30.33,42,1.3548,-0.3765,0.2779,f,6 个月 · 全平台 · 全量 SKU · 2026-07-09
DJ504961_1,UK BW 软包气动床BQQ-01 HQ 608 灰色 一件两箱135*190,ALL,AMAZON,C,T4B,0.8896,0.3629,27.58,11.25,60,1.9355,-1.5726,0.8125,f,6 个月 · 全平台 · 全量 SKU · 2026-07-09
DJ504961_2,UK BW 软包气动床BQQ-01 HQ 608 灰色 一件两箱 150*200,ALL,AMAZON,C,T4B,0.9407,0.3838,29.16,11.90,47,1.5161,-1.1323,0.7469,f,6 个月 · 全平台 · 全量 SKU · 2026-07-09
DJ504961_3,UK BW 软包气动床BQQ-01 HQ 608 灰色 一件两箱 90*190,ALL,AMAZON,C,T4B,1.6714,0.8023,51.81,24.87,3,0.0968,0.7055,7.2904,f,6 个月 · 全平台 · 全量 SKU · 2026-07-09
DJ504964_1,UK BW铁木床LIWS-02 高床头储物+倾斜靠背+灯带插排 ZY 火烧色 一件一箱 90*190,ALL,AMAZON,C,T4B,0.8077,0.3295,25.04,10.21,99,3.1935,-2.8640,0.8968,f,6 个月 · 全平台 · 全量 SKU · 2026-07-09
DJ504969_1,EU AG 铁木软包床 火烧云置物层 欧标USB排插 灯带 0.9*2m 一件一箱 颜色->深灰色,ALL,AMAZON,B,T4A,2.1397,1.1119,66.33,34.47,128,4.1290,-3.0171,0.7307,t,6 个月 · 全平台 · 全量 SKU · 2026-07-09
DJ504970_1,US VD JYH205 泰迪绒软包4抽床 弧形掀盖靠背 双灯带 K 一件两箱 颜色->米白,ALL,AMAZON,C,T4B,0.9489,0.4555,29.42,14.12,19,0.6129,-0.1574,0.2568,f,6 个月 · 全平台 · 全量 SKU · 2026-07-09
DJ504971_1,EU AG床头柜 隐藏式带锁三抽一格40*35cm+欧标1AC+2USB插排+RGB灯带 一件一箱 颜色->白色,ALL,AMAZON,C,T3,3.6185,3.4327,112.17,106.41,69,2.2258,1.2069,0.5422,t,6 个月 · 全平台 · 全量 SKU · 2026-07-09
DJ504975_1,EU AG 板式床 软包掀盖靠背 4抽 欧洲床垫1.4*1.9m 一件两箱 颜色->白色,ALL,AMAZON,C,T4B,1.8209,0.9789,56.45,30.35,77,2.4839,-1.5050,0.6059,f,6 个月 · 全平台 · 全量 SKU · 2026-07-09
DJ504978_1,US R123款 5抽帐篷低阁楼床 带2条灯带床头置物袋 颜色->白色,ALL,UNKNOWN,B,T4B,0.4187,0.1708,12.98,5.29,12,0.3871,-0.2163,0.5588,f,6 个月 · 全平台 · 全量 SKU · 2026-07-09
DJ504978_2,US R123款 5抽帐篷低阁楼床 带2条灯带床头置物袋 颜色->黑色,ALL,AMAZON,B,T3,3.1579,3.2179,97.89,99.75,32,1.0323,2.1856,2.1173,t,6 个月 · 全平台 · 全量 SKU · 2026-07-09
DJ504978_2,US R123款 5抽帐篷低阁楼床 带2条灯带床头置物袋 颜色->黑色,ALL,TIKTOK,B,T4B,0.5143,0.2469,15.94,7.65,57,1.8387,-1.5918,0.8657,f,6 个月 · 全平台 · 全量 SKU · 2026-07-09
DJ504978_2,US R123款 5抽帐篷低阁楼床 带2条灯带床头置物袋 颜色->黑色,ALL,UNKNOWN,B,T4B,0.2538,0.1292,7.87,4.01,11,0.3548,-0.2256,0.6359,f,6 个月 · 全平台 · 全量 SKU · 2026-07-09
DJ504978_3,US R123款 5抽帐篷低阁楼床 带2条灯带床头置物袋 颜色->粉色,ALL,AMAZON,A,T4A,3.3839,1.5702,104.90,48.68,45,1.4516,0.1186,0.0817,t,6 个月 · 全平台 · 全量 SKU · 2026-07-09
DJ504978_3,US R123款 5抽帐篷低阁楼床 带2条灯带床头置物袋 颜色->粉色,ALL,TIKTOK,A,T4B,0.2571,0.1234,7.97,3.83,25,0.8065,-0.6831,0.8470,f,6 个月 · 全平台 · 全量 SKU · 2026-07-09
DJ504978_3,US R123款 5抽帐篷低阁楼床 带2条灯带床头置物袋 颜色->粉色,ALL,UNKNOWN,A,T4B,0.7863,0.4227,24.38,13.10,54,1.7419,-1.3192,0.7573,f,6 个月 · 全平台 · 全量 SKU · 2026-07-09
DJ504978_3,US R123款 5抽帐篷低阁楼床 带2条灯带床头置物袋 颜色->粉色,ALL,WALMART,A,T4B,0.2786,0.1337,8.64,4.14,6,0.1935,-0.0598,0.3092,f,6 个月 · 全平台 · 全量 SKU · 2026-07-09
DJ504979_1,EU VD 板式面盆柜 双开门 单抽 侧边可左右互换置物层 一件一箱 颜色->白色,ALL,AMAZON,C,T4B,1.6951,0.8624,52.55,26.73,65,2.0968,-1.2344,0.5887,f,6 个月 · 全平台 · 全量 SKU · 2026-07-09
DJ504979_1,EU VD 板式面盆柜 双开门 单抽 侧边可左右互换置物层 一件一箱 颜色->白色,ALL,UNKNOWN,C,T4B,0.5000,0.2400,15.50,7.44,51,1.6452,-1.4052,0.8541,f,6 个月 · 全平台 · 全量 SKU · 2026-07-09
DJ504980_2,US VD 低高架床 天蓬 可移脚踏凳 9布抽 6格置物层 拱形板 T 一件一箱 颜色->灰色,ALL,AMAZON,C,T4B,0.6813,0.2780,21.12,8.62,23,0.7419,-0.4639,0.6253,f,6 个月 · 全平台 · 全量 SKU · 2026-07-09
DJ504982_1,US VD 低高架床 侧步梯 渐变色9布抽 书报架 拱形板 T 一件一箱 颜色->白色,ALL,AMAZON,C,T4B,1.6280,0.6642,50.47,20.59,27,0.8710,-0.2068,0.2374,f,6 个月 · 全平台 · 全量 SKU · 2026-07-09
DJ504982_1,US VD 低高架床 侧步梯 渐变色9布抽 书报架 拱形板 T 一件一箱 颜色->白色,ALL,UNKNOWN,C,T4B,0.6445,0.3094,19.98,9.59,33,1.0645,-0.7551,0.7094,f,6 个月 · 全平台 · 全量 SKU · 2026-07-09
DJ504982_1,US VD 低高架床 侧步梯 渐变色9布抽 书报架 拱形板 T 一件一箱 颜色->白色,ALL,WALMART,C,T4B,0.3566,0.1814,11.05,5.62,27,0.8710,-0.6896,0.7917,f,6 个月 · 全平台 · 全量 SKU · 2026-07-09
DJ504982_2,US VD 低高架床 侧步梯 渐变色9布抽 书报架 拱形板 T 一件一箱 颜色->灰色,ALL,WALMART,C,T4B,0.1720,0.0702,5.33,2.18,13,0.4194,-0.3492,0.8326,f,6 个月 · 全平台 · 全量 SKU · 2026-07-09
DJ504983_1,US 1m农舍板材电脑桌 一件一箱 颜色->棕+白,ALL,AMAZON,C,T3,4.0201,4.0679,124.62,126.10,199,6.4194,-2.3515,0.3663,t,6 个月 · 全平台 · 全量 SKU · 2026-07-09
DJ504983_2,US 1m农舍板材电脑桌 一件一箱 颜色->黑麻,ALL,AMAZON,C,T4B,2.4101,0.9833,74.71,30.48,76,2.4516,-1.4683,0.5989,f,6 个月 · 全平台 · 全量 SKU · 2026-07-09
DJ504983_3,US 1m农舍板材电脑桌 一件一箱 颜色->浅灰色,ALL,AMAZON,C,T4B,1.7056,0.6959,52.87,21.57,74,2.3871,-1.6912,0.7085,f,6 个月 · 全平台 · 全量 SKU · 2026-07-09
DJ504986_1,US 梳妆台-VDQS-01轻奢风波浪板 一件一箱 颜色 木纹色,ALL,AMAZON,C,T4B,0.3753,0.2017,11.63,6.25,37,1.1935,-0.9918,0.8310,f,6 个月 · 全平台 · 全量 SKU · 2026-07-09
DJ504986_2,US 梳妆台-VDQS-01轻奢风波浪板 一件一箱 颜色->白色,ALL,AMAZON,C,T4B,0.2896,0.1557,8.98,4.83,39,1.2581,-1.1024,0.8762,f,6 个月 · 全平台 · 全量 SKU · 2026-07-09
DJ504988_1,EU AG 软包悬浮床 床头分隔置物层 1.4*1.9m 一件两箱 颜色->深灰色,ALL,AMAZON,B,T4B,1.7758,0.9547,55.05,29.60,127,4.0968,-3.1421,0.7670,f,6 个月 · 全平台 · 全量 SKU · 2026-07-09
DJ504989_1,EU AG 软包悬浮床 床头分隔置物层 1.4*2m 一件两箱 颜色->深灰色,ALL,AMAZON,C,T4B,1.0462,0.5624,32.43,17.43,24,0.7742,-0.2118,0.2736,f,6 个月 · 全平台 · 全量 SKU · 2026-07-09
DJ504990_1,EU AG 软包悬浮床 床头分隔置物层 1.6*2m 一件两箱 颜色->深灰色,ALL,AMAZON,C,T4B,0.9973,0.5361,30.92,16.62,0,0.0000,0.5361,,f,6 个月 · 全平台 · 全量 SKU · 2026-07-09
DJ504991_1,US DC 铁木床 BFX-01 602床头床尾含灯带床头翻门置物 黑色麻面 F 一件一箱,ALL,UNKNOWN,C,T4B,0.2852,0.1533,8.84,4.75,12,0.3871,-0.2338,0.6040,f,6 个月 · 全平台 · 全量 SKU · 2026-07-09
DJ504991_2,US DC 铁木床 BFX-01 602床头床尾含灯带床头翻门置物 黑色麻面 Q 一件一箱,ALL,UNKNOWN,B,T4B,0.4412,0.2372,13.68,7.35,13,0.4194,-0.1822,0.4344,f,6 个月 · 全平台 · 全量 SKU · 2026-07-09
DJ504991_3,US DC 铁木床 BFX-01 床头床尾含灯带床头翻门置物 黑色麻面 K一件一箱,ALL,AMAZON,C,T4B,1.4819,0.6046,45.94,18.74,29,0.9355,-0.3309,0.3537,f,6 个月 · 全平台 · 全量 SKU · 2026-07-09
DJ504991_3,US DC 铁木床 BFX-01 床头床尾含灯带床头翻门置物 黑色麻面 K一件一箱,ALL,WALMART,C,T4B,0.5929,0.2846,18.38,8.82,13,0.4194,-0.1348,0.3213,f,6 个月 · 全平台 · 全量 SKU · 2026-07-09
DJ504993_1,UK DC 铁木床 CBF-01L 方管软包角落床带抽篮-153 90*190 灰色 一件一箱,ALL,AMAZON,C,T4B,2.0874,1.1222,64.71,34.79,289,9.3226,-8.2004,0.8796,f,6 个月 · 全平台 · 全量 SKU · 2026-07-09
DJ504994_1,UK DC 铁木床 CBF-01L 方管软包角落床带抽篮-153 90*190 米白  一件一箱,ALL,AMAZON,C,T4B,0.9555,0.4862,29.62,15.07,120,3.8710,-3.3848,0.8744,f,6 个月 · 全平台 · 全量 SKU · 2026-07-09
DJ505002_2,US HS 铝槽环绕灯带两开门+开放格木质镜柜 90*18*78 白色 一件一箱,ALL,AMAZON,C,T4B,0.7709,0.3700,23.90,11.47,0,0.0000,0.3700,,f,6 个月 · 全平台 · 全量 SKU · 2026-07-09
DJ505005_2,EU BW CBQ-06 客卧储物款青少年床90*200 橡木灰色 一件两箱,ALL,AMAZON,C,T4B,0.7995,0.4298,24.78,13.32,18,0.5806,-0.1508,0.2598,f,6 个月 · 全平台 · 全量 SKU · 2026-07-09
DJ505012_1,US 1.8m亚克力展示书柜 一件一箱 颜色->黑麻,ALL,AMAZON,C,T3,4.2429,3.9231,131.53,121.62,101,3.2581,0.6650,0.2041,t,6 个月 · 全平台 · 全量 SKU · 2026-07-09
DJ505012_2,US 1.8m亚克力展示书柜 一件一箱 颜色->白麻,ALL,AMAZON,C,T4B,1.1209,0.5380,34.75,16.68,29,0.9355,-0.3975,0.4249,f,6 个月 · 全平台 · 全量 SKU · 2026-07-09
DJ505016_1,"US UA DK-XZ02 板式梯形腿假厚桌面行政桌 一件一箱 颜色->黑色,山纹黑",ALL,AMAZON,C,T4B,1.3154,0.5367,40.78,16.64,38,1.2258,-0.6891,0.5622,f,6 个月 · 全平台 · 全量 SKU · 2026-07-09
DJ505016_2,"US UA DK-XZ02 板式梯形腿假厚桌面行政桌 一件一箱 颜色->#1,年轮橡木",ALL,AMAZON,C,T4A,2.7547,1.3549,85.40,42.00,91,2.9355,-1.5806,0.5384,t,6 个月 · 全平台 · 全量 SKU · 2026-07-09
DJ505017_1,US SD 1.5米圆弧竖条形电脑桌 一件一箱 颜色原木色7625手抓纹+82039-162,ALL,UNKNOWN,C,T4B,0.1214,0.0583,3.76,1.81,38,1.2258,-1.1675,0.9524,f,6 个月 · 全平台 · 全量 SKU · 2026-07-09
DJ505017_2,US SD 1.5米圆弧竖条形电脑桌 一件一箱 颜色->黑麻,ALL,TEMU,C,T4B,0.0967,0.0520,3.00,1.61,4,0.1290,-0.0770,0.5970,f,6 个月 · 全平台 · 全量 SKU · 2026-07-09
DJ505017_3,US SD 1.5米圆弧竖条形电脑桌 一件一箱 颜色->棕色,ALL,AMAZON,C,T4B,0.3571,0.1714,11.07,5.31,147,4.7419,-4.5705,0.9639,f,6 个月 · 全平台 · 全量 SKU · 2026-07-09
DJ505019_1,US DC 高架床 LLB-04  YL 私密堡垒储物款 T 尺寸 一件一箱 颜色->黑色,ALL,AMAZON,B,T4A,2.9799,1.5486,92.38,48.01,114,3.6774,-2.1288,0.5789,t,6 个月 · 全平台 · 全量 SKU · 2026-07-09
DJ505019_1,US DC 高架床 LLB-04  YL 私密堡垒储物款 T 尺寸 一件一箱 颜色->黑色,ALL,WALMART,B,T4B,0.3044,0.1636,9.44,5.07,25,0.8065,-0.6429,0.7971,f,6 个月 · 全平台 · 全量 SKU · 2026-07-09
DJ505019_2,US DC 高架床 LLB-04  YL 私密堡垒储物款 T 尺寸 一件一箱 颜色->白色,ALL,AMAZON,B,T3,6.5178,6.5700,202.05,203.67,301,9.7097,-3.1397,0.3234,t,6 个月 · 全平台 · 全量 SKU · 2026-07-09
DJ505019_2,US DC 高架床 LLB-04  YL 私密堡垒储物款 T 尺寸 一件一箱 颜色->白色,ALL,UNKNOWN,B,T4B,0.1714,0.0823,5.31,2.55,13,0.4194,-0.3371,0.8037,f,6 个月 · 全平台 · 全量 SKU · 2026-07-09
DJ505019_3,US DC 高架床 LLB-04  YL 私密堡垒储物款 T 尺寸 一件一箱 颜色->多色,ALL,AMAZON,C,T4B,1.2258,0.5884,38.00,18.24,43,1.3871,-0.7987,0.5758,f,6 个月 · 全平台 · 全量 SKU · 2026-07-09
DJ505019_4,US DC 高架床 LLB-04  YL 私密堡垒储物款 T 尺寸 一件一箱 颜色->粉色,ALL,AMAZON,D,T4B,0.8214,0.3943,25.46,12.22,67,2.1613,-1.7670,0.8176,f,6 个月 · 全平台 · 全量 SKU · 2026-07-09
DJ505027_1,EU AG 6布抽角落床 90*200 一件两箱 颜色->火烧云,ALL,AMAZON,C,T4B,0.7467,0.3584,23.15,11.11,30,0.9677,-0.6093,0.6297,f,6 个月 · 全平台 · 全量 SKU · 2026-07-09
DJ505027_1,EU AG 6布抽角落床 90*200 一件两箱 颜色->火烧云,ALL,UNKNOWN,C,T4B,1.8604,1.0002,57.67,31.01,44,1.4194,-0.4192,0.2953,f,6 个月 · 全平台 · 全量 SKU · 2026-07-09
DJ505027_2,EU AG 6布抽角落床 90*200 一件两箱 颜色->白色,ALL,AMAZON,C,T4B,1.9632,0.9423,60.86,29.21,26,0.8387,0.1036,0.1235,f,6 个月 · 全平台 · 全量 SKU · 2026-07-09
DJ505027_2,EU AG 6布抽角落床 90*200 一件两箱 颜色->白色,ALL,UNKNOWN,C,T4B,1.1049,0.5304,34.25,16.44,47,1.5161,-0.9857,0.6502,f,6 个月 · 全平台 · 全量 SKU · 2026-07-09
DJ505028_1,EU AG 6布抽角落床 140*200 一件两箱 颜色->火烧云,ALL,AMAZON,C,T4B,1.4407,0.7330,44.66,22.72,49,1.5806,-0.8476,0.5363,f,6 个月 · 全平台 · 全量 SKU · 2026-07-09
DJ505028_1,EU AG 6布抽角落床 140*200 一件两箱 颜色->火烧云,ALL,UNKNOWN,C,T4B,1.0374,0.5577,32.16,17.29,18,0.5806,-0.0229,0.0395,f,6 个月 · 全平台 · 全量 SKU · 2026-07-09
DJ505028_2,EU AG 6布抽角落床 140*200 一件两箱 颜色->白色,ALL,AMAZON,B,T4A,1.9550,0.9071,60.61,28.12,29,0.9355,-0.0284,0.0303,t,6 个月 · 全平台 · 全量 SKU · 2026-07-09
DJ505028_2,EU AG 6布抽角落床 140*200 一件两箱 颜色->白色,ALL,UNKNOWN,B,T4B,0.9280,0.4455,28.77,13.81,28,0.9032,-0.4577,0.5068,f,6 个月 · 全平台 · 全量 SKU · 2026-07-09
DJ505032_1,US R124款 屋顶书架低阁楼床 带灯带床头置物袋侧边挂袋，一件一箱 颜色->白色,ALL,UNKNOWN,C,T4B,0.8549,0.3488,26.50,10.81,10,0.3226,0.0262,0.0813,f,6 个月 · 全平台 · 全量 SKU · 2026-07-09
DJ505032_2,US R124款 屋顶书架低阁楼床 带灯带床头置物袋侧边挂袋，一件一箱 颜色->黑色,ALL,UNKNOWN,B,T4B,0.3346,0.1365,10.37,4.23,23,0.7419,-0.6054,0.8160,f,6 个月 · 全平台 · 全量 SKU · 2026-07-09
DJ505032_3,US R124款 屋顶书架低阁楼床 带灯带床头置物袋侧边挂袋，一件一箱 颜色->粉色,ALL,UNKNOWN,B,T4B,0.9209,0.4420,28.55,13.70,80,2.5806,-2.1386,0.8287,f,6 个月 · 全平台 · 全量 SKU · 2026-07-09
DJ505032_3,US R124款 屋顶书架低阁楼床 带灯带床头置物袋侧边挂袋，一件一箱 颜色->粉色,ALL,WALMART,B,T4B,0.3143,0.1690,9.74,5.24,9,0.2903,-0.1213,0.4179,f,6 个月 · 全平台 · 全量 SKU · 2026-07-09
DJ505039_1,EU AG软包床 绒布四抽 1灯带 欧标3U+1T插排 1.4*1.9m 一件两箱  颜色->白,ALL,AMAZON,C,T4B,1.5511,0.8339,48.08,25.85,223,7.1935,-6.3596,0.8841,f,6 个月 · 全平台 · 全量 SKU · 2026-07-09
DJ505040_1,EU AG软包床 绒布四抽 1灯带 欧标3U+1T插排 1.4*2m 一件两箱 颜色->白色,ALL,AMAZON,C,T4B,0.9434,0.5072,29.25,15.72,115,3.7097,-3.2025,0.8633,f,6 个月 · 全平台 · 全量 SKU · 2026-07-09
DJ505041_1,EU AG软包床 棉麻两抽 1灯带 欧标3U+1T插排 0.9*2m 一件两箱 颜色->深灰色,ALL,AMAZON,C,T4B,0.9659,0.5193,29.94,16.10,50,1.6129,-1.0936,0.6780,f,6 个月 · 全平台 · 全量 SKU · 2026-07-09
DJ505042_1,EU AG软包床 棉麻四抽 1灯带 欧标3U+1T插排 1.4*1.9m 一件两箱  颜色->深灰色,ALL,AMAZON,C,T4B,1.8313,0.9845,56.77,30.52,139,4.4839,-3.4994,0.7804,f,6 个月 · 全平台 · 全量 SKU · 2026-07-09
DJ505043_1,EU FR浴室高柜 板竹结合 上下单开门 底柜单脏衣篮款H170 一件一箱 颜色->白色,ALL,AMAZON,C,T4B,2.0346,1.0352,63.07,32.09,86,2.7742,-1.7390,0.6268,f,6 个月 · 全平台 · 全量 SKU · 2026-07-09
DJ505046_1,EU FR浴室镜柜 板式 LED镜 大小门铣槽包覆柜门简约白 一件一箱 颜色->白色,ALL,AMAZON,C,T4B,1.4918,0.8020,46.25,24.86,81,2.6129,-1.8109,0.6931,f,6 个月 · 全平台 · 全量 SKU · 2026-07-09
DJ505048_1,"EU KM BF GY01 靠背储物液压床 双箱 尺码->L,140*190;颜色->白色,PU-白",ALL,AMAZON,C,T4B,0.6995,0.3760,21.68,11.66,48,1.5484,-1.1724,0.7572,f,6 个月 · 全平台 · 全量 SKU · 2026-07-09
DJ505048_11,EU KM BF GY01 靠背储物液压床 尺码->M 90*200 ;颜色->白色,ALL,UNKNOWN,C,T4B,1.4731,0.7919,45.67,24.55,52,1.6774,-0.8855,0.5279,f,6 个月 · 全平台 · 全量 SKU · 2026-07-09
DJ505048_12,EU KM BF GY01 靠背储物液压床 尺码->M90*200;颜色->灰色,ALL,UNKNOWN,C,T4B,1.6319,0.8773,50.59,27.20,53,1.7097,-0.8324,0.4869,f,6 个月 · 全平台 · 全量 SKU · 2026-07-09
DJ505048_3,"EU KM BF GY01 靠背储物液压床  双箱 尺码>XL,140*200;颜色>白色,PU-白",ALL,AMAZON,C,T4B,0.3143,0.1509,9.74,4.68,12,0.3871,-0.2362,0.6102,f,6 个月 · 全平台 · 全量 SKU · 2026-07-09
DJ505048_3,"EU KM BF GY01 靠背储物液压床  双箱 尺码>XL,140*200;颜色>白色,PU-白",ALL,UNKNOWN,C,T4B,1.0011,0.5382,31.03,16.68,24,0.7742,-0.2360,0.3048,f,6 个月 · 全平台 · 全量 SKU · 2026-07-09
DJ505048_5,"EU KM BF GY01 靠背储物液压床 双箱 尺码>XXL,160*200;颜色>白色,PU-白",ALL,AMAZON,C,T4B,0.6753,0.3436,20.93,10.65,38,1.2258,-0.8822,0.7197,f,6 个月 · 全平台 · 全量 SKU · 2026-07-09
DJ505048_5,"EU KM BF GY01 靠背储物液压床 双箱 尺码>XXL,160*200;颜色>白色,PU-白",ALL,UNKNOWN,C,T4B,0.3203,0.1722,9.93,5.34,18,0.5806,-0.4084,0.7034,f,6 个月 · 全平台 · 全量 SKU · 2026-07-09
DJ505048_6,"EU KM BF GY01 靠背储物液压床 双包 尺码>XXL,160*200;颜色>灰色,亚麻灰",ALL,AMAZON,C,T4B,0.6566,0.3152,20.35,9.77,55,1.7742,-1.4590,0.8223,f,6 个月 · 全平台 · 全量 SKU · 2026-07-09
DJ505048_6,"EU KM BF GY01 靠背储物液压床 双包 尺码>XXL,160*200;颜色>灰色,亚麻灰",ALL,UNKNOWN,C,T4B,0.6522,0.3506,20.22,10.87,20,0.6452,-0.2946,0.4566,f,6 个月 · 全平台 · 全量 SKU · 2026-07-09
DJ505048_7,"EU KM BF GY01 靠背储物液压床 双包 尺码>XXXL,180*200;颜色>白色,PU白",ALL,AMAZON,C,T4B,0.5203,0.2498,16.13,7.74,23,0.7419,-0.4921,0.6633,f,6 个月 · 全平台 · 全量 SKU · 2026-07-09
DJ505048_7,"EU KM BF GY01 靠背储物液压床 双包 尺码>XXXL,180*200;颜色>白色,PU白",ALL,UNKNOWN,C,T4B,1.0473,0.5630,32.47,17.45,20,0.6452,-0.0822,0.1274,f,6 个月 · 全平台 · 全量 SKU · 2026-07-09
DJ505048_8,"EU KM BF GY01 靠背储物液压床 双包 尺码>XXXL,180*200;颜色>灰色,亚麻灰",ALL,UNKNOWN,C,T4B,1.3593,0.7308,42.14,22.65,38,1.2258,-0.4950,0.4038,f,6 个月 · 全平台 · 全量 SKU · 2026-07-09
DJ505049_1,"EU DC铁木床LIW-01 床头一层盖板+灯带+插排 HQ 黑色+火烧色 一件一箱 ,90*200",ALL,AMAZON,C,T4B,1.2071,0.5794,37.42,17.96,86,2.7742,-2.1948,0.7911,f,6 个月 · 全平台 · 全量 SKU · 2026-07-09
DJ505049_2,EU DC铁木床LIW-01 床头一层盖板+灯带+插排 HQ 黑色+火烧色 一件一箱 120*200,ALL,AMAZON,C,T4B,0.8714,0.4183,27.01,12.97,56,1.8065,-1.3882,0.7684,f,6 个月 · 全平台 · 全量 SKU · 2026-07-09
DJ505049_3,EU DC铁木床LIW-01 床头一层盖板+灯带+插排 HQ 黑色+火烧色 一件一箱 140*190,ALL,AMAZON,C,T4B,2.3071,1.1074,71.52,34.33,112,3.6129,-2.5055,0.6935,f,6 个月 · 全平台 · 全量 SKU · 2026-07-09
DJ505049_4,EU DC铁木床LIW-01 床头一层盖板+灯带+插排 HQ 黑色+火烧色 一件一箱 140*200,ALL,AMAZON,C,T4B,0.3786,0.1817,11.74,5.63,59,1.9032,-1.7215,0.9045,f,6 个月 · 全平台 · 全量 SKU · 2026-07-09
DJ505050_1,EU BW铁木软包床LIWS-01 床头两层板+灯带+插排HQ 黑色+火烧色 一件一箱 90*200,ALL,AMAZON,C,T4B,1.1549,0.5876,35.80,18.22,63,2.0323,-1.4447,0.7109,f,6 个月 · 全平台 · 全量 SKU · 2026-07-09
DJ505050_2,EU BW铁木软包床LIWS-01 床头两层板+灯带+插排HQ 黑色+火烧色 一件一箱 120*200,ALL,AMAZON,C,T4B,1.1132,0.5664,34.51,17.56,62,2.0000,-1.4336,0.7168,f,6 个月 · 全平台 · 全量 SKU · 2026-07-09
DJ505050_3,EU BW铁木软包床LIWS-01 床头两层板+灯带+插排HQ 黑色+火烧色 一件一箱 140*190,ALL,AMAZON,D,T4B,1.3357,0.6411,41.41,19.87,75,2.4194,-1.7783,0.7350,f,6 个月 · 全平台 · 全量 SKU · 2026-07-09
DJ505050_4,EU BW铁木软包床LIWS-01 床头两层板+灯带+插排HQ 黑色+火烧色 一件一箱 140*200,ALL,AMAZON,C,T4B,1.1214,0.5383,34.76,16.69,180,5.8065,-5.2682,0.9073,f,6 个月 · 全平台 · 全量 SKU · 2026-07-09
DJ505050_6,EU BW铁木软包床LIWS-01 床头两层板+灯带+插排HQ 黑色+火烧色 一件一箱 180*200,ALL,AMAZON,C,T4B,1.0555,0.5674,32.72,17.59,137,4.4194,-3.8520,0.8716,f,6 个月 · 全平台 · 全量 SKU · 2026-07-09
DJ505050_7,EU BW铁木软包床LIWS-01 床头两层板+灯带+插排HQ 黑色+火烧色 一件一箱 90*190,ALL,AMAZON,C,T4B,1.4813,0.7537,45.92,23.36,43,1.3871,-0.6334,0.4566,f,6 个月 · 全平台 · 全量 SKU · 2026-07-09
DJ505051_1,EU BW铁木软包床LIWS-01 床头两层板+灯带+插排HQ 白色+原木色 一件一箱90*200,ALL,AMAZON,C,T4B,1.3044,0.6261,40.44,19.41,105,3.3871,-2.7610,0.8152,f,6 个月 · 全平台 · 全量 SKU · 2026-07-09
DJ505051_2,EU BW铁木软包床LIWS-01 床头两层板+灯带+插排HQ 白色+原木色 一件一箱120*200,ALL,AMAZON,C,T4B,1.0907,0.5863,33.81,18.18,54,1.7419,-1.1556,0.6634,f,6 个月 · 全平台 · 全量 SKU · 2026-07-09
DJ505051_3,EU BW铁木软包床LIWS-01 床头两层板+灯带+插排HQ 白色+原木色 一件一箱140*190,ALL,AMAZON,B,T4B,2.5571,1.2274,79.27,38.05,1,0.0323,1.1951,37.0494,f,6 个月 · 全平台 · 全量 SKU · 2026-07-09
DJ505051_5,EU BW铁木软包床LIWS-01 床头两层板+灯带+插排HQ 白色+原木色 一件一箱160*200,ALL,AMAZON,C,T4B,0.7143,0.3429,22.14,10.63,63,2.0323,-1.6894,0.8313,f,6 个月 · 全平台 · 全量 SKU · 2026-07-09
DJ505051_6,EU BW铁木软包床LIWS-01 床头两层板+灯带+插排HQ 白色+原木色 一件一箱180*200,ALL,AMAZON,C,T4B,0.9176,0.4933,28.45,15.29,71,2.2903,-1.7970,0.7846,f,6 个月 · 全平台 · 全量 SKU · 2026-07-09
DJ505051_7,"EU BW铁木软包床LIWS-01 床头两层板+灯带+插排HQ 白色+原木色 一件一箱,90*190",ALL,AMAZON,C,T4A,2.7817,1.3682,86.23,42.41,33,1.0645,0.3037,0.2853,t,6 个月 · 全平台 · 全量 SKU · 2026-07-09
DJ505052_1,EU BW铁木软包床LIWS-01 床头两层板+灯带+插排HQ黑色pu+黑色一件一箱90*200,ALL,AMAZON,C,T4B,1.3258,0.6746,41.10,20.91,59,1.9032,-1.2286,0.6455,f,6 个月 · 全平台 · 全量 SKU · 2026-07-09
DJ505052_2,EU BW铁木软包床LIWS-01 床头两层板+灯带+插排HQ黑色pu+黑色一件一箱120*200,ALL,AMAZON,C,T4B,1.2681,0.6817,39.31,21.13,34,1.0968,-0.4151,0.3785,f,6 个月 · 全平台 · 全量 SKU · 2026-07-09
DJ505052_3,EU BW铁木软包床LIWS-01 床头两层板+灯带+插排HQ黑色pu+黑色一件一箱140*190,ALL,AMAZON,C,T4B,2.0753,1.0559,64.33,32.73,91,2.9355,-1.8796,0.6403,f,6 个月 · 全平台 · 全量 SKU · 2026-07-09
DJ505052_4,EU BW铁木软包床LIWS-01 床头两层板+灯带+插排HQ黑色pu+黑色一件一箱140*200,ALL,AMAZON,C,T4B,1.2126,0.6519,37.59,20.21,69,2.2258,-1.5739,0.7071,f,6 个月 · 全平台 · 全量 SKU · 2026-07-09
DJ505052_5,EU BW铁木软包床LIWS-01 床头两层板+灯带+插排HQ黑色pu+黑色一件一箱160*200,ALL,AMAZON,C,T4B,1.0643,0.5109,32.99,15.84,88,2.8387,-2.3278,0.8200,f,6 个月 · 全平台 · 全量 SKU · 2026-07-09
DJ505052_6,EU BW铁木软包床LIWS-01 床头两层板+灯带+插排HQ黑色pu+黑色一件一箱180*200,ALL,AMAZON,C,T4B,1.2495,0.6717,38.73,20.82,62,2.0000,-1.3283,0.6642,f,6 个月 · 全平台 · 全量 SKU · 2026-07-09
DJ505052_7,EU BW铁木软包床LIWS-01 床头两层板+灯带+插排HQ黑色pu+黑色一件一箱90*190,ALL,AMAZON,C,T4B,2.0934,1.1254,64.90,34.89,64,2.0645,-0.9391,0.4549,f,6 个月 · 全平台 · 全量 SKU · 2026-07-09
DJ505053,EU BW SCCC-01除臭鞋柜2翻盖+1储物格+塑料八层翻转 DFS 白色 一件一箱,ALL,AMAZON,C,T4B,0.6005,0.3229,18.62,10.01,24,0.7742,-0.4513,0.5829,f,6 个月 · 全平台 · 全量 SKU · 2026-07-09
DJ505054_1,EU BW 床头柜 窄柜 NSQL-01+感应灯+插排 DFS 白色 一件一箱,ALL,AMAZON,C,T4B,0.7379,0.3542,22.87,10.98,23,0.7419,-0.3877,0.5226,f,6 个月 · 全平台 · 全量 SKU · 2026-07-09
DJ505054_2,EU BW 床头柜 窄柜 NSQL-01+感应灯+插排 DFS 白色 两件一箱,ALL,AMAZON,C,T4B,0.9055,0.4868,28.07,15.09,17,0.5484,-0.0616,0.1123,f,6 个月 · 全平台 · 全量 SKU · 2026-07-09
DJ505055_1,EU BW 床头柜 三抽 NSQL-04+感应灯+插排 DFS 白色 一件一箱,ALL,AMAZON,C,T4B,0.7648,0.4112,23.71,12.75,22,0.7097,-0.2985,0.4206,f,6 个月 · 全平台 · 全量 SKU · 2026-07-09
DJ505055_2,EU BW 床头柜 三抽 NSQL-04+感应灯+插排 DFS 白色 两件一箱,ALL,AMAZON,C,T4B,0.8962,0.4560,27.78,14.14,16,0.5161,-0.0601,0.1165,f,6 个月 · 全平台 · 全量 SKU · 2026-07-09
DJ505057_1,US UA BF-RB 粉色天鹅绒床+抽屉  T尺寸 一个一箱 颜色->粉色,ALL,AMAZON,C,T4B,1.6033,0.8619,49.70,26.72,0,0.0000,0.8619,,f,6 个月 · 全平台 · 全量 SKU · 2026-07-09
DJ505059_1,US UA BF-RB 粉色天鹅绒床+抽屉  F尺寸 一个一箱 颜色->粉色,ALL,AMAZON,C,T4B,0.5225,0.2659,16.20,8.24,0,0.0000,0.2659,,f,6 个月 · 全平台 · 全量 SKU · 2026-07-09
DJ505062_1,US SD 1.2米翻转升降桌 一件一箱 颜色->火烧云,ALL,AMAZON,C,T4B,1.1725,0.5628,36.35,17.45,139,4.4839,-3.9211,0.8745,f,6 个月 · 全平台 · 全量 SKU · 2026-07-09
DJ505062_1,US SD 1.2米翻转升降桌 一件一箱 颜色->火烧云,ALL,WALMART,C,T4B,0.2879,0.1548,8.92,4.80,30,0.9677,-0.8129,0.8400,f,6 个月 · 全平台 · 全量 SKU · 2026-07-09
DJ505062_2,US SD 1.2米翻转升降桌 一件一箱 颜色->黑色,ALL,AMAZON,C,T4B,1.0918,0.4454,33.85,13.81,39,1.2581,-0.8127,0.6460,f,6 个月 · 全平台 · 全量 SKU · 2026-07-09
DJ505062_2,US SD 1.2米翻转升降桌 一件一箱 颜色->黑色,ALL,WALMART,C,T4B,0.2610,0.1403,8.09,4.35,0,0.0000,0.1403,,f,6 个月 · 全平台 · 全量 SKU · 2026-07-09
DJ505062_3,US SD 1.2米翻转升降桌 一件一箱 颜色->白色,ALL,WALMART,C,T4B,0.1808,0.0920,5.60,2.85,4,0.1290,-0.0370,0.2870,f,6 个月 · 全平台 · 全量 SKU · 2026-07-09
DJ505066_1,EU AG 铁木软包转角床1.4*2m简约款拉网造型 一拖二灯带 欧规3U1T插排一件两箱 颜色->深灰色,ALL,AMAZON,C,T4B,1.9110,1.0273,59.24,31.85,124,4.0000,-2.9727,0.7432,f,6 个月 · 全平台 · 全量 SKU · 2026-07-09
DJ505067_1,"US 床GS-920T 高背绘本架沙发床 含灯带、插盘 99*190 颜色->#1,纯黑",ALL,UNKNOWN,D,T4B,0.2104,0.1131,6.52,3.51,14,0.4516,-0.3385,0.7496,f,6 个月 · 全平台 · 全量 SKU · 2026-07-09
DJ505067_2,"US 床GS-920T 高背绘本架沙发床 含灯带、插盘 99*190 颜色->#2,纯白",ALL,AMAZON,D,T4B,0.6093,0.2486,18.89,7.71,11,0.3548,-0.1062,0.2994,f,6 个月 · 全平台 · 全量 SKU · 2026-07-09
DJ505067_2,"US 床GS-920T 高背绘本架沙发床 含灯带、插盘 99*190 颜色->#2,纯白",ALL,UNKNOWN,D,T4B,0.5236,0.2815,16.23,8.73,0,0.0000,0.2815,,f,6 个月 · 全平台 · 全量 SKU · 2026-07-09
DJ505068_3,US AG 高架布抽角落床 T 一件一箱 颜色->粉色,ALL,AMAZON,B,T4A,2.4982,1.2287,77.44,38.09,96,3.0968,-1.8681,0.6032,t,6 个月 · 全平台 · 全量 SKU · 2026-07-09
DJ505068_3,US AG 高架布抽角落床 T 一件一箱 颜色->粉色,ALL,WALMART,B,T4B,0.1423,0.0765,4.41,2.37,6,0.1935,-0.1170,0.6048,f,6 个月 · 全平台 · 全量 SKU · 2026-07-09
DJ505068_4,US AG 高架布抽角落床 T 一件一箱 颜色->白色,ALL,AMAZON,C,T4B,1.7747,0.8519,55.02,26.41,84,2.7097,-1.8578,0.6856,f,6 个月 · 全平台 · 全量 SKU · 2026-07-09
DJ505068_4,US AG 高架布抽角落床 T 一件一箱 颜色->白色,ALL,UNKNOWN,C,T4B,0.3275,0.1572,10.15,4.87,50,1.6129,-1.4557,0.9025,f,6 个月 · 全平台 · 全量 SKU · 2026-07-09
DJ505069_1,US AG 高架布抽角落床 F 一件一箱 颜色->火烧云,ALL,UNKNOWN,C,T4B,0.4440,0.2131,13.76,6.61,25,0.8065,-0.5934,0.7358,f,6 个月 · 全平台 · 全量 SKU · 2026-07-09
DJ505069_1,US AG 高架布抽角落床 F 一件一箱 颜色->火烧云,ALL,WALMART,C,T4B,0.1648,0.0839,5.11,2.60,18,0.5806,-0.4967,0.8555,f,6 个月 · 全平台 · 全量 SKU · 2026-07-09
DJ505069_2,US AG 高架布抽角落床 F 一件一箱 颜色->灰色,ALL,WALMART,B,T4B,0.4324,0.2076,13.40,6.44,18,0.5806,-0.3730,0.6425,f,6 个月 · 全平台 · 全量 SKU · 2026-07-09
DJ505069_3,US AG 高架布抽角落床 F 一件一箱 颜色->粉色,ALL,AMAZON,C,T4B,2.1099,0.8608,65.41,26.68,90,2.9032,-2.0424,0.7035,f,6 个月 · 全平台 · 全量 SKU · 2026-07-09
DJ505069_3,US AG 高架布抽角落床 F 一件一箱 颜色->粉色,ALL,UNKNOWN,C,T4B,0.3203,0.1722,9.93,5.34,34,1.0968,-0.9246,0.8430,f,6 个月 · 全平台 · 全量 SKU · 2026-07-09
DJ505069_4,US AG 高架布抽角落床 F 一件一箱 颜色->白色,ALL,AMAZON,B,T4A,2.0620,1.0142,63.92,31.44,121,3.9032,-2.8890,0.7402,t,6 个月 · 全平台 · 全量 SKU · 2026-07-09
DJ505069_4,US AG 高架布抽角落床 F 一件一箱 颜色->白色,ALL,UNKNOWN,B,T4B,0.6901,0.3710,21.39,11.50,44,1.4194,-1.0484,0.7386,f,6 个月 · 全平台 · 全量 SKU · 2026-07-09
DJ505069_4P11,US AG 高架布抽角落床 F 一件一箱 4个把手+把手螺丝+4个白色布抽 一套一包,ALL,AMAZON,D,T4B,2.0000,0.9600,62.00,29.76,62,2.0000,-1.0400,0.5200,f,6 个月 · 全平台 · 全量 SKU · 2026-07-09
DJ505070_1,EU AG JYH210 棉麻软包气杆床 靠背2档调节 双灯带 90*200cm 一件两箱 颜色->深灰色,ALL,AMAZON,C,T4B,1.8088,0.8682,56.07,26.91,29,0.9355,-0.0673,0.0719,f,6 个月 · 全平台 · 全量 SKU · 2026-07-09
DJ505070_1,EU AG JYH210 棉麻软包气杆床 靠背2档调节 双灯带 90*200cm 一件两箱 颜色->深灰色,ALL,UNKNOWN,C,T4B,0.6929,0.3326,21.48,10.31,13,0.4194,-0.0868,0.2069,f,6 个月 · 全平台 · 全量 SKU · 2026-07-09
DJ505070_2,EU AG JYH210 棉麻软包气杆床 靠背2档调节 双灯带 90*200cm 一件两箱 颜色->米白,ALL,AMAZON,C,T4B,0.8044,0.4093,24.94,12.69,49,1.5806,-1.1713,0.7411,f,6 个月 · 全平台 · 全量 SKU · 2026-07-09
DJ505070_2,EU AG JYH210 棉麻软包气杆床 靠背2档调节 双灯带 90*200cm 一件两箱 颜色->米白,ALL,UNKNOWN,C,T4B,0.1714,0.0823,5.31,2.55,13,0.4194,-0.3371,0.8037,f,6 个月 · 全平台 · 全量 SKU · 2026-07-09
DJ505071_1,EU AG JYH208 棉麻软包气杆床 三灯带 90*200cm 一件两箱 颜色->深灰色,ALL,AMAZON,C,T4B,1.0868,0.5217,33.69,16.17,26,0.8387,-0.3170,0.3780,f,6 个月 · 全平台 · 全量 SKU · 2026-07-09
DJ505071_1,EU AG JYH208 棉麻软包气杆床 三灯带 90*200cm 一件两箱 颜色->深灰色,ALL,UNKNOWN,C,T4B,0.2786,0.1337,8.64,4.14,5,0.1613,-0.0276,0.1711,f,6 个月 · 全平台 · 全量 SKU · 2026-07-09
DJ505071_2,EU AG JYH208 棉麻软包气杆床 三灯带 90*200cm 一件两箱 颜色->米白,ALL,AMAZON,C,T4B,1.0038,0.4096,31.12,12.70,20,0.6452,-0.2356,0.3651,f,6 个月 · 全平台 · 全量 SKU · 2026-07-09
DJ505078_2,US UA OTS-TC01 带推车侧架马桶柜三七分铣槽门板 一件一箱 颜色->黑色,ALL,WALMART,B,T4B,0.1330,0.0638,4.12,1.98,8,0.2581,-0.1943,0.7528,f,6 个月 · 全平台 · 全量 SKU · 2026-07-09
DJ505079_1,US UA BK-GD01 高款拱顶书柜带推车 一件一箱 颜色->黑色,ALL,AMAZON,B,T3,3.0509,3.1011,94.58,96.13,114,3.6774,-0.5763,0.1567,t,6 个月 · 全平台 · 全量 SKU · 2026-07-09
DJ505079_1,US UA BK-GD01 高款拱顶书柜带推车 一件一箱 颜色->黑色,ALL,UNKNOWN,B,T4B,0.5995,0.2877,18.58,8.92,59,1.9032,-1.6155,0.8488,f,6 个月 · 全平台 · 全量 SKU · 2026-07-09
DJ505079_1,US UA BK-GD01 高款拱顶书柜带推车 一件一箱 颜色->黑色,ALL,WALMART,B,T4B,0.3115,0.1495,9.66,4.63,16,0.5161,-0.3666,0.7103,f,6 个月 · 全平台 · 全量 SKU · 2026-07-09
DJ505079_2,"US UA BK-GD01 高款拱顶书柜带推车 一件一箱 颜色->黄色,橡木色",ALL,AMAZON,B,T4A,2.7297,1.2666,84.62,39.26,111,3.5806,-2.3140,0.6463,t,6 个月 · 全平台 · 全量 SKU · 2026-07-09
DJ505079_2,"US UA BK-GD01 高款拱顶书柜带推车 一件一箱 颜色->黄色,橡木色",ALL,UNKNOWN,B,T4B,0.9890,0.5032,30.66,15.60,6,0.1935,0.3097,1.5999,f,6 个月 · 全平台 · 全量 SKU · 2026-07-09
DJ505079_3,US UA BK-GD01 高款拱顶书柜带推车 一件一箱 颜色->棕色G29024I,ALL,AMAZON,C,T4B,1.2643,0.6069,39.19,18.81,74,2.3871,-1.7802,0.7458,f,6 个月 · 全平台 · 全量 SKU · 2026-07-09
DJ505079_3,US UA BK-GD01 高款拱顶书柜带推车 一件一箱 颜色->棕色G29024I,ALL,UNKNOWN,C,T4B,0.2000,0.0960,6.20,2.98,63,2.0323,-1.9363,0.9528,f,6 个月 · 全平台 · 全量 SKU · 2026-07-09
DJ505079_3,US UA BK-GD01 高款拱顶书柜带推车 一件一箱 颜色->棕色G29024I,ALL,WALMART,C,T4B,0.1929,0.0926,5.98,2.87,21,0.6774,-0.5848,0.8633,f,6 个月 · 全平台 · 全量 SKU · 2026-07-09
DJ505083_1,"EU KM BF-TG01基础款铁木拐角床 单箱 尺码>M,90*200;颜色>黑色,亚麻灰+山纹黑",ALL,UNKNOWN,C,T4B,0.7220,0.3881,22.38,12.03,38,1.2258,-0.8377,0.6834,f,6 个月 · 全平台 · 全量 SKU · 2026-07-09
DJ505083_2,"EU KM BF-TG01基础款铁木拐角床 单箱 尺码>S,90*190;颜色>黑色,亚麻灰+山纹黑",ALL,AMAZON,C,T4B,0.4286,0.2057,13.29,6.38,22,0.7097,-0.5040,0.7102,f,6 个月 · 全平台 · 全量 SKU · 2026-07-09
DJ505084_1,EU BW铁木软包床LIWS-01 床尾两抽屉 黑色+火烧色 HQ 一件一箱140*190,ALL,AMAZON,C,T4B,0.5571,0.2674,17.27,8.29,118,3.8065,-3.5391,0.9298,f,6 个月 · 全平台 · 全量 SKU · 2026-07-09
DJ505084_2,EU BW铁木软包床LIWS-01 床尾两抽屉 黑色+火烧色 HQ 一件一箱140*200,ALL,AMAZON,C,T4B,0.5786,0.2777,17.94,8.61,61,1.9677,-1.6900,0.8589,f,6 个月 · 全平台 · 全量 SKU · 2026-07-09
DJ505086_1,US DC PU床 双侧LED USB款 Q 黑色 HQ一件一箱,ALL,AMAZON,B,T4B,1.9341,0.7891,59.96,24.46,68,2.1935,-1.4044,0.6403,f,6 个月 · 全平台 · 全量 SKU · 2026-07-09
DJ505086_1,US DC PU床 双侧LED USB款 Q 黑色 HQ一件一箱,ALL,UNKNOWN,B,T4B,1.0896,0.5544,33.78,17.19,2,0.0645,0.4899,7.5932,f,6 个月 · 全平台 · 全量 SKU · 2026-07-09
DJ505086_2,US DC PU床 双侧LED USB款 K 黑色 HQ一件一箱,ALL,AMAZON,C,T4A,2.0011,0.9285,62.03,28.78,61,1.9677,-1.0392,0.5281,t,6 个月 · 全平台 · 全量 SKU · 2026-07-09
DJ505086_2,US DC PU床 双侧LED USB款 K 黑色 HQ一件一箱,ALL,UNKNOWN,C,T4B,0.4566,0.2192,14.15,6.80,3,0.0968,0.1224,1.2651,f,6 个月 · 全平台 · 全量 SKU · 2026-07-09
DJ505086_2,US DC PU床 双侧LED USB款 K 黑色 HQ一件一箱,ALL,WALMART,C,T4B,0.6764,0.3247,20.97,10.07,8,0.2581,0.0666,0.2582,f,6 个月 · 全平台 · 全量 SKU · 2026-07-09
DJ505087_1,EU AG 6布抽角落床 90*190 一件两箱 颜色->火烧云,ALL,AMAZON,C,T4B,0.3962,0.2130,12.28,6.60,18,0.5806,-0.3676,0.6332,f,6 个月 · 全平台 · 全量 SKU · 2026-07-09
DJ505088_1,EU AG 6布抽角落床 140*190 一件两箱 颜色->火烧云,ALL,AMAZON,C,T4B,0.8148,0.4381,25.26,13.58,29,0.9355,-0.4974,0.5317,f,6 个月 · 全平台 · 全量 SKU · 2026-07-09
DJ505091_1,HS NSB-02 边柜 纯木 带插板底座款 上空双抽 DFS 颜色->黑色,ALL,AMAZON,B,T3,6.0836,5.8038,188.59,179.92,132,4.2581,1.5457,0.3630,t,6 个月 · 全平台 · 全量 SKU · 2026-07-09
DJ505092_1,HS NSB-03L 边柜 纯木 带插板底座款 上空三抽 DFS 颜色->黑色,ALL,AMAZON,C,T4A,2.4298,1.1274,75.32,34.95,58,1.8710,-0.7436,0.3974,t,6 个月 · 全平台 · 全量 SKU · 2026-07-09
DJ505093_1,US TA 六层置物架+灯带+排插 一件一箱 颜色-> 颜色->火烧云,ALL,AMAZON,C,T4A,3.3144,1.7224,102.75,53.39,167,5.3871,-3.6647,0.6803,t,6 个月 · 全平台 · 全量 SKU · 2026-07-09
DJ505093_2,US TA 六层置物架+灯带+排插 一件一箱 颜色-> 颜色->黑色,ALL,AMAZON,B,T4A,2.1305,1.0479,66.05,32.48,95,3.0645,-2.0166,0.6581,t,6 个月 · 全平台 · 全量 SKU · 2026-07-09
DJ505093_2,US TA 六层置物架+灯带+排插 一件一箱 颜色-> 颜色->黑色,ALL,TEMU,B,T4B,1.2022,0.6463,37.27,20.04,25,0.8065,-0.1602,0.1986,f,6 个月 · 全平台 · 全量 SKU · 2026-07-09
DJ505093_3,US TA 六层置物架+灯带+排插 一件一箱 颜色-> 颜色->白色,ALL,AMAZON,C,T4B,1.3352,0.6409,41.39,19.87,23,0.7419,-0.1010,0.1362,f,6 个月 · 全平台 · 全量 SKU · 2026-07-09
DJ505094_1,"US HA 储物柜 DT45 5抽凹槽无把手高柜一件一箱 颜色->#1,黑麻",ALL,AMAZON,C,T4B,0.9918,0.4046,30.75,12.54,0,0.0000,0.4046,,f,6 个月 · 全平台 · 全量 SKU · 2026-07-09
DJ505099_2,"US 床GS-888T儿童双层床+集合绘本储物 含灯带、插排99*190 颜色->#2,火烧云",ALL,WALMART,B,T4B,0.2198,0.1055,6.81,3.27,5,0.1613,-0.0558,0.3459,f,6 个月 · 全平台 · 全量 SKU · 2026-07-09
DJ505099_3,"US 床GS-888T儿童双层床+集合绘本储物 含灯带、插排99*190 颜色->#3,粉色",ALL,AMAZON,B,T4B,0.4896,0.1997,15.18,6.19,36,1.1613,-0.9616,0.8280,f,6 个月 · 全平台 · 全量 SKU · 2026-07-09
DJ505099_3,"US 床GS-888T儿童双层床+集合绘本储物 含灯带、插排99*190 颜色->#3,粉色",ALL,UNKNOWN,B,T4B,0.2489,0.1338,7.72,4.15,53,1.7097,-1.5759,0.9217,f,6 个月 · 全平台 · 全量 SKU · 2026-07-09
DJ505100_1,US 弧面带柜体三抽老板桌 一件一箱 颜色->复古灰+黑,ALL,AMAZON,C,T4A,2.5539,1.1850,79.17,36.74,79,2.5484,-1.3634,0.5350,t,6 个月 · 全平台 · 全量 SKU · 2026-07-09
DJ505100_1,US 弧面带柜体三抽老板桌 一件一箱 颜色->复古灰+黑,ALL,UNKNOWN,C,T4B,1.6907,0.9089,52.41,28.18,25,0.8065,0.1024,0.1270,f,6 个月 · 全平台 · 全量 SKU · 2026-07-09
DJ505100_2,US 弧面带柜体三抽老板桌 一件一箱 颜色->2133+黑,ALL,AMAZON,C,T4A,2.0613,0.9564,63.90,29.65,85,2.7419,-1.7855,0.6512,t,6 个月 · 全平台 · 全量 SKU · 2026-07-09
DJ505100_2_WF,US 弧面带柜体三抽老板桌 一件一箱 颜色->2133+黑,ALL,UNKNOWN,C,T4B,0.4269,0.2049,13.23,6.35,10,0.3226,-0.1177,0.3648,f,6 个月 · 全平台 · 全量 SKU · 2026-07-09
DJ505100_3,US 弧面带柜体三抽老板桌 一件一箱 颜色->192-1+黑,ALL,AMAZON,C,T4B,1.6115,0.7735,49.96,23.98,79,2.5484,-1.7749,0.6965,f,6 个月 · 全平台 · 全量 SKU · 2026-07-09
DJ505101_1,EU AG 高架床 一字桌 对称6布抽+4置物层 床垫90*200cm 一件两箱 颜色->黑色,ALL,AMAZON,C,T4B,1.3258,0.6364,41.10,19.73,19,0.6129,0.0235,0.0383,f,6 个月 · 全平台 · 全量 SKU · 2026-07-09
DJ505103_1,EU AG转角床 深灰棉麻 床头可互换0.9*2m 2灯带 欧规2AC+2USB 一件两箱 颜色->火烧云,ALL,AMAZON,C,T4B,0.9198,0.4680,28.51,14.51,61,1.9677,-1.4997,0.7622,f,6 个月 · 全平台 · 全量 SKU · 2026-07-09
DJ505103_1,EU AG转角床 深灰棉麻 床头可互换0.9*2m 2灯带 欧规2AC+2USB 一件两箱 颜色->火烧云,ALL,UNKNOWN,C,T4B,0.5467,0.2939,16.95,9.11,42,1.3548,-1.0609,0.7831,f,6 个月 · 全平台 · 全量 SKU · 2026-07-09
DJ505103_2,EU AG转角床 米白棉麻 床头可互换0.9*2m 2灯带 欧规2AC+2USB 一件两箱 颜色->白色,ALL,AMAZON,C,T4B,0.6555,0.3524,20.32,10.92,60,1.9355,-1.5831,0.8179,f,6 个月 · 全平台 · 全量 SKU · 2026-07-09
DJ505103_2,EU AG转角床 米白棉麻 床头可互换0.9*2m 2灯带 欧规2AC+2USB 一件两箱 颜色->白色,ALL,UNKNOWN,C,T4B,1.0571,0.5683,32.77,17.62,63,2.0323,-1.4640,0.7204,f,6 个月 · 全平台 · 全量 SKU · 2026-07-09
DJ505103_3,EU AG转角床 浅灰棉麻 床头可互换0.9*2m 2灯带 欧规2AC+2USB 一件两箱 颜色->白色,ALL,AMAZON,C,T4B,0.7527,0.4047,23.33,12.55,65,2.0968,-1.6921,0.8070,f,6 个月 · 全平台 · 全量 SKU · 2026-07-09
DJ505103_3,EU AG转角床 浅灰棉麻 床头可互换0.9*2m 2灯带 欧规2AC+2USB 一件两箱 颜色->白色,ALL,UNKNOWN,C,T4B,0.6533,0.3512,20.25,10.89,27,0.8710,-0.5198,0.5968,f,6 个月 · 全平台 · 全量 SKU · 2026-07-09
DJ505104_1,EU AG转角床 深灰棉麻 床头可互换1.4*1.9m2灯带 欧规2AC+2USB 一件两箱 颜色->火烧云,ALL,AMAZON,C,T4B,1.0264,0.5518,31.82,17.11,132,4.2581,-3.7063,0.8704,f,6 个月 · 全平台 · 全量 SKU · 2026-07-09
DJ505104_2,EU AG转角床 米白棉麻 床头可互换1.4*1.9m2灯带 欧规2AC+2USB 一件两箱 颜色->白色,ALL,AMAZON,C,T4B,0.9797,0.5267,30.37,16.33,137,4.4194,-3.8927,0.8808,f,6 个月 · 全平台 · 全量 SKU · 2026-07-09
DJ505105_1,EU AG转角床 米白棉麻 床头可互换1.4*2m 2灯带 欧规2AC+2USB 一件两箱  颜色->白色,ALL,AMAZON,C,T4B,1.1445,0.5823,35.48,18.05,44,1.4194,-0.8371,0.5897,f,6 个月 · 全平台 · 全量 SKU · 2026-07-09
DJ505105_1,EU AG转角床 米白棉麻 床头可互换1.4*2m 2灯带 欧规2AC+2USB 一件两箱  颜色->白色,ALL,UNKNOWN,C,T4B,0.6764,0.3636,20.97,11.27,56,1.8065,-1.4429,0.7987,f,6 个月 · 全平台 · 全量 SKU · 2026-07-09
DJ505107_1,US L桌美式纯板材高桌  一件两箱 颜色->白浮雕+黑麻,ALL,AMAZON,C,T4A,3.4248,1.5891,106.17,49.26,101,3.2581,-1.6690,0.5123,t,6 个月 · 全平台 · 全量 SKU · 2026-07-09
DJ505107_2,US L桌美式纯板材高桌  一件两箱  颜色->灰色,ALL,AMAZON,C,T4A,2.8106,1.3041,87.13,40.43,80,2.5806,-1.2765,0.4947,t,6 个月 · 全平台 · 全量 SKU · 2026-07-09
DJ505114_2,US 竖条抽面拼亚克力6抽电脑桌  一件一箱 颜色->原木色,ALL,AMAZON,C,T4B,0.6670,0.3586,20.68,11.12,0,0.0000,0.3586,,f,6 个月 · 全平台 · 全量 SKU · 2026-07-09
DJ505115_1,US 1.2米美式单人高桌  一件两箱 颜色->白+黑,ALL,AMAZON,C,T4A,2.8024,1.1053,86.87,34.26,83,2.6774,-1.5721,0.5872,t,6 个月 · 全平台 · 全量 SKU · 2026-07-09
DJ505115_2,US 1.2米美式单人高桌  一件两箱 颜色->灰色,ALL,AMAZON,C,T4B,1.9082,0.7786,59.15,24.14,74,2.3871,-1.6085,0.6738,f,6 个月 · 全平台 · 全量 SKU · 2026-07-09
DJ505115_2_WF,US 1.2米美式单人高桌  一件两箱 颜色->灰色,ALL,UNKNOWN,C,T4B,0.9000,0.4838,27.90,15.00,41,1.3226,-0.8388,0.6342,f,6 个月 · 全平台 · 全量 SKU · 2026-07-09
DJ505116_1,US 斜腿错层行政桌 一件一箱 颜色->火烧云,ALL,UNKNOWN,C,T4B,0.8209,0.4177,25.45,12.95,22,0.7097,-0.2920,0.4114,f,6 个月 · 全平台 · 全量 SKU · 2026-07-09
DJ505116_2,US 斜腿错层行政桌 一件一箱 颜色->989-3灰色,ALL,AMAZON,C,T4A,2.8780,1.3354,89.22,41.40,48,1.5484,-0.2130,0.1376,t,6 个月 · 全平台 · 全量 SKU · 2026-07-09
DJ505116_2,US 斜腿错层行政桌 一件一箱 颜色->989-3灰色,ALL,UNKNOWN,C,T4B,0.8989,0.4574,27.87,14.18,6,0.1935,0.2639,1.3632,f,6 个月 · 全平台 · 全量 SKU · 2026-07-09
DJ505116_3,US 斜腿错层行政桌 一件一箱 颜色->胡桃色,ALL,AMAZON,B,T3,5.0538,4.5484,156.67,141.00,106,3.4194,1.1290,0.3302,t,6 个月 · 全平台 · 全量 SKU · 2026-07-09
DJ505117_1,US 1.2米推拉零食柜 一件两箱 颜色->灰古木-40三胺,ALL,AMAZON,C,T4B,3.0727,1.2537,95.25,38.86,94,3.0323,-1.7786,0.5865,f,6 个月 · 全平台 · 全量 SKU · 2026-07-09
DJ505117_2,US 1.2米推拉零食柜 一件两箱 颜色->白+棕,ALL,AMAZON,A,T2,10.3068,8.7875,319.51,272.41,392,12.6452,-3.8577,0.3051,t,6 个月 · 全平台 · 全量 SKU · 2026-07-09
DJ505117_3,US 1.2米推拉零食柜 一件两箱 颜色->黑+棕,ALL,AMAZON,A,T3,6.9321,6.7019,214.90,207.76,156,5.0323,1.6696,0.3318,t,6 个月 · 全平台 · 全量 SKU · 2026-07-09
DJ505118_1,US 1.4米升降桌 一件两箱  颜色->主体白+顶板棕,ALL,AMAZON,B,T2,11.0110,8.5886,341.34,266.25,95,3.0645,5.5241,1.8026,t,6 个月 · 全平台 · 全量 SKU · 2026-07-09
DJ505119_1,US 1.5米两抽带亚克力门文件柜 一件两箱 颜色->黑色,ALL,AMAZON,C,T3,3.8824,3.8904,120.35,120.60,94,3.0323,0.8581,0.2830,t,6 个月 · 全平台 · 全量 SKU · 2026-07-09
DJ505119_1,US 1.5米两抽带亚克力门文件柜 一件两箱 颜色->黑色,ALL,UNKNOWN,C,T4B,0.8676,0.4414,26.90,13.68,31,1.0000,-0.5586,0.5586,f,6 个月 · 全平台 · 全量 SKU · 2026-07-09
DJ505119_2,US 1.5米两抽带亚克力门文件柜 一件两箱 颜色->白色,ALL,AMAZON,C,T4B,0.8291,0.3383,25.70,10.49,18,0.5806,-0.2423,0.4174,f,6 个月 · 全平台 · 全量 SKU · 2026-07-09
DJ505119_3,US 1.5米两抽带亚克力门文件柜 一件两箱 颜色->黑+火烧云,ALL,UNKNOWN,C,T4B,0.5181,0.2487,16.06,7.71,21,0.6774,-0.4287,0.6329,f,6 个月 · 全平台 · 全量 SKU · 2026-07-09
DJ505119_4,US 1.5米两抽带亚克力门文件柜 一件两箱 颜色->9898-3灰色,ALL,AMAZON,C,T4B,1.0104,0.4850,31.32,15.04,27,0.8710,-0.3860,0.4431,f,6 个月 · 全平台 · 全量 SKU · 2026-07-09
DJ505120_1,US SD L升降桌带文件柜  一件两箱  颜色->火烧云,ALL,AMAZON,C,T4A,3.3867,1.5714,104.99,48.71,67,2.1613,-0.5899,0.2729,t,6 个月 · 全平台 · 全量 SKU · 2026-07-09
DJ505120_1,US SD L升降桌带文件柜  一件两箱  颜色->火烧云,ALL,TEMU,C,T4B,0.2753,0.1321,8.53,4.10,5,0.1613,-0.0292,0.1810,f,6 个月 · 全平台 · 全量 SKU · 2026-07-09
DJ505120_1,US SD L升降桌带文件柜  一件两箱  颜色->火烧云,ALL,UNKNOWN,C,T4B,0.7824,0.3192,24.25,9.90,26,0.8387,-0.5195,0.6194,f,6 个月 · 全平台 · 全量 SKU · 2026-07-09
DJ505120_1_WF,US SD L升降桌带文件柜  一件两箱  颜色->火烧云,ALL,UNKNOWN,C,T4B,0.8824,0.4490,27.35,13.92,20,0.6452,-0.1962,0.3041,f,6 个月 · 全平台 · 全量 SKU · 2026-07-09
DJ505120_2,US SD L升降桌带文件柜  一件两箱   颜色->黑麻,ALL,AMAZON,C,T3,3.9445,3.6288,122.28,112.49,112,3.6129,0.0159,0.0044,t,6 个月 · 全平台 · 全量 SKU · 2026-07-09
DJ505120_2_WF,US SD L升降桌带文件柜  一件两箱   颜色->黑麻,ALL,UNKNOWN,C,T4B,0.8978,0.4827,27.83,14.96,21,0.6774,-0.1947,0.2874,f,6 个月 · 全平台 · 全量 SKU · 2026-07-09
DJ505120_3,US SD L升降桌带文件柜  一件两箱   颜色->白麻,ALL,AMAZON,C,T4A,2.0751,0.9628,64.33,29.85,50,1.6129,-0.6501,0.4031,t,6 个月 · 全平台 · 全量 SKU · 2026-07-09
DJ505120_3_WF,US SD L升降桌带文件柜  一件两箱   颜色->白麻,ALL,UNKNOWN,C,T4B,0.9242,0.4436,28.65,13.75,7,0.2258,0.2178,0.9645,f,6 个月 · 全平台 · 全量 SKU · 2026-07-09
DJ505121_1,US 铣槽移动柜行政桌 一件两箱 颜色->火烧云+黑麻,ALL,AMAZON,C,T3,4.5201,4.1753,140.12,129.43,151,4.8710,-0.6957,0.1428,t,6 个月 · 全平台 · 全量 SKU · 2026-07-09
DJ505121_2,US 铣槽移动柜行政桌 一件两箱 颜色->989-3+黑麻,ALL,AMAZON,B,T3,5.2862,4.9646,163.87,153.90,183,5.9032,-0.9386,0.1590,t,6 个月 · 全平台 · 全量 SKU · 2026-07-09
DJ505121_3,US 铣槽移动柜行政桌 一件两箱 颜色->棕+黑麻,ALL,AMAZON,B,T3,5.0874,4.8534,157.71,150.46,156,5.0323,-0.1789,0.0355,t,6 个月 · 全平台 · 全量 SKU · 2026-07-09
DJ505121_4,US 铣槽移动柜行政桌 一件两箱 颜色->棕+白麻,ALL,AMAZON,C,T4B,1.7808,0.7266,55.20,22.52,87,2.8065,-2.0799,0.7411,f,6 个月 · 全平台 · 全量 SKU · 2026-07-09
DJ505122_1,US UA SB-HM01 弧面餐边柜三抽两柜 一件两箱 颜色->灰色,ALL,TEMU,C,T4B,1.2374,0.6652,38.36,20.62,3,0.0968,0.5684,5.8737,f,6 个月 · 全平台 · 全量 SKU · 2026-07-09
DJ505123_1,"US ER CT-YX02 小款圆形咖啡桌 一件一箱 颜色->#1,实木色",ALL,AMAZON,C,T4B,0.7434,0.3782,23.05,11.72,0,0.0000,0.3782,,f,6 个月 · 全平台 · 全量 SKU · 2026-07-09
DJ505124_1,US 美式升降可直排L桌 一件两箱 颜色->棕+白,ALL,AMAZON,B,T2,8.8854,7.5757,275.45,234.85,219,7.0645,0.5112,0.0724,t,6 个月 · 全平台 · 全量 SKU · 2026-07-09
DJ505124_1_WF,US 美式升降可直排L桌 一件两箱 颜色->棕+白,ALL,UNKNOWN,C,T4B,1.3643,0.6549,42.29,20.30,93,3.0000,-2.3451,0.7817,f,6 个月 · 全平台 · 全量 SKU · 2026-07-09
DJ505124_2,US 美式升降可直排L桌 一件两箱 颜色->棕+黑,ALL,AMAZON,B,T2,12.4313,10.5990,385.37,328.57,306,9.8710,0.7280,0.0738,t,6 个月 · 全平台 · 全量 SKU · 2026-07-09
DJ505124_2_WF,US 美式升降可直排L桌 一件两箱 颜色->棕+黑,ALL,UNKNOWN,C,T4B,1.1786,0.5657,36.54,17.54,75,2.4194,-1.8537,0.7662,f,6 个月 · 全平台 · 全量 SKU · 2026-07-09
DJ505125_1,US 侧面爬梯上床下桌T 一件两箱 颜色->火烧云,ALL,AMAZON,B,T2,9.9583,7.2169,308.71,223.72,324,10.4516,-3.2347,0.3095,t,6 个月 · 全平台 · 全量 SKU · 2026-07-09
DJ505125_1,US 侧面爬梯上床下桌T 一件两箱 颜色->火烧云,ALL,WALMART,B,T4B,0.6253,0.2551,19.38,7.91,1,0.0323,0.2228,6.9081,f,6 个月 · 全平台 · 全量 SKU · 2026-07-09
DJ505125_2,US 侧面爬梯上床下桌T 一件两箱 颜色->白色,ALL,AMAZON,B,T3,6.2336,5.9080,193.24,183.15,216,6.9677,-1.0597,0.1521,t,6 个月 · 全平台 · 全量 SKU · 2026-07-09
DJ505125_2,US 侧面爬梯上床下桌T 一件两箱 颜色->白色,ALL,WALMART,B,T4B,0.4214,0.1719,13.06,5.33,39,1.2581,-1.0862,0.8634,f,6 个月 · 全平台 · 全量 SKU · 2026-07-09
DJ505126_1,US SD L桌升降高桌带书架  一件两箱 颜色 颜色->火烧云,ALL,AMAZON,C,T4A,2.1216,0.9844,65.77,30.52,71,2.2903,-1.3059,0.5702,t,6 个月 · 全平台 · 全量 SKU · 2026-07-09
DJ505126_1,US SD L桌升降高桌带书架  一件两箱 颜色 颜色->火烧云,ALL,UNKNOWN,C,T4B,0.4890,0.2629,15.16,8.15,3,0.0968,0.1661,1.7166,f,6 个月 · 全平台 · 全量 SKU · 2026-07-09
DJ505126_2,US SD L桌升降高桌带书架  一件两箱 颜色 颜色->黑麻,ALL,AMAZON,C,T4A,2.1083,0.9782,65.36,30.32,85,2.7419,-1.7637,0.6432,t,6 个月 · 全平台 · 全量 SKU · 2026-07-09
DJ505126_3,US SD L桌升降高桌带书架  一件两箱 颜色 颜色->白麻,ALL,AMAZON,C,T4A,2.5470,1.0045,78.96,31.14,126,4.0645,-3.0600,0.7529,t,6 个月 · 全平台 · 全量 SKU · 2026-07-09
DJ505131_1,"US 床RL-312T 6抽单侧布抽床 99*190 颜色->#1,黑色",ALL,AMAZON,D,T4B,1.2319,0.5913,38.19,18.33,11,0.3548,0.2365,0.6664,f,6 个月 · 全平台 · 全量 SKU · 2026-07-09
DJ505134_1,US SD 1.6米单人升降行政桌  一件两箱 颜色->金丝楠木+黑麻,ALL,AMAZON,C,T4B,1.7462,0.8382,54.13,25.98,63,2.0323,-1.1941,0.5876,f,6 个月 · 全平台 · 全量 SKU · 2026-07-09
DJ505134_1,US SD 1.6米单人升降行政桌  一件两箱 颜色->金丝楠木+黑麻,ALL,TEMU,C,T4B,0.2654,0.1350,8.23,4.19,7,0.2258,-0.0908,0.4021,f,6 个月 · 全平台 · 全量 SKU · 2026-07-09
DJ505134_1,US SD 1.6米单人升降行政桌  一件两箱 颜色->金丝楠木+黑麻,ALL,WALMART,C,T4B,0.3945,0.2121,12.23,6.58,0,0.0000,0.2121,,f,6 个月 · 全平台 · 全量 SKU · 2026-07-09
DJ505134_2,US SD 1.6米单人升降行政桌  一件两箱 颜色->黑麻+火烧云,ALL,AMAZON,C,T4B,1.7643,0.8469,54.69,26.25,67,2.1613,-1.3144,0.6082,f,6 个月 · 全平台 · 全量 SKU · 2026-07-09
DJ505134_2,US SD 1.6米单人升降行政桌  一件两箱 颜色->黑麻+火烧云,ALL,UNKNOWN,C,T4B,1.5385,0.6277,47.69,19.46,70,2.2581,-1.6304,0.7220,f,6 个月 · 全平台 · 全量 SKU · 2026-07-09
DJ505134_3,US SD 1.6米单人升降行政桌  一件两箱 颜色->白麻+木纹,ALL,TEMU,C,T4B,0.2797,0.1342,8.67,4.16,3,0.0968,0.0374,0.3867,f,6 个月 · 全平台 · 全量 SKU · 2026-07-09
DJ505134_3,US SD 1.6米单人升降行政桌  一件两箱 颜色->白麻+木纹,ALL,UNKNOWN,C,T4B,2.3863,1.1454,73.98,35.51,62,2.0000,-0.8546,0.4273,f,6 个月 · 全平台 · 全量 SKU · 2026-07-09
DJ505135_1,US SD 1.6米单人升降桌带文件柜  一件两箱 颜色->白麻+棕色,ALL,AMAZON,B,T2,8.0438,6.8581,249.36,212.60,314,10.1290,-3.2709,0.3229,t,6 个月 · 全平台 · 全量 SKU · 2026-07-09
DJ505135_1_WF,US SD 1.6米单人升降桌带文件柜  一件两箱 颜色->白麻+棕色,ALL,UNKNOWN,B,T4B,4.4170,2.3746,136.93,73.61,210,6.7742,-4.3996,0.6495,f,6 个月 · 全平台 · 全量 SKU · 2026-07-09
DJ505135_2,US SD 1.6米单人升降桌带文件柜  一件两箱  颜色->黑麻+棕色,ALL,AMAZON,B,T2,9.8374,8.3874,304.96,260.01,307,9.9032,-1.5158,0.1531,t,6 个月 · 全平台 · 全量 SKU · 2026-07-09
DJ505135_2_WF,US SD 1.6米单人升降桌带文件柜  一件两箱  颜色->黑麻+棕色,ALL,UNKNOWN,C,T4B,3.7330,1.8993,115.72,58.88,194,6.2581,-4.3588,0.6965,f,6 个月 · 全平台 · 全量 SKU · 2026-07-09
DJ505137_1,US 1.55米美式L桌带文件柜 一件一箱 颜色->顶黑色+白,ALL,AMAZON,C,T4A,3.1257,1.4503,96.90,44.96,155,5.0000,-3.5497,0.7099,t,6 个月 · 全平台 · 全量 SKU · 2026-07-09
DJ505137_2,US 1.55米美式L桌带文件柜 一件一箱 颜色->橡木灰,ALL,AMAZON,C,T4A,3.1498,1.2423,97.64,38.51,101,3.2581,-2.0158,0.6187,t,6 个月 · 全平台 · 全量 SKU · 2026-07-09
DJ505137_2,US 1.55米美式L桌带文件柜 一件一箱 颜色->橡木灰,ALL,UNKNOWN,C,T4B,1.8203,0.9786,56.43,30.34,66,2.1290,-1.1504,0.5404,f,6 个月 · 全平台 · 全量 SKU · 2026-07-09
DJ505138_2,US SD 1.8米三抽L桌带双柜门 一件两箱 颜色->浮雕白+棕色,ALL,AMAZON,C,T4B,0.8434,0.4048,26.15,12.55,66,2.1290,-1.7242,0.8099,f,6 个月 · 全平台 · 全量 SKU · 2026-07-09
DJ505138_3,US SD 1.8米三抽L桌带双柜门 一件两箱 颜色->I27014K木纹,ALL,AMAZON,C,T4B,0.9918,0.5332,30.75,16.53,34,1.0968,-0.5636,0.5138,f,6 个月 · 全平台 · 全量 SKU · 2026-07-09
DJ505139_1,US SD 2米美式L桌带6抽 一件两箱 颜色->黑麻+棕色,ALL,AMAZON,C,T4B,1.4544,0.7819,45.09,24.24,84,2.7097,-1.9278,0.7114,f,6 个月 · 全平台 · 全量 SKU · 2026-07-09
DJ505139_2,US SD 2米美式L桌带6抽 一件两箱 颜色->浮雕白+棕色,ALL,AMAZON,C,T4B,1.2709,0.6832,39.40,21.18,63,2.0323,-1.3491,0.6638,f,6 个月 · 全平台 · 全量 SKU · 2026-07-09
DJ505139_3,US SD 2米美式L桌带6抽 一件两箱 颜色->I27014K木纹,ALL,AMAZON,C,T4B,1.1143,0.5349,34.54,16.58,43,1.3871,-0.8522,0.6144,f,6 个月 · 全平台 · 全量 SKU · 2026-07-09
DJ505140_3,US SD L桌美式四抽四柜门高桌 一件两箱  颜色->I27014K木纹,ALL,AMAZON,C,T4B,0.3643,0.1749,11.29,5.42,37,1.1935,-1.0186,0.8535,f,6 个月 · 全平台 · 全量 SKU · 2026-07-09
DJ505141_2,US SD 1.7米L桌高桌三抽带谷仓门 一件两箱 颜色->黑麻+棕色,ALL,AMAZON,C,T4B,1.4302,0.6865,44.34,21.28,190,6.1290,-5.4425,0.8880,f,6 个月 · 全平台 · 全量 SKU · 2026-07-09
DJ505142_1,EU MJ MCQ-01铝槽环绕灯带双开门+开放格木质镜柜60*78*18 白色 一件一箱,ALL,AMAZON,C,T4B,1.0225,0.5497,31.70,17.04,0,0.0000,0.5497,,f,6 个月 · 全平台 · 全量 SKU · 2026-07-09
DJ505142_2,EU MJ MCQ-01铝槽环绕灯带双开门+开放格木质镜柜70*78*18 白色 一件一箱,ALL,AMAZON,C,T4B,0.8989,0.4832,27.87,14.98,44,1.4194,-0.9362,0.6596,f,6 个月 · 全平台 · 全量 SKU · 2026-07-09
DJ505142_3,EU MJ MCQ-01铝槽环绕灯带双开门+开放格木质镜柜80*78*18 白色 一件一箱,ALL,AMAZON,C,T4B,0.9170,0.4930,28.43,15.28,49,1.5806,-1.0876,0.6881,f,6 个月 · 全平台 · 全量 SKU · 2026-07-09
DJ505143_2,EU MJ MCQ-02铝槽环绕灯带三开门+开放格木质镜柜 90*78*18 白色 一件一箱,ALL,AMAZON,C,T4B,1.2099,0.6504,37.51,20.16,0,0.0000,0.6504,,f,6 个月 · 全平台 · 全量 SKU · 2026-07-09
DJ505145_1,US 1.2米拓1.6米长餐桌 一件一箱 颜色->原木色,ALL,AMAZON,D,T4B,0.4071,0.1954,12.62,6.06,23,0.7419,-0.5465,0.7366,f,6 个月 · 全平台 · 全量 SKU · 2026-07-09
DJ505145_1,US 1.2米拓1.6米长餐桌 一件一箱 颜色->原木色,ALL,TEMU,D,T4B,0.3000,0.1440,9.30,4.46,0,0.0000,0.1440,,f,6 个月 · 全平台 · 全量 SKU · 2026-07-09
DJ505145_2,US 1.2米拓1.6米长餐桌 一件一箱 颜色->黑色,ALL,AMAZON,D,T4B,0.4500,0.2160,13.95,6.70,0,0.0000,0.2160,,f,6 个月 · 全平台 · 全量 SKU · 2026-07-09
DJ505147_1,"US 床BJS-543F 落地双层床+储物台阶 含灯带、插盘 137*190 一件两箱 颜色->#1,纯白",ALL,AMAZON,C,T4B,0.9709,0.5219,30.10,16.18,51,1.6452,-1.1233,0.6828,f,6 个月 · 全平台 · 全量 SKU · 2026-07-09
DJ505147_1,"US 床BJS-543F 落地双层床+储物台阶 含灯带、插盘 137*190 一件两箱 颜色->#1,纯白",ALL,UNKNOWN,C,T4B,0.5984,0.3217,18.55,9.97,13,0.4194,-0.0977,0.2329,f,6 个月 · 全平台 · 全量 SKU · 2026-07-09
DJ505147_2,US 床BJS-543F 落地双层床+储物台阶  137*190 一件两箱 颜色->#2 火烧云,ALL,AMAZON,B,T4B,1.7198,0.9246,53.31,28.66,71,2.2903,-1.3657,0.5963,f,6 个月 · 全平台 · 全量 SKU · 2026-07-09
DJ505148,US DC 沙发凳折叠床 4英寸厚床垫*3 75*38英寸 颜色黑色 一件一箱,ALL,AMAZON,C,T4B,1.2588,0.6767,39.02,20.98,0,0.0000,0.6767,,f,6 个月 · 全平台 · 全量 SKU · 2026-07-09
DJ505151_1,US SD 1.55米三抽L桌高桌带书架 一件两箱 颜色->白麻,ALL,AMAZON,C,T4B,2.0681,1.1118,64.11,34.47,146,4.7097,-3.5979,0.7639,f,6 个月 · 全平台 · 全量 SKU · 2026-07-09
DJ505151_2,US SD 1.55米三抽L桌高桌带书架 一件两箱 颜色->黑麻,ALL,AMAZON,C,T4B,2.1791,1.1715,67.55,36.32,148,4.7742,-3.6027,0.7546,f,6 个月 · 全平台 · 全量 SKU · 2026-07-09
DJ505151_3,US SD 1.55米三抽L桌高桌带书架 一件两箱 颜色->I27014K木纹,ALL,AMAZON,C,T4B,2.0016,1.0184,62.05,31.57,165,5.3226,-4.3042,0.8087,f,6 个月 · 全平台 · 全量 SKU · 2026-07-09
DJ505154_1,US DC 高架床 LBCD-01 2508 L型电脑桌款  一件两箱 颜色 黑色,ALL,AMAZON,B,T4A,1.9588,0.9089,60.72,28.18,179,5.7742,-4.8653,0.8426,t,6 个月 · 全平台 · 全量 SKU · 2026-07-09
DJ505154_1,US DC 高架床 LBCD-01 2508 L型电脑桌款  一件两箱 颜色 黑色,ALL,UNKNOWN,B,T4B,0.4736,0.2546,14.68,7.89,65,2.0968,-1.8422,0.8786,f,6 个月 · 全平台 · 全量 SKU · 2026-07-09
DJ505154_2,US DC 高架床 LBCD-01 2508 L型电脑桌款  一件两箱 颜色 白色,ALL,AMAZON,C,T4B,1.2242,0.5876,37.95,18.22,73,2.3548,-1.7672,0.7505,f,6 个月 · 全平台 · 全量 SKU · 2026-07-09
DJ505154_2,US DC 高架床 LBCD-01 2508 L型电脑桌款  一件两箱 颜色 白色,ALL,UNKNOWN,C,T4B,0.7357,0.3531,22.81,10.95,56,1.8065,-1.4534,0.8045,f,6 个月 · 全平台 · 全量 SKU · 2026-07-09
DJ505155_1,US 上床下床侧边带四抽挂衣架 一件一箱 颜色->火烧云,ALL,AMAZON,C,T3,5.6046,5.8848,173.74,182.43,68,2.1935,3.6913,1.6828,t,6 个月 · 全平台 · 全量 SKU · 2026-07-09
DJ505155_1,US 上床下床侧边带四抽挂衣架 一件一箱 颜色->火烧云,ALL,UNKNOWN,C,T4B,0.4599,0.2472,14.26,7.66,16,0.5161,-0.2689,0.5211,f,6 个月 · 全平台 · 全量 SKU · 2026-07-09
DJ505156_1,US AG 7布抽高架床 F 一件两箱 颜色->火烧云,ALL,AMAZON,C,T4B,0.8819,0.4233,27.34,13.12,19,0.6129,-0.1896,0.3094,f,6 个月 · 全平台 · 全量 SKU · 2026-07-09
DJ505156_1,US AG 7布抽高架床 F 一件两箱 颜色->火烧云,ALL,UNKNOWN,C,T4B,0.6973,0.3748,21.62,11.62,57,1.8387,-1.4639,0.7962,f,6 个月 · 全平台 · 全量 SKU · 2026-07-09
DJ505156_2,US AG 7布抽高架床 F 一件两箱 颜色->灰色,ALL,AMAZON,B,T4B,0.6214,0.2535,19.26,7.86,11,0.3548,-0.1013,0.2856,f,6 个月 · 全平台 · 全量 SKU · 2026-07-09
DJ505156_2,US AG 7布抽高架床 F 一件两箱 颜色->灰色,ALL,UNKNOWN,B,T4B,1.7269,0.8787,53.53,27.24,58,1.8710,-0.9923,0.5304,f,6 个月 · 全平台 · 全量 SKU · 2026-07-09
DJ505160_1,US DC 高架床 BB-01  YL 双床L桌款 TXL+T  一件两箱 颜色->黑色,ALL,AMAZON,B,T3,4.2127,4.3527,130.59,134.93,52,1.6774,2.6753,1.5949,t,6 个月 · 全平台 · 全量 SKU · 2026-07-09
DJ505160_1,US DC 高架床 BB-01  YL 双床L桌款 TXL+T  一件两箱 颜色->黑色,ALL,WALMART,B,T4B,0.8874,0.4259,27.51,13.20,34,1.0968,-0.6709,0.6117,f,6 个月 · 全平台 · 全量 SKU · 2026-07-09
DJ505161_1,US R132款 侧梯7抽帐篷低阁楼床带2条灯带床头置物袋 一件一箱 颜色->黑色,ALL,AMAZON,A,T4B,2.4929,1.2684,77.28,39.32,65,2.0968,-0.8284,0.3951,f,6 个月 · 全平台 · 全量 SKU · 2026-07-09
DJ505161_1,US R132款 侧梯7抽帐篷低阁楼床带2条灯带床头置物袋 一件一箱 颜色->黑色,ALL,TIKTOK,A,T4B,0.2786,0.1337,8.64,4.14,11,0.3548,-0.2211,0.6232,f,6 个月 · 全平台 · 全量 SKU · 2026-07-09
DJ505161_1,US R132款 侧梯7抽帐篷低阁楼床带2条灯带床头置物袋 一件一箱 颜色->黑色,ALL,UNKNOWN,A,T4B,0.4566,0.2455,14.15,7.61,43,1.3871,-1.1416,0.8230,f,6 个月 · 全平台 · 全量 SKU · 2026-07-09
DJ505161_2,US R132款 侧梯7抽帐篷低阁楼床带2条灯带床头置物袋 一件一箱 颜色->白色,ALL,AMAZON,C,T4B,1.3132,0.6303,40.71,19.54,32,1.0323,-0.4020,0.3894,f,6 个月 · 全平台 · 全量 SKU · 2026-07-09
DJ505161_2,US R132款 侧梯7抽帐篷低阁楼床带2条灯带床头置物袋 一件一箱 颜色->白色,ALL,TIKTOK,C,T4B,0.1286,0.0617,3.99,1.91,1,0.0323,0.0294,0.9127,f,6 个月 · 全平台 · 全量 SKU · 2026-07-09
DJ505161_3,US R132款 侧梯7抽帐篷低阁楼床带2条灯带床头置物袋 一件一箱 颜色->粉色,ALL,AMAZON,A,T4B,2.0000,1.0752,62.00,33.33,95,3.0645,-1.9893,0.6491,f,6 个月 · 全平台 · 全量 SKU · 2026-07-09
DJ505161_3,US R132款 侧梯7抽帐篷低阁楼床带2条灯带床头置物袋 一件一箱 颜色->粉色,ALL,TIKTOK,A,T4B,0.1429,0.0686,4.43,2.13,2,0.0645,0.0041,0.0633,f,6 个月 · 全平台 · 全量 SKU · 2026-07-09
DJ505162_1,US DC 铁木床 CBF-02L 方管铁木角落床带抽篮-113 F 黑 一件两箱,ALL,AMAZON,A,T1,17.8848,13.9501,554.43,432.45,452,14.5806,-0.6305,0.0432,t,6 个月 · 全平台 · 全量 SKU · 2026-07-09
DJ505162_1,US DC 铁木床 CBF-02L 方管铁木角落床带抽篮-113 F 黑 一件两箱,ALL,TIKTOK,A,T4B,0.4022,0.2046,12.47,6.34,23,0.7419,-0.5373,0.7242,f,6 个月 · 全平台 · 全量 SKU · 2026-07-09
DJ505163_1,"EU KM BF-TR01 基础款铁木床头软包床 尺码->L,140*190;颜色->白色,麻布白+原木板材",ALL,AMAZON,C,T4B,0.9764,0.4687,30.27,14.53,62,2.0000,-1.5313,0.7657,f,6 个月 · 全平台 · 全量 SKU · 2026-07-09
DJ505163_5,"EU KM BF-TR01 基础款铁木床头软包床 尺码->XXL,160*200;颜色->白色,麻布白+原木板材",ALL,AMAZON,C,T4B,0.3604,0.1471,11.17,4.56,16,0.5161,-0.3690,0.7150,f,6 个月 · 全平台 · 全量 SKU · 2026-07-09
DJ505164_1,US DC 铁木床 CBF-02L 方管铁木角落床带抽篮-113 F 灰 一件两箱,ALL,AMAZON,B,T2,10.0049,7.8039,310.15,241.92,261,8.4194,-0.6155,0.0731,t,6 个月 · 全平台 · 全量 SKU · 2026-07-09
DJ505165_1,US GS03 7抽转角侧梯低阁楼床带灯带正面3空格储物 颜色->黑色,ALL,AMAZON,A,T4B,3.5918,1.4654,111.35,45.43,170,5.4839,-4.0185,0.7328,f,6 个月 · 全平台 · 全量 SKU · 2026-07-09
DJ505165_1,US GS03 7抽转角侧梯低阁楼床带灯带正面3空格储物 颜色->黑色,ALL,UNKNOWN,A,T4B,0.3473,0.1867,10.77,5.79,28,0.9032,-0.7165,0.7933,f,6 个月 · 全平台 · 全量 SKU · 2026-07-09
DJ505165_2,US GS03 7抽转角侧梯低阁楼床带灯带正面3空格储物 颜色->白色,ALL,AMAZON,A,T4B,2.2681,0.9254,70.31,28.69,84,2.7097,-1.7843,0.6585,f,6 个月 · 全平台 · 全量 SKU · 2026-07-09
DJ505165_3,US GS03 7抽转角侧梯低阁楼床带灯带正面3空格储物 颜色->粉色,ALL,UNKNOWN,A,T4B,0.1934,0.1040,6.00,3.22,22,0.7097,-0.6057,0.8535,f,6 个月 · 全平台 · 全量 SKU · 2026-07-09
DJ505166_1,"US HA 书桌 VT10 小款异型加高梳妆台玻璃柜（含储物凳）+七彩流光灯+插座 颜色->#1,原木橡木色",ALL,AMAZON,C,T4A,2.6905,1.3233,83.41,41.02,11,0.3548,0.9685,2.7293,t,6 个月 · 全平台 · 全量 SKU · 2026-07-09
DJ505166_2,"US HA 书桌 VT10 小款异型加高梳妆台玻璃柜（含储物凳）+七彩流光灯+插座 颜色->#2,白色麻面",ALL,AMAZON,C,T4B,0.7852,0.3995,24.34,12.38,33,1.0645,-0.6650,0.6247,f,6 个月 · 全平台 · 全量 SKU · 2026-07-09
DJ505168_1,"US 594款 T尺寸上床下桌8抽带灯带插排 一件一箱,箱规不超49kg 颜色->火烧云",ALL,AMAZON,A,T3,4.9859,4.8478,154.56,150.28,115,3.7097,1.1381,0.3068,t,6 个月 · 全平台 · 全量 SKU · 2026-07-09
DJ505168_1,"US 594款 T尺寸上床下桌8抽带灯带插排 一件一箱,箱规不超49kg 颜色->火烧云",ALL,UNKNOWN,A,T4B,0.6549,0.3332,20.30,10.33,21,0.6774,-0.3442,0.5081,f,6 个月 · 全平台 · 全量 SKU · 2026-07-09
DJ505168_1,"US 594款 T尺寸上床下桌8抽带灯带插排 一件一箱,箱规不超49kg 颜色->火烧云",ALL,WALMART,A,T4B,2.0736,0.9953,64.28,30.85,62,2.0000,-1.0047,0.5024,f,6 个月 · 全平台 · 全量 SKU · 2026-07-09
DJ505168_2,"US 594款 T尺寸上床下桌8抽带灯带插排 一件一箱,箱规不超49kg 颜色->白色",ALL,AMAZON,A,T2,11.8945,9.2777,368.73,287.61,255,8.2258,1.0519,0.1279,t,6 个月 · 全平台 · 全量 SKU · 2026-07-09
DJ505168_2,"US 594款 T尺寸上床下桌8抽带灯带插排 一件一箱,箱规不超49kg 颜色->白色",ALL,TIKTOK,A,T4B,0.4187,0.2251,12.98,6.98,49,1.5806,-1.3555,0.8576,f,6 个月 · 全平台 · 全量 SKU · 2026-07-09
DJ505168_2,"US 594款 T尺寸上床下桌8抽带灯带插排 一件一箱,箱规不超49kg 颜色->白色",ALL,WALMART,A,T4B,1.8341,0.9860,56.86,30.57,117,3.7742,-2.7882,0.7388,f,6 个月 · 全平台 · 全量 SKU · 2026-07-09
DJ505168_2_WF,"US 594款 T尺寸上床下桌8抽带灯带插排 一件一箱,箱规不超49kg 颜色->白色",ALL,UNKNOWN,D,T4B,3.0324,1.4556,94.00,45.12,121,3.9032,-2.4476,0.6271,f,6 个月 · 全平台 · 全量 SKU · 2026-07-09
DJ505168_3,"US 594款 T尺寸上床下桌8抽带灯带插排 一件一箱,箱规不超49kg 颜色->灰色",ALL,AMAZON,A,T3,6.3424,6.2396,196.61,193.43,149,4.8065,1.4331,0.2982,t,6 个月 · 全平台 · 全量 SKU · 2026-07-09
DJ505168_3,"US 594款 T尺寸上床下桌8抽带灯带插排 一件一箱,箱规不超49kg 颜色->灰色",ALL,TIKTOK,A,T4B,0.4187,0.2251,12.98,6.98,39,1.2581,-1.0330,0.8211,f,6 个月 · 全平台 · 全量 SKU · 2026-07-09
DJ505168_3,"US 594款 T尺寸上床下桌8抽带灯带插排 一件一箱,箱规不超49kg 颜色->灰色",ALL,WALMART,A,T4B,2.1247,1.0199,65.87,31.62,35,1.1290,-0.1091,0.0967,f,6 个月 · 全平台 · 全量 SKU · 2026-07-09
DJ505168_3_WF,"US 594款 T尺寸上床下桌8抽带灯带插排 一件一箱,箱规不超49kg 颜色->灰色",ALL,UNKNOWN,D,T4B,1.9126,0.9181,59.29,28.46,71,2.2903,-1.3722,0.5991,f,6 个月 · 全平台 · 全量 SKU · 2026-07-09
DJ505170_1,US AG 翻盖布抽角落床 T 一件两箱 颜色->火烧云,ALL,AMAZON,B,T4A,3.2393,1.5932,100.42,49.39,151,4.8710,-3.2778,0.6729,t,6 个月 · 全平台 · 全量 SKU · 2026-07-09
DJ505170_1,US AG 翻盖布抽角落床 T 一件两箱 颜色->火烧云,ALL,UNKNOWN,B,T4B,0.4247,0.2161,13.17,6.70,13,0.4194,-0.2033,0.4847,f,6 个月 · 全平台 · 全量 SKU · 2026-07-09
DJ505170_2,US AG 翻盖布抽角落床 T 一件两箱 颜色->灰色,ALL,AMAZON,B,T4A,2.8086,1.3032,87.07,40.40,70,2.2581,-0.9549,0.4229,t,6 个月 · 全平台 · 全量 SKU · 2026-07-09
DJ505170_2,US AG 翻盖布抽角落床 T 一件两箱 颜色->灰色,ALL,UNKNOWN,B,T4B,0.9978,0.5077,30.93,15.74,27,0.8710,-0.3633,0.4171,f,6 个月 · 全平台 · 全量 SKU · 2026-07-09
DJ505171_1,US AG 翻盖布抽角落床 F 一件两箱 颜色->火烧云,ALL,AMAZON,B,T4A,2.9413,1.4466,91.18,44.84,269,8.6774,-7.2308,0.8333,t,6 个月 · 全平台 · 全量 SKU · 2026-07-09
DJ505171_1,US AG 翻盖布抽角落床 F 一件两箱 颜色->火烧云,ALL,UNKNOWN,B,T4B,0.4264,0.2292,13.22,7.11,24,0.7742,-0.5450,0.7040,f,6 个月 · 全平台 · 全量 SKU · 2026-07-09
DJ505171_1,US AG 翻盖布抽角落床 F 一件两箱 颜色->火烧云,ALL,WALMART,B,T4B,0.1511,0.0812,4.68,2.52,18,0.5806,-0.4994,0.8602,f,6 个月 · 全平台 · 全量 SKU · 2026-07-09
DJ505171_1_WF,US AG 翻盖布抽角落床 F 一件两箱 颜色->火烧云,ALL,UNKNOWN,D,T4B,0.3214,0.1543,9.96,4.78,40,1.2903,-1.1360,0.8804,f,6 个月 · 全平台 · 全量 SKU · 2026-07-09
DJ505171_2,US AG 翻盖布抽角落床 F 一件两箱 颜色->灰色,ALL,AMAZON,B,T4A,2.3943,1.1776,74.22,36.51,83,2.6774,-1.4998,0.5602,t,6 个月 · 全平台 · 全量 SKU · 2026-07-09
DJ505171_2,US AG 翻盖布抽角落床 F 一件两箱 颜色->灰色,ALL,UNKNOWN,B,T4B,1.1538,0.5871,35.77,18.20,76,2.4516,-1.8645,0.7605,f,6 个月 · 全平台 · 全量 SKU · 2026-07-09
DJ505171_2,US AG 翻盖布抽角落床 F 一件两箱 颜色->灰色,ALL,WALMART,B,T4B,0.4665,0.2508,14.46,7.77,21,0.6774,-0.4266,0.6298,f,6 个月 · 全平台 · 全量 SKU · 2026-07-09
DJ505171_2_WF,US AG 翻盖布抽角落床 F 一件两箱 颜色->灰色,ALL,UNKNOWN,D,T4B,0.5786,0.2777,17.94,8.61,0,0.0000,0.2777,,f,6 个月 · 全平台 · 全量 SKU · 2026-07-09
DJ505173_1,US DC 铁木床 VABF-SP 铁木角落床可变双拼款- 160G 一件双箱 颜色->黑色,ALL,AMAZON,C,T4B,1.4077,0.6757,43.64,20.95,180,5.8065,-5.1308,0.8836,f,6 个月 · 全平台 · 全量 SKU · 2026-07-09
DJ505173_1,US DC 铁木床 VABF-SP 铁木角落床可变双拼款- 160G 一件双箱 颜色->黑色,ALL,WALMART,C,T4B,0.1863,0.1001,5.78,3.10,21,0.6774,-0.5773,0.8522,f,6 个月 · 全平台 · 全量 SKU · 2026-07-09
DJ505173_2,US DC 铁木床 VABF-SP 铁木角落床可变双拼款- 160G 一件双箱 颜色->白色,ALL,AMAZON,B,T4B,0.9841,0.4015,30.51,12.45,130,4.1935,-3.7920,0.9043,f,6 个月 · 全平台 · 全量 SKU · 2026-07-09
DJ505174_1,"US UA DK-XZ03 L型铁木3抽弧形腿行政桌 一件两箱 颜色->#1,胡桃色",ALL,AMAZON,C,T4A,2.6836,1.2452,83.19,38.60,175,5.6452,-4.4000,0.7794,t,6 个月 · 全平台 · 全量 SKU · 2026-07-09
DJ505174_1,"US UA DK-XZ03 L型铁木3抽弧形腿行政桌 一件两箱 颜色->#1,胡桃色",ALL,UNKNOWN,C,T4B,0.2286,0.1229,7.09,3.81,10,0.3226,-0.1997,0.6190,f,6 个月 · 全平台 · 全量 SKU · 2026-07-09
DJ505174_2,"US UA DK-XZ03 L型铁木3抽弧形腿行政桌 一件两箱 颜色->#2,灰色",ALL,AMAZON,C,T4B,2.0874,0.8516,64.71,26.40,81,2.6129,-1.7613,0.6741,f,6 个月 · 全平台 · 全量 SKU · 2026-07-09
DJ505174_2,"US UA DK-XZ03 L型铁木3抽弧形腿行政桌 一件两箱 颜色->#2,灰色",ALL,UNKNOWN,C,T4B,0.1203,0.0647,3.73,2.01,29,0.9355,-0.8708,0.9308,f,6 个月 · 全平台 · 全量 SKU · 2026-07-09
DJ505174_3,"US UA DK-XZ03 L型铁木3抽弧形腿行政桌 一件两箱 颜色->#3,大理石色",ALL,AMAZON,D,T4B,0.5786,0.2777,17.94,8.61,85,2.7419,-2.4642,0.8987,f,6 个月 · 全平台 · 全量 SKU · 2026-07-09
DJ505174_4,"US UA DK-XZ03 L型铁木3抽弧形腿行政桌 一件两箱 颜色->#4,原木色",ALL,AMAZON,C,T4B,0.4714,0.2263,14.61,7.02,37,1.1935,-0.9672,0.8104,f,6 个月 · 全平台 · 全量 SKU · 2026-07-09
DJ505176_1,US AG 6布抽2小翻盖角落床 T 一件一箱 颜色->火烧云,ALL,AMAZON,B,T4A,2.8404,1.4761,88.05,45.76,135,4.3548,-2.8787,0.6610,t,6 个月 · 全平台 · 全量 SKU · 2026-07-09
DJ505176_1,US AG 6布抽2小翻盖角落床 T 一件一箱 颜色->火烧云,ALL,UNKNOWN,B,T4B,0.6088,0.3273,18.87,10.15,75,2.4194,-2.0921,0.8647,f,6 个月 · 全平台 · 全量 SKU · 2026-07-09
DJ505176_1,US AG 6布抽2小翻盖角落床 T 一件一箱 颜色->火烧云,ALL,WALMART,B,T4B,0.3236,0.1740,10.03,5.39,14,0.4516,-0.2776,0.6147,f,6 个月 · 全平台 · 全量 SKU · 2026-07-09
DJ505176_2,US AG 6布抽2小翻盖角落床 T 一件一箱 颜色->灰色,ALL,AMAZON,B,T4A,1.8224,0.8963,56.49,27.79,64,2.0645,-1.1682,0.5659,t,6 个月 · 全平台 · 全量 SKU · 2026-07-09
DJ505176_2,US AG 6布抽2小翻盖角落床 T 一件一箱 颜色->灰色,ALL,UNKNOWN,B,T4B,1.1407,0.6132,35.36,19.01,72,2.3226,-1.7094,0.7360,f,6 个月 · 全平台 · 全量 SKU · 2026-07-09
DJ505176_3,US AG 6布抽2小翻盖角落床 T 一件一箱 颜色->白色,ALL,AMAZON,B,T4B,1.4901,0.7582,46.19,23.50,97,3.1290,-2.3708,0.7577,f,6 个月 · 全平台 · 全量 SKU · 2026-07-09
DJ505176_3,US AG 6布抽2小翻盖角落床 T 一件一箱 颜色->白色,ALL,UNKNOWN,B,T4B,0.9654,0.5190,29.93,16.09,138,4.4516,-3.9326,0.8834,f,6 个月 · 全平台 · 全量 SKU · 2026-07-09
DJ505176_4,US AG 6布抽2小翻盖角落床 T 一件一箱 颜色->粉色,ALL,AMAZON,B,T4A,1.8080,0.8892,56.05,27.57,84,2.7097,-1.8205,0.6718,t,6 个月 · 全平台 · 全量 SKU · 2026-07-09
DJ505176_4,US AG 6布抽2小翻盖角落床 T 一件一箱 颜色->粉色,ALL,UNKNOWN,B,T4B,0.3692,0.1985,11.45,6.15,30,0.9677,-0.7692,0.7949,f,6 个月 · 全平台 · 全量 SKU · 2026-07-09
DJ505177_1,US AG 6布抽2小翻盖角落床 F 一件两箱 颜色->火烧云,ALL,AMAZON,C,T4A,3.0653,1.5930,95.02,49.38,140,4.5161,-2.9231,0.6473,t,6 个月 · 全平台 · 全量 SKU · 2026-07-09
DJ505177_1,US AG 6布抽2小翻盖角落床 F 一件两箱 颜色->火烧云,ALL,WALMART,C,T4B,0.2775,0.1492,8.60,4.63,7,0.2258,-0.0766,0.3393,f,6 个月 · 全平台 · 全量 SKU · 2026-07-09
DJ505177_1_WF,US AG 6布抽2小翻盖角落床 F 一件两箱 颜色->火烧云,ALL,UNKNOWN,D,T4B,0.3571,0.1714,11.07,5.31,0,0.0000,0.1714,,f,6 个月 · 全平台 · 全量 SKU · 2026-07-09
DJ505177_2,US AG 6布抽2小翻盖角落床 F 一件两箱 颜色->灰色,ALL,UNKNOWN,B,T4B,0.4764,0.2561,14.77,7.94,41,1.3226,-1.0665,0.8064,f,6 个月 · 全平台 · 全量 SKU · 2026-07-09
DJ505177_3,US AG 6布抽2小翻盖角落床 F 一件两箱 颜色->白色,ALL,AMAZON,B,T4A,1.7282,0.8019,53.57,24.86,155,5.0000,-4.1981,0.8396,t,6 个月 · 全平台 · 全量 SKU · 2026-07-09
DJ505177_3,US AG 6布抽2小翻盖角落床 F 一件两箱 颜色->白色,ALL,UNKNOWN,B,T4B,0.7835,0.4212,24.29,13.06,91,2.9355,-2.5143,0.8565,f,6 个月 · 全平台 · 全量 SKU · 2026-07-09
DJ505177_4,US AG 6布抽2小翻盖角落床 F 一件两箱 颜色->粉色,ALL,AMAZON,B,T4A,1.9454,0.9027,60.31,27.98,78,2.5161,-1.6134,0.6412,t,6 个月 · 全平台 · 全量 SKU · 2026-07-09
DJ505177_4,US AG 6布抽2小翻盖角落床 F 一件两箱 颜色->粉色,ALL,UNKNOWN,B,T4B,0.2929,0.1574,9.08,4.88,17,0.5484,-0.3910,0.7130,f,6 个月 · 全平台 · 全量 SKU · 2026-07-09
DJ505178_1,US 双顶带软包凳咖啡桌 一件一箱 颜色->白+棕,ALL,AMAZON,C,T4B,0.8698,0.3549,26.96,11.00,77,2.4839,-2.1290,0.8571,f,6 个月 · 全平台 · 全量 SKU · 2026-07-09
DJ505178_1,US 双顶带软包凳咖啡桌 一件一箱 颜色->白+棕,ALL,TEMU,C,T4B,0.3385,0.1722,10.49,5.34,56,1.8065,-1.6343,0.9047,f,6 个月 · 全平台 · 全量 SKU · 2026-07-09
DJ505178_1,US 双顶带软包凳咖啡桌 一件一箱 颜色->白+棕,ALL,UNKNOWN,C,T4B,0.2940,0.1580,9.11,4.90,23,0.7419,-0.5839,0.7870,f,6 个月 · 全平台 · 全量 SKU · 2026-07-09
DJ505178_2,US 双顶带软包凳咖啡桌 一件一箱 颜色->火烧云,ALL,AMAZON,C,T4B,1.0302,0.4945,31.94,15.33,134,4.3226,-3.8281,0.8856,f,6 个月 · 全平台 · 全量 SKU · 2026-07-09
DJ505178_2,US 双顶带软包凳咖啡桌 一件一箱 颜色->火烧云,ALL,TEMU,C,T4B,0.3758,0.1804,11.65,5.59,44,1.4194,-1.2390,0.8729,f,6 个月 · 全平台 · 全量 SKU · 2026-07-09
DJ505178_2,US 双顶带软包凳咖啡桌 一件一箱 颜色->火烧云,ALL,UNKNOWN,C,T4B,0.1308,0.0703,4.05,2.18,9,0.2903,-0.2200,0.7579,f,6 个月 · 全平台 · 全量 SKU · 2026-07-09
DJ505184_1,US DC 软包床 HQ112 三圈灯四抽2085款 CK尺寸 PU 一件两箱 颜色->黑色,ALL,UNKNOWN,C,T4B,0.2071,0.1054,6.42,3.27,11,0.3548,-0.2494,0.7030,f,6 个月 · 全平台 · 全量 SKU · 2026-07-09
DJ505184_1,US DC 软包床 HQ112 三圈灯四抽2085款 CK尺寸 PU 一件两箱 颜色->黑色,ALL,WALMART,C,T4B,0.1874,0.1007,5.81,3.12,10,0.3226,-0.2219,0.6878,f,6 个月 · 全平台 · 全量 SKU · 2026-07-09
DJ505184_2,US DC 软包床 HQ112 三圈灯四抽2085款 CK尺寸 PU 一件两箱 颜色->白色,ALL,AMAZON,C,T4B,0.5275,0.2836,16.35,8.79,17,0.5484,-0.2648,0.4828,f,6 个月 · 全平台 · 全量 SKU · 2026-07-09
DJ505189_2,US YW01F 7抽帐篷低阁楼床带2条灯带床头置物袋 颜色->黑色,ALL,AMAZON,D,T4B,0.6143,0.2949,19.04,9.14,106,3.4194,-3.1245,0.9138,f,6 个月 · 全平台 · 全量 SKU · 2026-07-09
DJ505189_3,US YW01F 7抽帐篷低阁楼床带2条灯带床头置物袋 颜色->粉色,ALL,AMAZON,C,T4B,0.4929,0.2366,15.28,7.33,42,1.3548,-1.1182,0.8254,f,6 个月 · 全平台 · 全量 SKU · 2026-07-09
DJ505189_3,US YW01F 7抽帐篷低阁楼床带2条灯带床头置物袋 颜色->粉色,ALL,UNKNOWN,C,T4B,0.1571,0.0754,4.87,2.34,24,0.7742,-0.6988,0.9026,f,6 个月 · 全平台 · 全量 SKU · 2026-07-09
DJ505190_1,US SD 1.5米板材衣帽架 一件两箱  颜色->水曲柳白,ALL,AMAZON,C,T4B,1.6923,0.8610,52.46,26.69,44,1.4194,-0.5584,0.3934,f,6 个月 · 全平台 · 全量 SKU · 2026-07-09
DJ505191_1,US UA DS-XF03  两列五层山纹黑色悬浮斗柜  一个两箱 颜色->黑色,ALL,TIKTOK,C,T4B,0.1571,0.0754,4.87,2.34,0,0.0000,0.0754,,f,6 个月 · 全平台 · 全量 SKU · 2026-07-09
DJ505192_4,US SSR AMBC-01 4门仿大理石面板餐边柜 一件两箱 颜色->黄橡木,ALL,UNKNOWN,C,T4B,0.5077,0.2729,15.74,8.46,54,1.7419,-1.4690,0.8433,f,6 个月 · 全平台 · 全量 SKU · 2026-07-09
DJ505193_1,US AG 折叠储物沙发床架 左右互换+无纺布抽 T 一件两箱 颜色->白色,ALL,AMAZON,B,T3,5.0912,4.6330,157.83,143.62,169,5.4516,-0.8186,0.1502,t,6 个月 · 全平台 · 全量 SKU · 2026-07-09
DJ505193_1,US AG 折叠储物沙发床架 左右互换+无纺布抽 T 一件两箱 颜色->白色,ALL,UNKNOWN,B,T4B,1.9929,0.9566,61.78,29.65,73,2.3548,-1.3982,0.5938,f,6 个月 · 全平台 · 全量 SKU · 2026-07-09
DJ505193_2,US AG 折叠储物沙发床架 左右互换+无纺布抽 T 一件两箱 颜色->灰橡木,ALL,AMAZON,B,T3,4.4070,4.3107,136.62,133.63,113,3.6452,0.6655,0.1826,t,6 个月 · 全平台 · 全量 SKU · 2026-07-09
DJ505193_2,US AG 折叠储物沙发床架 左右互换+无纺布抽 T 一件两箱 颜色->灰橡木,ALL,UNKNOWN,B,T4B,2.4319,1.2373,75.39,38.36,65,2.0968,-0.8595,0.4099,f,6 个月 · 全平台 · 全量 SKU · 2026-07-09
DJ505193_2,US AG 折叠储物沙发床架 左右互换+无纺布抽 T 一件两箱 颜色->灰橡木,ALL,WALMART,B,T4B,0.4956,0.2022,15.36,6.27,6,0.1935,0.0087,0.0447,f,6 个月 · 全平台 · 全量 SKU · 2026-07-09
DJ505193_3,US AG 折叠储物沙发床架 左右互换+无纺布抽 T 一件两箱 颜色->火烧云,ALL,AMAZON,B,T4A,2.1597,0.8518,66.95,26.41,54,1.7419,-0.8901,0.5110,t,6 个月 · 全平台 · 全量 SKU · 2026-07-09
DJ505193_3,US AG 折叠储物沙发床架 左右互换+无纺布抽 T 一件两箱 颜色->火烧云,ALL,UNKNOWN,B,T4B,1.1330,0.5765,35.12,17.87,33,1.0645,-0.4880,0.4584,f,6 个月 · 全平台 · 全量 SKU · 2026-07-09
DJ505196_1,"US 床YL545 F板式5抽布抽床+集成书柜 灯带+插盘 一件两箱 137*190  颜色->#1,白色",ALL,AMAZON,A,T4A,2.8016,1.1050,86.85,34.26,94,3.0323,-1.9273,0.6356,t,6 个月 · 全平台 · 全量 SKU · 2026-07-09
DJ505196_1,"US 床YL545 F板式5抽布抽床+集成书柜 灯带+插盘 一件两箱 137*190  颜色->#1,白色",ALL,UNKNOWN,A,T4B,1.6643,0.6790,51.59,21.05,92,2.9677,-2.2887,0.7712,f,6 个月 · 全平台 · 全量 SKU · 2026-07-09
DJ505196_3,US 床YL545 F板式5抽布抽床+集成书柜 一件两箱  颜色->#2黑铁+灰板,ALL,AMAZON,B,T4B,1.2385,0.5053,38.39,15.66,33,1.0645,-0.5592,0.5253,f,6 个月 · 全平台 · 全量 SKU · 2026-07-09
DJ505196_3,US 床YL545 F板式5抽布抽床+集成书柜 一件两箱  颜色->#2黑铁+灰板,ALL,UNKNOWN,B,T4B,1.4835,0.6053,45.99,18.76,75,2.4194,-1.8141,0.7498,f,6 个月 · 全平台 · 全量 SKU · 2026-07-09
DJ505196_4,US 床YL545 F板式5抽布抽床+集成书柜 灯带+插盘 一件2箱 137*190  颜色->#3 纯黑色,ALL,AMAZON,D,T4B,0.6357,0.3051,19.71,9.46,24,0.7742,-0.4691,0.6059,f,6 个月 · 全平台 · 全量 SKU · 2026-07-09
DJ505200_1,"US HA 书桌 VT11 8抽波浪纹大款梳妆台玻璃柜+七彩流光灯+插座 一件两箱A/B 颜色->#1,白色麻点",ALL,AMAZON,A,T3,7.5266,6.9214,233.32,214.56,257,8.2903,-1.3689,0.1651,t,6 个月 · 全平台 · 全量 SKU · 2026-07-09
DJ505200_1,"US HA 书桌 VT11 8抽波浪纹大款梳妆台玻璃柜+七彩流光灯+插座 一件两箱A/B 颜色->#1,白色麻点",ALL,UNKNOWN,A,T4B,0.3571,0.1714,11.07,5.31,67,2.1613,-1.9899,0.9207,f,6 个月 · 全平台 · 全量 SKU · 2026-07-09
DJ505200_2,"US HA 书桌 VT11 8抽波浪纹大款梳妆台玻璃柜+七彩流光灯+插座 一件两箱A/B 颜色->#2,原木橡木麻点",ALL,AMAZON,A,T3,5.6226,5.5390,174.30,171.71,162,5.2258,0.3132,0.0599,t,6 个月 · 全平台 · 全量 SKU · 2026-07-09
DJ505200_2,"US HA 书桌 VT11 8抽波浪纹大款梳妆台玻璃柜+七彩流光灯+插座 一件两箱A/B 颜色->#2,原木橡木麻点",ALL,UNKNOWN,A,T4B,0.6775,0.3642,21.00,11.29,50,1.6129,-1.2487,0.7742,f,6 个月 · 全平台 · 全量 SKU · 2026-07-09
DJ505200_3,"US HA 书桌 VT11 8抽波浪纹大款梳妆台玻璃柜+七彩流光灯+插座 一件两箱A/B 颜色->#3,黑色大浮雕",ALL,AMAZON,B,T4A,2.0311,1.0555,62.96,32.72,114,3.6774,-2.6219,0.7130,t,6 个月 · 全平台 · 全量 SKU · 2026-07-09
DJ505200_3,"US HA 书桌 VT11 8抽波浪纹大款梳妆台玻璃柜+七彩流光灯+插座 一件两箱A/B 颜色->#3,黑色大浮雕",ALL,UNKNOWN,B,T4B,0.3143,0.1509,9.74,4.68,30,0.9677,-0.8168,0.8441,f,6 个月 · 全平台 · 全量 SKU · 2026-07-09
DJ505200_4,US HA 书桌 VT11 8抽波浪纹大款梳妆台玻璃柜+七彩流光灯+插座 一件两箱A/B 颜色->#4胡桃色麻面,ALL,AMAZON,C,T4B,0.6214,0.2983,19.26,9.25,25,0.8065,-0.5082,0.6301,f,6 个月 · 全平台 · 全量 SKU · 2026-07-09
DJ505203_1,EU DC 铁木床 CBF-01L HQ 软包角落床 606 140*190  灰色  一件两箱,ALL,AMAZON,C,T4B,0.9544,0.5131,29.59,15.91,47,1.5161,-1.0030,0.6616,f,6 个月 · 全平台 · 全量 SKU · 2026-07-09
DJ505203_2,EU DC 铁木床 CBF-01L HQ 软包角落床 606 140*200  灰色  一件两箱,ALL,AMAZON,C,T4B,1.1412,0.6135,35.38,19.02,3,0.0968,0.5167,5.3395,f,6 个月 · 全平台 · 全量 SKU · 2026-07-09
DJ505203_2,EU DC 铁木床 CBF-01L HQ 软包角落床 606 140*200  灰色  一件两箱,ALL,UNKNOWN,C,T4B,0.1071,0.0514,3.32,1.59,0,0.0000,0.0514,,f,6 个月 · 全平台 · 全量 SKU · 2026-07-09
DJ505204_2,EU DC 铁木床 CBF-01L HQ 软包角落床 606 140*200 米白 一件两箱,ALL,AMAZON,C,T4B,0.5698,0.3063,17.66,9.50,18,0.5806,-0.2743,0.4725,f,6 个月 · 全平台 · 全量 SKU · 2026-07-09
DJ505205_1,US DC 高架床 LB-X  AF 七抽L桌款 T尺寸 一件两箱 颜色->黑色,ALL,AMAZON,B,T2,6.5717,5.1259,203.72,158.90,27,0.8710,4.2549,4.8853,t,6 个月 · 全平台 · 全量 SKU · 2026-07-09
DJ505205_1,US DC 高架床 LB-X  AF 七抽L桌款 T尺寸 一件两箱 颜色->黑色,ALL,WALMART,B,T4B,0.5940,0.2851,18.41,8.84,38,1.2258,-0.9407,0.7674,f,6 个月 · 全平台 · 全量 SKU · 2026-07-09
DJ505205_2,US DC 高架床 LB-X  AF 七抽L桌款 T尺寸 一件两箱 颜色->白色,ALL,AMAZON,B,T2,7.7774,6.0664,241.10,188.06,3,0.0968,5.9696,61.6861,t,6 个月 · 全平台 · 全量 SKU · 2026-07-09
DJ505205_2,US DC 高架床 LB-X  AF 七抽L桌款 T尺寸 一件两箱 颜色->白色,ALL,WALMART,B,T4B,0.2088,0.1062,6.47,3.29,11,0.3548,-0.2486,0.7007,f,6 个月 · 全平台 · 全量 SKU · 2026-07-09
DJ505205_3,US DC 高架床 LB-X  AF 七抽L桌款 T尺寸 一件两箱 颜色->多色,ALL,AMAZON,B,T4B,1.2626,0.6061,39.14,18.79,102,3.2903,-2.6842,0.8158,f,6 个月 · 全平台 · 全量 SKU · 2026-07-09
DJ505206_2,US DC 高架床 LB-X  AF 七抽L桌款 F尺寸  一件两箱 颜色->白色,ALL,AMAZON,C,T4A,2.5942,1.2037,80.42,37.31,107,3.4516,-2.2479,0.6513,t,6 个月 · 全平台 · 全量 SKU · 2026-07-09
DJ505207_1,US 竖条纹吸塑错层板材L桌 一件两箱 颜色->原木色,ALL,AMAZON,C,T4A,3.2056,1.5766,99.37,48.87,56,1.8065,-0.2299,0.1272,t,6 个月 · 全平台 · 全量 SKU · 2026-07-09
DJ505207_1,US 竖条纹吸塑错层板材L桌 一件两箱 颜色->原木色,ALL,UNKNOWN,C,T4B,1.3423,0.5477,41.61,16.98,28,0.9032,-0.3555,0.3936,f,6 个月 · 全平台 · 全量 SKU · 2026-07-09
DJ505207_2,US 竖条纹吸塑错层板材L桌 一件两箱 颜色->黑色,ALL,AMAZON,C,T4B,1.9500,0.9922,60.45,30.76,73,2.3548,-1.3626,0.5787,f,6 个月 · 全平台 · 全量 SKU · 2026-07-09
DJ505207_3,US 竖条纹吸塑错层板材L桌 一件两箱 颜色->白+黑,ALL,AMAZON,C,T4B,1.3049,0.6640,40.45,20.58,41,1.3226,-0.6586,0.4980,f,6 个月 · 全平台 · 全量 SKU · 2026-07-09
DJ505207_3,US 竖条纹吸塑错层板材L桌 一件两箱 颜色->白+黑,ALL,UNKNOWN,C,T4B,0.3495,0.1677,10.83,5.20,14,0.4516,-0.2839,0.6287,f,6 个月 · 全平台 · 全量 SKU · 2026-07-09
DJ505208_1,US DC 高架床 BB-02  YL 上T下F 二抽层架款   一件两箱 颜色->黑色,ALL,AMAZON,B,T3,4.5358,4.6843,140.61,145.21,90,2.9032,1.7811,0.6135,t,6 个月 · 全平台 · 全量 SKU · 2026-07-09
DJ505208_1,US DC 高架床 BB-02  YL 上T下F 二抽层架款   一件两箱 颜色->黑色,ALL,UNKNOWN,B,T4B,1.2055,0.5786,37.37,17.94,34,1.0968,-0.5182,0.4725,f,6 个月 · 全平台 · 全量 SKU · 2026-07-09
DJ505208_1,US DC 高架床 BB-02  YL 上T下F 二抽层架款   一件两箱 颜色->黑色,ALL,WALMART,B,T4B,0.9720,0.3966,30.13,12.29,25,0.8065,-0.4099,0.5082,f,6 个月 · 全平台 · 全量 SKU · 2026-07-09
DJ505208_2,US DC 高架床 BB-02  YL 上T下F 二抽层架款   一件两箱 颜色->白色,ALL,AMAZON,C,T4B,2.2577,0.9211,69.99,28.55,47,1.5161,-0.5950,0.3925,f,6 个月 · 全平台 · 全量 SKU · 2026-07-09
DJ505208_2,US DC 高架床 BB-02  YL 上T下F 二抽层架款   一件两箱 颜色->白色,ALL,UNKNOWN,C,T4B,0.3159,0.1289,9.79,4.00,5,0.1613,-0.0324,0.2008,f,6 个月 · 全平台 · 全量 SKU · 2026-07-09
DJ505212_1,US DC 铁木床 CBF-08改 铁木储物带尾桌 154 T款 一件两箱  颜色->黑色,ALL,AMAZON,A,T2,10.9317,7.9223,338.88,245.59,314,10.1290,-2.2067,0.2179,t,6 个月 · 全平台 · 全量 SKU · 2026-07-09
DJ505212_1,US DC 铁木床 CBF-08改 铁木储物带尾桌 154 T款 一件两箱  颜色->黑色,ALL,WALMART,A,T4B,0.5379,0.2582,16.67,8.00,30,0.9677,-0.7095,0.7332,f,6 个月 · 全平台 · 全量 SKU · 2026-07-09
DJ505212_1_WF,US DC 铁木床 CBF-08改 铁木储物带尾桌 154 T款 一件两箱  颜色->黑色,ALL,UNKNOWN,D,T4B,0.1714,0.0823,5.31,2.55,22,0.7097,-0.6274,0.8840,f,6 个月 · 全平台 · 全量 SKU · 2026-07-09
DJ505212_2,US DC 铁木床 CBF-08改 铁木储物带尾桌 154 T款 一件两箱  颜色->白色,ALL,AMAZON,B,T3,6.2381,5.9033,193.38,183.00,177,5.7097,0.1936,0.0339,t,6 个月 · 全平台 · 全量 SKU · 2026-07-09
DJ505212_2,US DC 铁木床 CBF-08改 铁木储物带尾桌 154 T款 一件两箱  颜色->白色,ALL,UNKNOWN,B,T4B,1.6720,0.8989,51.83,27.87,62,2.0000,-1.1011,0.5506,f,6 个月 · 全平台 · 全量 SKU · 2026-07-09
DJ505212_2,US DC 铁木床 CBF-08改 铁木储物带尾桌 154 T款 一件两箱  颜色->白色,ALL,WALMART,B,T4B,0.4984,0.2033,15.45,6.30,21,0.6774,-0.4741,0.6999,f,6 个月 · 全平台 · 全量 SKU · 2026-07-09
DJ505212_3,US DC 铁木床 CBF-08改 铁木储物带尾桌 154 T款 一件两箱  颜色->粉色,ALL,AMAZON,B,T3,5.5191,5.3522,171.09,165.92,150,4.8387,0.5135,0.1061,t,6 个月 · 全平台 · 全量 SKU · 2026-07-09
DJ505212_3,US DC 铁木床 CBF-08改 铁木储物带尾桌 154 T款 一件两箱  颜色->粉色,ALL,UNKNOWN,B,T4B,0.5390,0.2742,16.71,8.50,22,0.7097,-0.4355,0.6136,f,6 个月 · 全平台 · 全量 SKU · 2026-07-09
DJ505212_3,US DC 铁木床 CBF-08改 铁木储物带尾桌 154 T款 一件两箱  颜色->粉色,ALL,WALMART,B,T4B,0.6253,0.3001,19.38,9.30,29,0.9355,-0.6354,0.6792,f,6 个月 · 全平台 · 全量 SKU · 2026-07-09
DJ505213_1,US DC 铁木床 CBF-02L 方管铁木角落床带抽篮-113 F 白 一件两箱,ALL,AMAZON,B,T3,5.6226,5.4923,174.30,170.26,134,4.3226,1.1697,0.2706,t,6 个月 · 全平台 · 全量 SKU · 2026-07-09
DJ505214_1,"US 床YW541T 双层床+桌面  99*190 一件一箱 颜色->#1,纯白",ALL,UNKNOWN,C,T4B,0.9154,0.3735,28.38,11.58,42,1.3548,-0.9813,0.7243,f,6 个月 · 全平台 · 全量 SKU · 2026-07-09
DJ505214_3,"US 床YW541T 双层床+桌面  99*190 一件一箱 颜色->#3,黑铁+锯齿橡木灰",ALL,AMAZON,C,T4B,0.6077,0.2479,18.84,7.68,22,0.7097,-0.4618,0.6507,f,6 个月 · 全平台 · 全量 SKU · 2026-07-09
DJ505214_3,"US 床YW541T 双层床+桌面  99*190 一件一箱 颜色->#3,黑铁+锯齿橡木灰",ALL,UNKNOWN,C,T4B,0.4621,0.2484,14.33,7.70,22,0.7097,-0.4613,0.6500,f,6 个月 · 全平台 · 全量 SKU · 2026-07-09
DJ505214_3,"US 床YW541T 双层床+桌面  99*190 一件一箱 颜色->#3,黑铁+锯齿橡木灰",ALL,WALMART,C,T4B,0.4104,0.2088,12.72,6.47,7,0.2258,-0.0170,0.0753,f,6 个月 · 全平台 · 全量 SKU · 2026-07-09
DJ505217_1,US DC 铁木床 BFH-02 X谷仓造型床尾部换鞋箱款- 902 Q 一件双箱 颜色->胡桃白,ALL,AMAZON,B,T4B,2.5989,1.0604,80.57,32.87,70,2.2581,-1.1977,0.5304,f,6 个月 · 全平台 · 全量 SKU · 2026-07-09
DJ505217_1,US DC 铁木床 BFH-02 X谷仓造型床尾部换鞋箱款- 902 Q 一件双箱 颜色->胡桃白,ALL,UNKNOWN,B,T4B,0.5846,0.2806,18.12,8.70,10,0.3226,-0.0420,0.1301,f,6 个月 · 全平台 · 全量 SKU · 2026-07-09
DJ505217_2,US DC 铁木床 BFH-02 X谷仓造型床尾部换鞋箱款- 902 Q 一件双箱 颜色->橡木灰,ALL,AMAZON,B,T3,4.3340,4.3481,134.35,134.79,99,3.1935,1.1546,0.3615,t,6 个月 · 全平台 · 全量 SKU · 2026-07-09
DJ505217_2,US DC 铁木床 BFH-02 X谷仓造型床尾部换鞋箱款- 902 Q 一件双箱 颜色->橡木灰,ALL,UNKNOWN,B,T4B,0.5582,0.2840,17.30,8.80,18,0.5806,-0.2966,0.5109,f,6 个月 · 全平台 · 全量 SKU · 2026-07-09
DJ505218_1,US DC 铁木床 BFH-01 方管X谷仓吊轨推拉门置物格款- 胡桃白-901 K 一件两箱,ALL,AMAZON,C,T4B,0.9181,0.4671,28.46,14.48,53,1.7097,-1.2426,0.7268,f,6 个月 · 全平台 · 全量 SKU · 2026-07-09
DJ505218_1,US DC 铁木床 BFH-01 方管X谷仓吊轨推拉门置物格款- 胡桃白-901 K 一件两箱,ALL,WALMART,C,T4B,0.2253,0.1211,6.98,3.75,12,0.3871,-0.2660,0.6872,f,6 个月 · 全平台 · 全量 SKU · 2026-07-09
DJ505218_2,US DC 铁木床 BFH-01 方管X谷仓吊轨推拉门置物格款- 胡桃白-901 CK 一件两箱,ALL,WALMART,C,T4B,0.3901,0.1873,12.09,5.81,4,0.1290,0.0583,0.4516,f,6 个月 · 全平台 · 全量 SKU · 2026-07-09
DJ505220_1,US DC 铁木床 BFH-01 方管X谷仓吊轨推拉门置物格款- 橡木灰-901 K 一件两箱,ALL,AMAZON,C,T4B,0.4500,0.1836,13.95,5.69,16,0.5161,-0.3325,0.6443,f,6 个月 · 全平台 · 全量 SKU · 2026-07-09
DJ505220_1,US DC 铁木床 BFH-01 方管X谷仓吊轨推拉门置物格款- 橡木灰-901 K 一件两箱,ALL,UNKNOWN,C,T4B,0.1703,0.0916,5.28,2.84,3,0.0968,-0.0052,0.0535,f,6 个月 · 全平台 · 全量 SKU · 2026-07-09
DJ505220_2,US DC 铁木床 BFH-01 方管X谷仓吊轨推拉门置物格款- 橡木灰-901 CK 一件两箱,ALL,AMAZON,C,T4B,0.9736,0.4954,30.18,15.36,37,1.1935,-0.6981,0.5849,f,6 个月 · 全平台 · 全量 SKU · 2026-07-09
DJ505221_2,US DC 高架床 LB-08  AF 床+L桌+衣帽间 T 尺寸 一件两箱 颜色->白色,ALL,AMAZON,C,T4B,1.3709,0.5593,42.50,17.34,59,1.9032,-1.3439,0.7061,f,6 个月 · 全平台 · 全量 SKU · 2026-07-09
DJ505223_1,US DC 铁木床 BFH-01 方管X谷仓吊轨推拉门简化款-901S 橡木灰 K 一件两箱,ALL,AMAZON,C,T4B,0.1929,0.0926,5.98,2.87,12,0.3871,-0.2945,0.7608,f,6 个月 · 全平台 · 全量 SKU · 2026-07-09
DJ505224_2,US 593款 F尺寸上床下桌8抽带灯带插排 一件两箱 颜色->白色,ALL,UNKNOWN,C,T4B,0.3808,0.1828,11.80,5.67,21,0.6774,-0.4946,0.7302,f,6 个月 · 全平台 · 全量 SKU · 2026-07-09
DJ505224_3,US 593款 F尺寸上床下桌8抽带灯带插排 一件两箱 颜色->灰色,ALL,UNKNOWN,C,T4B,0.2978,0.1215,9.23,3.77,8,0.2581,-0.1366,0.5292,f,6 个月 · 全平台 · 全量 SKU · 2026-07-09
DJ505225_1,US 594F款 F尺寸上床下桌8抽带灯带插排 一件两箱 颜色->火烧云,ALL,UNKNOWN,B,T4B,0.4747,0.1937,14.72,6.00,7,0.2258,-0.0321,0.1422,f,6 个月 · 全平台 · 全量 SKU · 2026-07-09
DJ505225_1,US 594F款 F尺寸上床下桌8抽带灯带插排 一件两箱 颜色->火烧云,ALL,WALMART,B,T4B,0.3511,0.1432,10.88,4.44,16,0.5161,-0.3729,0.7226,f,6 个月 · 全平台 · 全量 SKU · 2026-07-09
DJ505225_2,US 594F款 F尺寸上床下桌8抽带灯带插排 一件两箱 颜色->白色,ALL,AMAZON,A,T3,6.1402,6.2489,190.35,193.72,155,5.0000,1.2489,0.2498,t,6 个月 · 全平台 · 全量 SKU · 2026-07-09
DJ505225_2,US 594F款 F尺寸上床下桌8抽带灯带插排 一件两箱 颜色->白色,ALL,UNKNOWN,A,T4B,1.6582,0.6766,51.40,20.97,69,2.2258,-1.5492,0.6960,f,6 个月 · 全平台 · 全量 SKU · 2026-07-09
DJ505225_2,US 594F款 F尺寸上床下桌8抽带灯带插排 一件两箱 颜色->白色,ALL,WALMART,A,T4B,0.5533,0.2656,17.15,8.23,26,0.8387,-0.5731,0.6833,f,6 个月 · 全平台 · 全量 SKU · 2026-07-09
DJ505225_3,US 594F款 F尺寸上床下桌8抽带灯带插排 一件两箱 颜色->灰色,ALL,AMAZON,A,T3,4.8903,5.0533,151.60,156.65,101,3.2581,1.7952,0.5510,t,6 个月 · 全平台 · 全量 SKU · 2026-07-09
DJ505225_3,US 594F款 F尺寸上床下桌8抽带灯带插排 一件两箱 颜色->灰色,ALL,UNKNOWN,A,T4B,0.6286,0.3017,19.49,9.35,21,0.6774,-0.3757,0.5546,f,6 个月 · 全平台 · 全量 SKU · 2026-07-09
DJ505225_3,US 594F款 F尺寸上床下桌8抽带灯带插排 一件两箱 颜色->灰色,ALL,WALMART,A,T4B,0.3093,0.1485,9.59,4.60,7,0.2258,-0.0773,0.3424,f,6 个月 · 全平台 · 全量 SKU · 2026-07-09
DJ505226_1,US 595款 F尺寸上床下桌6抽U形桌面带灯带插排 一件两箱 颜色->火烧云,ALL,AMAZON,A,T4B,2.3626,0.9640,73.24,29.88,91,2.9355,-1.9715,0.6716,f,6 个月 · 全平台 · 全量 SKU · 2026-07-09
DJ505226_1,US 595款 F尺寸上床下桌6抽U形桌面带灯带插排 一件两箱 颜色->火烧云,ALL,UNKNOWN,A,T4B,2.4692,1.0074,76.55,31.23,72,2.3226,-1.3152,0.5663,f,6 个月 · 全平台 · 全量 SKU · 2026-07-09
DJ505226_1,US 595款 F尺寸上床下桌6抽U形桌面带灯带插排 一件两箱 颜色->火烧云,ALL,WALMART,A,T4B,0.7176,0.3651,22.25,11.32,16,0.5161,-0.1510,0.2926,f,6 个月 · 全平台 · 全量 SKU · 2026-07-09
DJ505226_2,US 595款 F尺寸上床下桌6抽U形桌面带灯带插排 一件两箱 颜色->白色,ALL,AMAZON,A,T1,16.8572,13.1486,522.57,407.61,539,17.3871,-4.2385,0.2438,t,6 个月 · 全平台 · 全量 SKU · 2026-07-09
DJ505226_2,US 595款 F尺寸上床下桌6抽U形桌面带灯带插排 一件两箱 颜色->白色,ALL,TIKTOK,A,T4B,0.8582,0.4614,26.60,14.30,71,2.2903,-1.8289,0.7985,f,6 个月 · 全平台 · 全量 SKU · 2026-07-09
DJ505226_2,US 595款 F尺寸上床下桌6抽U形桌面带灯带插排 一件两箱 颜色->白色,ALL,WALMART,A,T4B,3.4423,1.6523,106.71,51.22,95,3.0645,-1.4122,0.4608,f,6 个月 · 全平台 · 全量 SKU · 2026-07-09
DJ505226_2_WF,US 595款 F尺寸上床下桌6抽U形桌面带灯带插排 一件两箱 颜色->白色,ALL,UNKNOWN,D,T4B,3.2126,1.7271,99.59,53.54,188,6.0645,-4.3374,0.7152,f,6 个月 · 全平台 · 全量 SKU · 2026-07-09
DJ505226_3,US 595款 F尺寸上床下桌6抽U形桌面带灯带插排 一件两箱 颜色->灰色,ALL,AMAZON,A,T3,5.2451,5.3335,162.60,165.34,125,4.0323,1.3012,0.3227,t,6 个月 · 全平台 · 全量 SKU · 2026-07-09
DJ505226_3,US 595款 F尺寸上床下桌6抽U形桌面带灯带插排 一件两箱 颜色->灰色,ALL,TIKTOK,A,T4B,0.2198,0.1182,6.81,3.66,34,1.0968,-0.9786,0.8922,f,6 个月 · 全平台 · 全量 SKU · 2026-07-09
DJ505226_3,US 595款 F尺寸上床下桌6抽U形桌面带灯带插排 一件两箱 颜色->灰色,ALL,WALMART,A,T4B,0.9527,0.4573,29.53,14.18,25,0.8065,-0.3492,0.4329,f,6 个月 · 全平台 · 全量 SKU · 2026-07-09
DJ505227_1,US 596款 T尺寸高架床8抽斗柜带侧梯带灯带挂衣杆 一件两箱 颜色->火烧云,ALL,UNKNOWN,C,T4B,0.5154,0.2771,15.98,8.59,23,0.7419,-0.4648,0.6265,f,6 个月 · 全平台 · 全量 SKU · 2026-07-09
DJ505227_3,US 596款 T尺寸高架床8抽斗柜带侧梯带灯带挂衣杆 一件两箱 颜色->灰色,ALL,AMAZON,B,T4A,1.6061,0.6334,49.79,19.64,18,0.5806,0.0528,0.0909,t,6 个月 · 全平台 · 全量 SKU · 2026-07-09
DJ505229_1,"US HA 书桌 VT12 圆弧柱5抽两门波浪纹大镜子款 一件两箱A/B 颜色->#1,原木橡木色",ALL,AMAZON,A,T3,4.5737,4.4088,141.78,136.67,0,0.0000,4.4088,,f,6 个月 · 全平台 · 全量 SKU · 2026-07-09
DJ505229_1_WF,"US HA 书桌 VT12 圆弧柱5抽两门波浪纹大镜子款 一件两箱A/B 颜色->#1,原木橡木色",ALL,UNKNOWN,D,T4B,1.8286,0.8777,56.69,27.21,0,0.0000,0.8777,,f,6 个月 · 全平台 · 全量 SKU · 2026-07-09
DJ505229_2,"US HA 书桌 VT12 圆弧柱5抽两门波浪纹大镜子款 一件两箱A/B 颜色->#2,白色浮雕色",ALL,AMAZON,B,T4B,0.9516,0.4568,29.50,14.16,7,0.2258,0.2310,1.0230,f,6 个月 · 全平台 · 全量 SKU · 2026-07-09
DJ505229_3,"US HA 书桌 VT12 圆弧柱5抽两门波浪纹大镜子款 一件两箱A/B 颜色->#3,灰色橡木色",ALL,UNKNOWN,C,T4B,1.3192,0.7092,40.90,21.99,63,2.0323,-1.3231,0.6510,f,6 个月 · 全平台 · 全量 SKU · 2026-07-09
DJ505231_2,"US HA 储物柜 DT52 10抽凹槽无把手矮柜 一件两箱A/B 颜色->#2,白色麻点",ALL,AMAZON,C,T4B,0.6940,0.2831,21.51,8.78,5,0.1613,0.1218,0.7552,f,6 个月 · 全平台 · 全量 SKU · 2026-07-09
DJ505233_1,Us 弧面L形商务办公桌 一件一箱 颜色->火烧云+黑,ALL,AMAZON,C,T4B,1.2082,0.5800,37.45,17.98,94,3.0323,-2.4523,0.8087,f,6 个月 · 全平台 · 全量 SKU · 2026-07-09
DJ505234_1,US VD 高架床 L形办公桌 侧边5层布抽 T 一件两箱 颜色->白色,ALL,UNKNOWN,B,T4B,1.6242,0.8264,50.35,25.62,110,3.5484,-2.7220,0.7671,f,6 个月 · 全平台 · 全量 SKU · 2026-07-09
DJ505234_1,US VD 高架床 L形办公桌 侧边5层布抽 T 一件两箱 颜色->白色,ALL,WALMART,B,T4B,0.3764,0.1536,11.67,4.76,17,0.5484,-0.3948,0.7199,f,6 个月 · 全平台 · 全量 SKU · 2026-07-09
DJ505234_2,US VD 高架床 L形办公桌 侧边5层布抽 T 一件两箱 颜色->黑色,ALL,UNKNOWN,C,T4B,0.8692,0.4172,26.95,12.93,60,1.9355,-1.5183,0.7844,f,6 个月 · 全平台 · 全量 SKU · 2026-07-09
DJ505235_1,US VD 高架床 上下铺 办公桌 书架 T 一件两箱 颜色->白色,ALL,AMAZON,C,T4B,1.3203,0.5387,40.93,16.70,38,1.2258,-0.6871,0.5605,f,6 个月 · 全平台 · 全量 SKU · 2026-07-09
DJ505235_1,US VD 高架床 上下铺 办公桌 书架 T 一件两箱 颜色->白色,ALL,UNKNOWN,C,T4B,0.4456,0.2267,13.81,7.03,15,0.4839,-0.2572,0.5315,f,6 个月 · 全平台 · 全量 SKU · 2026-07-09
DJ505235_2,US VD 高架床 上下铺 办公桌 书架 T 一件两箱 颜色->黑色,ALL,UNKNOWN,C,T4B,0.4269,0.2295,13.23,7.11,22,0.7097,-0.4802,0.6766,f,6 个月 · 全平台 · 全量 SKU · 2026-07-09
DJ505235_2,US VD 高架床 上下铺 办公桌 书架 T 一件两箱 颜色->黑色,ALL,WALMART,C,T4B,0.3604,0.1938,11.17,6.01,12,0.3871,-0.1933,0.4994,f,6 个月 · 全平台 · 全量 SKU · 2026-07-09
DJ505237_1,US HS 储物柜-DSXC-01抽面铣型带插板 DFS 九斗 2x3+3一件两箱 颜色->黑色,ALL,UNKNOWN,C,T4B,0.7445,0.4002,23.08,12.41,43,1.3871,-0.9869,0.7115,f,6 个月 · 全平台 · 全量 SKU · 2026-07-09
DJ505237_2,US HS 储物柜-DSXC-01抽面铣型带插板 DFS 九斗 2x3+3一件两箱 颜色->白色,ALL,UNKNOWN,C,T4B,0.4874,0.2339,15.11,7.25,50,1.6129,-1.3790,0.8550,f,6 个月 · 全平台 · 全量 SKU · 2026-07-09
DJ505238_1,US HS 储物柜-DSXC-02抽面铣型带插 DFS 十斗 3x2+4一件两箱 颜色->黑色,ALL,UNKNOWN,C,T4B,0.6000,0.2880,18.60,8.93,131,4.2258,-3.9378,0.9318,f,6 个月 · 全平台 · 全量 SKU · 2026-07-09
DJ505238_2,US HS 储物柜-DSXC-02抽面铣型带插 DFS 十斗 3x2+4一件两箱 颜色->白色,ALL,UNKNOWN,C,T4B,0.3852,0.2071,11.94,6.42,66,2.1290,-1.9219,0.9027,f,6 个月 · 全平台 · 全量 SKU · 2026-07-09
DJ505240_1,US 床YW-43T上床下电竞桌3抽储物柜含灯带99*190 一件两箱黑色铁+黑麻板,ALL,AMAZON,A,T2,14.7134,10.6629,456.12,330.55,462,14.9032,-4.2403,0.2845,t,6 个月 · 全平台 · 全量 SKU · 2026-07-09
DJ505240_1,US 床YW-43T上床下电竞桌3抽储物柜含灯带99*190 一件两箱黑色铁+黑麻板,ALL,UNKNOWN,A,T4B,3.2088,1.3092,99.47,40.59,101,3.2581,-1.9489,0.5982,f,6 个月 · 全平台 · 全量 SKU · 2026-07-09
DJ505240_2,US 床YW-43T上床下电竞桌3抽储物柜含灯带99*190 一件两箱白色铁+白板,ALL,AMAZON,A,T3,4.6927,4.7497,145.47,147.24,137,4.4194,0.3303,0.0747,t,6 个月 · 全平台 · 全量 SKU · 2026-07-09
DJ505240_2,US 床YW-43T上床下电竞桌3抽储物柜含灯带99*190 一件两箱白色铁+白板,ALL,UNKNOWN,A,T4B,2.4258,0.9897,75.20,30.68,85,2.7419,-1.7522,0.6391,f,6 个月 · 全平台 · 全量 SKU · 2026-07-09
DJ505241_1,"US 床BJS-101T落地三床屋顶床 99*190+99*230一件两箱,黑铁+黑板+深灰布",ALL,AMAZON,C,T4B,0.7280,0.2970,22.57,9.21,30,0.9677,-0.6707,0.6931,f,6 个月 · 全平台 · 全量 SKU · 2026-07-09
DJ505241_1,"US 床BJS-101T落地三床屋顶床 99*190+99*230一件两箱,黑铁+黑板+深灰布",ALL,UNKNOWN,C,T4B,0.5357,0.2880,16.61,8.93,18,0.5806,-0.2926,0.5040,f,6 个月 · 全平台 · 全量 SKU · 2026-07-09
DJ505241_2,US 床BJS-101T落地三床屋顶床 99*190+99*230一件两箱白铁+白板+白布,ALL,AMAZON,C,T4B,0.9049,0.4344,28.05,13.47,32,1.0323,-0.5979,0.5792,f,6 个月 · 全平台 · 全量 SKU · 2026-07-09
DJ505241_2,US 床BJS-101T落地三床屋顶床 99*190+99*230一件两箱白铁+白板+白布,ALL,UNKNOWN,C,T4B,1.0049,0.5403,31.15,16.75,34,1.0968,-0.5565,0.5074,f,6 个月 · 全平台 · 全量 SKU · 2026-07-09
DJ505241_3,US 床BJS-101T落地三床屋顶床 99*190+99*230一件两箱粉铁+粉板+粉布,ALL,AMAZON,C,T4B,0.6780,0.3450,21.02,10.70,33,1.0645,-0.7195,0.6759,f,6 个月 · 全平台 · 全量 SKU · 2026-07-09
DJ505242_2,US 床GJ-014T屋顶低阁楼床8布抽+空格含灯带一件一箱白铁+白麻板,ALL,AMAZON,B,T3,3.7460,3.9333,116.13,121.93,59,1.9032,2.0301,1.0666,t,6 个月 · 全平台 · 全量 SKU · 2026-07-09
DJ505242_2,US 床GJ-014T屋顶低阁楼床8布抽+空格含灯带一件一箱白铁+白麻板,ALL,TIKTOK,B,T4B,0.1973,0.1060,6.12,3.29,12,0.3871,-0.2811,0.7262,f,6 个月 · 全平台 · 全量 SKU · 2026-07-09
DJ505242_2,US 床GJ-014T屋顶低阁楼床8布抽+空格含灯带一件一箱白铁+白麻板,ALL,UNKNOWN,B,T4B,1.1434,0.5818,35.45,18.04,48,1.5484,-0.9666,0.6243,f,6 个月 · 全平台 · 全量 SKU · 2026-07-09
DJ505242_4,US 床GJ-014T屋顶低阁楼床8布抽+空格含灯带一件一箱粉铁+粉色麻板,ALL,AMAZON,B,T4A,2.3558,1.0931,73.03,33.89,53,1.7097,-0.6166,0.3606,t,6 个月 · 全平台 · 全量 SKU · 2026-07-09
DJ505242_4,US 床GJ-014T屋顶低阁楼床8布抽+空格含灯带一件一箱粉铁+粉色麻板,ALL,TIKTOK,B,T4B,0.2429,0.1166,7.53,3.61,12,0.3871,-0.2705,0.6988,f,6 个月 · 全平台 · 全量 SKU · 2026-07-09
DJ505242_4,US 床GJ-014T屋顶低阁楼床8布抽+空格含灯带一件一箱粉铁+粉色麻板,ALL,UNKNOWN,B,T4B,0.6264,0.3367,19.42,10.44,30,0.9677,-0.6310,0.6521,f,6 个月 · 全平台 · 全量 SKU · 2026-07-09
DJ505243_2,US 床GJ-011T屋顶低阁楼床3布抽+2铁篮含灯带一件一箱白铁+白色山纹,ALL,AMAZON,C,T4B,0.7681,0.3908,23.81,12.11,18,0.5806,-0.1898,0.3270,f,6 个月 · 全平台 · 全量 SKU · 2026-07-09
DJ505243_2,US 床GJ-011T屋顶低阁楼床3布抽+2铁篮含灯带一件一箱白铁+白色山纹,ALL,UNKNOWN,C,T4B,0.6462,0.3474,20.03,10.77,21,0.6774,-0.3300,0.4872,f,6 个月 · 全平台 · 全量 SKU · 2026-07-09
DJ505244_1,"US UA DK-SR01 现代板式双人电脑桌 一件两箱 颜色->白色,白色+黑色",ALL,UNKNOWN,C,T4B,0.9813,0.5276,30.42,16.36,37,1.1935,-0.6659,0.5580,f,6 个月 · 全平台 · 全量 SKU · 2026-07-09
DJ505244_2,US UA DK-SR01 现代板式双人电脑桌 一件两箱 颜色->黑色,ALL,AMAZON,C,T4B,0.9077,0.4880,28.14,15.13,46,1.4839,-0.9959,0.6711,f,6 个月 · 全平台 · 全量 SKU · 2026-07-09
DJ505244_2,US UA DK-SR01 现代板式双人电脑桌 一件两箱 颜色->黑色,ALL,UNKNOWN,C,T4B,0.6632,0.3565,20.56,11.05,32,1.0323,-0.6758,0.6546,f,6 个月 · 全平台 · 全量 SKU · 2026-07-09
DJ505245_1,"US UA DK-XZ01 板式原木L型行政桌 一件两箱 颜色->#1,年轮橡木",ALL,AMAZON,C,T4B,0.9016,0.4328,27.95,13.42,33,1.0645,-0.6317,0.5934,f,6 个月 · 全平台 · 全量 SKU · 2026-07-09
DJ505245_2,"US UA DK-XZ01 板式原木L型行政桌 一件两箱 颜色->#2,胡桃色",ALL,AMAZON,C,T4B,0.3500,0.1680,10.85,5.21,25,0.8065,-0.6385,0.7917,f,6 个月 · 全平台 · 全量 SKU · 2026-07-09
DJ505245_2,"US UA DK-XZ01 板式原木L型行政桌 一件两箱 颜色->#2,胡桃色",ALL,UNKNOWN,C,T4B,0.3214,0.1543,9.96,4.78,51,1.6452,-1.4909,0.9062,f,6 个月 · 全平台 · 全量 SKU · 2026-07-09
DJ505246_3,"US UA DK-XZ04 双拼色行政电脑桌一件两箱 颜色->#3,风轻云扬灰（原4071新洞洞板）",ALL,AMAZON,C,T3,3.6199,3.4420,112.22,106.70,84,2.7097,0.7323,0.2703,t,6 个月 · 全平台 · 全量 SKU · 2026-07-09
DJ505246_3,"US UA DK-XZ04 双拼色行政电脑桌一件两箱 颜色->#3,风轻云扬灰（原4071新洞洞板）",ALL,UNKNOWN,C,T4B,0.9626,0.4898,29.84,15.18,77,2.4839,-1.9941,0.8028,f,6 个月 · 全平台 · 全量 SKU · 2026-07-09
DJ505246_4,"US UA DK-XZ04 双拼色行政电脑桌一件两箱 颜色->#4,大理石（原4071 新洞洞板）",ALL,AMAZON,C,T3,4.0442,4.0819,125.37,126.54,70,2.2581,1.8238,0.8077,t,6 个月 · 全平台 · 全量 SKU · 2026-07-09
DJ505246_4,"US UA DK-XZ04 双拼色行政电脑桌一件两箱 颜色->#4,大理石（原4071 新洞洞板）",ALL,UNKNOWN,C,T4B,0.9126,0.4643,28.29,14.39,47,1.5161,-1.0518,0.6938,f,6 个月 · 全平台 · 全量 SKU · 2026-07-09
DJ505246_4,"US UA DK-XZ04 双拼色行政电脑桌一件两箱 颜色->#4,大理石（原4071 新洞洞板）",ALL,WALMART,C,T4B,0.1742,0.0886,5.40,2.75,9,0.2903,-0.2017,0.6948,f,6 个月 · 全平台 · 全量 SKU · 2026-07-09
DJ505246_5,US UA DK-XZ04 双拼色行政电脑桌一件两箱 颜色->#5，复古色（原3789 旧洞洞板）,ALL,UNKNOWN,C,T4B,0.2396,0.1288,7.43,3.99,8,0.2581,-0.1293,0.5009,f,6 个月 · 全平台 · 全量 SKU · 2026-07-09
DJ505246_6,"US UA DK-XZ04 双拼色行政电脑桌一件两箱 颜色->#6,金边胡桃（原4071 新洞洞板）",ALL,AMAZON,C,T4A,2.7240,1.2639,84.44,39.18,57,1.8387,-0.5748,0.3126,t,6 个月 · 全平台 · 全量 SKU · 2026-07-09
DJ505246_6,"US UA DK-XZ04 双拼色行政电脑桌一件两箱 颜色->#6,金边胡桃（原4071 新洞洞板）",ALL,UNKNOWN,C,T4B,0.6918,0.3520,21.45,10.91,30,0.9677,-0.6157,0.6363,f,6 个月 · 全平台 · 全量 SKU · 2026-07-09
DJ505248_1,"US UA DK-XZ06 超大文件抽行政电脑桌一件两箱 颜色->#1,复古色",ALL,AMAZON,C,T4A,2.1348,0.9906,66.18,30.71,74,2.3871,-1.3965,0.5850,t,6 个月 · 全平台 · 全量 SKU · 2026-07-09
DJ505248_1,"US UA DK-XZ06 超大文件抽行政电脑桌一件两箱 颜色->#1,复古色",ALL,UNKNOWN,C,T4B,0.4159,0.1996,12.89,6.19,17,0.5484,-0.3488,0.6360,f,6 个月 · 全平台 · 全量 SKU · 2026-07-09
DJ505248_2,"US UA DK-XZ06 超大文件抽行政电脑桌一件两箱 颜色->#2,胡桃色",ALL,AMAZON,C,T4B,3.0698,1.2525,95.16,38.83,100,3.2258,-1.9733,0.6117,f,6 个月 · 全平台 · 全量 SKU · 2026-07-09
DJ505248_2,"US UA DK-XZ06 超大文件抽行政电脑桌一件两箱 颜色->#2,胡桃色",ALL,UNKNOWN,C,T4B,1.9099,1.0268,59.21,31.83,71,2.2903,-1.2635,0.5517,f,6 个月 · 全平台 · 全量 SKU · 2026-07-09
DJ505248_3,"US UA DK-XZ06 超大文件抽行政电脑桌一件两箱 颜色->#3,大理石色",ALL,AMAZON,C,T4A,3.0530,1.2041,94.64,37.33,64,2.0645,-0.8604,0.4168,t,6 个月 · 全平台 · 全量 SKU · 2026-07-09
DJ505248_4,"US UA DK-XZ06 超大文件抽行政电脑桌一件两箱 颜色->#4,风轻云扬灰",ALL,AMAZON,C,T4B,1.6374,0.7859,50.76,24.36,61,1.9677,-1.1818,0.6006,f,6 个月 · 全平台 · 全量 SKU · 2026-07-09
DJ505248_4,"US UA DK-XZ06 超大文件抽行政电脑桌一件两箱 颜色->#4,风轻云扬灰",ALL,UNKNOWN,C,T4B,0.4137,0.1986,12.82,6.16,11,0.3548,-0.1562,0.4403,f,6 个月 · 全平台 · 全量 SKU · 2026-07-09
DJ505249_1,HS 储物柜-DSTL-01顶板推拉无把手 2x3 DFS 一件两箱  颜色->黑色,ALL,TIKTOK,C,T4B,3.7571,1.9116,116.47,59.26,234,7.5484,-5.6368,0.7468,f,6 个月 · 全平台 · 全量 SKU · 2026-07-09
DJ505249_2,HS 储物柜-DSTL-01顶板推拉无把手 2x3 DFS 一件两箱  颜色->白色,ALL,TIKTOK,C,T4B,0.8846,0.4756,27.42,14.74,10,0.3226,0.1530,0.4744,f,6 个月 · 全平台 · 全量 SKU · 2026-07-09
DJ505250_2,US HS 储物柜-DSBL-03侧板自攻丝 1x5+2 DFS 一件两箱 颜色->白色,ALL,UNKNOWN,B,T4B,2.4220,1.2323,75.08,38.20,56,1.8065,-0.5742,0.3178,f,6 个月 · 全平台 · 全量 SKU · 2026-07-09
DJ505251_1,US HS 储物柜-DSBL-02侧板自攻丝带插板 2x3+4 DFS 一件两箱 颜色->黑色,ALL,TIKTOK,B,T4B,0.2308,0.1241,7.15,3.85,7,0.2258,-0.1017,0.4504,f,6 个月 · 全平台 · 全量 SKU · 2026-07-09
DJ505251_1,US HS 储物柜-DSBL-02侧板自攻丝带插板 2x3+4 DFS 一件两箱 颜色->黑色,ALL,UNKNOWN,B,T4B,0.2137,0.1087,6.62,3.37,14,0.4516,-0.3429,0.7593,f,6 个月 · 全平台 · 全量 SKU · 2026-07-09
DJ505251_2,US HS 储物柜-DSBL-02侧板自攻丝带插板 2x3+4 DFS 一件两箱 颜色->白色,ALL,TIKTOK,C,T4B,0.3423,0.1840,10.61,5.70,26,0.8387,-0.6547,0.7806,f,6 个月 · 全平台 · 全量 SKU · 2026-07-09
DJ505252_1,"US TS12 中世纪现代风两门加高电视柜带排插灯带，一件一箱 颜色->#1,胡桃木色",ALL,AMAZON,D,T4B,0.4033,0.2052,12.50,6.36,26,0.8387,-0.6335,0.7553,f,6 个月 · 全平台 · 全量 SKU · 2026-07-09
DJ505252_1,"US TS12 中世纪现代风两门加高电视柜带排插灯带，一件一箱 颜色->#1,胡桃木色",ALL,UNKNOWN,D,T4B,0.1736,0.0933,5.38,2.89,13,0.4194,-0.3261,0.7775,f,6 个月 · 全平台 · 全量 SKU · 2026-07-09
DJ505252_2,"US TS12 中世纪现代风两门加高电视柜带排插灯带，一件一箱 颜色->#2,原木色",ALL,AMAZON,D,T4B,0.2841,0.1445,8.81,4.48,32,1.0323,-0.8878,0.8600,f,6 个月 · 全平台 · 全量 SKU · 2026-07-09
DJ505254_1,US AG 板式床 乡村风拼框 掀盖靠背 4抽 F款 一件两箱 颜色->白色,ALL,AMAZON,B,T4A,2.8614,1.3277,88.70,41.16,145,4.6774,-3.3497,0.7161,t,6 个月 · 全平台 · 全量 SKU · 2026-07-09
DJ505254_1,US AG 板式床 乡村风拼框 掀盖靠背 4抽 F款 一件两箱 颜色->白色,ALL,UNKNOWN,B,T4B,1.5775,0.6436,48.90,19.95,75,2.4194,-1.7758,0.7340,f,6 个月 · 全平台 · 全量 SKU · 2026-07-09
DJ505254_2,US AG 板式床 乡村风拼框 掀盖靠背 4抽 F款 一件两箱 颜色->灰色,ALL,AMAZON,C,T4B,1.0681,0.5742,33.11,17.80,51,1.6452,-1.0710,0.6510,f,6 个月 · 全平台 · 全量 SKU · 2026-07-09
DJ505255_1,US AG 板式床 乡村风拼框 掀盖靠背 4抽 Q款 一件两箱 颜色->白色,ALL,AMAZON,C,T4B,1.1214,0.5383,34.76,16.69,86,2.7742,-2.2359,0.8060,f,6 个月 · 全平台 · 全量 SKU · 2026-07-09
DJ505255_1,US AG 板式床 乡村风拼框 掀盖靠背 4抽 Q款 一件两箱 颜色->白色,ALL,UNKNOWN,C,T4B,0.5000,0.2400,15.50,7.44,47,1.5161,-1.2761,0.8417,f,6 个月 · 全平台 · 全量 SKU · 2026-07-09
DJ505255_1,US AG 板式床 乡村风拼框 掀盖靠背 4抽 Q款 一件两箱 颜色->白色,ALL,WALMART,C,T4B,0.1857,0.0891,5.76,2.76,10,0.3226,-0.2335,0.7238,f,6 个月 · 全平台 · 全量 SKU · 2026-07-09
DJ505255_2,US AG 板式床 乡村风拼框 掀盖靠背 4抽 Q款 一件两箱 颜色->灰色,ALL,AMAZON,B,T4B,1.1000,0.5280,34.10,16.37,72,2.3226,-1.7946,0.7727,f,6 个月 · 全平台 · 全量 SKU · 2026-07-09
DJ505255_2,US AG 板式床 乡村风拼框 掀盖靠背 4抽 Q款 一件两箱 颜色->灰色,ALL,WALMART,B,T4B,0.6929,0.3326,21.48,10.31,26,0.8387,-0.5061,0.6034,f,6 个月 · 全平台 · 全量 SKU · 2026-07-09
DJ505256_1,US VD 板式床 掀盖软包靠背 双灯带 4抽 F款 一件两箱 颜色->黑色,ALL,AMAZON,B,T3,4.3402,4.1659,134.55,129.14,133,4.2903,-0.1244,0.0290,t,6 个月 · 全平台 · 全量 SKU · 2026-07-09
DJ505256_1,US VD 板式床 掀盖软包靠背 双灯带 4抽 F款 一件两箱 颜色->黑色,ALL,UNKNOWN,B,T4B,3.8670,1.9675,119.88,60.99,181,5.8387,-3.8712,0.6630,f,6 个月 · 全平台 · 全量 SKU · 2026-07-09
DJ505256_2,US VD 板式床 掀盖软包靠背 双灯带 4抽 F款 一件两箱 颜色->白色,ALL,UNKNOWN,C,T4B,1.3280,0.6375,41.17,19.76,71,2.2903,-1.6528,0.7217,f,6 个月 · 全平台 · 全量 SKU · 2026-07-09
DJ505257_1,US VD 板式床 掀盖软包靠背 双灯带 4抽 Q款 一件两箱 颜色->黑色,ALL,AMAZON,A,T3,7.4009,7.5659,229.43,234.54,184,5.9355,1.6304,0.2747,t,6 个月 · 全平台 · 全量 SKU · 2026-07-09
DJ505257_1,US VD 板式床 掀盖软包靠背 双灯带 4抽 Q款 一件两箱 颜色->黑色,ALL,TIKTOK,A,T4B,0.1929,0.0926,5.98,2.87,36,1.1613,-1.0687,0.9203,f,6 个月 · 全平台 · 全量 SKU · 2026-07-09
DJ505257_1,US VD 板式床 掀盖软包靠背 双灯带 4抽 Q款 一件两箱 颜色->黑色,ALL,UNKNOWN,A,T4B,5.1385,2.6144,159.29,81.05,214,6.9032,-4.2888,0.6213,f,6 个月 · 全平台 · 全量 SKU · 2026-07-09
DJ505257_2,US VD 板式床 掀盖软包靠背 双灯带 4抽 Q款 一件两箱 颜色->白色,ALL,UNKNOWN,C,T4B,0.9137,0.4649,28.32,14.41,57,1.8387,-1.3738,0.7472,f,6 个月 · 全平台 · 全量 SKU · 2026-07-09
DJ505258_1,"US AG 板式床 藤编拼框 4抽 掀盖靠背 F款 一件两箱 颜色->#1,木纹色",ALL,AMAZON,C,T4B,1.2093,0.6501,37.49,20.15,17,0.5484,0.1017,0.1855,f,6 个月 · 全平台 · 全量 SKU · 2026-07-09
DJ505258_1,"US AG 板式床 藤编拼框 4抽 掀盖靠背 F款 一件两箱 颜色->#1,木纹色",ALL,UNKNOWN,C,T4B,0.3071,0.1474,9.52,4.57,2,0.0645,0.0829,1.2847,f,6 个月 · 全平台 · 全量 SKU · 2026-07-09
DJ505259_1,"US AG 板式床 藤编拼框 4抽 掀盖靠背 Q款 一件两箱 颜色->#1,木纹色",ALL,AMAZON,C,T4B,1.2593,0.6770,39.04,20.99,40,1.2903,-0.6133,0.4753,f,6 个月 · 全平台 · 全量 SKU · 2026-07-09
DJ505259_1,"US AG 板式床 藤编拼框 4抽 掀盖靠背 Q款 一件两箱 颜色->#1,木纹色",ALL,UNKNOWN,C,T4B,0.2379,0.1279,7.37,3.96,9,0.2903,-0.1624,0.5595,f,6 个月 · 全平台 · 全量 SKU · 2026-07-09
DJ505260_1,US VD 板式床 推拉谷仓门 4抽 F款 一件两箱 颜色->白色,ALL,AMAZON,C,T4B,0.9484,0.4825,29.40,14.96,28,0.9032,-0.4207,0.4658,f,6 个月 · 全平台 · 全量 SKU · 2026-07-09
DJ505260_2,US VD 板式床 推拉谷仓门 4抽 F款 一件两箱 颜色->深灰色,ALL,AMAZON,C,T4B,0.7527,0.4047,23.33,12.55,19,0.6129,-0.2082,0.3397,f,6 个月 · 全平台 · 全量 SKU · 2026-07-09
DJ505261_2,US VD 板式床 推拉谷仓门 4抽 Q款 一件两箱 颜色->深灰色,ALL,AMAZON,C,T4B,0.6407,0.3075,19.86,9.53,37,1.1935,-0.8860,0.7424,f,6 个月 · 全平台 · 全量 SKU · 2026-07-09
DJ505262_1,US VD 高架床 L形上下铺 侧边5层布抽 T 一件两箱 颜色->白色,ALL,AMAZON,C,T4B,1.4522,0.7389,45.02,22.91,33,1.0645,-0.3256,0.3059,f,6 个月 · 全平台 · 全量 SKU · 2026-07-09
DJ505262_1,US VD 高架床 L形上下铺 侧边5层布抽 T 一件两箱 颜色->白色,ALL,UNKNOWN,C,T4B,0.7434,0.3997,23.05,12.39,33,1.0645,-0.6648,0.6245,f,6 个月 · 全平台 · 全量 SKU · 2026-07-09
DJ505262_1,US VD 高架床 L形上下铺 侧边5层布抽 T 一件两箱 颜色->白色,ALL,WALMART,C,T4B,0.4126,0.1981,12.79,6.14,15,0.4839,-0.2858,0.5906,f,6 个月 · 全平台 · 全量 SKU · 2026-07-09
DJ505262_1_WF,US VD 高架床 L形上下铺 侧边5层布抽 T 一件两箱 颜色->白色,ALL,UNKNOWN,D,T4B,0.1429,0.0686,4.43,2.13,16,0.5161,-0.4475,0.8671,f,6 个月 · 全平台 · 全量 SKU · 2026-07-09
DJ505262_2,US VD 高架床 L形上下铺 侧边5层布抽 T 一件两箱 颜色->黑色,ALL,AMAZON,B,T4A,2.3511,1.1564,72.88,35.85,47,1.5161,-0.3597,0.2373,t,6 个月 · 全平台 · 全量 SKU · 2026-07-09
DJ505262_2,US VD 高架床 L形上下铺 侧边5层布抽 T 一件两箱 颜色->黑色,ALL,WALMART,B,T4B,0.8346,0.4487,25.87,13.91,47,1.5161,-1.0674,0.7040,f,6 个月 · 全平台 · 全量 SKU · 2026-07-09
DJ505264_1,US VD 高架床 上下铺 侧边布抽挂衣区 床下书架布抽 T 一件两箱 颜色->白色,ALL,UNKNOWN,C,T4B,0.9885,0.5314,30.64,16.47,127,4.0968,-3.5654,0.8703,f,6 个月 · 全平台 · 全量 SKU · 2026-07-09
DJ505264_2,US VD 高架床 上下铺 侧边布抽挂衣区 床下书架布抽 T 一件两箱 颜色->黑色,ALL,UNKNOWN,C,T4B,0.5505,0.2960,17.07,9.18,95,3.0645,-2.7685,0.9034,f,6 个月 · 全平台 · 全量 SKU · 2026-07-09
DJ505265_1,US 床YLS-006上F下T床8抽含灯带一件两箱 颜色黑铁+火烧云板,ALL,AMAZON,C,T4B,1.8555,0.7570,57.52,23.47,48,1.5484,-0.7914,0.5111,f,6 个月 · 全平台 · 全量 SKU · 2026-07-09
DJ505265_3,US 床YLS-006上F下T床8抽含灯带一件两箱 颜色黑铁+灰木纹板,ALL,AMAZON,C,T4B,0.6566,0.2679,20.35,8.30,15,0.4839,-0.2160,0.4463,f,6 个月 · 全平台 · 全量 SKU · 2026-07-09
DJ505266_3,US 床YLS-006上T下T床8抽含灯带一件两箱 颜色黑铁+灰木纹板,ALL,AMAZON,C,T4B,0.8615,0.3515,26.71,10.90,15,0.4839,-0.1324,0.2736,f,6 个月 · 全平台 · 全量 SKU · 2026-07-09
DJ505267_2,"US 床RL-510F上床铁网+板下桌挂钩抽屉含插盘灯带137*190一件两箱 颜色->#2,白铁+浅色板",ALL,UNKNOWN,B,T4B,2.9297,1.5750,90.82,48.83,93,3.0000,-1.4250,0.4750,f,6 个月 · 全平台 · 全量 SKU · 2026-07-09
DJ505267_3,"US 床RL-510F上床铁网+板下桌挂钩抽屉含插盘灯带137*190一件两箱 颜色->#3,黑铁+灰木纹板",ALL,AMAZON,B,T4B,1.0951,0.4468,33.95,13.85,19,0.6129,-0.1661,0.2710,f,6 个月 · 全平台 · 全量 SKU · 2026-07-09
DJ505267_3,"US 床RL-510F上床铁网+板下桌挂钩抽屉含插盘灯带137*190一件两箱 颜色->#3,黑铁+灰木纹板",ALL,UNKNOWN,B,T4B,1.3511,0.7264,41.88,22.52,37,1.1935,-0.4671,0.3914,f,6 个月 · 全平台 · 全量 SKU · 2026-07-09
DJ505269_1,US 床RL-511T上床铁管下桌洞洞板抽屉含插盘灯带99*190一件两箱 颜色黑铁+灰木纹板材,ALL,UNKNOWN,C,T4B,0.0857,0.0411,2.66,1.27,10,0.3226,-0.2815,0.8726,f,6 个月 · 全平台 · 全量 SKU · 2026-07-09
DJ505269_1,US 床RL-511T上床铁管下桌洞洞板抽屉含插盘灯带99*190一件两箱 颜色黑铁+灰木纹板材,ALL,WALMART,C,T4B,0.1643,0.0789,5.09,2.45,14,0.4516,-0.3727,0.8253,f,6 个月 · 全平台 · 全量 SKU · 2026-07-09
DJ505269_2,US 床RL-511T上床铁管下桌洞洞板抽屉含插盘灯带99*190一件两箱 颜色白铁+浅色板材,ALL,UNKNOWN,C,T4B,0.3088,0.1660,9.57,5.15,24,0.7742,-0.6082,0.7856,f,6 个月 · 全平台 · 全量 SKU · 2026-07-09
DJ505273_1,US 床T-B303F软包床头翻开床尾铝材四抽137*190 一件一箱 颜色麻布深灰,ALL,AMAZON,B,T4B,0.6269,0.3370,19.43,10.45,42,1.3548,-1.0178,0.7513,f,6 个月 · 全平台 · 全量 SKU · 2026-07-09
DJ505273_2,US 床T-B303F软包床头翻开床尾铝材四抽137*190 一件一箱 颜色PU黑色,ALL,TIKTOK,B,T4B,0.6451,0.3282,20.00,10.17,17,0.5484,-0.2202,0.4015,f,6 个月 · 全平台 · 全量 SKU · 2026-07-09
DJ505273_3,US 床T-B303F软包床头翻开床尾铝材四抽137*190 一件一箱 颜色绒布白色+白色铁,ALL,AMAZON,A,T3,4.1673,4.3757,129.19,135.65,112,3.6129,0.7628,0.2111,t,6 个月 · 全平台 · 全量 SKU · 2026-07-09
DJ505273_3,US 床T-B303F软包床头翻开床尾铝材四抽137*190 一件一箱 颜色绒布白色+白色铁,ALL,UNKNOWN,A,T4B,0.3681,0.1979,11.41,6.13,19,0.6129,-0.4150,0.6771,f,6 个月 · 全平台 · 全量 SKU · 2026-07-09
DJ505275_1,US 床T-B259Q床头翻开气压杆波浪含插盘灯带床153*203一件两箱 颜色黑色pu,ALL,AMAZON,A,T3,5.7337,5.4503,177.74,168.96,92,2.9677,2.4826,0.8365,t,6 个月 · 全平台 · 全量 SKU · 2026-07-09
DJ505275_1_WF,US 床T-B259Q床头翻开气压杆波浪含插盘灯带床153*203一件两箱 颜色黑色pu,ALL,UNKNOWN,D,T4B,2.2967,0.9371,71.20,29.05,84,2.7097,-1.7726,0.6542,f,6 个月 · 全平台 · 全量 SKU · 2026-07-09
DJ505276_1,"US 床T-B259F床头翻开气压杆波浪含插盘灯带床137*190一件两箱 颜色->#1,黑色pu",ALL,AMAZON,B,T4A,1.9906,0.9236,61.71,28.63,53,1.7097,-0.7861,0.4598,t,6 个月 · 全平台 · 全量 SKU · 2026-07-09
DJ505276_1,"US 床T-B259F床头翻开气压杆波浪含插盘灯带床137*190一件两箱 颜色->#1,黑色pu",ALL,UNKNOWN,B,T4B,1.1275,0.5737,34.95,17.78,15,0.4839,0.0898,0.1856,f,6 个月 · 全平台 · 全量 SKU · 2026-07-09
DJ505276_2,"US 床T-B259F床头翻开气压杆波浪含插盘灯带床137*190一件两箱 颜色->#2,颜色TX-001米白绒布",ALL,AMAZON,C,T4B,1.1110,0.5653,34.44,17.52,65,2.0968,-1.5315,0.7304,f,6 个月 · 全平台 · 全量 SKU · 2026-07-09
DJ505276_2,"US 床T-B259F床头翻开气压杆波浪含插盘灯带床137*190一件两箱 颜色->#2,颜色TX-001米白绒布",ALL,UNKNOWN,C,T4B,0.7934,0.4037,24.60,12.51,28,0.9032,-0.4995,0.5530,f,6 个月 · 全平台 · 全量 SKU · 2026-07-09
DJ505277_1,US 床T-B259T床头翻开气压杆波浪含插盘灯带床99*190 颜色黑色pu,ALL,AMAZON,C,T4B,0.6599,0.3358,20.46,10.41,52,1.6774,-1.3416,0.7998,f,6 个月 · 全平台 · 全量 SKU · 2026-07-09
DJ505277_1,US 床T-B259T床头翻开气压杆波浪含插盘灯带床99*190 颜色黑色pu,ALL,UNKNOWN,C,T4B,0.3363,0.1808,10.43,5.60,30,0.9677,-0.7869,0.8132,f,6 个月 · 全平台 · 全量 SKU · 2026-07-09
DJ505277_2,US 床T-B259T床头翻开气压杆波浪含插盘灯带床99*190 颜色TX-001米白绒布,ALL,AMAZON,C,T4B,0.8890,0.4523,27.56,14.02,50,1.6129,-1.1606,0.7196,f,6 个月 · 全平台 · 全量 SKU · 2026-07-09
DJ505277_2,US 床T-B259T床头翻开气压杆波浪含插盘灯带床99*190 颜色TX-001米白绒布,ALL,UNKNOWN,C,T4B,0.2885,0.1551,8.94,4.81,12,0.3871,-0.2320,0.5993,f,6 个月 · 全平台 · 全量 SKU · 2026-07-09
DJ505277_2,US 床T-B259T床头翻开气压杆波浪含插盘灯带床99*190 颜色TX-001米白绒布,ALL,WALMART,C,T4B,0.2231,0.1135,6.92,3.52,10,0.3226,-0.2091,0.6482,f,6 个月 · 全平台 · 全量 SKU · 2026-07-09
DJ505278_1,US DC 高架床 LB-12 GS 错台U桌+七抽柜款 F尺寸  一件两箱 颜色->黑色,ALL,AMAZON,B,T4A,2.8039,1.4571,86.92,45.17,129,4.1613,-2.7042,0.6498,t,6 个月 · 全平台 · 全量 SKU · 2026-07-09
DJ505278_1,US DC 高架床 LB-12 GS 错台U桌+七抽柜款 F尺寸  一件两箱 颜色->黑色,ALL,WALMART,B,T4B,0.5115,0.2750,15.86,8.53,43,1.3871,-1.1121,0.8017,f,6 个月 · 全平台 · 全量 SKU · 2026-07-09
DJ505278_2,US DC 高架床 LB-12 GS 错台U桌+七抽柜款 F尺寸  一件两箱 颜色->白色,ALL,AMAZON,B,T4A,2.5838,1.3428,80.10,41.63,158,5.0968,-3.7540,0.7365,t,6 个月 · 全平台 · 全量 SKU · 2026-07-09
DJ505278_2,US DC 高架床 LB-12 GS 错台U桌+七抽柜款 F尺寸  一件两箱 颜色->白色,ALL,WALMART,B,T4B,0.2110,0.1134,6.54,3.52,11,0.3548,-0.2414,0.6804,f,6 个月 · 全平台 · 全量 SKU · 2026-07-09
DJ505279_1,"US 床BJS-543T 落地双层床+储物台阶 一件一箱 99*190 颜色->#1,黑铁+火烧云",ALL,AMAZON,A,T2,9.0422,7.0529,280.31,218.64,127,4.0968,2.9561,0.7216,t,6 个月 · 全平台 · 全量 SKU · 2026-07-09
DJ505279_1,"US 床BJS-543T 落地双层床+储物台阶 一件一箱 99*190 颜色->#1,黑铁+火烧云",ALL,WALMART,A,T4B,0.3857,0.1963,11.96,6.09,14,0.4516,-0.2553,0.5653,f,6 个月 · 全平台 · 全量 SKU · 2026-07-09
DJ505279_2,US 床BJS-543T 落地双层床+储物台阶 一件一箱 99*190 颜色->#2 纯白,ALL,AMAZON,A,T3,4.8170,5.0578,149.33,156.79,77,2.4839,2.5739,1.0363,t,6 个月 · 全平台 · 全量 SKU · 2026-07-09
DJ505279_2,US 床BJS-543T 落地双层床+储物台阶 一件一箱 99*190 颜色->#2 纯白,ALL,UNKNOWN,A,T4B,0.9253,0.3775,28.68,11.70,18,0.5806,-0.2031,0.3499,f,6 个月 · 全平台 · 全量 SKU · 2026-07-09
DJ505279_3,US 床BJS-543T 落地双层床+储物台阶 一件一箱 99*190 颜色->#3粉白拼色,ALL,AMAZON,B,T4B,1.5604,0.6367,48.37,19.74,27,0.8710,-0.2343,0.2690,f,6 个月 · 全平台 · 全量 SKU · 2026-07-09
DJ505280_1,US UA OTS-TM01 带推车铁木马桶架 一件一箱 颜色->白色,ALL,TEMU,C,T4B,1.2593,0.6770,39.04,20.99,0,0.0000,0.6770,,f,6 个月 · 全平台 · 全量 SKU · 2026-07-09
DJ505280_2,US UA OTS-TM01 带推车铁木马桶架 一件一箱 颜色->黑色,ALL,TEMU,C,T4B,1.1780,0.6333,36.52,19.63,0,0.0000,0.6333,,f,6 个月 · 全平台 · 全量 SKU · 2026-07-09
DJ505284_1,"US 床TB-2324K 5抽床+床头2布抽 一件两箱 颜色->#1,TX-001米白绒布",ALL,AMAZON,C,T4B,0.4720,0.1926,14.63,5.97,12,0.3871,-0.1945,0.5025,f,6 个月 · 全平台 · 全量 SKU · 2026-07-09
DJ505286_1,"US 床TB-2324Q 5抽床+床头2布抽 一件两箱 颜色->#1,米白绒布",ALL,AMAZON,C,T4B,0.2923,0.1403,9.06,4.35,5,0.1613,-0.0210,0.1301,f,6 个月 · 全平台 · 全量 SKU · 2026-07-09
DJ505289_1,US HS 梳妆台-VDND-01 金拱门01款 平桌面 七抽  一件两箱 颜色->白色,ALL,AMAZON,C,T4B,1.2198,0.5855,37.81,18.15,54,1.7419,-1.1564,0.6639,f,6 个月 · 全平台 · 全量 SKU · 2026-07-09
DJ505289_1_WF,US HS 梳妆台-VDND-01 金拱门01款 平桌面 七抽  一件两箱 颜色->白色,ALL,UNKNOWN,C,T4B,0.4588,0.2466,14.22,7.64,6,0.1935,0.0531,0.2741,f,6 个月 · 全平台 · 全量 SKU · 2026-07-09
DJ505290_1,US 高架床 LB-06  AF 上床下桌+F&T长桌二抽  F 一件两箱 颜色->黑色,ALL,WALMART,C,T4B,0.5011,0.2550,15.53,7.91,16,0.5161,-0.2611,0.5059,f,6 个月 · 全平台 · 全量 SKU · 2026-07-09
DJ505290_2,US 高架床 LB-06  AF 上床下桌+F&T长桌二抽  F 一件两箱 颜色->白色,ALL,AMAZON,C,T4B,0.3352,0.1802,10.39,5.59,15,0.4839,-0.3037,0.6276,f,6 个月 · 全平台 · 全量 SKU · 2026-07-09
DJ505290_2,US 高架床 LB-06  AF 上床下桌+F&T长桌二抽  F 一件两箱 颜色->白色,ALL,WALMART,C,T4B,0.1615,0.0868,5.01,2.69,5,0.1613,-0.0745,0.4618,f,6 个月 · 全平台 · 全量 SKU · 2026-07-09
DJ505291,US HS 梳妆台-VDFX-01错层款滑动镜 一件两箱 颜色->白色,ALL,AMAZON,C,T4A,2.1386,0.9923,66.30,30.76,73,2.3548,-1.3625,0.5786,t,6 个月 · 全平台 · 全量 SKU · 2026-07-09
DJ505294_1,US 洞洞板升降L桌带柜体 一件两箱 颜色->白色,ALL,AMAZON,C,T4B,0.8401,0.3428,26.04,10.63,34,1.0968,-0.7540,0.6874,f,6 个月 · 全平台 · 全量 SKU · 2026-07-09
DJ505294_2,US 洞洞板升降L桌带柜体 一件两箱 颜色->黑色,ALL,AMAZON,C,T4B,1.6434,0.7888,50.95,24.45,83,2.6774,-1.8886,0.7054,f,6 个月 · 全平台 · 全量 SKU · 2026-07-09
DJ505294_3,US 洞洞板升降L桌带柜体 一件两箱 颜色->棕顶+白,ALL,AMAZON,C,T4B,1.8198,0.8735,56.41,27.08,77,2.4839,-1.6104,0.6483,f,6 个月 · 全平台 · 全量 SKU · 2026-07-09
DJ505295_1,US SD 80cm转角升降桌 一件一箱  颜色->火烧云,ALL,AMAZON,C,T4A,3.5539,1.6490,110.17,51.12,160,5.1613,-3.5123,0.6805,t,6 个月 · 全平台 · 全量 SKU · 2026-07-09
DJ505295_1,US SD 80cm转角升降桌 一件一箱  颜色->火烧云,ALL,WALMART,C,T4B,0.2654,0.1427,8.23,4.42,6,0.1935,-0.0508,0.2627,f,6 个月 · 全平台 · 全量 SKU · 2026-07-09
DJ505295_2,US SD 80cm转角升降桌 一件一箱  颜色->黑麻,ALL,AMAZON,C,T4A,2.5402,1.1787,78.75,36.54,98,3.1613,-1.9826,0.6271,t,6 个月 · 全平台 · 全量 SKU · 2026-07-09
DJ505295_2,US SD 80cm转角升降桌 一件一箱  颜色->黑麻,ALL,WALMART,C,T4B,0.2775,0.1492,8.60,4.63,20,0.6452,-0.4960,0.7687,f,6 个月 · 全平台 · 全量 SKU · 2026-07-09
DJ505295_3,US SD 80cm转角升降桌 一件一箱  颜色->白麻,ALL,AMAZON,C,T4A,2.0312,0.9425,62.97,29.22,79,2.5484,-1.6059,0.6302,t,6 个月 · 全平台 · 全量 SKU · 2026-07-09
DJ505296_1,US UA 大款门厅架带全身镜侧边储物柜 一件两箱 颜色->白色,ALL,AMAZON,C,T4A,2.0617,0.9566,63.91,29.65,38,1.2258,-0.2692,0.2196,t,6 个月 · 全平台 · 全量 SKU · 2026-07-09
DJ505296_1,US UA 大款门厅架带全身镜侧边储物柜 一件两箱 颜色->白色,ALL,UNKNOWN,C,T4B,0.6231,0.3350,19.32,10.39,28,0.9032,-0.5682,0.6291,f,6 个月 · 全平台 · 全量 SKU · 2026-07-09
DJ505298_1,US AG 火烧云PU软包 抽屉床 F 一件两箱 颜色->黑色,ALL,UNKNOWN,C,T4B,2.1516,1.0328,66.70,32.02,31,1.0000,0.0328,0.0328,f,6 个月 · 全平台 · 全量 SKU · 2026-07-09
DJ505299_1,US AG 火烧云PU软包 抽屉床 Q 一件两箱 颜色->黑色,ALL,AMAZON,B,T4B,0.4610,0.1881,14.29,5.83,4,0.1290,0.0591,0.4578,f,6 个月 · 全平台 · 全量 SKU · 2026-07-09
DJ505299_1,US AG 火烧云PU软包 抽屉床 Q 一件两箱 颜色->黑色,ALL,UNKNOWN,B,T4B,2.7956,1.3419,86.66,41.60,23,0.7419,0.6000,0.8086,f,6 个月 · 全平台 · 全量 SKU · 2026-07-09
DJ505300_1,US 床GJ-013T低阁楼双层储物6布抽床+空格含灯带一件一箱 颜色黑铁+22022胡挑木,ALL,AMAZON,B,T4A,2.3328,1.0824,72.32,33.55,63,2.0323,-0.9499,0.4674,t,6 个月 · 全平台 · 全量 SKU · 2026-07-09
DJ505300_1,US 床GJ-013T低阁楼双层储物6布抽床+空格含灯带一件一箱 颜色黑铁+22022胡挑木,ALL,TIKTOK,B,T4B,0.1643,0.0789,5.09,2.45,15,0.4839,-0.4050,0.8369,f,6 个月 · 全平台 · 全量 SKU · 2026-07-09
DJ505300_1,US 床GJ-013T低阁楼双层储物6布抽床+空格含灯带一件一箱 颜色黑铁+22022胡挑木,ALL,UNKNOWN,B,T4B,0.4385,0.2105,13.59,6.53,15,0.4839,-0.2734,0.5650,f,6 个月 · 全平台 · 全量 SKU · 2026-07-09
DJ505300_2,US 床GJ-013T低阁楼双层储物6布抽床+空格含灯带一件一箱白铁+白麻板,ALL,AMAZON,A,T3,5.1499,4.8571,159.65,150.57,83,2.6774,2.1797,0.8141,t,6 个月 · 全平台 · 全量 SKU · 2026-07-09
DJ505300_2,US 床GJ-013T低阁楼双层储物6布抽床+空格含灯带一件一箱白铁+白麻板,ALL,TIKTOK,A,T4B,0.4038,0.2171,12.52,6.73,23,0.7419,-0.5248,0.7074,f,6 个月 · 全平台 · 全量 SKU · 2026-07-09
DJ505300_2,US 床GJ-013T低阁楼双层储物6布抽床+空格含灯带一件一箱白铁+白麻板,ALL,UNKNOWN,A,T4B,1.9159,1.0300,59.39,31.93,64,2.0645,-1.0345,0.5011,f,6 个月 · 全平台 · 全量 SKU · 2026-07-09
DJ505300_2,US 床GJ-013T低阁楼双层储物6布抽床+空格含灯带一件一箱白铁+白麻板,ALL,WALMART,A,T4B,0.3626,0.1480,11.24,4.59,21,0.6774,-0.5294,0.7815,f,6 个月 · 全平台 · 全量 SKU · 2026-07-09
DJ505300_3,US 床GJ-013T低阁楼双层储物6布抽床+空格含灯带一件一箱黑铁+黑色小浮雕,ALL,AMAZON,A,T4B,3.4181,1.3946,105.96,43.23,116,3.7419,-2.3473,0.6273,f,6 个月 · 全平台 · 全量 SKU · 2026-07-09
DJ505300_3,US 床GJ-013T低阁楼双层储物6布抽床+空格含灯带一件一箱黑铁+黑色小浮雕,ALL,TIKTOK,A,T4B,0.3852,0.2071,11.94,6.42,28,0.9032,-0.6961,0.7707,f,6 个月 · 全平台 · 全量 SKU · 2026-07-09
DJ505300_3,US 床GJ-013T低阁楼双层储物6布抽床+空格含灯带一件一箱黑铁+黑色小浮雕,ALL,UNKNOWN,A,T4B,0.4066,0.2069,12.60,6.41,41,1.3226,-1.1157,0.8436,f,6 个月 · 全平台 · 全量 SKU · 2026-07-09
DJ505300_4,US 床GJ-013T低阁楼双层储物6布抽床+空格含灯带一件一箱粉铁+粉色板,ALL,AMAZON,B,T4A,2.3702,0.9348,73.48,28.98,65,2.0968,-1.1620,0.5542,t,6 个月 · 全平台 · 全量 SKU · 2026-07-09
DJ505300_4,US 床GJ-013T低阁楼双层储物6布抽床+空格含灯带一件一箱粉铁+粉色板,ALL,TIKTOK,B,T4B,0.1071,0.0514,3.32,1.59,10,0.3226,-0.2712,0.8407,f,6 个月 · 全平台 · 全量 SKU · 2026-07-09
DJ505303_1,US 床YLS-017上T下F床4抽办公桌含插盘灯带一件两箱黑铁+火烧云板+火烧云抽面,ALL,AMAZON,B,T4B,1.5286,0.6237,47.39,19.33,42,1.3548,-0.7311,0.5397,f,6 个月 · 全平台 · 全量 SKU · 2026-07-09
DJ505303_2,US 床YLS-017上T下F床4抽办公桌含插盘灯带一件两箱白铁+白山纹板+白色PU抽面,ALL,UNKNOWN,C,T4B,0.2742,0.1474,8.50,4.57,15,0.4839,-0.3365,0.6954,f,6 个月 · 全平台 · 全量 SKU · 2026-07-09
DJ505303_3,US 床YLS-017上T下F床4抽办公桌含插盘灯带一件两箱黑铁+灰木纹板+黑色PU抽面,ALL,AMAZON,B,T4A,2.0886,0.9691,64.75,30.04,65,2.0968,-1.1277,0.5378,t,6 个月 · 全平台 · 全量 SKU · 2026-07-09
DJ505305_2,US 床YLS-017上F下F床4抽办公桌含插盘灯带一件两箱白铁+白山纹板+白色PU抽面,ALL,UNKNOWN,B,T4B,1.2104,0.6507,37.52,20.17,36,1.1613,-0.5106,0.4397,f,6 个月 · 全平台 · 全量 SKU · 2026-07-09
DJ505305_3,US 床YLS-017上F下F床4抽办公桌含插盘灯带一件两箱黑铁+灰木纹板+黑色PU抽面,ALL,AMAZON,A,T4B,2.3297,0.9505,72.22,29.47,47,1.5161,-0.5656,0.3731,f,6 个月 · 全平台 · 全量 SKU · 2026-07-09
DJ505305_3,US 床YLS-017上F下F床4抽办公桌含插盘灯带一件两箱黑铁+灰木纹板+黑色PU抽面,ALL,UNKNOWN,A,T4B,1.0049,0.5403,31.15,16.75,32,1.0323,-0.4920,0.4766,f,6 个月 · 全平台 · 全量 SKU · 2026-07-09
DJ505306_2,"US HA 书桌 VT13 8抽波浪纹小款1.3m梳妆台+七彩流光灯+插座 一件两箱A/B 颜色->#2,白色麻面",ALL,AMAZON,C,T4B,1.3302,0.5427,41.24,16.82,94,3.0323,-2.4896,0.8210,f,6 个月 · 全平台 · 全量 SKU · 2026-07-09
DJ505307_1,US HS 梳妆台 VDNX-01 改 MFL 错落布局 六抽一门好莱坞灯串 一件一箱 颜色->白色,ALL,AMAZON,C,T4B,1.8907,0.9620,58.61,29.82,78,2.5161,-1.5541,0.6177,f,6 个月 · 全平台 · 全量 SKU · 2026-07-09
DJ505307_1,US HS 梳妆台 VDNX-01 改 MFL 错落布局 六抽一门好莱坞灯串 一件一箱 颜色->白色,ALL,TIKTOK,C,T4B,0.4379,0.2354,13.57,7.30,47,1.5161,-1.2807,0.8447,f,6 个月 · 全平台 · 全量 SKU · 2026-07-09
DJ505307_1,US HS 梳妆台 VDNX-01 改 MFL 错落布局 六抽一门好莱坞灯串 一件一箱 颜色->白色,ALL,UNKNOWN,C,T4B,0.7890,0.4242,24.46,13.15,43,1.3871,-0.9629,0.6942,f,6 个月 · 全平台 · 全量 SKU · 2026-07-09
DJ505307_2,US HS 梳妆台 VDNX-01 改 MFL 错落布局 六抽一门好莱坞灯串 一件一箱 颜色->黑色,ALL,AMAZON,C,T4B,0.7396,0.3550,22.93,11.01,39,1.2581,-0.9031,0.7178,f,6 个月 · 全平台 · 全量 SKU · 2026-07-09
DJ505308,US DC 高架床 LB-W  XF 外置儿童柜款 T尺寸 一件两箱,ALL,AMAZON,B,T3,4.6654,4.7027,144.63,145.78,182,5.8710,-1.1683,0.1990,t,6 个月 · 全平台 · 全量 SKU · 2026-07-09
DJ505309_1,US HS 抽屉柜 DDB-06 2x4 底座 无把手 DFS 一件两箱 颜色->黑色,ALL,TIKTOK,C,T4B,1.3802,0.7420,42.79,23.00,180,5.8065,-5.0645,0.8722,f,6 个月 · 全平台 · 全量 SKU · 2026-07-09
DJ505309_1,US HS 抽屉柜 DDB-06 2x4 底座 无把手 DFS 一件两箱 颜色->黑色,ALL,UNKNOWN,C,T4B,0.1940,0.0931,6.01,2.89,21,0.6774,-0.5843,0.8626,f,6 个月 · 全平台 · 全量 SKU · 2026-07-09
DJ505309_1_WF,US HS 抽屉柜 DDB-06 2x4 底座 无把手 DFS 一件两箱 颜色->黑色,ALL,UNKNOWN,C,T4B,1.1429,0.5486,35.43,17.01,40,1.2903,-0.7417,0.5748,f,6 个月 · 全平台 · 全量 SKU · 2026-07-09
DJ505309_2,US HS 抽屉柜 DDB-06 2x4 底座 无把手 DFS 一件两箱 颜色->白色,ALL,TIKTOK,C,T4B,2.4643,1.3248,76.39,41.07,72,2.3226,-0.9978,0.4296,f,6 个月 · 全平台 · 全量 SKU · 2026-07-09
DJ505309_2_WF,US HS 抽屉柜 DDB-06 2x4 底座 无把手 DFS 一件两箱 颜色->白色,ALL,UNKNOWN,C,T4B,0.5143,0.2469,15.94,7.65,20,0.6452,-0.3983,0.6173,f,6 个月 · 全平台 · 全量 SKU · 2026-07-09
DJ505311_1,US HS 抽屉柜 DDB-09 3x3 底座 三孔插排 无把手 一件两箱 颜色->黑色,ALL,UNKNOWN,C,T4B,1.0775,0.5482,33.40,16.99,25,0.8065,-0.2583,0.3202,f,6 个月 · 全平台 · 全量 SKU · 2026-07-09
DJ505311_2,US HS 抽屉柜 DDB-09 3x3 底座 三孔插排 无把手 一件两箱 颜色->白色,ALL,UNKNOWN,C,T4B,0.4225,0.1724,13.10,5.34,43,1.3871,-1.2147,0.8757,f,6 个月 · 全平台 · 全量 SKU · 2026-07-09
DJ505311_2_WF,US HS 抽屉柜 DDB-09 3x3 底座 三孔插排 无把手 一件两箱 颜色->白色,ALL,UNKNOWN,C,T4B,0.8571,0.4114,26.57,12.75,0,0.0000,0.4114,,f,6 个月 · 全平台 · 全量 SKU · 2026-07-09
DJ505312_1,EU DC软包床 90x190 BCR-01下翻门+灯带+插排HQ611灰色麻面+火烧云 一件两箱,ALL,AMAZON,C,T4B,0.5357,0.2571,16.61,7.97,51,1.6452,-1.3881,0.8437,f,6 个月 · 全平台 · 全量 SKU · 2026-07-09
DJ505312_2,EU DC软包床90x200 BCR-01下翻门+灯带+插排HQ611灰色麻面+火烧云 一件两箱,ALL,AMAZON,C,T4B,0.7000,0.3360,21.70,10.42,54,1.7419,-1.4059,0.8071,f,6 个月 · 全平台 · 全量 SKU · 2026-07-09
DJ505312_3,EU DC软包床140x190 BCR-01下翻门+灯带+插排HQ611灰色麻面+火烧云 一件两箱,ALL,AMAZON,C,T4B,0.3714,0.1783,11.51,5.53,60,1.9355,-1.7572,0.9079,f,6 个月 · 全平台 · 全量 SKU · 2026-07-09
DJ505312_4,EU DC软包床140x200BCR-01下翻门+灯带+插排HQ611灰色麻面+火烧云 一件两箱,ALL,AMAZON,C,T4B,0.8214,0.3943,25.46,12.22,40,1.2903,-0.8960,0.6944,f,6 个月 · 全平台 · 全量 SKU · 2026-07-09
DJ505312_5,EU DC软包床 160x200BCR-01下翻门+灯带+插排HQ611灰色麻面+火烧云 一件两箱,ALL,AMAZON,C,T4B,0.6786,0.3257,21.04,10.10,42,1.3548,-1.0291,0.7596,f,6 个月 · 全平台 · 全量 SKU · 2026-07-09
DJ505313_3,EU DC软包床 140x190 BCR-01下翻门+灯带+插排HQ611白色麻面+原木 一件两箱,ALL,AMAZON,C,T4B,0.5071,0.2434,15.72,7.55,75,2.4194,-2.1760,0.8994,f,6 个月 · 全平台 · 全量 SKU · 2026-07-09
DJ505313_4,EU DC软包床 140x200 BCR-01下翻门+灯带+插排HQ611白色麻面+原木 一件两箱,ALL,AMAZON,C,T4B,0.4357,0.2091,13.51,6.48,32,1.0323,-0.8232,0.7974,f,6 个月 · 全平台 · 全量 SKU · 2026-07-09
DJ505313_5,EU DC软包床 160x200 BCR-01下翻门+灯带+插排HQ611白色麻面+原木 一件两箱,ALL,AMAZON,C,T4B,0.7143,0.3429,22.14,10.63,32,1.0323,-0.6894,0.6678,f,6 个月 · 全平台 · 全量 SKU · 2026-07-09
DJ505316_1,US BF VD19 书桌 铁木开门灯带镜子首饰玻璃门带凳子 一件一箱 颜色->白色,ALL,AMAZON,C,T4B,0.6643,0.3189,20.59,9.89,34,1.0968,-0.7779,0.7092,f,6 个月 · 全平台 · 全量 SKU · 2026-07-09
DJ505316_1,US BF VD19 书桌 铁木开门灯带镜子首饰玻璃门带凳子 一件一箱 颜色->白色,ALL,UNKNOWN,C,T4B,0.3214,0.1543,9.96,4.78,35,1.1290,-0.9747,0.8633,f,6 个月 · 全平台 · 全量 SKU · 2026-07-09
DJ505316_2,US BF VD19 书桌 铁木开门灯带镜子首饰玻璃门带凳子 一件一箱 颜色->黑色,ALL,AMAZON,C,T4B,0.7709,0.3922,23.90,12.16,22,0.7097,-0.3175,0.4474,f,6 个月 · 全平台 · 全量 SKU · 2026-07-09
DJ505317_1_WF,"US BF WD03 写字桌带文件柜十字玻璃门带插排灯带，一件两箱 颜色->白色,拼黑色",ALL,UNKNOWN,D,T4B,2.3286,1.1177,72.19,34.65,107,3.4516,-2.3339,0.6762,f,6 个月 · 全平台 · 全量 SKU · 2026-07-09
DJ505317_2,US BF WD03 写字桌带文件柜十字玻璃门带插排灯带，一件两箱 颜色->灰色,ALL,WALMART,A,T4B,0.3720,0.1518,11.53,4.71,11,0.3548,-0.2030,0.5722,f,6 个月 · 全平台 · 全量 SKU · 2026-07-09
DJ505317_2_WF,US BF WD03 写字桌带文件柜十字玻璃门带插排灯带，一件两箱 颜色->灰色,ALL,UNKNOWN,D,T4B,1.1357,0.5451,35.21,16.90,84,2.7097,-2.1646,0.7988,f,6 个月 · 全平台 · 全量 SKU · 2026-07-09
DJ505317_3,US BF WD03 写字桌带文件柜十字玻璃门带插排灯带，一件两箱 颜色->黑色,ALL,AMAZON,A,T4A,2.8816,1.3371,89.33,41.45,83,2.6774,-1.3403,0.5006,t,6 个月 · 全平台 · 全量 SKU · 2026-07-09
DJ505317_3,US BF WD03 写字桌带文件柜十字玻璃门带插排灯带，一件两箱 颜色->黑色,ALL,UNKNOWN,A,T4B,1.6791,0.8060,52.05,24.99,76,2.4516,-1.6456,0.6712,f,6 个月 · 全平台 · 全量 SKU · 2026-07-09
DJ505317_3,US BF WD03 写字桌带文件柜十字玻璃门带插排灯带，一件两箱 颜色->黑色,ALL,WALMART,A,T4B,0.2538,0.1292,7.87,4.01,5,0.1613,-0.0321,0.1990,f,6 个月 · 全平台 · 全量 SKU · 2026-07-09
DJ505318_1,"US床T-B715Q床头置物软包床前后铝材灯带四抽含垫一件两箱152.5*203 颜色->#1,颜色黑色PU",ALL,UNKNOWN,A,T4B,0.5440,0.2219,16.86,6.88,36,1.1613,-0.9394,0.8089,f,6 个月 · 全平台 · 全量 SKU · 2026-07-09
DJ505319_1,US UA MV-HM01 弧面错层梳妆台五抽两柜 一件一箱 颜色->白色,ALL,AMAZON,C,T4B,0.1374,0.0738,4.26,2.29,61,1.9677,-1.8939,0.9625,f,6 个月 · 全平台 · 全量 SKU · 2026-07-09
DJ505319_1,US UA MV-HM01 弧面错层梳妆台五抽两柜 一件一箱 颜色->白色,ALL,WALMART,C,T4B,0.1357,0.0651,4.21,2.02,8,0.2581,-0.1930,0.7477,f,6 个月 · 全平台 · 全量 SKU · 2026-07-09
DJ505320_1,EU AG三抽一格玻璃台面床头柜40*35cm含插座2AC+1U+1T 一件一箱 颜色->白色,ALL,AMAZON,C,T4B,1.8610,1.0005,57.69,31.02,206,6.6452,-5.6447,0.8494,f,6 个月 · 全平台 · 全量 SKU · 2026-07-09
DJ505320_1,EU AG三抽一格玻璃台面床头柜40*35cm含插座2AC+1U+1T 一件一箱 颜色->白色,ALL,UNKNOWN,C,T4B,0.2071,0.0994,6.42,3.08,6,0.1935,-0.0941,0.4864,f,6 个月 · 全平台 · 全量 SKU · 2026-07-09
DJ505320_2,EU AG三抽一格玻璃台面床头柜40*35cm含插座2AC+1U+1T 一件一箱 颜色->黑色,ALL,AMAZON,C,T4B,2.1088,1.1337,65.37,35.14,160,5.1613,-4.0276,0.7803,f,6 个月 · 全平台 · 全量 SKU · 2026-07-09
DJ505320_2,EU AG三抽一格玻璃台面床头柜40*35cm含插座2AC+1U+1T 一件一箱 颜色->黑色,ALL,UNKNOWN,C,T4B,0.2000,0.0960,6.20,2.98,4,0.1290,-0.0330,0.2560,f,6 个月 · 全平台 · 全量 SKU · 2026-07-09
DJ505321_1,US DC 高架床 LBOS-02 L型桌开放格储物款 F 一件两箱 颜色 黑色,ALL,AMAZON,C,T4B,0.4973,0.2673,15.42,8.29,46,1.4839,-1.2166,0.8199,f,6 个月 · 全平台 · 全量 SKU · 2026-07-09
DJ505321_1,US DC 高架床 LBOS-02 L型桌开放格储物款 F 一件两箱 颜色 黑色,ALL,UNKNOWN,C,T4B,0.4533,0.2437,14.05,7.55,22,0.7097,-0.4660,0.6566,f,6 个月 · 全平台 · 全量 SKU · 2026-07-09
DJ505321_2,US DC 高架床 LBOS-02 L型桌开放格储物款 F 一件两箱 颜色 白色,ALL,AMAZON,C,T4B,0.8632,0.4640,26.76,14.38,83,2.6774,-2.2134,0.8267,f,6 个月 · 全平台 · 全量 SKU · 2026-07-09
DJ505321_2,US DC 高架床 LBOS-02 L型桌开放格储物款 F 一件两箱 颜色 白色,ALL,UNKNOWN,C,T4B,0.2758,0.1483,8.55,4.60,15,0.4839,-0.3356,0.6935,f,6 个月 · 全平台 · 全量 SKU · 2026-07-09
DJ505323_1,US 床GSI-005T带步梯双层2抽+6布抽床含灯带99*190一件两箱黑铁+火烧云板,ALL,AMAZON,A,T3,6.6550,6.3488,206.31,196.81,301,9.7097,-3.3609,0.3461,t,6 个月 · 全平台 · 全量 SKU · 2026-07-09
DJ505323_1,US 床GSI-005T带步梯双层2抽+6布抽床含灯带99*190一件两箱黑铁+火烧云板,ALL,UNKNOWN,A,T4B,1.0033,0.5394,31.10,16.72,55,1.7742,-1.2348,0.6960,f,6 个月 · 全平台 · 全量 SKU · 2026-07-09
DJ505323_2,US 床GSI-005T带步梯双层2抽+6布抽床含灯带99*190一件两箱黑铁+黑山纹板,ALL,AMAZON,A,T3,8.4762,7.6286,262.76,236.49,486,15.6774,-8.0488,0.5134,t,6 个月 · 全平台 · 全量 SKU · 2026-07-09
DJ505323_3,US 床GSI-005T带步梯双层2抽+6布抽床含灯带99*190一件两箱白铁+白山纹板,ALL,AMAZON,A,T3,9.4000,8.9676,291.40,278.00,404,13.0323,-4.0647,0.3119,t,6 个月 · 全平台 · 全量 SKU · 2026-07-09
DJ505324_2,US 床GSI-006T带储物柜上床下桌床含灯带插盘99*190一件两箱白铁+白麻板,ALL,AMAZON,D,T4B,0.6445,0.3279,19.98,10.16,7,0.2258,0.1021,0.4521,f,6 个月 · 全平台 · 全量 SKU · 2026-07-09
DJ505325_1,US 床GSI-006F带储物柜上床下桌床含灯带插盘137*190一件两箱黑铁+火烧云板,ALL,AMAZON,C,T4B,2.0918,1.0643,64.85,32.99,0,0.0000,1.0643,,f,6 个月 · 全平台 · 全量 SKU · 2026-07-09
DJ505325_1,US 床GSI-006F带储物柜上床下桌床含灯带插盘137*190一件两箱黑铁+火烧云板,ALL,TIKTOK,C,T4B,0.1571,0.0754,4.87,2.34,0,0.0000,0.0754,,f,6 个月 · 全平台 · 全量 SKU · 2026-07-09
DJ505325_2,US 床GSI-006F带储物柜上床下桌床含灯带插盘137*190一件两箱白铁+白麻板,ALL,AMAZON,D,T4B,0.5429,0.2762,16.83,8.56,32,1.0323,-0.7561,0.7324,f,6 个月 · 全平台 · 全量 SKU · 2026-07-09
DJ505328_1,US DC 矮高架床 LBB-02 BD163 树屋+短桌+层架双床 双T 黑色 一件一箱,ALL,AMAZON,C,T4B,0.2115,0.1137,6.56,3.52,12,0.3871,-0.2734,0.7063,f,6 个月 · 全平台 · 全量 SKU · 2026-07-09
DJ505328_2,US DC 矮高架床 LBB-02 BD163 树屋+短桌+层架双床 双T 白色 一件一箱,ALL,AMAZON,C,T4B,0.3879,0.2085,12.02,6.46,30,0.9677,-0.7592,0.7846,f,6 个月 · 全平台 · 全量 SKU · 2026-07-09
DJ505328_2,US DC 矮高架床 LBB-02 BD163 树屋+短桌+层架双床 双T 白色 一件一箱,ALL,UNKNOWN,C,T4B,0.3269,0.1758,10.13,5.45,22,0.7097,-0.5339,0.7523,f,6 个月 · 全平台 · 全量 SKU · 2026-07-09
DJ505329_1,"US ER DK-TM01 双侧储物行政电脑桌 一件两箱 颜色->#1,胡桃木色+黑麻",ALL,AMAZON,D,T4A,2.0560,0.9540,63.74,29.57,72,2.3226,-1.3686,0.5892,t,6 个月 · 全平台 · 全量 SKU · 2026-07-09
DJ505329_1,"US ER DK-TM01 双侧储物行政电脑桌 一件两箱 颜色->#1,胡桃木色+黑麻",ALL,UNKNOWN,D,T4B,0.3275,0.1760,10.15,5.46,32,1.0323,-0.8563,0.8295,f,6 个月 · 全平台 · 全量 SKU · 2026-07-09
DJ505329_2,US ER DK-TM01 双侧储物行政电脑桌 一件两箱 颜色->#2复古色+黑麻,ALL,AMAZON,D,T4B,0.6857,0.3291,21.26,10.20,56,1.8065,-1.4774,0.8178,f,6 个月 · 全平台 · 全量 SKU · 2026-07-09
DJ505329_3,US ER DK-TM01 双侧储物行政电脑桌 一件两箱 颜色->#3 灰色（复古灰7201）+黑麻色,ALL,AMAZON,D,T4B,1.1786,0.5657,36.54,17.54,77,2.4839,-1.9182,0.7723,f,6 个月 · 全平台 · 全量 SKU · 2026-07-09
DJ505329_3,US ER DK-TM01 双侧储物行政电脑桌 一件两箱 颜色->#3 灰色（复古灰7201）+黑麻色,ALL,UNKNOWN,D,T4B,0.1571,0.0754,4.87,2.34,21,0.6774,-0.6020,0.8887,f,6 个月 · 全平台 · 全量 SKU · 2026-07-09
DJ505329_4,US ER DK-TM01 双侧储物行政电脑桌 一件两箱 颜色->#4 大理石色+黑麻,ALL,AMAZON,D,T4B,0.4929,0.2366,15.28,7.33,35,1.1290,-0.8924,0.7904,f,6 个月 · 全平台 · 全量 SKU · 2026-07-09
DJ505329_4,US ER DK-TM01 双侧储物行政电脑桌 一件两箱 颜色->#4 大理石色+黑麻,ALL,UNKNOWN,D,T4B,0.1071,0.0514,3.32,1.59,17,0.5484,-0.4970,0.9063,f,6 个月 · 全平台 · 全量 SKU · 2026-07-09
DJ505330_1,EU DC CBQ-05 客卧气动款青少年床90*190 灰色 一件两箱,ALL,AMAZON,C,T4B,0.6269,0.3370,19.43,10.45,16,0.5161,-0.1791,0.3471,f,6 个月 · 全平台 · 全量 SKU · 2026-07-09
DJ505330_1,EU DC CBQ-05 客卧气动款青少年床90*190 灰色 一件两箱,ALL,UNKNOWN,C,T4B,0.2071,0.0994,6.42,3.08,1,0.0323,0.0671,2.0814,f,6 个月 · 全平台 · 全量 SKU · 2026-07-09
DJ505331_1,EU DC CBQ-05 客卧气动款青少年床90*190 白色 一件两箱,ALL,AMAZON,C,T4B,0.4209,0.2263,13.05,7.02,50,1.6129,-1.3866,0.8597,f,6 个月 · 全平台 · 全量 SKU · 2026-07-09
DJ505331_2,EU DC CBQ-05 客卧气动款青少年床90*200 白色 一件两箱,ALL,AMAZON,C,T4B,0.9769,0.5252,30.28,16.28,6,0.1935,0.3317,1.7135,f,6 个月 · 全平台 · 全量 SKU · 2026-07-09
DJ505334_3,"US BF VD22 书桌 造型款灯带镜子双十字造型玻璃门+灯带 一件两箱 颜色->#4,原木色",ALL,UNKNOWN,C,T4B,0.2852,0.1533,8.84,4.75,16,0.5161,-0.3628,0.7030,f,6 个月 · 全平台 · 全量 SKU · 2026-07-09
DJ505335_2,US YW03F 4抽双F上下铺含插排灯带床头挂袋 一件两箱 颜色->白色,ALL,AMAZON,D,T4B,1.2736,0.5196,39.48,16.11,20,0.6452,-0.1256,0.1946,f,6 个月 · 全平台 · 全量 SKU · 2026-07-09
DJ505337_1,US VD 板式床 乡村风掀盖米字拼框 6抽 F款 一件两箱 颜色->白色,ALL,AMAZON,C,T4B,1.3912,0.7078,43.13,21.94,69,2.2258,-1.5180,0.6820,f,6 个月 · 全平台 · 全量 SKU · 2026-07-09
DJ505337_1,US VD 板式床 乡村风掀盖米字拼框 6抽 F款 一件两箱 颜色->白色,ALL,UNKNOWN,C,T4B,0.5396,0.2745,16.73,8.51,25,0.8065,-0.5320,0.6596,f,6 个月 · 全平台 · 全量 SKU · 2026-07-09
DJ505337_1_WF,US VD 板式床 乡村风掀盖米字拼框 6抽 F款 一件两箱 颜色->白色,ALL,UNKNOWN,D,T4B,0.1571,0.0754,4.87,2.34,26,0.8387,-0.7633,0.9101,f,6 个月 · 全平台 · 全量 SKU · 2026-07-09
DJ505337_2,US VD 板式床 乡村风掀盖米字拼框 6抽 F款 一件两箱 颜色->棕色,ALL,AMAZON,C,T4B,0.4934,0.2510,15.30,7.78,51,1.6452,-1.3942,0.8474,f,6 个月 · 全平台 · 全量 SKU · 2026-07-09
DJ505338_1,US VD 板式床 乡村风掀盖米字拼框 6抽 Q款 一件两箱 颜色->白色,ALL,AMAZON,B,T4B,1.6027,0.8155,49.68,25.28,156,5.0323,-4.2168,0.8379,f,6 个月 · 全平台 · 全量 SKU · 2026-07-09
DJ505338_1,US VD 板式床 乡村风掀盖米字拼框 6抽 Q款 一件两箱 颜色->白色,ALL,UNKNOWN,B,T4B,0.5060,0.2575,15.69,7.98,4,0.1290,0.1285,0.9956,f,6 个月 · 全平台 · 全量 SKU · 2026-07-09
DJ505338_2,US VD 板式床 乡村风掀盖米字拼框 6抽 Q款 一件两箱 颜色->棕色,ALL,AMAZON,C,T4B,0.6379,0.3246,19.77,10.06,70,2.2581,-1.9335,0.8562,f,6 个月 · 全平台 · 全量 SKU · 2026-07-09
DJ505338_2,US VD 板式床 乡村风掀盖米字拼框 6抽 Q款 一件两箱 颜色->棕色,ALL,UNKNOWN,C,T4B,0.2181,0.1110,6.76,3.44,23,0.7419,-0.6309,0.8504,f,6 个月 · 全平台 · 全量 SKU · 2026-07-09
DJ505339_1,US VD JYH205 泰迪绒软包4抽床 弧形掀盖靠背 双灯带 F 一件两箱 颜色->米白,ALL,AMAZON,C,T4B,0.6571,0.3154,20.37,9.78,16,0.5161,-0.2007,0.3889,f,6 个月 · 全平台 · 全量 SKU · 2026-07-09
DJ505339_1,US VD JYH205 泰迪绒软包4抽床 弧形掀盖靠背 双灯带 F 一件两箱 颜色->米白,ALL,UNKNOWN,C,T4B,0.6308,0.3209,19.55,9.95,25,0.8065,-0.4856,0.6021,f,6 个月 · 全平台 · 全量 SKU · 2026-07-09
DJ505340_1,US VD JYH205 泰迪绒软包4抽床 弧形掀盖靠背 双灯带 Q 一件两箱 颜色->米白,ALL,AMAZON,C,T4B,0.7813,0.3750,24.22,11.63,24,0.7742,-0.3992,0.5156,f,6 个月 · 全平台 · 全量 SKU · 2026-07-09
DJ505341_1,US VD JYH205 PU软包4抽床 弧形掀盖靠背 双灯带 F 一件两箱 颜色->黑色,ALL,AMAZON,B,T4B,1.0544,0.5061,32.69,15.69,41,1.3226,-0.8165,0.6173,f,6 个月 · 全平台 · 全量 SKU · 2026-07-09
DJ505341_1,US VD JYH205 PU软包4抽床 弧形掀盖靠背 双灯带 F 一件两箱 颜色->黑色,ALL,UNKNOWN,B,T4B,2.5401,1.2193,78.74,37.80,3,0.0968,1.1225,11.5994,f,6 个月 · 全平台 · 全量 SKU · 2026-07-09
DJ505341_2,US VD JYH205 绒布软包4抽床 弧形掀盖靠背 双灯带 F 一件两箱 颜色->粉色,ALL,AMAZON,C,T4B,0.2286,0.1097,7.09,3.40,23,0.7419,-0.6322,0.8521,f,6 个月 · 全平台 · 全量 SKU · 2026-07-09
DJ505341_2,US VD JYH205 绒布软包4抽床 弧形掀盖靠背 双灯带 F 一件两箱 颜色->粉色,ALL,UNKNOWN,C,T4B,0.0929,0.0446,2.88,1.38,20,0.6452,-0.6006,0.9309,f,6 个月 · 全平台 · 全量 SKU · 2026-07-09
DJ505342_1,US VD JYH205 PU软包4抽床 弧形掀盖靠背 双灯带 Q 一件两箱 颜色->黑色,ALL,AMAZON,C,T4B,1.5582,0.7480,48.30,23.19,54,1.7419,-0.9939,0.5706,f,6 个月 · 全平台 · 全量 SKU · 2026-07-09
DJ505342_2,US VD JYH205 绒布软包4抽床 弧形掀盖靠背 双灯带 Q 一件两箱 颜色->粉色,ALL,AMAZON,C,T4B,0.4857,0.2331,15.06,7.23,41,1.3226,-1.0895,0.8238,f,6 个月 · 全平台 · 全量 SKU · 2026-07-09
DJ505344_1,US VD 高架床 L形桌 书架 5布抽 布袋 铁网格 挂衣杆 F 一件两箱 颜色->白色,ALL,UNKNOWN,C,T4B,0.8670,0.3537,26.88,10.96,86,2.7742,-2.4205,0.8725,f,6 个月 · 全平台 · 全量 SKU · 2026-07-09
DJ505344_2,US VD 高架床 L形桌 书架 5布抽 布袋 铁网格 挂衣杆 F 一件两箱 颜色->黑色,ALL,UNKNOWN,C,T4B,1.0478,0.5029,32.48,15.59,88,2.8387,-2.3358,0.8228,f,6 个月 · 全平台 · 全量 SKU · 2026-07-09
DJ505345_1,EU VD 角落气杆软包床 2层置物 欧标床垫0.9*2m 一件两箱 颜色->深灰色,ALL,AMAZON,C,T4B,0.7214,0.3463,22.36,10.74,57,1.8387,-1.4924,0.8117,f,6 个月 · 全平台 · 全量 SKU · 2026-07-09
DJ505345_1,EU VD 角落气杆软包床 2层置物 欧标床垫0.9*2m 一件两箱 颜色->深灰色,ALL,UNKNOWN,C,T4B,0.1429,0.0686,4.43,2.13,21,0.6774,-0.6088,0.8987,f,6 个月 · 全平台 · 全量 SKU · 2026-07-09
DJ505345_2,EU VD 角落气杆软包床 2层置物 欧标床垫0.9*2m 一件两箱 颜色->米白,ALL,AMAZON,C,T4B,0.2286,0.1097,7.09,3.40,50,1.6129,-1.5032,0.9320,f,6 个月 · 全平台 · 全量 SKU · 2026-07-09
DJ505345_2,EU VD 角落气杆软包床 2层置物 欧标床垫0.9*2m 一件两箱 颜色->米白,ALL,UNKNOWN,C,T4B,0.1071,0.0514,3.32,1.59,14,0.4516,-0.4002,0.8862,f,6 个月 · 全平台 · 全量 SKU · 2026-07-09
DJ505347_3,US 1.1变1.5米圆形带层架餐桌椅套装 一件一箱 颜色->黑色,ALL,AMAZON,C,T4B,0.8319,0.4472,25.79,13.86,38,1.2258,-0.7786,0.6352,f,6 个月 · 全平台 · 全量 SKU · 2026-07-09
DJ505347_3,US 1.1变1.5米圆形带层架餐桌椅套装 一件一箱 颜色->黑色,ALL,TEMU,C,T4B,0.2736,0.1471,8.48,4.56,0,0.0000,0.1471,,f,6 个月 · 全平台 · 全量 SKU · 2026-07-09
DJ505347_3,US 1.1变1.5米圆形带层架餐桌椅套装 一件一箱 颜色->黑色,ALL,UNKNOWN,C,T4B,0.3286,0.1577,10.19,4.89,13,0.4194,-0.2617,0.6239,f,6 个月 · 全平台 · 全量 SKU · 2026-07-09
DJ505349_1,UK BW铁木软包床LIWS-01  HQ 灰色+火烧色 一件一箱 90*190,ALL,AMAZON,C,T4B,2.3143,1.2442,71.74,38.57,85,2.7419,-1.4977,0.5462,f,6 个月 · 全平台 · 全量 SKU · 2026-07-09
DJ505349_2,UK BW铁木软包床LIWS-01  HQ 灰色+火烧色 一件一箱 135*190,ALL,AMAZON,C,T4B,1.6313,0.8770,50.57,27.19,133,4.2903,-3.4133,0.7956,f,6 个月 · 全平台 · 全量 SKU · 2026-07-09
DJ505349_3,UK BW铁木软包床LIWS-01  HQ 灰色+火烧色 一件一箱 150*200,ALL,AMAZON,C,T4B,0.8720,0.4688,27.03,14.53,96,3.0968,-2.6280,0.8486,f,6 个月 · 全平台 · 全量 SKU · 2026-07-09
DJ505349_4,UK BW铁木软包床LIWS-01  HQ 灰色+火烧色 一件一箱 120*190,ALL,AMAZON,C,T4B,1.5593,0.8383,48.34,25.99,119,3.8387,-3.0004,0.7816,f,6 个月 · 全平台 · 全量 SKU · 2026-07-09
DJ505350_2,UK BW铁木软包床LIWS-01  HQ 白色+原木色 一件一箱 135*190,ALL,AMAZON,C,T4B,1.1780,0.6333,36.52,19.63,3,0.0968,0.5365,5.5441,f,6 个月 · 全平台 · 全量 SKU · 2026-07-09
DJ505350_3,UK BW铁木软包床LIWS-01  HQ 白色+原木色 一件一箱 150*200,ALL,AMAZON,C,T4B,0.5577,0.2998,17.29,9.29,84,2.7097,-2.4099,0.8894,f,6 个月 · 全平台 · 全量 SKU · 2026-07-09
DJ505351_3,UK BW铁木软包床LIWS-01  HQ 黑色PU+黑色 一件一箱 150*200,ALL,AMAZON,C,T4B,1.0692,0.5748,33.15,17.82,19,0.6129,-0.0381,0.0622,f,6 个月 · 全平台 · 全量 SKU · 2026-07-09
DJ505352_1,"UK DC铁木床LIW-01  HQ 黑色+火烧色  一件一箱 ,90*190",ALL,AMAZON,C,T4B,1.9022,1.0226,58.97,31.70,151,4.8710,-3.8484,0.7901,f,6 个月 · 全平台 · 全量 SKU · 2026-07-09
DJ505352_2,"UK DC铁木床LIW-01  HQ 黑色+火烧色  一件一箱,135*190",ALL,AMAZON,C,T4A,2.4194,1.2573,75.00,38.98,26,0.8387,0.4186,0.4991,t,6 个月 · 全平台 · 全量 SKU · 2026-07-09
DJ505352_3,UK DC铁木床LIW-01  HQ 黑色+火烧色  一件一箱 150*200,ALL,AMAZON,C,T4B,1.4505,0.7798,44.97,24.17,111,3.5806,-2.8008,0.7822,f,6 个月 · 全平台 · 全量 SKU · 2026-07-09
DJ505353_2,"US HA 书桌 VT06 冰箱门转角波浪纹加高梳妆台玻璃柜+七彩流光灯+插座 一件两箱A/B 颜色->#2,白色麻面",ALL,AMAZON,C,T4B,0.6126,0.3294,18.99,10.21,0,0.0000,0.3294,,f,6 个月 · 全平台 · 全量 SKU · 2026-07-09
DJ505354_1,"US BF 储物柜 DT13 10抽复古回型抽面 一件两箱A/B 颜色->#1,黑顶+白麻面",ALL,UNKNOWN,C,T4B,1.1066,0.5312,34.30,16.47,47,1.5161,-0.9849,0.6496,f,6 个月 · 全平台 · 全量 SKU · 2026-07-09
DJ505355_1,EU BW 悬浮床BXF-Q01床头两层+灯带+插排HQ602灰色麻布+火烧色 一件一箱90*190,ALL,AMAZON,C,T4B,0.6401,0.3441,19.84,10.67,76,2.4516,-2.1075,0.8596,f,6 个月 · 全平台 · 全量 SKU · 2026-07-09
DJ505355_2,EU BW 悬浮床BXF-Q01床头两层+灯带+插排HQ602灰色麻布+火烧色 一件一箱90*200,ALL,AMAZON,C,T4B,0.7258,0.3902,22.50,12.10,53,1.7097,-1.3195,0.7718,f,6 个月 · 全平台 · 全量 SKU · 2026-07-09
DJ505356_1,EU BW 悬浮床BXF-Q01床头两层+灯带+插排HQ602白色麻布+原木色 一件一箱90*190,ALL,AMAZON,C,T4B,0.4830,0.2596,14.97,8.05,60,1.9355,-1.6759,0.8659,f,6 个月 · 全平台 · 全量 SKU · 2026-07-09
DJ505356_2,EU BW 悬浮床BXF-Q01床头两层+灯带+插排HQ602白色麻布+原木色 一件一箱90*200,ALL,AMAZON,C,T4B,0.3181,0.1710,9.86,5.30,23,0.7419,-0.5709,0.7695,f,6 个月 · 全平台 · 全量 SKU · 2026-07-09
DJ505357_2,"US HA BT01 模块化竖条纹对开门餐边柜不超22kg 一件一箱 颜色->#2,黑色浮雕",ALL,AMAZON,C,T4B,0.5896,0.2830,18.28,8.77,26,0.8387,-0.5557,0.6626,f,6 个月 · 全平台 · 全量 SKU · 2026-07-09
DJ505358_1,EU FR镜柜 大小门弧角双灯带80*60cm 欧标2AC+1U1T 一件一箱 颜色->白色,ALL,AMAZON,C,T4B,1.3681,0.7355,42.41,22.80,74,2.3871,-1.6516,0.6919,f,6 个月 · 全平台 · 全量 SKU · 2026-07-09
DJ505359_1,EU FR镜柜 大小门单灯带无挂篮80*60cm 欧标2AC+1U1T 一件一箱 颜色->白色,ALL,AMAZON,C,T4B,0.4808,0.2585,14.90,8.01,254,8.1935,-7.9350,0.9685,f,6 个月 · 全平台 · 全量 SKU · 2026-07-09
DJ505360_1,EU FR镜柜 大小门单灯带 1层开放格有挂篮80*70cm 欧标2AC+1U1T 一件一箱 颜色->白色,ALL,AMAZON,C,T4B,0.8665,0.4658,26.86,14.44,74,2.3871,-1.9213,0.8049,f,6 个月 · 全平台 · 全量 SKU · 2026-07-09
DJ505361_1,EU FR浴室窄高柜 板式 一抽+纸巾架 铣槽包覆柜门一件一箱 颜色->白色,ALL,AMAZON,C,T4B,1.6418,0.8826,50.90,27.36,69,2.2258,-1.3432,0.6035,f,6 个月 · 全平台 · 全量 SKU · 2026-07-09
DJ505362_1,EU FR浴室窄高柜 板式 两抽三格 铣槽包覆柜门 一件一箱 颜色->白色,ALL,AMAZON,C,T4B,1.7731,0.9532,54.97,29.55,60,1.9355,-0.9823,0.5075,f,6 个月 · 全平台 · 全量 SKU · 2026-07-09
DJ505364_1,EU FR板竹双开门水槽柜 一件一箱 颜色->白色,ALL,AMAZON,B,T4B,4.2484,2.2839,131.70,70.80,215,6.9355,-4.6516,0.6707,f,6 个月 · 全平台 · 全量 SKU · 2026-07-09
DJ505369_1,EU AG软包床 绒布四抽 1灯带 欧标3U+1T插排 1.6*2m 一件两箱 颜色->米白,ALL,AMAZON,C,T4B,0.5714,0.3072,17.71,9.52,35,1.1290,-0.8218,0.7279,f,6 个月 · 全平台 · 全量 SKU · 2026-07-09
DJ505370_3,UK DC气动床BQD-01 603 HQ 白色麻布+原木色一件两箱150*200,ALL,AMAZON,C,T4B,0.5995,0.3223,18.58,9.99,3,0.0968,0.2255,2.3304,f,6 个月 · 全平台 · 全量 SKU · 2026-07-09
DJ505371_1,US UA 大款(120cm)可拉伸镜面梳妆台 一件两箱 颜色->白色,ALL,UNKNOWN,C,T4B,0.2775,0.1492,8.60,4.63,15,0.4839,-0.3347,0.6917,f,6 个月 · 全平台 · 全量 SKU · 2026-07-09
DJ505376_1,EU VD 板式面盆柜 上下双抽 一件一箱 颜色->白色,ALL,AMAZON,C,T4B,1.0890,0.5855,33.76,18.15,84,2.7097,-2.1242,0.7839,f,6 个月 · 全平台 · 全量 SKU · 2026-07-09
DJ505377_1,EU VD 板式面盆柜 上下双抽 侧边置物层左右互换 一件一箱 颜色->白色,ALL,AMAZON,C,T4B,0.4626,0.2487,14.34,7.71,26,0.8387,-0.5900,0.7035,f,6 个月 · 全平台 · 全量 SKU · 2026-07-09
DJ505379_1,EU FR浴室宽高柜 拼框玻璃柜门含灯光 上下双开门 两格H180 一件一箱  颜色->白色,ALL,AMAZON,C,T4B,1.1143,0.5349,34.54,16.58,43,1.3871,-0.8522,0.6144,f,6 个月 · 全平台 · 全量 SKU · 2026-07-09
DJ505380_1,EU FR浴室高柜 拼框玻璃柜门含灯光 上下单开门 两格H190 一件一箱  颜色->白色,ALL,AMAZON,C,T4B,0.5071,0.2434,15.72,7.55,112,3.6129,-3.3695,0.9326,f,6 个月 · 全平台 · 全量 SKU · 2026-07-09
DJ505381_1,EU FR浴室高柜 拼框玻璃柜门含灯光 上下单开门 1格1抽H180 一件一箱 颜色->白色,ALL,AMAZON,C,T4B,0.2571,0.1234,7.97,3.83,57,1.8387,-1.7153,0.9329,f,6 个月 · 全平台 · 全量 SKU · 2026-07-09
DJ505382_1,EU FR浴室窄高柜 拼框玻璃柜门含灯光 上下单开门 三格H180 一件一箱 颜色->白色,ALL,AMAZON,C,T4B,0.1143,0.0549,3.54,1.70,180,5.8065,-5.7516,0.9905,f,6 个月 · 全平台 · 全量 SKU · 2026-07-09
DJ505384_1,"US GSI-922T 儿童双层床+书柜 99*190 一件一箱  颜色->#1,纯白",ALL,AMAZON,B,T4A,2.6970,1.2514,83.61,38.79,106,3.4194,-2.1680,0.6340,t,6 个月 · 全平台 · 全量 SKU · 2026-07-09
DJ505384_3,US GSI-922T 儿童双层床+书柜 99*190 一件一箱  颜色->粉色,ALL,AMAZON,B,T4B,0.8626,0.4141,26.74,12.84,72,2.3226,-1.9085,0.8217,f,6 个月 · 全平台 · 全量 SKU · 2026-07-09
DJ505385_2,"USHA DFS-DT48 凹槽抽面无把手12抽矮柜 160cm 一件两箱 颜色->#2,白色麻面",ALL,AMAZON,C,T4B,0.6720,0.2742,20.83,8.50,6,0.1935,0.0807,0.4167,f,6 个月 · 全平台 · 全量 SKU · 2026-07-09
DJ505393_1,"US UA CNT-CW01储物玄关桌180cm长 一件一箱 颜色->#1,原木色",ALL,TEMU,C,T4B,0.6714,0.3223,20.81,9.99,17,0.5484,-0.2261,0.4123,f,6 个月 · 全平台 · 全量 SKU · 2026-07-09
DJ505394_1,US DC 铁木床 CBF-10L 铁木角落床气动款- 150G T 一件一箱 颜色->黑色,ALL,AMAZON,C,T4A,2.7595,1.2804,85.54,39.69,103,3.3226,-2.0422,0.6146,t,6 个月 · 全平台 · 全量 SKU · 2026-07-09
DJ505394_2,US DC 铁木床 CBF-10L 铁木角落床气动款- 150G T 一件一箱 颜色->白色,ALL,AMAZON,C,T4B,0.8615,0.4384,26.71,13.59,24,0.7742,-0.3358,0.4337,f,6 个月 · 全平台 · 全量 SKU · 2026-07-09
DJ505395_1,US DC 铁木床 CBF-10L 铁木角落床气动款- 150G F  一件两箱 颜色->黑色,ALL,AMAZON,C,T4B,1.8000,0.8640,55.80,26.78,58,1.8710,-1.0070,0.5382,f,6 个月 · 全平台 · 全量 SKU · 2026-07-09
DJ505395_2,US DC 铁木床 CBF-10L 铁木角落床气动款- 150G F  一件两箱 颜色->白色,ALL,AMAZON,C,T4B,0.4786,0.2435,14.84,7.55,13,0.4194,-0.1759,0.4193,f,6 个月 · 全平台 · 全量 SKU · 2026-07-09
DJ505397_1,EU DC 铁木床 CBF-11L 方管铁木角落床带抽篮-138G 黑 90×190 一件两箱,ALL,AMAZON,C,T4B,0.7418,0.3988,23.00,12.36,34,1.0968,-0.6980,0.6364,f,6 个月 · 全平台 · 全量 SKU · 2026-07-09
DJ505397_2,EU DC 铁木床 CBF-11L 方管铁木角落床带抽篮-138G 黑 90×200 一件两箱,ALL,AMAZON,C,T4B,0.8725,0.4691,27.05,14.54,1,0.0323,0.4368,13.5421,f,6 个月 · 全平台 · 全量 SKU · 2026-07-09
DJ505398_2,US DC 高架床 TPB-02  AF 9抽 F+2T尺寸 三人床 一件两箱 颜色->白色,ALL,AMAZON,C,T4B,0.8758,0.4708,27.15,14.59,0,0.0000,0.4708,,f,6 个月 · 全平台 · 全量 SKU · 2026-07-09
DJ505399_1,"US AG 双柜门翻盖板式床 侧边4抽 铝槽灯带+排插 F款 一件两箱 尺码->#10,橡木色",ALL,AMAZON,C,T4B,0.5714,0.3072,17.71,9.52,25,0.8065,-0.4993,0.6191,f,6 个月 · 全平台 · 全量 SKU · 2026-07-09
DJ505399_2,US AG 双柜门翻盖板式床 侧边4抽 铝槽灯带+排插 F款 一件两箱 颜色->白色,ALL,AMAZON,C,T4B,0.5764,0.2767,17.87,8.58,31,1.0000,-0.7233,0.7233,f,6 个月 · 全平台 · 全量 SKU · 2026-07-09
DJ505399_2,US AG 双柜门翻盖板式床 侧边4抽 铝槽灯带+排插 F款 一件两箱 颜色->白色,ALL,UNKNOWN,C,T4B,0.3692,0.1506,11.45,4.67,8,0.2581,-0.1075,0.4164,f,6 个月 · 全平台 · 全量 SKU · 2026-07-09
DJ505400_1,"US AG 双柜门翻盖板式床 侧边4抽 铝槽灯带+排插 Q款 一件两箱 尺码->#10,橡木色",ALL,AMAZON,C,T4B,0.8198,0.3345,25.41,10.37,10,0.3226,0.0119,0.0370,f,6 个月 · 全平台 · 全量 SKU · 2026-07-09
DJ505400_1,"US AG 双柜门翻盖板式床 侧边4抽 铝槽灯带+排插 Q款 一件两箱 尺码->#10,橡木色",ALL,UNKNOWN,C,T4B,0.2731,0.1389,8.47,4.31,2,0.0645,0.0744,1.1529,f,6 个月 · 全平台 · 全量 SKU · 2026-07-09
DJ505400_2,US AG 双柜门翻盖板式床 侧边4抽 铝槽灯带+排插 Q款 一件两箱 颜色->白色,ALL,AMAZON,C,T4B,0.7011,0.3365,21.73,10.43,30,0.9677,-0.6312,0.6523,f,6 个月 · 全平台 · 全量 SKU · 2026-07-09
DJ505405_1,"US UA DK-NS01 农舍风灯柜板式电脑桌 一件两箱 颜色->#1,白色+胡桃色",ALL,AMAZON,C,T4B,1.0846,0.5519,33.62,17.11,72,2.3226,-1.7707,0.7624,f,6 个月 · 全平台 · 全量 SKU · 2026-07-09
DJ505405_1,"US UA DK-NS01 农舍风灯柜板式电脑桌 一件两箱 颜色->#1,白色+胡桃色",ALL,UNKNOWN,C,T4B,0.8247,0.3959,25.57,12.27,27,0.8710,-0.4751,0.5454,f,6 个月 · 全平台 · 全量 SKU · 2026-07-09
DJ505405_2,"US UA DK-NS01 农舍风灯柜板式电脑桌 一件两箱 颜色->#2,棕色",ALL,AMAZON,C,T4B,0.7978,0.4059,24.73,12.58,26,0.8387,-0.4328,0.5160,f,6 个月 · 全平台 · 全量 SKU · 2026-07-09
DJ505405_2,"US UA DK-NS01 农舍风灯柜板式电脑桌 一件两箱 颜色->#2,棕色",ALL,UNKNOWN,C,T4B,0.3489,0.1675,10.82,5.19,14,0.4516,-0.2841,0.6291,f,6 个月 · 全平台 · 全量 SKU · 2026-07-09
DJ505406_1,US BJS-102T带帐蓬屋顶双层床含灯带99*190 一件一箱  颜色粉铁+粉色布,ALL,AMAZON,B,T4A,1.7983,0.8344,55.75,25.87,99,3.1935,-2.3591,0.7387,t,6 个月 · 全平台 · 全量 SKU · 2026-07-09
DJ505406_2,US BJS-102T带帐蓬屋顶双层床含灯带99*190 一件一箱  颜色白铁+米色布,ALL,TIKTOK,B,T4B,0.1093,0.0588,3.39,1.82,9,0.2903,-0.2315,0.7975,f,6 个月 · 全平台 · 全量 SKU · 2026-07-09
DJ505406_3,US BJS-102T带帐蓬屋顶双层床含灯带99*190 一件一箱  颜色黑铁+蓝色布,ALL,AMAZON,C,T4B,0.2714,0.1303,8.41,4.04,15,0.4839,-0.3536,0.7307,f,6 个月 · 全平台 · 全量 SKU · 2026-07-09
DJ505408_1,"EU KM BF-TCC01 板式-侧4抽双灯带 两箱包 尺码->L,140*190;颜色->白色,白色+原木色",ALL,AMAZON,C,T4B,0.5489,0.2951,17.02,9.15,18,0.5806,-0.2855,0.4918,f,6 个月 · 全平台 · 全量 SKU · 2026-07-09
DJ505408_3,"EU KM BF-TCC01 板式-侧4抽双灯带 两箱包 尺码->XXL,160*200;颜色->白色,白色+原木色",ALL,AMAZON,C,T4B,0.5297,0.2848,16.42,8.83,63,2.0323,-1.7475,0.8599,f,6 个月 · 全平台 · 全量 SKU · 2026-07-09
DJ505411_2,US SSR JYCS-01 5抽挂衣杆衣柜 带感应射灯 一件两箱 颜色->白色,ALL,AMAZON,D,T4B,0.5286,0.2537,16.39,7.86,15,0.4839,-0.2302,0.4757,f,6 个月 · 全平台 · 全量 SKU · 2026-07-09
DJ505412_2,US SSR JYCS-02 3抽+2浅抽6宫格+4开放空格衣柜 一件两箱 颜色->白色,ALL,AMAZON,D,T4B,0.4000,0.1920,12.40,5.95,46,1.4839,-1.2919,0.8706,f,6 个月 · 全平台 · 全量 SKU · 2026-07-09
DJ505413_2,US SSR JYCS-03 2×4 8抽挂衣杆衣柜 折叠穿衣镜 带感应射灯 一件两箱 颜色->白色,ALL,AMAZON,D,T4B,0.5066,0.2578,15.70,7.99,10,0.3226,-0.0648,0.2008,f,6 个月 · 全平台 · 全量 SKU · 2026-07-09
DJ505418_1,"US AG 乡村风板式翻盖气撑床架 F 一件两箱 尺码->#1,仿古白色",ALL,AMAZON,C,T4B,0.4945,0.2018,15.33,6.26,42,1.3548,-1.1530,0.8511,f,6 个月 · 全平台 · 全量 SKU · 2026-07-09
DJ505418_2,"US AG 乡村风板式翻盖气撑床架 F 一件两箱 尺码->#2,胡桃木色",ALL,AMAZON,D,T4B,0.3758,0.1804,11.65,5.59,22,0.7097,-0.5293,0.7458,f,6 个月 · 全平台 · 全量 SKU · 2026-07-09
DJ505419_1,"US AG 乡村风板式翻盖气撑床架 Q 一件两箱 尺码->#1,仿古白色",ALL,AMAZON,C,T4B,1.3335,0.6785,41.34,21.03,65,2.0968,-1.4183,0.6764,f,6 个月 · 全平台 · 全量 SKU · 2026-07-09
DJ505419_2,"US AG 乡村风板式翻盖气撑床架 Q 一件两箱 尺码->#2,胡桃木色",ALL,AMAZON,C,T4B,0.7505,0.4035,23.27,12.51,43,1.3871,-0.9836,0.7091,f,6 个月 · 全平台 · 全量 SKU · 2026-07-09
DJ505423_2,"US AG 柔光灯箱板式抽屉床 Q 一件两箱 尺码->#2,浅榨木色",ALL,AMAZON,C,T4B,0.9335,0.4481,28.94,13.89,55,1.7742,-1.3261,0.7474,f,6 个月 · 全平台 · 全量 SKU · 2026-07-09
DJ505424_1,US SD 美式乡村竖条纹4抽文件柜 一件一箱 颜色->棕色,ALL,AMAZON,C,T4B,0.8214,0.3943,25.46,12.22,40,1.2903,-0.8960,0.6944,f,6 个月 · 全平台 · 全量 SKU · 2026-07-09
DJ505424_2,US SD 美式乡村竖条纹4抽文件柜 一件一箱 颜色->棕+白,ALL,AMAZON,C,T4B,0.7643,0.3669,23.69,11.37,42,1.3548,-0.9879,0.7292,f,6 个月 · 全平台 · 全量 SKU · 2026-07-09
DJ505425_1,US DC 板式床 BFX-03软包开合储物床下四抽屉-282 Q 黑麻面 一件两箱,ALL,AMAZON,C,T4B,0.3357,0.1611,10.41,4.99,21,0.6774,-0.5163,0.7622,f,6 个月 · 全平台 · 全量 SKU · 2026-07-09
DJ505425_2,US DC 板式床 BFX-03软包开合储物床下四抽屉-282 K 黑麻面 一件两箱,ALL,AMAZON,C,T4B,0.7643,0.3669,23.69,11.37,49,1.5806,-1.2137,0.7679,f,6 个月 · 全平台 · 全量 SKU · 2026-07-09
DJ505426_1,EU AG灯芯绒床 围环绕灯带 0.9*2m气杆床 2AC+1U1T插孔 一件两箱 颜色->米白,ALL,AMAZON,C,T4B,0.5357,0.2571,16.61,7.97,72,2.3226,-2.0655,0.8893,f,6 个月 · 全平台 · 全量 SKU · 2026-07-09
DJ505426_2,EU AG灯芯绒床 围环绕灯带 0.9*2m气杆床 2AC+1U1T插孔 一件两箱 颜色->深灰色,ALL,AMAZON,C,T4B,0.6071,0.2914,18.82,9.03,27,0.8710,-0.5796,0.6654,f,6 个月 · 全平台 · 全量 SKU · 2026-07-09
DJ505427_1,EU DC 软包双灯款气动床BQQ-02 ZY 93款  灰色 一件两箱 90*200,ALL,AMAZON,C,T4B,0.2714,0.1303,8.41,4.04,42,1.3548,-1.2245,0.9038,f,6 个月 · 全平台 · 全量 SKU · 2026-07-09
DJ505427_2,EU DC 软包双灯款气动床BQQ-02 ZY 93款  灰色 一件两箱 140*190,ALL,AMAZON,C,T4B,0.4143,0.1989,12.84,6.17,73,2.3548,-2.1559,0.9155,f,6 个月 · 全平台 · 全量 SKU · 2026-07-09
DJ505427_3,EU DC 软包双灯款气动床BQQ-02 ZY 93款  灰色 一件两箱 140*200,ALL,AMAZON,C,T4B,0.7071,0.3394,21.92,10.52,61,1.9677,-1.6283,0.8275,f,6 个月 · 全平台 · 全量 SKU · 2026-07-09
DJ505427_4,EU DC 软包双灯款气动床BQQ-02 ZY 93款  灰色 一件两箱 160*200,ALL,AMAZON,C,T4B,0.8214,0.3943,25.46,12.22,18,0.5806,-0.1863,0.3209,f,6 个月 · 全平台 · 全量 SKU · 2026-07-09
DJ505427_6,EU DC 软包双灯款气动床BQQ-02 ZY 93款  灰色 一件两箱 90*190,ALL,AMAZON,C,T4B,0.7071,0.3394,21.92,10.52,18,0.5806,-0.2412,0.4155,f,6 个月 · 全平台 · 全量 SKU · 2026-07-09
DJ505428_1,EU BW 软包折叠储物气动床BQQ-03 ZY 95款 灰色 一件两箱 90*200,ALL,AMAZON,C,T4B,0.3143,0.1509,9.74,4.68,40,1.2903,-1.1394,0.8831,f,6 个月 · 全平台 · 全量 SKU · 2026-07-09
DJ505428_2,EU BW 软包折叠储物气动床BQQ-03 ZY 95款 灰色 一件两箱140*190,ALL,AMAZON,C,T4B,0.2429,0.1166,7.53,3.61,32,1.0323,-0.9157,0.8870,f,6 个月 · 全平台 · 全量 SKU · 2026-07-09
DJ505428_3,EU BW 软包折叠储物气动床BQQ-03 ZY 95款 灰色 一件两箱140*200,ALL,AMAZON,C,T4B,0.1643,0.0789,5.09,2.45,36,1.1613,-1.0824,0.9321,f,6 个月 · 全平台 · 全量 SKU · 2026-07-09
DJ505428_4,EU BW 软包折叠储物气动床BQQ-03 ZY 95款 灰色 一件两箱160*200,ALL,AMAZON,C,T4B,0.3714,0.1783,11.51,5.53,60,1.9355,-1.7572,0.9079,f,6 个月 · 全平台 · 全量 SKU · 2026-07-09
DJ505428_5,EU BW 软包折叠储物气动床BQQ-03 ZY 95款 灰色 一件两箱180*200,ALL,AMAZON,C,T4B,0.7857,0.3771,24.36,11.69,3,0.0968,0.2803,2.8967,f,6 个月 · 全平台 · 全量 SKU · 2026-07-09
DJ505428_6,"EU BW 软包折叠储物气动床BQQ-03 ZY 95款 灰色 一件两箱,90*190",ALL,AMAZON,C,T4B,0.2214,0.1063,6.86,3.30,46,1.4839,-1.3776,0.9284,f,6 个月 · 全平台 · 全量 SKU · 2026-07-09
DJ505429_1,US RL- 923T 树屋地板床+绘本架 一件一箱 99*190 颜色->白色,ALL,AMAZON,C,T4B,0.6890,0.3307,21.36,10.25,24,0.7742,-0.4435,0.5728,f,6 个月 · 全平台 · 全量 SKU · 2026-07-09
DJ505429_3,US RL- 923T 树屋地板床+绘本架 一件一箱 99*190 颜色->黑色,ALL,AMAZON,C,T4B,0.1786,0.0857,5.54,2.66,27,0.8710,-0.7853,0.9016,f,6 个月 · 全平台 · 全量 SKU · 2026-07-09
DJ505429_4,US RL- 923T 树屋地板床+绘本架 一件一箱 99*190 颜色->浅蓝色,ALL,AMAZON,C,T4B,0.1571,0.0754,4.87,2.34,24,0.7742,-0.6988,0.9026,f,6 个月 · 全平台 · 全量 SKU · 2026-07-09
DJ505430_1,US RL- 923F 树屋地板床+绘本架 一件一箱 137*190 颜色->粉色,ALL,AMAZON,C,T4B,1.3951,0.7098,43.25,22.00,59,1.9032,-1.1934,0.6271,f,6 个月 · 全平台 · 全量 SKU · 2026-07-09
DJ505430_3,US RL- 923F 树屋地板床+绘本架 一件一箱 137*190 颜色->黑色,ALL,AMAZON,C,T4B,0.2500,0.1200,7.75,3.72,46,1.4839,-1.3639,0.9191,f,6 个月 · 全平台 · 全量 SKU · 2026-07-09
DJ505430_4,US RL- 923F 树屋地板床+绘本架 一件一箱 137*190 颜色->浅蓝色,ALL,AMAZON,C,T4B,0.2000,0.0960,6.20,2.98,16,0.5161,-0.4201,0.8140,f,6 个月 · 全平台 · 全量 SKU · 2026-07-09
DJ505432_1,US SD 1.7米美式乡村竖条纹L桌 一件两箱   颜色->棕+白,ALL,AMAZON,C,T4B,1.0918,0.5869,33.85,18.19,46,1.4839,-0.8970,0.6045,f,6 个月 · 全平台 · 全量 SKU · 2026-07-09
DJ505432_3,US SD 1.7米美式乡村竖条纹L桌 一件两箱   颜色->黑色,ALL,AMAZON,C,T4B,1.0989,0.5908,34.07,18.31,1,0.0323,0.5585,17.3148,f,6 个月 · 全平台 · 全量 SKU · 2026-07-09
DJ505435_1,US SD 190cm两门高桌 一件一箱  颜色->黑麻,ALL,AMAZON,C,T4B,1.7000,0.8160,52.70,25.30,101,3.2581,-2.4421,0.7495,f,6 个月 · 全平台 · 全量 SKU · 2026-07-09
DJ505435_1,US SD 190cm两门高桌 一件一箱  颜色->黑麻,ALL,UNKNOWN,C,T4B,0.5863,0.3152,18.18,9.77,11,0.3548,-0.0396,0.1117,f,6 个月 · 全平台 · 全量 SKU · 2026-07-09
DJ505435_2,US SD 190cm两门高桌 一件一箱  颜色->白麻,ALL,AMAZON,C,T4B,0.3940,0.2004,12.21,6.21,26,0.8387,-0.6383,0.7611,f,6 个月 · 全平台 · 全量 SKU · 2026-07-09
DJ505436_1,US SD 80cmL桌高桌 一件一箱  颜色->火烧云,ALL,AMAZON,C,T4B,0.7143,0.3429,22.14,10.63,57,1.8387,-1.4958,0.8135,f,6 个月 · 全平台 · 全量 SKU · 2026-07-09
DJ505436_2,US SD 80cmL桌高桌 一件一箱  颜色->黑麻,ALL,AMAZON,C,T4B,2.0286,0.9737,62.89,30.18,161,5.1935,-4.2198,0.8125,f,6 个月 · 全平台 · 全量 SKU · 2026-07-09
DJ505436_2,US SD 80cmL桌高桌 一件一箱  颜色->黑麻,ALL,TEMU,C,T4B,0.2286,0.1097,7.09,3.40,25,0.8065,-0.6968,0.8640,f,6 个月 · 全平台 · 全量 SKU · 2026-07-09
DJ505436_2,US SD 80cmL桌高桌 一件一箱  颜色->黑麻,ALL,UNKNOWN,C,T4B,0.3214,0.1543,9.96,4.78,20,0.6452,-0.4909,0.7608,f,6 个月 · 全平台 · 全量 SKU · 2026-07-09
DJ505436_3,US SD 80cmL桌高桌 一件一箱  颜色->白麻,ALL,AMAZON,C,T4B,0.4786,0.2297,14.84,7.12,58,1.8710,-1.6413,0.8772,f,6 个月 · 全平台 · 全量 SKU · 2026-07-09
DJ505436_3,US SD 80cmL桌高桌 一件一箱  颜色->白麻,ALL,TIKTOK,C,T4B,0.0929,0.0446,2.88,1.38,23,0.7419,-0.6973,0.9399,f,6 个月 · 全平台 · 全量 SKU · 2026-07-09
DJ505437_1,US DC 现代农舍 BFMH-01床下六抽屉 Q 黑色 一件两箱,ALL,AMAZON,C,T4B,0.0857,0.0411,2.66,1.27,34,1.0968,-1.0557,0.9625,f,6 个月 · 全平台 · 全量 SKU · 2026-07-09
DJ505437_1,US DC 现代农舍 BFMH-01床下六抽屉 Q 黑色 一件两箱,ALL,UNKNOWN,C,T4B,0.0929,0.0446,2.88,1.38,74,2.3871,-2.3425,0.9813,f,6 个月 · 全平台 · 全量 SKU · 2026-07-09
DJ505437_2,US DC 现代农舍 BFMH-01床下六抽屉 K 黑色 一件两箱,ALL,AMAZON,C,T4B,0.2786,0.1337,8.64,4.14,50,1.6129,-1.4792,0.9171,f,6 个月 · 全平台 · 全量 SKU · 2026-07-09
DJ505437_3,US DC 现代农舍 BFMH-01床下六抽屉 CK 黑色 一件两箱,ALL,AMAZON,C,T4B,0.5286,0.2537,16.39,7.86,94,3.0323,-2.7786,0.9163,f,6 个月 · 全平台 · 全量 SKU · 2026-07-09
DJ505438_1,US DC 现代农舍 BFMH-01床下六抽屉 Q 白色 一件两箱,ALL,AMAZON,C,T4B,0.1429,0.0686,4.43,2.13,38,1.2258,-1.1572,0.9440,f,6 个月 · 全平台 · 全量 SKU · 2026-07-09
DJ505438_2,US DC 现代农舍 BFMH-01床下六抽屉 K 白色 一件两箱,ALL,AMAZON,C,T4B,0.2643,0.1269,8.19,3.93,65,2.0968,-1.9699,0.9395,f,6 个月 · 全平台 · 全量 SKU · 2026-07-09
DJ505438_3,US DC 现代农舍 BFMH-01床下六抽屉 CK 白色 一件两箱,ALL,AMAZON,C,T4B,0.3643,0.1749,11.29,5.42,48,1.5484,-1.3735,0.8870,f,6 个月 · 全平台 · 全量 SKU · 2026-07-09
DJ505439_1,EU DC 铁木床 CBF-11L 方管铁木角落床带抽篮-138G 灰 90×190 一件两箱,ALL,AMAZON,B,T4B,1.6967,0.9121,52.60,28.28,59,1.9032,-0.9911,0.5208,f,6 个月 · 全平台 · 全量 SKU · 2026-07-09
DJ505439_2,EU DC 铁木床 CBF-11L 方管铁木角落床带抽篮-138G 灰 90×200 一件两箱,ALL,AMAZON,C,T4B,0.6786,0.3257,21.04,10.10,99,3.1935,-2.8678,0.8980,f,6 个月 · 全平台 · 全量 SKU · 2026-07-09
DJ505440_1,EU DC 铁木床 CBF-11L 方管铁木角落床带抽篮-138G 白 90×190 一件两箱,ALL,AMAZON,C,T4B,0.5286,0.2537,16.39,7.86,85,2.7419,-2.4882,0.9075,f,6 个月 · 全平台 · 全量 SKU · 2026-07-09
DJ505441_1,"US AG 升级款双柜门翻盖板式床 侧边4抽 铝槽灯带+排插 F款 一件两箱 尺码->#10,橡木色",ALL,AMAZON,C,T4B,0.4495,0.2416,13.93,7.49,7,0.2258,0.0158,0.0699,f,6 个月 · 全平台 · 全量 SKU · 2026-07-09
DJ505441_2,US AG 升级款双柜门翻盖板式床 侧边4抽 铝槽灯带+排插 F款 一件两箱 颜色->白色,ALL,AMAZON,C,T4B,0.7099,0.3816,22.01,11.83,23,0.7419,-0.3603,0.4857,f,6 个月 · 全平台 · 全量 SKU · 2026-07-09
DJ505443_1,US AG 3翻门板式四抽床 F款 一件两箱 颜色->白色,ALL,AMAZON,C,T4B,0.6451,0.3468,20.00,10.75,2,0.0645,0.2823,4.3754,f,6 个月 · 全平台 · 全量 SKU · 2026-07-09
DJ505443_2,US AG 3翻门板式四抽床 F款 一件两箱 颜色->灰色,ALL,AMAZON,C,T4B,0.4390,0.2360,13.61,7.32,9,0.2903,-0.0543,0.1871,f,6 个月 · 全平台 · 全量 SKU · 2026-07-09
DJ505445_2,"EU AG 软包沙发床 带挡板拖床棉麻 一件两箱 尺码->#2,米白色",ALL,AMAZON,C,T4B,0.6071,0.2914,18.82,9.03,0,0.0000,0.2914,,f,6 个月 · 全平台 · 全量 SKU · 2026-07-09
DJ505446_2,"US AG 斜百叶抽面板式抽屉床 加翻盖 F 一件两箱 尺码->#2,浅榨木色",ALL,AMAZON,C,T4B,0.4571,0.2194,14.17,6.80,58,1.8710,-1.6516,0.8827,f,6 个月 · 全平台 · 全量 SKU · 2026-07-09
DJ505447_2,"US AG 斜百叶抽面板式抽屉床 加翻盖 Q 一件两箱 尺码->#2,浅榨木色",ALL,AMAZON,C,T4B,0.6071,0.2914,18.82,9.03,31,1.0000,-0.7086,0.7086,f,6 个月 · 全平台 · 全量 SKU · 2026-07-09
DJ505450_4,"EU KM BF-CJ01 床头斜线绗缝 基础款软包床 单箱装 尺码->XL,140*200;颜色->灰色,亚麻-灰",ALL,AMAZON,C,T4B,0.2429,0.1166,7.53,3.61,26,0.8387,-0.7221,0.8610,f,6 个月 · 全平台 · 全量 SKU · 2026-07-09
DJ505450_6,"EU KM BF-CJ01 床头斜线绗缝 基础款软包床 单箱装 尺码->XXL,160*200;颜色->灰色,亚麻-灰",ALL,AMAZON,C,T4B,0.2429,0.1166,7.53,3.61,19,0.6129,-0.4963,0.8098,f,6 个月 · 全平台 · 全量 SKU · 2026-07-09
DJ505451_3,"UK KM BF-CJ01 床头斜线绗缝 基础款软包床 单包 尺码->L,135*190;颜色->白色,PU-白",ALL,AMAZON,C,T4B,0.6011,0.3232,18.63,10.02,28,0.9032,-0.5800,0.6422,f,6 个月 · 全平台 · 全量 SKU · 2026-07-09
DJ505454_2,"US UA DK-XZ07 分离式储物柜行政桌 一件两箱 颜色->#2,灰色+麻面黑（原4848）",ALL,AMAZON,C,T4B,1.4104,0.6770,43.72,20.99,48,1.5484,-0.8714,0.5628,f,6 个月 · 全平台 · 全量 SKU · 2026-07-09
DJ505458_3,US SD X1.4米6抽升降桌 一件一箱 颜色->原木色+白色PU,ALL,AMAZON,C,T4B,1.1313,0.4616,35.07,14.31,78,2.5161,-2.0545,0.8165,f,6 个月 · 全平台 · 全量 SKU · 2026-07-09
DJ505459_1,US 连拱谷仓门高文件柜 一件一箱 颜色->顶板棕+白,ALL,AMAZON,C,T4B,1.4901,0.7582,46.19,23.50,125,4.0323,-3.2741,0.8120,f,6 个月 · 全平台 · 全量 SKU · 2026-07-09
DJ505459_2,US 连拱谷仓门高文件柜 一件一箱 颜色->顶板棕+黑,ALL,AMAZON,C,T4B,1.4071,0.6754,43.62,20.94,129,4.1613,-3.4859,0.8377,f,6 个月 · 全平台 · 全量 SKU · 2026-07-09
DJ505459_3,US 连拱谷仓门高文件柜 一件一箱 颜色->象牙灰,ALL,AMAZON,C,T4B,1.1918,0.6407,36.95,19.86,56,1.8065,-1.1658,0.6453,f,6 个月 · 全平台 · 全量 SKU · 2026-07-09
DJ505461_2,US DC 高架床 LLB-02 YL 树屋款低阁楼床 T尺寸  一件两箱 颜色->白色,ALL,UNKNOWN,B,T4B,1.5577,0.8374,48.29,25.96,33,1.0645,-0.2271,0.2134,f,6 个月 · 全平台 · 全量 SKU · 2026-07-09
DJ505462_1,UK DC铁木软包床LIWS-01  HQ 灰色+火烧色 一件一箱 90*190,ALL,AMAZON,C,T4B,2.2374,1.2028,69.36,37.29,81,2.6129,-1.4101,0.5397,f,6 个月 · 全平台 · 全量 SKU · 2026-07-09
DJ505462_2,"UK DC铁木软包床LIWS-01  HQ 灰色+火烧色 一件一箱,135*190",ALL,AMAZON,C,T4B,1.2874,0.6921,39.91,21.46,107,3.4516,-2.7595,0.7995,f,6 个月 · 全平台 · 全量 SKU · 2026-07-09
DJ505462_3,"UK DC铁木软包床LIWS-01  HQ 灰色+火烧色 一件一箱 ,150*200",ALL,AMAZON,C,T4B,0.4637,0.2493,14.37,7.73,59,1.9032,-1.6539,0.8690,f,6 个月 · 全平台 · 全量 SKU · 2026-07-09
DJ505463_1,UK DC 悬浮床BXF-Q01 602 HQ 灰色麻布+火烧色 一件一箱90*190,ALL,AMAZON,C,T4B,1.0060,0.5408,31.19,16.76,80,2.5806,-2.0398,0.7904,f,6 个月 · 全平台 · 全量 SKU · 2026-07-09
DJ505463_2,UK DC 悬浮床BXF-Q01 602 HQ 白色麻布+原木色 一件一箱 90*190,ALL,AMAZON,C,T4B,0.7687,0.4132,23.83,12.81,54,1.7419,-1.3287,0.7628,f,6 个月 · 全平台 · 全量 SKU · 2026-07-09
DJ505464_1,"UK DC 悬浮床BXF-Q01 602 HQ 白色麻布+原木色 一件两箱135*190 尺码->S,135*190",ALL,AMAZON,C,T4B,0.8379,0.4505,25.97,13.97,37,1.1935,-0.7430,0.6226,f,6 个月 · 全平台 · 全量 SKU · 2026-07-09
DJ505464_2,"UK DC 悬浮床BXF-Q01 602 HQ 白色麻布+原木色 一件两箱135*190 尺码->M,150*200",ALL,AMAZON,C,T4B,0.4951,0.2661,15.35,8.25,22,0.7097,-0.4436,0.6250,f,6 个月 · 全平台 · 全量 SKU · 2026-07-09
DJ505465_2,US UA BK-GD02拱顶书柜宽60cm带灯 一件一箱 颜色->棕色G29024I,ALL,AMAZON,C,T4B,1.2374,0.6652,38.36,20.62,2,0.0645,0.6007,9.3106,f,6 个月 · 全平台 · 全量 SKU · 2026-07-09
DJ505465_2,US UA BK-GD02拱顶书柜宽60cm带灯 一件一箱 颜色->棕色G29024I,ALL,UNKNOWN,C,T4B,1.2571,0.6034,38.97,18.71,0,0.0000,0.6034,,f,6 个月 · 全平台 · 全量 SKU · 2026-07-09
DJ505466_1,US DC 软包床 BWR-01 ZY双侧护栏床尾带抽篮-2366 T 米色 一件一箱,ALL,AMAZON,C,T4A,2.2145,1.0275,68.65,31.85,86,2.7742,-1.7467,0.6296,t,6 个月 · 全平台 · 全量 SKU · 2026-07-09
DJ505466_2,US DC 软包床 BWR-01 ZY双侧护栏床尾带抽篮-2366 F 米色 一件一箱,ALL,AMAZON,C,T4B,0.9247,0.4439,28.67,13.76,47,1.5161,-1.0722,0.7072,f,6 个月 · 全平台 · 全量 SKU · 2026-07-09
DJ505466_2,US DC 软包床 BWR-01 ZY双侧护栏床尾带抽篮-2366 F 米色 一件一箱,ALL,UNKNOWN,C,T4B,0.1989,0.0955,6.17,2.96,6,0.1935,-0.0980,0.5066,f,6 个月 · 全平台 · 全量 SKU · 2026-07-09
DJ505467_1,US DC 软包床 BWR-01 ZY双侧护栏床尾带抽篮-2366 T 粉色 一件一箱,ALL,AMAZON,C,T4A,3.3814,1.6631,104.82,51.56,163,5.2581,-3.5950,0.6837,t,6 个月 · 全平台 · 全量 SKU · 2026-07-09
DJ505467_1,US DC 软包床 BWR-01 ZY双侧护栏床尾带抽篮-2366 T 粉色 一件一箱,ALL,WALMART,C,T4B,0.2236,0.1202,6.93,3.73,5,0.1613,-0.0411,0.2548,f,6 个月 · 全平台 · 全量 SKU · 2026-07-09
DJ505467_2,US DC 软包床 BWR-01 ZY双侧护栏床尾带抽篮-2366 F 粉色 一件一箱,ALL,AMAZON,C,T4B,1.5088,0.7242,46.77,22.45,81,2.6129,-1.8887,0.7228,f,6 个月 · 全平台 · 全量 SKU · 2026-07-09
DJ505468_1,US DC 矮高架床 LBB-07 BD164 适配成长 变形款储物双床+LED 双T 黑色 一件一箱,ALL,AMAZON,C,T4B,0.5786,0.2777,17.94,8.61,6,0.1935,0.0842,0.4348,f,6 个月 · 全平台 · 全量 SKU · 2026-07-09
DJ505468_2,US DC 矮高架床 LBB-07 BD164 适配成长 变形款储物双床+LED 双T 白色+粉抽 一件一箱,ALL,AMAZON,C,T4B,0.3000,0.1440,9.30,4.46,5,0.1613,-0.0173,0.1072,f,6 个月 · 全平台 · 全量 SKU · 2026-07-09
DJ505473_1,UK AG 铁木悬浮床 软包靠背 双层置物 USB插排 灯带 床垫135*190cm 一件一箱 颜色->深灰色,ALL,AMAZON,C,T4B,0.8736,0.4697,27.08,14.56,3,0.0968,0.3729,3.8536,f,6 个月 · 全平台 · 全量 SKU · 2026-07-09
DJ505473_1,UK AG 铁木悬浮床 软包靠背 双层置物 USB插排 灯带 床垫135*190cm 一件一箱 颜色->深灰色,ALL,UNKNOWN,C,T4B,0.5286,0.2537,16.39,7.86,0,0.0000,0.2537,,f,6 个月 · 全平台 · 全量 SKU · 2026-07-09
DJ505473_2,UK AG 铁木悬浮床 软包靠背 双层置物 USB插排 灯带 床垫135*190cm 一件一箱 颜色->米白,ALL,AMAZON,C,T4B,0.3000,0.1440,9.30,4.46,22,0.7097,-0.5657,0.7971,f,6 个月 · 全平台 · 全量 SKU · 2026-07-09
DJ505473_2,UK AG 铁木悬浮床 软包靠背 双层置物 USB插排 灯带 床垫135*190cm 一件一箱 颜色->米白,ALL,UNKNOWN,C,T4B,0.1357,0.0651,4.21,2.02,17,0.5484,-0.4833,0.8813,f,6 个月 · 全平台 · 全量 SKU · 2026-07-09
DJ505474_1,UK AG 铁木悬浮床 软包靠背 双层置物 USB插排 灯带 床垫150*200cm 一件一箱 颜色->深灰色,ALL,AMAZON,C,T4B,0.1643,0.0789,5.09,2.45,86,2.7742,-2.6953,0.9716,f,6 个月 · 全平台 · 全量 SKU · 2026-07-09
DJ505474_1,UK AG 铁木悬浮床 软包靠背 双层置物 USB插排 灯带 床垫150*200cm 一件一箱 颜色->深灰色,ALL,UNKNOWN,C,T4B,0.1857,0.0891,5.76,2.76,8,0.2581,-0.1690,0.6547,f,6 个月 · 全平台 · 全量 SKU · 2026-07-09
DJ505475_1,US AG 板式床 亚克力推拉门 靠背翻盖 造型立柱 4抽 F款 一件两箱 颜色->白色,ALL,AMAZON,C,T4B,0.4571,0.2194,14.17,6.80,10,0.3226,-0.1032,0.3199,f,6 个月 · 全平台 · 全量 SKU · 2026-07-09
DJ505476_2,US AG 板式床 亚克力推拉门 靠背翻盖 造型立柱 4抽 Q款 一件两箱 颜色->灰色,ALL,AMAZON,C,T4B,0.5214,0.2503,16.16,7.76,4,0.1290,0.1213,0.9398,f,6 个月 · 全平台 · 全量 SKU · 2026-07-09
DJ505477_1,US VD 低高架床 侧边步梯 渐变色9布抽 F 一件两箱 颜色->白色,ALL,AMAZON,C,T4B,1.4005,0.7126,43.42,22.09,29,0.9355,-0.2229,0.2383,f,6 个月 · 全平台 · 全量 SKU · 2026-07-09
DJ505477_1,US VD 低高架床 侧边步梯 渐变色9布抽 F 一件两箱 颜色->白色,ALL,UNKNOWN,C,T4B,0.6676,0.3589,20.70,11.13,25,0.8065,-0.4476,0.5550,f,6 个月 · 全平台 · 全量 SKU · 2026-07-09
DJ505477_2,US VD 低高架床 侧边步梯 渐变色9布抽 F 一件两箱 颜色->灰色,ALL,AMAZON,B,T4B,1.5604,0.7940,48.37,24.61,57,1.8387,-1.0447,0.5682,f,6 个月 · 全平台 · 全量 SKU · 2026-07-09
DJ505477_2,US VD 低高架床 侧边步梯 渐变色9布抽 F 一件两箱 颜色->灰色,ALL,UNKNOWN,B,T4B,1.1088,0.5961,34.37,18.48,40,1.2903,-0.6942,0.5380,f,6 个月 · 全平台 · 全量 SKU · 2026-07-09
DJ505477_2,US VD 低高架床 侧边步梯 渐变色9布抽 F 一件两箱 颜色->灰色,ALL,WALMART,B,T4B,0.2154,0.1158,6.68,3.59,11,0.3548,-0.2390,0.6737,f,6 个月 · 全平台 · 全量 SKU · 2026-07-09
DJ505478_1,US VD JYH216 PU软包4抽床 火烧云板 靠背掀盖 双灯带 F 一件两箱 颜色->黑色,ALL,AMAZON,C,T4B,0.4879,0.1991,15.12,6.17,26,0.8387,-0.6396,0.7626,f,6 个月 · 全平台 · 全量 SKU · 2026-07-09
DJ505478_2,US VD JYH216 PU软包4抽床 灰色板 靠背掀盖 双灯带 F 一件两箱 颜色->白色,ALL,AMAZON,C,T4B,0.8247,0.4196,25.57,13.01,22,0.7097,-0.2901,0.4087,f,6 个月 · 全平台 · 全量 SKU · 2026-07-09
DJ505479_1,US AG 柜门翻盖四抽书架床 T 一件一箱 颜色->白色,ALL,AMAZON,C,T4B,0.7440,0.3785,23.06,11.73,17,0.5484,-0.1699,0.3098,f,6 个月 · 全平台 · 全量 SKU · 2026-07-09
DJ505479_2,US AG 柜门翻盖四抽书架床 T 一件一箱 颜色->灰色,ALL,AMAZON,C,T4B,0.6170,0.3317,19.13,10.28,25,0.8065,-0.4748,0.5887,f,6 个月 · 全平台 · 全量 SKU · 2026-07-09
DJ505480_1,US AG 柜门翻盖四抽书架床 F 一件两箱 颜色->白色,ALL,AMAZON,B,T4B,1.3132,0.6681,40.71,20.71,56,1.8065,-1.1384,0.6302,f,6 个月 · 全平台 · 全量 SKU · 2026-07-09
DJ505480_1,US AG 柜门翻盖四抽书架床 F 一件两箱 颜色->白色,ALL,UNKNOWN,B,T4B,0.7165,0.3852,22.21,11.94,18,0.5806,-0.1954,0.3366,f,6 个月 · 全平台 · 全量 SKU · 2026-07-09
DJ505480_2,US AG 柜门翻盖四抽书架床 F 一件两箱 颜色->灰色,ALL,AMAZON,C,T4B,0.5055,0.2572,15.67,7.97,18,0.5806,-0.3234,0.5570,f,6 个月 · 全平台 · 全量 SKU · 2026-07-09
DJ505481_1,US AG 柜门翻盖四抽书架床 Q 一件两箱 颜色->白色,ALL,AMAZON,C,T4B,1.1027,0.5611,34.18,17.39,46,1.4839,-0.9228,0.6219,f,6 个月 · 全平台 · 全量 SKU · 2026-07-09
DJ505481_1,US AG 柜门翻盖四抽书架床 Q 一件两箱 颜色->白色,ALL,UNKNOWN,C,T4B,0.4566,0.2192,14.15,6.80,17,0.5484,-0.3292,0.6003,f,6 个月 · 全平台 · 全量 SKU · 2026-07-09
DJ505481_2,US AG 柜门翻盖四抽书架床 Q 一件两箱 颜色->灰色,ALL,AMAZON,C,T4B,0.8478,0.4558,26.28,14.13,30,0.9677,-0.5119,0.5290,f,6 个月 · 全平台 · 全量 SKU · 2026-07-09
DJ505483_1,US 1.2米双铁网门厨房置物架 一件一箱 颜色-> 颜色->黑麻,ALL,AMAZON,C,T4B,1.2857,0.6171,39.86,19.13,43,1.3871,-0.7700,0.5551,f,6 个月 · 全平台 · 全量 SKU · 2026-07-09
DJ505483_1,US 1.2米双铁网门厨房置物架 一件一箱 颜色-> 颜色->黑麻,ALL,TEMU,C,T4B,0.2571,0.1234,7.97,3.83,9,0.2903,-0.1669,0.5750,f,6 个月 · 全平台 · 全量 SKU · 2026-07-09
DJ505483_2,US 1.2米双铁网门厨房置物架 一件一箱 颜色-> 颜色->复古白,ALL,AMAZON,C,T4B,0.7929,0.3806,24.58,11.80,36,1.1613,-0.7807,0.6723,f,6 个月 · 全平台 · 全量 SKU · 2026-07-09
DJ505483_2,US 1.2米双铁网门厨房置物架 一件一箱 颜色-> 颜色->复古白,ALL,TEMU,C,T4B,0.2214,0.1063,6.86,3.30,12,0.3871,-0.2808,0.7254,f,6 个月 · 全平台 · 全量 SKU · 2026-07-09
DJ505483_3,US 1.2米双铁网门厨房置物架 一件一箱 颜色-> 颜色->火烧云,ALL,AMAZON,C,T4B,1.9742,1.0613,61.20,32.90,67,2.1613,-1.1000,0.5090,f,6 个月 · 全平台 · 全量 SKU · 2026-07-09
DJ505483_3,US 1.2米双铁网门厨房置物架 一件一箱 颜色-> 颜色->火烧云,ALL,TEMU,C,T4B,0.3214,0.1543,9.96,4.78,23,0.7419,-0.5876,0.7920,f,6 个月 · 全平台 · 全量 SKU · 2026-07-09
DJ505486_1,"US UA SH 带轮托盘换鞋凳150cm 一件一箱 颜色->#1,做旧白+胡桃木",ALL,AMAZON,C,T4B,0.5725,0.3078,17.75,9.54,21,0.6774,-0.3696,0.5456,f,6 个月 · 全平台 · 全量 SKU · 2026-07-09
DJ505487_1,"UK KM BF-TR01 基础款铁木床头软包床 尺码->L,135*190;颜色->白色,白色+原木色",ALL,AMAZON,C,T4B,0.6005,0.3229,18.62,10.01,55,1.7742,-1.4513,0.8180,f,6 个月 · 全平台 · 全量 SKU · 2026-07-09
DJ505487_2,"UK KM BF-TR01 基础款铁木床头软包床 尺码->L,135*190;颜色->灰色,灰色+复古色",ALL,AMAZON,C,T4B,1.1588,0.6230,35.92,19.31,33,1.0645,-0.4415,0.4148,f,6 个月 · 全平台 · 全量 SKU · 2026-07-09
DJ505488_1,"UK KM BF-XF01 软包带床头-悬浮床 一箱一个  尺码->L,135*190;颜色->灰色,亚麻-灰色",ALL,AMAZON,C,T4B,1.0104,0.5432,31.32,16.84,46,1.4839,-0.9407,0.6339,f,6 个月 · 全平台 · 全量 SKU · 2026-07-09
DJ505489_1,"UK KM BF-RK01 软包基础靠背收纳款 尺码->L,135*190;颜色->灰色,亚麻-灰",ALL,AMAZON,C,T4B,0.7022,0.3775,21.77,11.70,24,0.7742,-0.3967,0.5124,f,6 个月 · 全平台 · 全量 SKU · 2026-07-09
DJ505490_1,"UK KM BF TM02 床头拼板3灯带 单包 尺码->L,135*190;颜色->黑色,包覆+麻面",ALL,AMAZON,C,T4B,0.9176,0.4933,28.45,15.29,60,1.9355,-1.4422,0.7451,f,6 个月 · 全平台 · 全量 SKU · 2026-07-09
DJ505491_1,"UK KM BF-LA01 铁木床铁线镂空  一箱一件  尺码->L,135*190;颜色->棕色,复古色",ALL,AMAZON,C,T4B,1.1319,0.6085,35.09,18.86,69,2.2258,-1.6173,0.7266,f,6 个月 · 全平台 · 全量 SKU · 2026-07-09
DJ505492_1,UK KM 板式镜柜LED 白色 一箱一个 颜色->白色,ALL,AMAZON,C,T4B,1.2115,0.6513,37.56,20.19,29,0.9355,-0.2842,0.3038,f,6 个月 · 全平台 · 全量 SKU · 2026-07-09
DJ505493_2,US 1.15米铁木四门厨房置物架带灯 一件一箱 颜色->989-3灰色,ALL,AMAZON,C,T4B,0.4857,0.2331,15.06,7.23,55,1.7742,-1.5411,0.8686,f,6 个月 · 全平台 · 全量 SKU · 2026-07-09
DJ505493_3,US 1.15米铁木四门厨房置物架带灯 一件一箱 颜色->火烧云,ALL,AMAZON,C,T4B,0.7357,0.3531,22.81,10.95,167,5.3871,-5.0340,0.9345,f,6 个月 · 全平台 · 全量 SKU · 2026-07-09
DJ505493_3,US 1.15米铁木四门厨房置物架带灯 一件一箱 颜色->火烧云,ALL,TIKTOK,C,T4B,0.3500,0.1680,10.85,5.21,416,13.4194,-13.2514,0.9875,f,6 个月 · 全平台 · 全量 SKU · 2026-07-09
DJ505493_4,US 1.15米铁木四门厨房置物架带灯 一件一箱 颜色->白色,ALL,AMAZON,C,T4B,0.3643,0.1749,11.29,5.42,46,1.4839,-1.3090,0.8821,f,6 个月 · 全平台 · 全量 SKU · 2026-07-09
DJ505494_1,"US UA DK-XZ08 一型圆拱腿开放置物行政桌 一件一箱 颜色->黑色,山纹黑",ALL,AMAZON,C,T4B,0.7643,0.3669,23.69,11.37,50,1.6129,-1.2460,0.7725,f,6 个月 · 全平台 · 全量 SKU · 2026-07-09
DJ505494_1,"US UA DK-XZ08 一型圆拱腿开放置物行政桌 一件一箱 颜色->黑色,山纹黑",ALL,UNKNOWN,C,T4B,0.4560,0.2452,14.14,7.60,42,1.3548,-1.1096,0.8190,f,6 个月 · 全平台 · 全量 SKU · 2026-07-09
DJ505495_1,US YL-924T储物低阁楼床+拖床 99*190cm 一件一箱 颜色->白色,ALL,UNKNOWN,C,T4B,0.2896,0.1557,8.98,4.83,16,0.5161,-0.3604,0.6983,f,6 个月 · 全平台 · 全量 SKU · 2026-07-09
DJ505495_3,US YL-924T储物低阁楼床+拖床 99*190cm 一件一箱 颜色->粉色,ALL,AMAZON,C,T4B,0.3582,0.1462,11.10,4.53,1,0.0323,0.1139,3.5322,f,6 个月 · 全平台 · 全量 SKU · 2026-07-09
DJ505496_1,US 床BJS-2408T拱形双开门含插盘灯带 99*190 一件一箱 颜色 粉色绒布+白板,ALL,AMAZON,B,T4B,1.6330,0.8309,50.62,25.76,37,1.1935,-0.3626,0.3038,f,6 个月 · 全平台 · 全量 SKU · 2026-07-09
DJ505496_1,US 床BJS-2408T拱形双开门含插盘灯带 99*190 一件一箱 颜色 粉色绒布+白板,ALL,UNKNOWN,B,T4B,0.3874,0.2082,12.01,6.45,20,0.6452,-0.4370,0.6773,f,6 个月 · 全平台 · 全量 SKU · 2026-07-09
DJ505496_2,US 床BJS-2408T拱形双开门含插盘灯带 99*190 一件一箱 颜色 米白绒布+白板,ALL,UNKNOWN,B,T4B,0.8571,0.4114,26.57,12.75,61,1.9677,-1.5563,0.7909,f,6 个月 · 全平台 · 全量 SKU · 2026-07-09
DJ505497_2,EU AG 布抽软包靠背角落床 90*190 一件两箱 颜色->白色,ALL,AMAZON,D,T4B,0.7786,0.3737,24.14,11.58,30,0.9677,-0.5940,0.6138,f,6 个月 · 全平台 · 全量 SKU · 2026-07-09
DJ505498_1,EU AG 布抽软包靠背角落床 90*200 一件两箱 颜色->火烧云,ALL,AMAZON,C,T4B,0.2429,0.1166,7.53,3.61,58,1.8710,-1.7544,0.9377,f,6 个月 · 全平台 · 全量 SKU · 2026-07-09
DJ505498_2,EU AG 布抽软包靠背角落床 90*200 一件两箱 颜色->白色,ALL,AMAZON,C,T4B,0.6214,0.2983,19.26,9.25,75,2.4194,-2.1211,0.8767,f,6 个月 · 全平台 · 全量 SKU · 2026-07-09
DJ505498_3,EU AG 布抽软包靠背角落床 90*200 一件两箱 颜色->黑灰色,ALL,AMAZON,C,T4B,0.3714,0.1783,11.51,5.53,52,1.6774,-1.4991,0.8937,f,6 个月 · 全平台 · 全量 SKU · 2026-07-09
DJ505499_1,EU AG 布抽软包靠背角落床 140*190 一件两箱 颜色->火烧云,ALL,AMAZON,C,T4B,0.4071,0.1954,12.62,6.06,86,2.7742,-2.5788,0.9296,f,6 个月 · 全平台 · 全量 SKU · 2026-07-09
DJ505499_2,EU AG 布抽软包靠背角落床 140*190 一件两箱 颜色->白色,ALL,AMAZON,C,T4B,0.6143,0.2949,19.04,9.14,62,2.0000,-1.7051,0.8526,f,6 个月 · 全平台 · 全量 SKU · 2026-07-09
DJ505500_1,EU AG 布抽软包靠背角落床 140*200 一件两箱 颜色->火烧云,ALL,AMAZON,C,T4B,0.2357,0.1131,7.31,3.51,82,2.6452,-2.5321,0.9572,f,6 个月 · 全平台 · 全量 SKU · 2026-07-09
DJ505500_2,EU AG 布抽软包靠背角落床 140*200 一件两箱 颜色->白色,ALL,AMAZON,C,T4B,0.5357,0.2571,16.61,7.97,39,1.2581,-1.0010,0.7956,f,6 个月 · 全平台 · 全量 SKU · 2026-07-09
DJ505500_3,EU AG 布抽软包靠背角落床 140*200 一件两箱 颜色->黑灰色,ALL,AMAZON,C,T4B,0.6214,0.2983,19.26,9.25,2,0.0645,0.2338,3.6236,f,6 个月 · 全平台 · 全量 SKU · 2026-07-09
DJ505501_2,US DC 高架床 LB-01  GS 上床下桌+L桌布抽款  T 尺寸 一件两箱 颜色->白色,ALL,AMAZON,C,T4B,0.7852,0.3203,24.34,9.93,2,0.0645,0.2558,3.9646,f,6 个月 · 全平台 · 全量 SKU · 2026-07-09
DJ505503_1_WF,"US 床YLS-263K软包全拆弧形床头悬浮含插盘灯193*203 一件两箱 颜色->#1,黑色PU",ALL,UNKNOWN,C,T4B,1.4143,0.6789,43.84,21.05,16,0.5161,0.1628,0.3154,f,6 个月 · 全平台 · 全量 SKU · 2026-07-09
DJ505504_1,UK AG JYH213A 棉麻软包气杆床 圆弧掀盖靠背 双灯带 90*190cm 一件两箱 颜色->深灰色,ALL,AMAZON,C,T4B,0.6571,0.3154,20.37,9.78,0,0.0000,0.3154,,f,6 个月 · 全平台 · 全量 SKU · 2026-07-09
DJ505504_2,UK AG JYH213A 棉麻软包气杆床 圆弧掀盖靠背 双灯带 90*190cm 一件两箱 颜色->米白,ALL,AMAZON,C,T4B,0.6571,0.3154,20.37,9.78,0,0.0000,0.3154,,f,6 个月 · 全平台 · 全量 SKU · 2026-07-09
DJ505505_1,UK AG JYH213A 棉麻软包气杆床 圆弧掀盖靠背 双灯带 135*190cm 一件两箱 颜色->深灰色,ALL,AMAZON,C,T4B,0.4714,0.2263,14.61,7.02,119,3.8387,-3.6124,0.9410,f,6 个月 · 全平台 · 全量 SKU · 2026-07-09
DJ505505_2,UK AG JYH213A 棉麻软包气杆床 圆弧掀盖靠背 双灯带 135*190cm 一件两箱 颜色->米白,ALL,AMAZON,C,T4B,0.4500,0.2160,13.95,6.70,76,2.4516,-2.2356,0.9119,f,6 个月 · 全平台 · 全量 SKU · 2026-07-09
DJ505507_1,UK AG JYH208A 棉麻软包气杆床 床耳床尾3灯带 靠背翻盖 135*190cm 一件两箱 颜色->深灰色,ALL,AMAZON,B,T4B,1.8346,0.9863,56.87,30.58,63,2.0323,-1.0460,0.5147,f,6 个月 · 全平台 · 全量 SKU · 2026-07-09
DJ505508_2,UK AG JYH208A 棉麻软包气杆床 床耳床尾3灯带 靠背翻盖 150*200cm 一件两箱 颜色->米白,ALL,AMAZON,C,T4B,0.2571,0.1234,7.97,3.83,16,0.5161,-0.3927,0.7609,f,6 个月 · 全平台 · 全量 SKU · 2026-07-09
DJ505511_2,UK AG JYH215A 棉麻软包气杆床 灰色板 靠背掀盖 双灯带 150*200cm 一件两箱 颜色->米白,ALL,UNKNOWN,C,T4B,0.3000,0.1440,9.30,4.46,19,0.6129,-0.4689,0.7651,f,6 个月 · 全平台 · 全量 SKU · 2026-07-09
DJ505512_1,US VD JYH216 PU软包4抽床 火烧云板 靠背掀盖 双灯带 Q 一件两箱 颜色->黑色,ALL,AMAZON,C,T4B,0.4500,0.2160,13.95,6.70,7,0.2258,-0.0098,0.0434,f,6 个月 · 全平台 · 全量 SKU · 2026-07-09
DJ505512_2,US VD JYH216 PU软包4抽床 灰色板 靠背掀盖 双灯带 Q 一件两箱 颜色->白色,ALL,AMAZON,C,T4B,0.2857,0.1371,8.86,4.25,21,0.6774,-0.5403,0.7976,f,6 个月 · 全平台 · 全量 SKU · 2026-07-09
DJ505514_1,UK AG JYH208A 棉麻软包气杆床 床耳床尾3灯带 靠背翻盖 90*190cm 一件两箱 颜色->深灰色,ALL,AMAZON,C,T4B,0.7000,0.3360,21.70,10.42,1,0.0323,0.3037,9.4160,f,6 个月 · 全平台 · 全量 SKU · 2026-07-09
DJ505514_2,UK AG JYH208A 棉麻软包气杆床 床耳床尾3灯带 靠背翻盖 90*190cm 一件两箱 颜色->米白,ALL,AMAZON,C,T4B,0.3286,0.1577,10.19,4.89,44,1.4194,-1.2617,0.8889,f,6 个月 · 全平台 · 全量 SKU · 2026-07-09
DJ505515_1,US AG 板式床 乡村风拼框 掀盖靠背 4抽 K款 一件两箱 颜色->白色,ALL,AMAZON,C,T4B,0.5643,0.2709,17.49,8.40,27,0.8710,-0.6001,0.6890,f,6 个月 · 全平台 · 全量 SKU · 2026-07-09
DJ505515_1,US AG 板式床 乡村风拼框 掀盖靠背 4抽 K款 一件两箱 颜色->白色,ALL,UNKNOWN,C,T4B,0.2857,0.1371,8.86,4.25,22,0.7097,-0.5726,0.8068,f,6 个月 · 全平台 · 全量 SKU · 2026-07-09
DJ505515_2,US AG 板式床 乡村风拼框 掀盖靠背 4抽 K款 一件两箱 颜色->灰色,ALL,AMAZON,C,T4B,1.3896,0.7470,43.08,23.16,57,1.8387,-1.0917,0.5937,f,6 个月 · 全平台 · 全量 SKU · 2026-07-09
DJ505515_2,US AG 板式床 乡村风拼框 掀盖靠背 4抽 K款 一件两箱 颜色->灰色,ALL,UNKNOWN,C,T4B,0.2533,0.1362,7.85,4.22,14,0.4516,-0.3154,0.6984,f,6 个月 · 全平台 · 全量 SKU · 2026-07-09
DJ505516_1,EU BW 软包气动床BQQ-01 HQ 608 白色 一件两箱90*190,ALL,AMAZON,C,T4B,0.3143,0.1509,9.74,4.68,13,0.4194,-0.2685,0.6402,f,6 个月 · 全平台 · 全量 SKU · 2026-07-09
DJ505516_2,"EU BW 软包气动床BQQ-01 HQ 608 白色 一件两箱,90*200",ALL,AMAZON,C,T4B,0.4500,0.2160,13.95,6.70,8,0.2581,-0.0421,0.1630,f,6 个月 · 全平台 · 全量 SKU · 2026-07-09
DJ505516_3,EU BW 软包气动床BQQ-01 HQ 608 白色 一件两箱 140*190,ALL,AMAZON,C,T4B,0.4879,0.2623,15.12,8.13,25,0.8065,-0.5442,0.6747,f,6 个月 · 全平台 · 全量 SKU · 2026-07-09
DJ505516_4,EU BW 软包气动床BQQ-01 HQ 608 白色 一件两箱 140*200,ALL,AMAZON,C,T4B,0.5857,0.2811,18.16,8.71,21,0.6774,-0.3963,0.5850,f,6 个月 · 全平台 · 全量 SKU · 2026-07-09
DJ505516_5,EU BW 软包气动床BQQ-01 HQ 608 白色 一件两箱 160*200,ALL,AMAZON,C,T4B,0.7857,0.3771,24.36,11.69,37,1.1935,-0.8164,0.6841,f,6 个月 · 全平台 · 全量 SKU · 2026-07-09
DJ505516_6,EU BW 软包气动床BQQ-01 HQ 608 白色 一件两箱 180*200,ALL,AMAZON,C,T4B,0.9357,0.4491,29.01,13.92,9,0.2903,0.1588,0.5469,f,6 个月 · 全平台 · 全量 SKU · 2026-07-09
DJ505517_1,UK BW 软包气动床BQQ-01 HQ 608 白色 一件两箱90*190,ALL,AMAZON,C,T4B,0.8286,0.3977,25.69,12.33,51,1.6452,-1.2475,0.7583,f,6 个月 · 全平台 · 全量 SKU · 2026-07-09
DJ505517_2,"UK BW 软包气动床BQQ-01 HQ 608 白色 一件两箱,135*190",ALL,AMAZON,C,T4B,1.3429,0.6446,41.63,19.98,10,0.3226,0.3220,0.9983,f,6 个月 · 全平台 · 全量 SKU · 2026-07-09
DJ505517_3,"UK BW 软包气动床BQQ-01 HQ 608 白色 一件两箱,150*200",ALL,AMAZON,C,T4B,1.0786,0.5177,33.44,16.05,29,0.9355,-0.4178,0.4466,f,6 个月 · 全平台 · 全量 SKU · 2026-07-09
DJ505518_1,UK BW 床头柜 窄柜 NSQL-01+感应灯+插排 DFS 白色 一件一箱,ALL,AMAZON,C,T4B,0.3143,0.1509,9.74,4.68,71,2.2903,-2.1394,0.9341,f,6 个月 · 全平台 · 全量 SKU · 2026-07-09
DJ505518_2,UK BW 床头柜 窄柜 NSQL-01+感应灯+插排 DFS 白色 两件一箱,ALL,AMAZON,C,T4B,0.3214,0.1543,9.96,4.78,58,1.8710,-1.7167,0.9175,f,6 个月 · 全平台 · 全量 SKU · 2026-07-09
DJ505519_2,UK BW SCQL-01鞋柜3翻盖6隔板+冷轧钢翻转  白色 一件一箱,ALL,AMAZON,C,T4B,0.3929,0.1886,12.18,5.85,148,4.7742,-4.5856,0.9605,f,6 个月 · 全平台 · 全量 SKU · 2026-07-09
DJ505519_3,UK BW SCQL-01鞋柜4翻盖8隔板+冷轧钢翻转  白色 一件一箱,ALL,AMAZON,C,T4B,0.6357,0.3051,19.71,9.46,55,1.7742,-1.4691,0.8280,f,6 个月 · 全平台 · 全量 SKU · 2026-07-09
DJ505520_1,UK BW CBQ-02 客卧床尾桌款青少年床90*190 白色 一件两箱,ALL,AMAZON,C,T4B,1.2857,0.6171,39.86,19.13,0,0.0000,0.6171,,f,6 个月 · 全平台 · 全量 SKU · 2026-07-09
DJ505521_1,UK BW CBQ-04 客卧床尾收纳柜款青少年床90*190 白色 一件两箱,ALL,AMAZON,C,T4B,1.2571,0.6034,38.97,18.71,0,0.0000,0.6034,,f,6 个月 · 全平台 · 全量 SKU · 2026-07-09
DJ505522_2,UK BW CBQ-06 客卧储物款青少年床90*190 白色 一件两箱,ALL,AMAZON,C,T4B,1.1643,0.5589,36.09,17.33,14,0.4516,0.1073,0.2376,f,6 个月 · 全平台 · 全量 SKU · 2026-07-09
DJ505523_1,US UA BK-LMZ02 三拱门罗马柱书柜 一件一箱 颜色->黑色,ALL,AMAZON,C,T4B,0.7929,0.3806,24.58,11.80,64,2.0645,-1.6839,0.8156,f,6 个月 · 全平台 · 全量 SKU · 2026-07-09
DJ505524_1,US UA BK-LMZ03 单拱门罗马柱书柜80cm 一件一箱 颜色->黑色,ALL,AMAZON,C,T4B,0.6500,0.3120,20.15,9.67,62,2.0000,-1.6880,0.8440,f,6 个月 · 全平台 · 全量 SKU · 2026-07-09
DJ505524_2,US UA BK-LMZ03 单拱门罗马柱书柜80cm 一件一箱 颜色->白色,ALL,AMAZON,C,T4B,0.6000,0.2880,18.60,8.93,28,0.9032,-0.6152,0.6811,f,6 个月 · 全平台 · 全量 SKU · 2026-07-09
DJ505525_1,US 床BJS-2406Q空格翻盖悬浮软包含插盘灯带153*203 一件一箱 颜色麻布深灰+木纹黑色板,ALL,TEMU,C,T4B,0.2956,0.1504,9.16,4.66,1,0.0323,0.1181,3.6624,f,6 个月 · 全平台 · 全量 SKU · 2026-07-09
DJ505525_1,US 床BJS-2406Q空格翻盖悬浮软包含插盘灯带153*203 一件一箱 颜色麻布深灰+木纹黑色板,ALL,UNKNOWN,C,T4B,0.2159,0.1161,6.69,3.60,15,0.4839,-0.3678,0.7601,f,6 个月 · 全平台 · 全量 SKU · 2026-07-09
DJ505525_1_WF,US 床BJS-2406Q空格翻盖悬浮软包含插盘灯带153*203 一件一箱 颜色麻布深灰+木纹黑色板,ALL,UNKNOWN,D,T4B,1.2813,0.6519,39.72,20.21,66,2.1290,-1.4771,0.6938,f,6 个月 · 全平台 · 全量 SKU · 2026-07-09
DJ505528_1,EU DC 铁木床 CBF-01L HQ 方管软包角落床带抽篮-606G 90*190 米白色 一件一箱,ALL,AMAZON,D,T4B,0.4214,0.2023,13.06,6.27,40,1.2903,-1.0880,0.8432,f,6 个月 · 全平台 · 全量 SKU · 2026-07-09
DJ505528_2,EU DC 铁木床 CBF-01L HQ 方管软包角落床带抽篮-606G 90*200 米白色 一件一箱,ALL,AMAZON,C,T4B,0.8571,0.4114,26.57,12.75,10,0.3226,0.0888,0.2753,f,6 个月 · 全平台 · 全量 SKU · 2026-07-09
DJ505529_1,US 1.4米升降桌 一件两箱 颜色->橡木纹,ALL,AMAZON,C,T4B,1.7478,0.9396,54.18,29.13,132,4.2581,-3.3185,0.7793,f,6 个月 · 全平台 · 全量 SKU · 2026-07-09
DJ505530_1,US 纯板材吸塑竖条纹错层L高桌 一件两箱 颜色->原木色,ALL,AMAZON,C,T4B,0.9929,0.4766,30.78,14.77,63,2.0323,-1.5557,0.7655,f,6 个月 · 全平台 · 全量 SKU · 2026-07-09
DJ505531_1,US DC 铁木床 CBF-01L 方管软包角落床带抽篮-112 粉色 T  一件一箱,ALL,AMAZON,B,T4B,1.0973,0.5267,34.02,16.33,150,4.8387,-4.3120,0.8911,f,6 个月 · 全平台 · 全量 SKU · 2026-07-09
DJ505532_1,US 1.4米单人6抽升降桌 一件两箱 颜色->棕色+白色,ALL,AMAZON,C,T4B,2.4610,1.3230,76.29,41.01,42,1.3548,-0.0318,0.0235,f,6 个月 · 全平台 · 全量 SKU · 2026-07-09
DJ505532_2,US 1.4米单人6抽升降桌 一件两箱 颜色->棕色+黑色,ALL,AMAZON,B,T4B,6.1808,3.3228,191.60,103.01,33,1.0645,2.2583,2.1214,f,6 个月 · 全平台 · 全量 SKU · 2026-07-09
DJ505532_2,US 1.4米单人6抽升降桌 一件两箱 颜色->棕色+黑色,ALL,TIKTOK,B,T4B,0.3929,0.1886,12.18,5.85,1,0.0323,0.1563,4.8466,f,6 个月 · 全平台 · 全量 SKU · 2026-07-09
DJ505532_3,US 1.4米单人6抽升降桌 一件两箱 颜色->橡木纹+白色,ALL,AMAZON,C,T4B,1.7077,0.9181,52.94,28.46,12,0.3871,0.5310,1.3718,f,6 个月 · 全平台 · 全量 SKU · 2026-07-09
DJ505534_1,US SD L桌五抽带两组亚克力门  一件一箱 颜色->火烧云,ALL,AMAZON,C,T4B,1.5929,0.7646,49.38,23.70,122,3.9355,-3.1709,0.8057,f,6 个月 · 全平台 · 全量 SKU · 2026-07-09
DJ505534_1,US SD L桌五抽带两组亚克力门  一件一箱 颜色->火烧云,ALL,TEMU,C,T4B,0.1286,0.0617,3.99,1.91,12,0.3871,-0.3254,0.8406,f,6 个月 · 全平台 · 全量 SKU · 2026-07-09
DJ505534_1,US SD L桌五抽带两组亚克力门  一件一箱 颜色->火烧云,ALL,TIKTOK,C,T4B,0.1286,0.0617,3.99,1.91,45,1.4516,-1.3899,0.9575,f,6 个月 · 全平台 · 全量 SKU · 2026-07-09
DJ505534_2,US SD L桌五抽带两组亚克力门  一件一箱 颜色->黑麻,ALL,AMAZON,A,T4B,10.1016,5.4306,313.15,168.35,498,16.0645,-10.6339,0.6620,f,6 个月 · 全平台 · 全量 SKU · 2026-07-09
DJ505534_2,US SD L桌五抽带两组亚克力门  一件一箱 颜色->黑麻,ALL,TIKTOK,A,T4B,1.1967,0.6433,37.10,19.94,272,8.7742,-8.1309,0.9267,f,6 个月 · 全平台 · 全量 SKU · 2026-07-09
DJ505534_3,US SD L桌五抽带两组亚克力门  一件一箱 颜色->白麻,ALL,AMAZON,C,T4B,1.0071,0.4834,31.22,14.99,77,2.4839,-2.0005,0.8054,f,6 个月 · 全平台 · 全量 SKU · 2026-07-09
DJ505534_3,US SD L桌五抽带两组亚克力门  一件一箱 颜色->白麻,ALL,TIKTOK,C,T4B,0.5071,0.2434,15.72,7.55,186,6.0000,-5.7566,0.9594,f,6 个月 · 全平台 · 全量 SKU · 2026-07-09
DJ505535_1,US 床YW-43F上床下电竞桌3抽储物柜含灯带137*190 一件两箱 颜色黑色铁+黑麻板,ALL,AMAZON,A,T3,5.2208,4.9806,161.84,154.40,215,6.9355,-1.9549,0.2819,t,6 个月 · 全平台 · 全量 SKU · 2026-07-09
DJ505535_2,US 床YW-43F上床下电竞桌3抽储物柜含灯带137*190 一件两箱 颜色白色铁+白板,ALL,AMAZON,B,T4B,1.3945,0.7095,43.23,21.99,71,2.2903,-1.5808,0.6902,f,6 个月 · 全平台 · 全量 SKU · 2026-07-09
DJ505535_2,US 床YW-43F上床下电竞桌3抽储物柜含灯带137*190 一件两箱 颜色白色铁+白板,ALL,UNKNOWN,B,T4B,1.7385,0.9346,53.89,28.97,20,0.6452,0.2894,0.4486,f,6 个月 · 全平台 · 全量 SKU · 2026-07-09
DJ505536_1,US DC 高架床 TPB-04  RL 幼儿风格 树屋款  三人床 一件一箱 颜色->黑色,ALL,AMAZON,C,T4B,0.8643,0.4149,26.79,12.86,1,0.0323,0.3826,11.8619,f,6 个月 · 全平台 · 全量 SKU · 2026-07-09
DJ505536_1,US DC 高架床 TPB-04  RL 幼儿风格 树屋款  三人床 一件一箱 颜色->黑色,ALL,WALMART,C,T4B,0.1786,0.0857,5.54,2.66,0,0.0000,0.0857,,f,6 个月 · 全平台 · 全量 SKU · 2026-07-09
DJ505536_2,US DC 高架床 TPB-04  RL 幼儿风格 树屋款  三人床 一件一箱 颜色->白色,ALL,AMAZON,C,T4B,0.5000,0.2400,15.50,7.44,14,0.4516,-0.2116,0.4686,f,6 个月 · 全平台 · 全量 SKU · 2026-07-09
DJ505536_2,US DC 高架床 TPB-04  RL 幼儿风格 树屋款  三人床 一件一箱 颜色->白色,ALL,WALMART,C,T4B,0.1857,0.0891,5.76,2.76,9,0.2903,-0.2012,0.6931,f,6 个月 · 全平台 · 全量 SKU · 2026-07-09
DJ505537_2,US YL-601T床头屋顶床尾书架床99*190一件一箱 颜色 白铁+白麻板+浅灰色布,ALL,UNKNOWN,C,T4B,0.2714,0.1303,8.41,4.04,50,1.6129,-1.4826,0.9192,f,6 个月 · 全平台 · 全量 SKU · 2026-07-09
DJ505538_1,US DC 板式床 BFX-02黑麻面床下四抽屉-GS021 Q 黑 一件两箱,ALL,AMAZON,C,T4B,0.8725,0.4691,27.05,14.54,51,1.6452,-1.1761,0.7149,f,6 个月 · 全平台 · 全量 SKU · 2026-07-09
DJ505538_2,US DC 板式床 BFX-02黑麻面床下四抽屉-GS021 K 黑 一件两箱,ALL,AMAZON,C,T4B,1.5945,0.8572,49.43,26.57,42,1.3548,-0.4976,0.3673,f,6 个月 · 全平台 · 全量 SKU · 2026-07-09
DJ505539_1,UK VD 角落气杆软包床 2层置物 床垫90*190cm 一件两箱 颜色->深灰色,ALL,AMAZON,C,T4B,0.4857,0.2331,15.06,7.23,2,0.0645,0.1686,2.6130,f,6 个月 · 全平台 · 全量 SKU · 2026-07-09
DJ505539_1,UK VD 角落气杆软包床 2层置物 床垫90*190cm 一件两箱 颜色->深灰色,ALL,UNKNOWN,C,T4B,0.2071,0.0994,6.42,3.08,0,0.0000,0.0994,,f,6 个月 · 全平台 · 全量 SKU · 2026-07-09
DJ505539_2,UK VD 角落气杆软包床 2层置物 床垫90*190cm 一件两箱 颜色->米白,ALL,AMAZON,C,T4B,0.2643,0.1269,8.19,3.93,30,0.9677,-0.8408,0.8689,f,6 个月 · 全平台 · 全量 SKU · 2026-07-09
DJ505540_1,UK VD 角落气杆软包床 2层置物 床垫135*190cm 一件两箱 颜色->深灰色,ALL,AMAZON,C,T4B,0.3429,0.1646,10.63,5.10,59,1.9032,-1.7386,0.9135,f,6 个月 · 全平台 · 全量 SKU · 2026-07-09
DJ505540_2,UK VD 角落气杆软包床 2层置物 床垫135*190cm 一件两箱 颜色->米白色,ALL,AMAZON,C,T4B,0.1214,0.0583,3.76,1.81,31,1.0000,-0.9417,0.9417,f,6 个月 · 全平台 · 全量 SKU · 2026-07-09
DJ505549_2,US床ZY-221F软包Y形格子柜含插盘灯带137*190一件一箱 颜色黑铁+黑色PU+火烧云板,ALL,AMAZON,C,T4B,0.1214,0.0583,3.76,1.81,11,0.3548,-0.2965,0.8357,f,6 个月 · 全平台 · 全量 SKU · 2026-07-09
DJ505550_1,"US UA DK-SJ03 L型板式储物升降电脑桌 一件两箱 颜色->#1,胡桃色+黑色",ALL,AMAZON,C,T4B,3.1593,1.6985,97.94,52.65,89,2.8710,-1.1725,0.4084,f,6 个月 · 全平台 · 全量 SKU · 2026-07-09
DJ505550_1,"US UA DK-SJ03 L型板式储物升降电脑桌 一件两箱 颜色->#1,胡桃色+黑色",ALL,UNKNOWN,C,T4B,0.5929,0.2846,18.38,8.82,42,1.3548,-1.0702,0.7899,f,6 个月 · 全平台 · 全量 SKU · 2026-07-09
DJ505550_1,"US UA DK-SJ03 L型板式储物升降电脑桌 一件两箱 颜色->#1,胡桃色+黑色",ALL,WALMART,C,T4B,0.2236,0.1202,6.93,3.73,9,0.2903,-0.1701,0.5860,f,6 个月 · 全平台 · 全量 SKU · 2026-07-09
DJ505550_2,"US UA DK-SJ03 L型板式储物升降电脑桌 一件两箱 颜色->#2,胡桃色+白色",ALL,AMAZON,C,T4B,0.7599,0.4085,23.56,12.66,26,0.8387,-0.4302,0.5129,f,6 个月 · 全平台 · 全量 SKU · 2026-07-09
DJ505551_1,"USHA MFL-TV07 格栅横条纹两门电视柜 1.5m 一件一箱 颜色->#1,原木橡木色",ALL,AMAZON,D,T4B,0.4000,0.1920,12.40,5.95,22,0.7097,-0.5177,0.7295,f,6 个月 · 全平台 · 全量 SKU · 2026-07-09
DJ505554_1,US YSY-694款 T尺寸14抽上床下桌带排插灯带 一件两箱 颜色->火烧云,ALL,AMAZON,D,T4B,0.7505,0.3819,23.27,11.84,32,1.0323,-0.6504,0.6300,f,6 个月 · 全平台 · 全量 SKU · 2026-07-09
DJ505554_2,US YSY-694款 T尺寸14抽上床下桌带排插灯带 一件两箱 颜色->白色,ALL,AMAZON,D,T4B,2.7165,1.4604,84.21,45.27,117,3.7742,-2.3138,0.6131,f,6 个月 · 全平台 · 全量 SKU · 2026-07-09
DJ505554_3,US YSY-694款 T尺寸14抽上床下桌带排插灯带 一件两箱 颜色->灰色,ALL,AMAZON,D,T4B,1.8286,0.9304,56.69,28.84,88,2.8387,-1.9083,0.6722,f,6 个月 · 全平台 · 全量 SKU · 2026-07-09
DJ505555_2,UK AG三抽一格玻璃台面床头柜40*35英规排插2AC+1U+1T 一件一箱 颜色->黑色,ALL,AMAZON,C,T4B,1.0286,0.4937,31.89,15.30,0,0.0000,0.4937,,f,6 个月 · 全平台 · 全量 SKU · 2026-07-09
DJ505556_1,EU AG 床头柜 全板式三抽一开放格 单灯带 欧标2AC+1U1T 一件一箱 颜色->白色,ALL,AMAZON,C,T4B,1.1830,0.6360,36.67,19.72,100,3.2258,-2.5898,0.8028,f,6 个月 · 全平台 · 全量 SKU · 2026-07-09
DJ505556_2,EU AG 床头柜 全板式三抽一开放格 单灯带 欧标2AC+1U1T 一件一箱 颜色->黑色,ALL,AMAZON,C,T4B,1.1044,0.5937,34.24,18.40,107,3.4516,-2.8579,0.8280,f,6 个月 · 全平台 · 全量 SKU · 2026-07-09
DJ505557_1,EU FR洗衣机架 板竹双开门-上下单侧敞口置物 一件一箱 颜色->白色,ALL,AMAZON,C,T4B,0.6071,0.2914,18.82,9.03,51,1.6452,-1.3538,0.8229,f,6 个月 · 全平台 · 全量 SKU · 2026-07-09
DJ505558_1,"EU KM BF-RK01 软包基础靠背收纳款 单包装 尺码->L,140*190;颜色->白色,pu-油腊皮纹",ALL,AMAZON,C,T4B,0.7571,0.3634,23.47,11.27,112,3.6129,-3.2495,0.8994,f,6 个月 · 全平台 · 全量 SKU · 2026-07-09
DJ505558_2,"EU KM BF-RK01 软包基础靠背收纳款 单包装 尺码->L,140*190;颜色->黑色,pu-荔枝纹",ALL,AMAZON,C,T4B,0.5929,0.2846,18.38,8.82,58,1.8710,-1.5864,0.8479,f,6 个月 · 全平台 · 全量 SKU · 2026-07-09
DJ505558_3,"EU KM BF-RK01 软包基础靠背收纳款 单包装 尺码->XL,140*200;颜色->白色,pu-油腊皮纹",ALL,AMAZON,C,T4B,0.1714,0.0823,5.31,2.55,36,1.1613,-1.0790,0.9291,f,6 个月 · 全平台 · 全量 SKU · 2026-07-09
DJ505560_5,"EU KM BF-RX02 带床头靠背储物悬浮床 双包装 尺码->XXXL,180*200;颜色->灰色,亚麻灰",ALL,AMAZON,C,T4B,0.1714,0.0823,5.31,2.55,6,0.1935,-0.1112,0.5748,f,6 个月 · 全平台 · 全量 SKU · 2026-07-09
DJ505561_1,"USHA MFL-DT36 无拉手9抽悬浮矮柜含灯带 一件两箱 颜色->#1,黑色麻面",ALL,AMAZON,B,T4B,2.2341,1.2010,69.26,37.23,14,0.4516,0.7494,1.6594,f,6 个月 · 全平台 · 全量 SKU · 2026-07-09
DJ505561_2,"USHA MFL-DT36 无拉手9抽悬浮矮柜含灯带 一件两箱 颜色->#2,白色麻面",ALL,AMAZON,C,T4B,1.5044,0.8088,46.64,25.07,27,0.8710,-0.0622,0.0714,f,6 个月 · 全平台 · 全量 SKU · 2026-07-09
DJ505562_2,"USHA MFL-DT37 无拉手假12抽斗柜矮柜 一件两箱 颜色->#2,白色麻面",ALL,AMAZON,C,T4B,1.3505,0.7261,41.87,22.51,41,1.3226,-0.5965,0.4510,f,6 个月 · 全平台 · 全量 SKU · 2026-07-09
DJ505563_1,"USHA MFL-DT35 无拉手8抽悬浮矮柜含灯带 一件两箱 颜色->#1,黑色麻面",ALL,AMAZON,B,T4B,2.3214,1.2480,71.96,38.69,49,1.5806,-0.3326,0.2104,f,6 个月 · 全平台 · 全量 SKU · 2026-07-09
DJ505563_2,"USHA MFL-DT35 无拉手8抽悬浮矮柜含灯带 一件两箱 颜色->#2,白色麻面",ALL,AMAZON,C,T4B,1.6852,0.9059,52.24,28.08,9,0.2903,0.6156,2.1203,f,6 个月 · 全平台 · 全量 SKU · 2026-07-09
DJ505565_2,US UA BK--ST01 上F下T儿童储物床 一件一箱 颜色->白色,ALL,AMAZON,C,T4B,0.5071,0.2434,15.72,7.55,9,0.2903,-0.0469,0.1616,f,6 个月 · 全平台 · 全量 SKU · 2026-07-09
DJ505565_2,US UA BK--ST01 上F下T儿童储物床 一件一箱 颜色->白色,ALL,WALMART,C,T4B,0.1143,0.0549,3.54,1.70,0,0.0000,0.0549,,f,6 个月 · 全平台 · 全量 SKU · 2026-07-09
DJ505568_1,UK AG床头柜 全板式三抽一格 单灯带 英规2AC+1U1T 一件一箱 颜色->白色,ALL,AMAZON,C,T4B,0.4000,0.1920,12.40,5.95,94,3.0323,-2.8403,0.9367,f,6 个月 · 全平台 · 全量 SKU · 2026-07-09
DJ505568_2,UK AG床头柜 全板式三抽一格 单灯带 英规2AC+1U1T 一件一箱 颜色->黑色,ALL,AMAZON,C,T4B,0.4143,0.1989,12.84,6.17,86,2.7742,-2.5753,0.9283,f,6 个月 · 全平台 · 全量 SKU · 2026-07-09
DJ505569_1,US 竖条正方形滑动咖啡桌 一件一箱 颜色->洞石拼7625手抓纹,ALL,AMAZON,C,T4B,0.1929,0.0926,5.98,2.87,13,0.4194,-0.3268,0.7792,f,6 个月 · 全平台 · 全量 SKU · 2026-07-09
DJ505569_2,US 竖条正方形滑动咖啡桌 一件一箱 颜色->夏特胡桃,ALL,AMAZON,C,T4B,0.3071,0.1474,9.52,4.57,47,1.5161,-1.3687,0.9028,f,6 个月 · 全平台 · 全量 SKU · 2026-07-09
DJ505569_2,US 竖条正方形滑动咖啡桌 一件一箱 颜色->夏特胡桃,ALL,TEMU,C,T4B,0.3357,0.1611,10.41,4.99,25,0.8065,-0.6454,0.8002,f,6 个月 · 全平台 · 全量 SKU · 2026-07-09
DJ505570_1,US 床CY-303Q软包床头翻开床尾铝材四抽灯带153*203 一件一箱 颜色深灰麻布+黑铁,ALL,AMAZON,A,T4B,1.1473,0.6168,35.57,19.12,45,1.4516,-0.8348,0.5751,f,6 个月 · 全平台 · 全量 SKU · 2026-07-09
DJ505570_2,US 床CY-303Q软包床头翻开床尾铝材四抽灯带153*203 一件一箱 颜色黑色PU+黑铁,ALL,TIKTOK,A,T4B,0.7033,0.3781,21.80,11.72,37,1.1935,-0.8154,0.6832,f,6 个月 · 全平台 · 全量 SKU · 2026-07-09
DJ505570_3,US 床CY-303Q软包床头翻开床尾铝材四抽灯带153*203 一件一箱 颜色米白绒布+白铁,ALL,AMAZON,B,T4B,1.2643,0.6069,39.19,18.81,104,3.3548,-2.7479,0.8191,f,6 个月 · 全平台 · 全量 SKU · 2026-07-09
DJ505572_1,US DC 高架床 LB-11  YL   六抽门架款   一件两箱 颜色->黑色,ALL,AMAZON,B,T3,3.7137,3.5428,115.12,109.83,157,5.0645,-1.5217,0.3005,t,6 个月 · 全平台 · 全量 SKU · 2026-07-09
DJ505572_1,US DC 高架床 LB-11  YL   六抽门架款   一件两箱 颜色->黑色,ALL,UNKNOWN,B,T4B,1.3621,0.7323,42.23,22.70,76,2.4516,-1.7193,0.7013,f,6 个月 · 全平台 · 全量 SKU · 2026-07-09
DJ505572_2,US DC 高架床 LB-11  YL   六抽门架款   一件两箱 颜色->白色,ALL,AMAZON,B,T3,6.1675,6.2168,191.19,192.72,261,8.4194,-2.2026,0.2616,t,6 个月 · 全平台 · 全量 SKU · 2026-07-09
DJ505572_2,US DC 高架床 LB-11  YL   六抽门架款   一件两箱 颜色->白色,ALL,UNKNOWN,B,T4B,1.2813,0.6888,39.72,21.35,28,0.9032,-0.2144,0.2374,f,6 个月 · 全平台 · 全量 SKU · 2026-07-09
DJ505574_1,US DC 步梯高架床 LBWS-01 八抽一字桌款GS031  黑色+橡木灰 一件二箱,ALL,AMAZON,B,T4B,1.1643,0.5589,36.09,17.33,0,0.0000,0.5589,,f,6 个月 · 全平台 · 全量 SKU · 2026-07-09
DJ505574_1,US DC 步梯高架床 LBWS-01 八抽一字桌款GS031  黑色+橡木灰 一件二箱,ALL,WALMART,B,T4B,0.2143,0.1029,6.64,3.19,0,0.0000,0.1029,,f,6 个月 · 全平台 · 全量 SKU · 2026-07-09
DJ505574_2,US DC 步梯高架床 LBWS-01 八抽一字桌款GS031  白色+原木色 一件二箱,ALL,AMAZON,C,T4B,1.0357,0.4971,32.11,15.41,0,0.0000,0.4971,,f,6 个月 · 全平台 · 全量 SKU · 2026-07-09
DJ505574_2,US DC 步梯高架床 LBWS-01 八抽一字桌款GS031  白色+原木色 一件二箱,ALL,WALMART,C,T4B,0.3643,0.1749,11.29,5.42,0,0.0000,0.1749,,f,6 个月 · 全平台 · 全量 SKU · 2026-07-09
DJ505574_3,US DC 步梯高架床 LBWS-01 八抽一字桌款GS031  白色+渐变粉 一件二箱,ALL,AMAZON,C,T4B,1.4786,0.7097,45.84,22.00,0,0.0000,0.7097,,f,6 个月 · 全平台 · 全量 SKU · 2026-07-09
DJ505574_3,US DC 步梯高架床 LBWS-01 八抽一字桌款GS031  白色+渐变粉 一件二箱,ALL,WALMART,C,T4B,0.1929,0.0926,5.98,2.87,0,0.0000,0.0926,,f,6 个月 · 全平台 · 全量 SKU · 2026-07-09
DJ505575_1,UK DC 悬浮床 BXF-02L 床头槽灯菱形扣款-HQ108 135*190 灰色麻布,ALL,AMAZON,C,T4B,0.7429,0.3566,23.03,11.05,74,2.3871,-2.0305,0.8506,f,6 个月 · 全平台 · 全量 SKU · 2026-07-09
DJ505575_2,UK DC 悬浮床 BXF-02L 床头槽灯菱形扣款-HQ108 150*200 灰色麻布,ALL,AMAZON,C,T4B,0.4357,0.2091,13.51,6.48,73,2.3548,-2.1457,0.9112,f,6 个月 · 全平台 · 全量 SKU · 2026-07-09
DJ505576_1,US SD 1.52米单门高桌 一件一箱  颜色->黑麻,ALL,AMAZON,C,T4B,3.4154,1.8361,105.88,56.92,93,3.0000,-1.1639,0.3880,f,6 个月 · 全平台 · 全量 SKU · 2026-07-09
DJ505576_1,US SD 1.52米单门高桌 一件一箱  颜色->黑麻,ALL,TEMU,C,T4B,0.1516,0.0815,4.70,2.53,1,0.0323,0.0492,1.5265,f,6 个月 · 全平台 · 全量 SKU · 2026-07-09
DJ505576_1,US SD 1.52米单门高桌 一件一箱  颜色->黑麻,ALL,UNKNOWN,C,T4B,0.4758,0.2558,14.75,7.93,0,0.0000,0.2558,,f,6 个月 · 全平台 · 全量 SKU · 2026-07-09
DJ505576_2,US SD 1.52米单门高桌 一件一箱  颜色->火烧云,ALL,AMAZON,C,T4B,1.4264,0.7668,44.22,23.77,63,2.0323,-1.2655,0.6227,f,6 个月 · 全平台 · 全量 SKU · 2026-07-09
DJ505576_3,US SD 1.52米单门高桌 一件一箱  颜色->白麻,ALL,AMAZON,C,T4B,1.8379,0.9881,56.97,30.63,32,1.0323,-0.0442,0.0428,f,6 个月 · 全平台 · 全量 SKU · 2026-07-09
DJ505577_1,UK DC 铁木床 CBF-11L 方管铁木角落床带抽篮-152G 灰 90×190 一件两箱,ALL,AMAZON,C,T4B,1.2714,0.6103,39.41,18.92,107,3.4516,-2.8413,0.8232,f,6 个月 · 全平台 · 全量 SKU · 2026-07-09
DJ505578_1,US 现代简约风移动柜行政桌 一件一箱 颜色->棕+黑,ALL,AMAZON,C,T4B,0.6000,0.2880,18.60,8.93,0,0.0000,0.2880,,f,6 个月 · 全平台 · 全量 SKU · 2026-07-09
DJ505578_2,US 现代简约风移动柜行政桌 一件一箱 颜色->989-3+黑,ALL,AMAZON,C,T4B,0.7286,0.3497,22.59,10.84,16,0.5161,-0.1664,0.3225,f,6 个月 · 全平台 · 全量 SKU · 2026-07-09
DJ505578_3,US 现代简约风移动柜行政桌 一件一箱 颜色->浅棕+白,ALL,AMAZON,C,T4B,0.4500,0.2160,13.95,6.70,28,0.9032,-0.6872,0.7609,f,6 个月 · 全平台 · 全量 SKU · 2026-07-09
DJ505578_3,US 现代简约风移动柜行政桌 一件一箱 颜色->浅棕+白,ALL,UNKNOWN,C,T4B,0.3571,0.1714,11.07,5.31,8,0.2581,-0.0867,0.3358,f,6 个月 · 全平台 · 全量 SKU · 2026-07-09
DJ505579_1,US 八抽上床下桌带洞洞板  一件两箱  颜色->火烧云,ALL,AMAZON,B,T4B,0.6709,0.2737,20.80,8.48,25,0.8065,-0.5328,0.6606,f,6 个月 · 全平台 · 全量 SKU · 2026-07-09
DJ505579_1,US 八抽上床下桌带洞洞板  一件两箱  颜色->火烧云,ALL,TEMU,B,T4B,0.8357,0.4493,25.91,13.93,57,1.8387,-1.3894,0.7556,f,6 个月 · 全平台 · 全量 SKU · 2026-07-09
DJ505579_1,US 八抽上床下桌带洞洞板  一件两箱  颜色->火烧云,ALL,UNKNOWN,B,T4B,1.2000,0.6451,37.20,20.00,115,3.7097,-3.0646,0.8261,f,6 个月 · 全平台 · 全量 SKU · 2026-07-09
DJ505579_2,US 八抽上床下桌带洞洞板  一件两箱  颜色->白色,ALL,AMAZON,B,T4B,1.2533,0.6377,38.85,19.77,79,2.5484,-1.9107,0.7498,f,6 个月 · 全平台 · 全量 SKU · 2026-07-09
DJ505579_2,US 八抽上床下桌带洞洞板  一件两箱  颜色->白色,ALL,TEMU,B,T4B,0.7060,0.3592,21.89,11.14,33,1.0645,-0.7053,0.6626,f,6 个月 · 全平台 · 全量 SKU · 2026-07-09
DJ505579_2,US 八抽上床下桌带洞洞板  一件两箱  颜色->白色,ALL,UNKNOWN,B,T4B,2.0055,1.0782,62.17,33.42,118,3.8065,-2.7283,0.7167,f,6 个月 · 全平台 · 全量 SKU · 2026-07-09
DJ505581_1,EU BW铁木软包床LIWS-01 HQ  122款 粉色 一件一箱 90*190,ALL,AMAZON,C,T4B,0.2429,0.1166,7.53,3.61,59,1.9032,-1.7866,0.9387,f,6 个月 · 全平台 · 全量 SKU · 2026-07-09
DJ505581_2,EU BW铁木软包床LIWS-01 HQ  122款 粉色 一件一箱 90*200,ALL,AMAZON,C,T4B,0.6143,0.2949,19.04,9.14,70,2.2581,-1.9632,0.8694,f,6 个月 · 全平台 · 全量 SKU · 2026-07-09
DJ505581_3,EU BW铁木软包床LIWS-01 HQ  122款 粉色 一件一箱 120*200,ALL,AMAZON,C,T4B,0.1286,0.0617,3.99,1.91,30,0.9677,-0.9060,0.9362,f,6 个月 · 全平台 · 全量 SKU · 2026-07-09
DJ505583_1,US SD 2.3米双人双抽电脑桌 一件一箱 颜色->7625手抓纹,ALL,AMAZON,C,T4B,0.6505,0.3497,20.17,10.84,18,0.5806,-0.2309,0.3977,f,6 个月 · 全平台 · 全量 SKU · 2026-07-09
DJ505583_2,US SD 2.3米双人双抽电脑桌 一件一箱 颜色->胡桃棕+白,ALL,AMAZON,C,T4B,0.9132,0.4909,28.31,15.22,11,0.3548,0.1361,0.3834,f,6 个月 · 全平台 · 全量 SKU · 2026-07-09
DJ505588_1,EU AG JYH210 棉麻软包气杆床 靠背2档调节 双灯带 180*200cm 一件两箱 颜色->深灰色,ALL,AMAZON,C,T4B,0.7286,0.3497,22.59,10.84,56,1.8065,-1.4568,0.8064,f,6 个月 · 全平台 · 全量 SKU · 2026-07-09
DJ505588_2,EU AG JYH210 棉麻软包气杆床 靠背2档调节 双灯带 180*200cm 一件两箱 颜色->米白,ALL,AMAZON,C,T4B,0.5214,0.2503,16.16,7.76,38,1.2258,-0.9755,0.7958,f,6 个月 · 全平台 · 全量 SKU · 2026-07-09
DJ505589_1,EU MS 猫爬架 2顶窝猫房爬梯猫勺吊床 一件一箱 颜色->米白,ALL,AMAZON,C,T4B,0.2786,0.1337,8.64,4.14,69,2.2258,-2.0921,0.9399,f,6 个月 · 全平台 · 全量 SKU · 2026-07-09
DJ505589_2,EU MS 猫爬架 2顶窝猫房爬梯猫勺吊床 一件一箱 颜色->深灰色,ALL,AMAZON,C,T4B,0.4929,0.2366,15.28,7.33,84,2.7097,-2.4731,0.9127,f,6 个月 · 全平台 · 全量 SKU · 2026-07-09
DJ505589_3,EU MS 猫爬架 2顶窝猫房爬梯猫勺吊床 一件一箱 颜色->浅灰色,ALL,AMAZON,C,T4B,2.2929,1.1006,71.08,34.12,70,2.2581,-1.1575,0.5126,f,6 个月 · 全平台 · 全量 SKU · 2026-07-09
DJ505595_1,EU AG JYH234 棉麻软包气杆床 黑灰色2027板 掀盖靠背 双灯带 90*200cm 一件两箱 颜色->深灰色,ALL,AMAZON,C,T4B,0.2929,0.1406,9.08,4.36,23,0.7419,-0.6013,0.8105,f,6 个月 · 全平台 · 全量 SKU · 2026-07-09
DJ505596_1,EU AG JYH234 棉麻软包气杆床 黑灰色2027板 掀盖靠背 双灯带  140*190cm 一件两箱 颜色->深灰色,ALL,AMAZON,C,T4B,0.3071,0.1474,9.52,4.57,64,2.0645,-1.9171,0.9286,f,6 个月 · 全平台 · 全量 SKU · 2026-07-09
DJ505596_2,EU AG JYH234 棉麻软包气杆床 尼罗橡木板 掀盖靠背 双灯带 140*190cm 一件两箱 颜色->米白,ALL,AMAZON,C,T4B,0.6071,0.2914,18.82,9.03,42,1.3548,-1.0634,0.7849,f,6 个月 · 全平台 · 全量 SKU · 2026-07-09
DJ505597_1,EU AG JYH234 棉麻软包气杆床 黑灰色2027板 掀盖靠背 双灯带 140*200cm 一件两箱 颜色->深灰色,ALL,AMAZON,C,T4B,0.2143,0.1029,6.64,3.19,45,1.4516,-1.3487,0.9291,f,6 个月 · 全平台 · 全量 SKU · 2026-07-09
DJ505597_2,EU AG JYH234 棉麻软包气杆床 尼罗橡木板 掀盖靠背 双灯带 140*200cm 一件两箱 颜色->米白,ALL,AMAZON,C,T4B,0.3500,0.1680,10.85,5.21,31,1.0000,-0.8320,0.8320,f,6 个月 · 全平台 · 全量 SKU · 2026-07-09
DJ505598_1,US 床GSI-004T上下双层床带侧边办公桌床含插盘灯带99*190 一件两箱 颜色黑铁+火烧云板,ALL,UNKNOWN,C,T4B,0.1874,0.1007,5.81,3.12,12,0.3871,-0.2864,0.7399,f,6 个月 · 全平台 · 全量 SKU · 2026-07-09
DJ505598_3,US 床GSI-004T上下双层床带侧边办公桌床含插盘灯带99*190 一件两箱 颜色白铁+白山纹板,ALL,AMAZON,C,T4B,1.3714,0.6978,42.51,21.63,34,1.0968,-0.3990,0.3638,f,6 个月 · 全平台 · 全量 SKU · 2026-07-09
DJ505598_3,US 床GSI-004T上下双层床带侧边办公桌床含插盘灯带99*190 一件两箱 颜色白铁+白山纹板,ALL,UNKNOWN,C,T4B,0.5291,0.2845,16.40,8.82,27,0.8710,-0.5865,0.6734,f,6 个月 · 全平台 · 全量 SKU · 2026-07-09
DJ505599_2,"EU KM BF-GJ04 铁木拐角床头侧软包带柜门 尺码->S,90*190;颜色->黑色,黑板+灰软包",ALL,AMAZON,C,T4B,0.5159,0.2774,15.99,8.60,27,0.8710,-0.5936,0.6815,f,6 个月 · 全平台 · 全量 SKU · 2026-07-09
DJ505599_4,"EU KM BF-GJ04 铁木拐角床头侧软包带柜门 尺码->M,90*200;颜色->黑色,黑板+灰软包",ALL,AMAZON,C,T4B,1.1984,0.6442,37.15,19.97,52,1.6774,-1.0332,0.6160,f,6 个月 · 全平台 · 全量 SKU · 2026-07-09
DJ505599_4,"EU KM BF-GJ04 铁木拐角床头侧软包带柜门 尺码->M,90*200;颜色->黑色,黑板+灰软包",ALL,UNKNOWN,C,T4B,0.1714,0.0823,5.31,2.55,9,0.2903,-0.2080,0.7165,f,6 个月 · 全平台 · 全量 SKU · 2026-07-09
DJ505600,US DC 炫酷软包床 BFCB-01 PU材质 床头下翻门 灯带插排 T 白色 一件一箱,ALL,AMAZON,C,T4B,0.5511,0.2963,17.08,9.19,14,0.4516,-0.1553,0.3439,f,6 个月 · 全平台 · 全量 SKU · 2026-07-09
DJ505601_1,US DC 炫酷软包床 BFCB-01 PU材质 床头下翻门 灯带插排 Q 黑色 一件两箱,ALL,AMAZON,B,T4A,2.4867,1.2923,77.09,40.06,168,5.4194,-4.1271,0.7615,t,6 个月 · 全平台 · 全量 SKU · 2026-07-09
DJ505601_1,US DC 炫酷软包床 BFCB-01 PU材质 床头下翻门 灯带插排 Q 黑色 一件两箱,ALL,UNKNOWN,B,T4B,0.3571,0.1714,11.07,5.31,41,1.3226,-1.1512,0.8704,f,6 个月 · 全平台 · 全量 SKU · 2026-07-09
DJ505601_2,US DC 炫酷软包床 BFCB-01 PU材质 床头下翻门 灯带插排 Q 白色 一件两箱,ALL,AMAZON,C,T4B,0.3143,0.1509,9.74,4.68,17,0.5484,-0.3975,0.7248,f,6 个月 · 全平台 · 全量 SKU · 2026-07-09
DJ505605_1,"EU KM BF-TG02 铁木软包大床头拐角床 双包装 尺码->S,90*190;颜色->灰色,亚麻-灰",ALL,AMAZON,C,T4B,0.2143,0.1029,6.64,3.19,14,0.4516,-0.3487,0.7722,f,6 个月 · 全平台 · 全量 SKU · 2026-07-09
DJ505605_2,"EU KM BF-TG02 铁木软包大床头拐角床 双包装 尺码->M,90*200;颜色->灰色,亚麻-灰",ALL,AMAZON,C,T4B,0.5929,0.2846,18.38,8.82,30,0.9677,-0.6831,0.7059,f,6 个月 · 全平台 · 全量 SKU · 2026-07-09
DJ505605_3,"EU KM BF-TG02 铁木软包大床头拐角床 双包装 尺码->L,140*190;颜色->灰色,亚麻-灰",ALL,AMAZON,C,T4B,0.4429,0.2126,13.73,6.59,29,0.9355,-0.7229,0.7727,f,6 个月 · 全平台 · 全量 SKU · 2026-07-09
DJ505605_4,"EU KM BF-TG02 铁木软包大床头拐角床 双包装 尺码->XL,140*200;颜色->灰色,亚麻-灰",ALL,AMAZON,C,T4B,0.4500,0.2160,13.95,6.70,20,0.6452,-0.4292,0.6652,f,6 个月 · 全平台 · 全量 SKU · 2026-07-09
DJ505610_1,UK BW 边柜NSD-03 英标插排氛围灯款 上空2抽 两件一箱 颜色->黑色,ALL,AMAZON,C,T4B,0.2000,0.0960,6.20,2.98,42,1.3548,-1.2588,0.9291,f,6 个月 · 全平台 · 全量 SKU · 2026-07-09
DJ505610_2,UK BW 边柜NSD-03 英标插排氛围灯款 上空2抽 两件一箱 颜色->白色,ALL,AMAZON,C,T4B,0.4714,0.2263,14.61,7.02,64,2.0645,-1.8382,0.8904,f,6 个月 · 全平台 · 全量 SKU · 2026-07-09
DJ505611_1,UK BW 边柜NSD-04 英标插排 3抽 两件一箱 颜色->黑色,ALL,AMAZON,D,T4B,0.0857,0.0411,2.66,1.27,10,0.3226,-0.2815,0.8726,f,6 个月 · 全平台 · 全量 SKU · 2026-07-09
DJ505612_1,UK BW 边柜NSD-03 英标插排氛围灯款 上空2抽 一件一箱 颜色->黑色,ALL,AMAZON,C,T4B,0.1071,0.0514,3.32,1.59,18,0.5806,-0.5292,0.9115,f,6 个月 · 全平台 · 全量 SKU · 2026-07-09
DJ505612_2,UK BW 边柜NSD-03 英标插排氛围灯款 上空2抽 一件一箱 颜色->白色,ALL,AMAZON,C,T4B,0.2071,0.0994,6.42,3.08,47,1.5161,-1.4167,0.9344,f,6 个月 · 全平台 · 全量 SKU · 2026-07-09
DJ505615_2,"EU KM BF GY02 靠背储物液压床 尺码->L,140*190;颜色->灰色,亚麻灰",ALL,AMAZON,C,T4B,0.3429,0.1646,10.63,5.10,31,1.0000,-0.8354,0.8354,f,6 个月 · 全平台 · 全量 SKU · 2026-07-09
DJ505616_1,"EU KM BF GY03 靠背储物+开放格+尾抽液压床 尺码->L,140*190;颜色->灰色,亚麻灰",ALL,AMAZON,C,T4B,0.2500,0.1200,7.75,3.72,20,0.6452,-0.5252,0.8140,f,6 个月 · 全平台 · 全量 SKU · 2026-07-09
DJ505616_2,"EU KM BF GY03 靠背储物+开放格+尾抽液压床 尺码->XL,140*200;颜色->灰色,亚麻灰",ALL,AMAZON,C,T4B,0.1286,0.0617,3.99,1.91,34,1.0968,-1.0351,0.9437,f,6 个月 · 全平台 · 全量 SKU · 2026-07-09
DJ505618_6,EU BW BXF-Q02 舒适靠背款悬浮床 HQ 614 灰色麻布 一件两箱 180*200,ALL,AMAZON,C,T4B,0.1429,0.0686,4.43,2.13,50,1.6129,-1.5443,0.9575,f,6 个月 · 全平台 · 全量 SKU · 2026-07-09
DJ505621_1,US DC 炫酷软包床 BFCB-01 PU材质 床头下翻门 灯带插排 黑色 F改 一件一箱,ALL,AMAZON,B,T4A,2.6559,1.3802,82.33,42.79,286,9.2258,-7.8456,0.8504,t,6 个月 · 全平台 · 全量 SKU · 2026-07-09
DJ505621_1,US DC 炫酷软包床 BFCB-01 PU材质 床头下翻门 灯带插排 黑色 F改 一件一箱,ALL,UNKNOWN,B,T4B,0.6643,0.3189,20.59,9.89,102,3.2903,-2.9714,0.9031,f,6 个月 · 全平台 · 全量 SKU · 2026-07-09
DJ505621_2,US DC 炫酷软包床 BFCB-01 PU材质 床头下翻门 灯带插排 白色  F改 一件一箱,ALL,AMAZON,C,T4B,0.5637,0.3031,17.47,9.40,2,0.0645,0.2386,3.6980,f,6 个月 · 全平台 · 全量 SKU · 2026-07-09
DJ505626_1,US ER BF-TM03 双层F+T儿童床 一件一箱 颜色->白色,ALL,AMAZON,C,T4B,0.3786,0.1817,11.74,5.63,36,1.1613,-0.9796,0.8435,f,6 个月 · 全平台 · 全量 SKU · 2026-07-09
DJ505626_2,US ER BF-TM03 双层F+T儿童床 一件一箱 颜色->黑色,ALL,AMAZON,C,T4B,0.9929,0.4766,30.78,14.77,27,0.8710,-0.3944,0.4528,f,6 个月 · 全平台 · 全量 SKU · 2026-07-09
DJ505627_1,US AG 高架床 下铺布抽可活动 Twin 一件两箱 颜色->白色,ALL,AMAZON,C,T4B,0.2165,0.1164,6.71,3.61,16,0.5161,-0.3997,0.7745,f,6 个月 · 全平台 · 全量 SKU · 2026-07-09
DJ505627_2,US AG 高架床 下铺布抽可活动 Twin 一件两箱 颜色->灰色,ALL,AMAZON,C,T4B,0.1610,0.0865,4.99,2.68,24,0.7742,-0.6877,0.8883,f,6 个月 · 全平台 · 全量 SKU · 2026-07-09
DJ505630_1,EU AG JYUH230 棉麻软包气杆床 软壳双灯带 140*190cm 一件两箱 颜色->深灰色,ALL,AMAZON,C,T4B,0.3929,0.1886,12.18,5.85,95,3.0645,-2.8759,0.9385,f,6 个月 · 全平台 · 全量 SKU · 2026-07-09
DJ505630_2,EU AG JYUH230 棉麻软包气杆床 软壳双灯带 140*190cm 一件两箱 颜色->米白,ALL,AMAZON,C,T4B,0.2071,0.0994,6.42,3.08,18,0.5806,-0.4812,0.8288,f,6 个月 · 全平台 · 全量 SKU · 2026-07-09
DJ505631_1,EU AG JYUH230 棉麻软包气杆床 软壳双灯带 140*200cm 一件两箱 颜色->深灰色,ALL,AMAZON,C,T4B,0.6429,0.3086,19.93,9.57,101,3.2581,-2.9495,0.9053,f,6 个月 · 全平台 · 全量 SKU · 2026-07-09
DJ505631_2,EU AG JYUH230 棉麻软包气杆床 软壳双灯带 140*200cm 一件两箱 颜色->米白,ALL,AMAZON,C,T4B,0.1429,0.0686,4.43,2.13,27,0.8710,-0.8024,0.9212,f,6 个月 · 全平台 · 全量 SKU · 2026-07-09
DJ505634_1,"US UA DK-XZ09 2米L型板式3抽行政桌 一件两箱 颜色->#1,胡桃色+麻面黑",ALL,AMAZON,C,T4B,0.4571,0.2194,14.17,6.80,70,2.2581,-2.0387,0.9028,f,6 个月 · 全平台 · 全量 SKU · 2026-07-09
DJ505635_1,EU AG软包床 绒布气杆 1灯带 欧标插排2AC+1U1T 0.9*2m 一件两箱  颜色->米白,ALL,AMAZON,C,T4B,0.4786,0.2297,14.84,7.12,131,4.2258,-3.9961,0.9456,f,6 个月 · 全平台 · 全量 SKU · 2026-07-09
DJ505635_2,EU AG软包床 棉麻气杆 1灯带 欧标插排2AC+1U1T 0.9*2m 一件两箱  颜色->深灰色,ALL,AMAZON,C,T4B,0.4000,0.1920,12.40,5.95,79,2.5484,-2.3564,0.9247,f,6 个月 · 全平台 · 全量 SKU · 2026-07-09
DJ505636_1,US DC 高架床 BBC-03 YC 折线造型床头+短桌 上F下F  一件两箱 颜色->黑色,ALL,AMAZON,C,T4B,0.6357,0.3051,19.71,9.46,16,0.5161,-0.2110,0.4089,f,6 个月 · 全平台 · 全量 SKU · 2026-07-09
DJ505636_2,US DC 高架床 BBC-03 YC 折线造型床头+短桌 上F下F  一件两箱 颜色->白色,ALL,AMAZON,C,T4B,0.5929,0.2846,18.38,8.82,28,0.9032,-0.6186,0.6849,f,6 个月 · 全平台 · 全量 SKU · 2026-07-09
DJ505638_1,EU AG软包气杆床 绒布 床头可调+尾抽1.4*1.9m 1灯带 欧标排插3U1T 一件两箱 颜色->米白,ALL,AMAZON,C,T4B,0.3214,0.1543,9.96,4.78,114,3.6774,-3.5231,0.9580,f,6 个月 · 全平台 · 全量 SKU · 2026-07-09
DJ505638_2,EU AG软包气杆床 绒布 床头可调+尾抽1.4*1.9m 1灯带 欧标排插3U1T 一件两箱 颜色->深灰色,ALL,AMAZON,C,T4B,0.1714,0.0823,5.31,2.55,53,1.7097,-1.6274,0.9519,f,6 个月 · 全平台 · 全量 SKU · 2026-07-09
DJ505639_1,EU AG软包气杆床 绒布 床头可调+尾抽1.4*2m 1灯带 欧标排插3U1T 一件两箱 颜色->深灰色,ALL,AMAZON,C,T4B,0.2071,0.0994,6.42,3.08,22,0.7097,-0.6103,0.8599,f,6 个月 · 全平台 · 全量 SKU · 2026-07-09
DJ505640_1,EU AG软包气杆床 绒布 床头可调+尾抽1.6*2m 1灯带 欧标排插3U1T 一件两箱 颜色->深灰色,ALL,AMAZON,C,T4B,0.2857,0.1371,8.86,4.25,40,1.2903,-1.1532,0.8937,f,6 个月 · 全平台 · 全量 SKU · 2026-07-09
DJ505641_1,EU AG气杆床 绒布 立耳简约款1.4*1.9m 1灯带 欧标排插3U1T 一件两箱  颜色->米白,ALL,AMAZON,C,T4B,0.7500,0.3600,23.25,11.16,109,3.5161,-3.1561,0.8976,f,6 个月 · 全平台 · 全量 SKU · 2026-07-09
DJ505641_2,EU AG气杆床 绒布 立耳简约款1.4*1.9m 1灯带 欧标排插3U1T 一件两箱  颜色->深灰色,ALL,AMAZON,C,T4B,0.3071,0.1474,9.52,4.57,67,2.1613,-2.0139,0.9318,f,6 个月 · 全平台 · 全量 SKU · 2026-07-09
DJ505642_1,EU AG气杆床 绒布 立耳简约款1.4*2m 1灯带 欧标排插3U1T 一件两箱 颜色->米白,ALL,AMAZON,C,T4B,0.3500,0.1680,10.85,5.21,33,1.0645,-0.8965,0.8422,f,6 个月 · 全平台 · 全量 SKU · 2026-07-09
DJ505642_2,EU AG气杆床 绒布 立耳简约款1.4*2m 1灯带 欧标排插3U1T 一件两箱 颜色->深灰色,ALL,AMAZON,C,T4B,0.2214,0.1063,6.86,3.30,21,0.6774,-0.5711,0.8431,f,6 个月 · 全平台 · 全量 SKU · 2026-07-09
DJ505643_1,EU AG气杆床 绒布 立耳简约款1.6*2m 1灯带 欧标排插3U1T 一件两箱 颜色->深灰色,ALL,AMAZON,C,T4B,0.2143,0.1029,6.64,3.19,52,1.6774,-1.5745,0.9387,f,6 个月 · 全平台 · 全量 SKU · 2026-07-09
DJ505644_1,US DC 铁木床 BFX-01 床头床尾含灯带床头翻门置物GS 黑色麻面 F 一件一箱,ALL,AMAZON,D,T4B,0.3071,0.1474,9.52,4.57,32,1.0323,-0.8849,0.8572,f,6 个月 · 全平台 · 全量 SKU · 2026-07-09
DJ505645_1,US VD 板式床 乡村风 3灯带 2柜门 4抽 F 一件两箱 颜色->白色,ALL,AMAZON,C,T4B,0.2643,0.1269,8.19,3.93,71,2.2903,-2.1634,0.9446,f,6 个月 · 全平台 · 全量 SKU · 2026-07-09
DJ505645_2,US VD 板式床 乡村风 3灯带 2柜门 4抽 F 一件两箱 颜色->灰色,ALL,AMAZON,C,T4B,0.3714,0.1783,11.51,5.53,59,1.9032,-1.7249,0.9063,f,6 个月 · 全平台 · 全量 SKU · 2026-07-09
DJ505645_2,US VD 板式床 乡村风 3灯带 2柜门 4抽 F 一件两箱 颜色->灰色,ALL,UNKNOWN,C,T4B,0.0857,0.0411,2.66,1.27,39,1.2581,-1.2170,0.9673,f,6 个月 · 全平台 · 全量 SKU · 2026-07-09
DJ505646_1,US VD 板式床 乡村风 3灯带 2柜门 4抽 Q 一件两箱 颜色->白色,ALL,AMAZON,C,T4B,0.5071,0.2434,15.72,7.55,71,2.2903,-2.0469,0.8937,f,6 个月 · 全平台 · 全量 SKU · 2026-07-09
DJ505646_1,US VD 板式床 乡村风 3灯带 2柜门 4抽 Q 一件两箱 颜色->白色,ALL,UNKNOWN,C,T4B,0.2429,0.1166,7.53,3.61,20,0.6452,-0.5286,0.8193,f,6 个月 · 全平台 · 全量 SKU · 2026-07-09
DJ505646_2,US VD 板式床 乡村风 3灯带 2柜门 4抽 Q 一件两箱 颜色->灰色,ALL,AMAZON,C,T4B,0.5429,0.2606,16.83,8.08,71,2.2903,-2.0297,0.8862,f,6 个月 · 全平台 · 全量 SKU · 2026-07-09
DJ505646_2,US VD 板式床 乡村风 3灯带 2柜门 4抽 Q 一件两箱 颜色->灰色,ALL,UNKNOWN,C,T4B,0.2071,0.0994,6.42,3.08,9,0.2903,-0.1909,0.6576,f,6 个月 · 全平台 · 全量 SKU · 2026-07-09
DJ505648_1,US SD 1.2米悬浮升降咖啡桌 一件一箱  颜色->黑色高光,ALL,AMAZON,C,T4B,0.8643,0.4149,26.79,12.86,28,0.9032,-0.4883,0.5406,f,6 个月 · 全平台 · 全量 SKU · 2026-07-09
DJ505648_2,US SD 1.2米悬浮升降咖啡桌 一件一箱  颜色->黑色高光大理石,ALL,AMAZON,C,T4B,0.4214,0.2023,13.06,6.27,26,0.8387,-0.6364,0.7588,f,6 个月 · 全平台 · 全量 SKU · 2026-07-09
DJ505648_3,US SD 1.2米悬浮升降咖啡桌 一件一箱  颜色->白色高光大理石,ALL,AMAZON,C,T4B,0.3214,0.1543,9.96,4.78,17,0.5484,-0.3941,0.7186,f,6 个月 · 全平台 · 全量 SKU · 2026-07-09
DJ505649_1,US DC 铁木床 CBF-04L 方管铁木角落床带抽 128 白色 T 一件一箱,ALL,AMAZON,C,T4B,0.6500,0.3120,20.15,9.67,58,1.8710,-1.5590,0.8332,f,6 个月 · 全平台 · 全量 SKU · 2026-07-09
DJ505649_2,US DC 铁木床 CBF-04L 方管铁木角落床带抽 128 白色 TXL 一件一箱,ALL,AMAZON,C,T4B,0.3286,0.1577,10.19,4.89,18,0.5806,-0.4229,0.7284,f,6 个月 · 全平台 · 全量 SKU · 2026-07-09
DJ505649_3,US DC 铁木床 CBF-04L 方管铁木角落床带抽 128 白色 F  一件一箱,ALL,AMAZON,C,T4B,0.5571,0.2674,17.27,8.29,30,0.9677,-0.7003,0.7237,f,6 个月 · 全平台 · 全量 SKU · 2026-07-09
DJ505650_1,US SD 1.4米单人三抽U型腿电脑桌  一件一箱 颜色->原木色零度浮雕,ALL,AMAZON,C,T4B,1.0429,0.5006,32.33,15.52,0,0.0000,0.5006,,f,6 个月 · 全平台 · 全量 SKU · 2026-07-09
DJ505650_2,US SD 1.4米单人三抽U型腿电脑桌  一件一箱 颜色->黑色大山纹零度,ALL,AMAZON,C,T4B,0.7500,0.3600,23.25,11.16,14,0.4516,-0.0916,0.2029,f,6 个月 · 全平台 · 全量 SKU · 2026-07-09
DJ505650_3,US SD 1.4米单人三抽U型腿电脑桌  一件一箱 颜色->白色大山纹零度,ALL,AMAZON,C,T4B,0.4429,0.2126,13.73,6.59,36,1.1613,-0.9487,0.8169,f,6 个月 · 全平台 · 全量 SKU · 2026-07-09
DJ505651_2,US 1.6米U型腿三抽板材L桌 一件两箱 颜色->黑色大山纹零度,ALL,AMAZON,C,T4B,0.7714,0.3703,23.91,11.48,0,0.0000,0.3703,,f,6 个月 · 全平台 · 全量 SKU · 2026-07-09
DJ505651_3,US 1.6米U型腿三抽板材L桌 一件两箱 颜色->白色大山纹零度,ALL,AMAZON,C,T4B,0.6000,0.2880,18.60,8.93,0,0.0000,0.2880,,f,6 个月 · 全平台 · 全量 SKU · 2026-07-09
DJ505655_1,US SD 1.65米X字双抽电脑桌 一件一箱 颜色->棕（顶）+白麻,ALL,AMAZON,C,T4B,1.2357,0.5931,38.31,18.39,0,0.0000,0.5931,,f,6 个月 · 全平台 · 全量 SKU · 2026-07-09
DJ505657_4,US YSY-YW01 7抽帐篷低阁楼床带2条灯带床头置物袋 一件一箱 颜色->紫色,ALL,AMAZON,C,T4B,0.4429,0.2126,13.73,6.59,21,0.6774,-0.4648,0.6862,f,6 个月 · 全平台 · 全量 SKU · 2026-07-09
DJ505658_1,US SD 1.7米五抽单人桌  一件一箱   颜色->火烧云,ALL,AMAZON,C,T4B,1.5500,0.7440,48.05,23.06,72,2.3226,-1.5786,0.6797,f,6 个月 · 全平台 · 全量 SKU · 2026-07-09
DJ505658_3,US SD 1.7米五抽单人桌  一件一箱   颜色->白色,ALL,AMAZON,C,T4B,0.1714,0.0823,5.31,2.55,45,1.4516,-1.3693,0.9433,f,6 个月 · 全平台 · 全量 SKU · 2026-07-09
DJ505658_4,US SD 1.7米五抽单人桌  一件一箱   颜色->989-3灰色,ALL,AMAZON,D,T4B,0.2571,0.1234,7.97,3.83,33,1.0645,-0.9411,0.8841,f,6 个月 · 全平台 · 全量 SKU · 2026-07-09
DJ505659_1,US SD 1.9M五抽单人桌  一件一箱  颜色->火烧云,ALL,AMAZON,C,T4B,1.3549,0.7284,42.00,22.58,73,2.3548,-1.6264,0.6907,f,6 个月 · 全平台 · 全量 SKU · 2026-07-09
DJ505659_2,US SD 1.9M五抽单人桌  一件一箱  颜色->黑色,ALL,AMAZON,C,T4B,1.9330,1.0392,59.92,32.22,79,2.5484,-1.5092,0.5922,f,6 个月 · 全平台 · 全量 SKU · 2026-07-09
DJ505659_4,US SD 1.9M五抽单人桌  一件一箱  颜色->989-3灰色,ALL,AMAZON,C,T4B,2.0505,1.1024,63.57,34.17,73,2.3548,-1.2524,0.5319,f,6 个月 · 全平台 · 全量 SKU · 2026-07-09
DJ505660_2,US 双抽农舍竖条高文件柜 一件一箱 颜色->棕色,ALL,AMAZON,C,T4B,0.7522,0.4044,23.32,12.54,36,1.1613,-0.7569,0.6518,f,6 个月 · 全平台 · 全量 SKU · 2026-07-09
DJ505660_3,US 双抽农舍竖条高文件柜 一件一箱 颜色->989-3灰,ALL,AMAZON,C,T4B,0.7615,0.4094,23.61,12.69,27,0.8710,-0.4616,0.5299,f,6 个月 · 全平台 · 全量 SKU · 2026-07-09
DJ505661_2,US AG 板式床 靠背翻盖软包 床头双柜门 6抽 F 一件两箱 颜色->黑色,ALL,AMAZON,C,T4B,0.2500,0.1200,7.75,3.72,63,2.0323,-1.9123,0.9410,f,6 个月 · 全平台 · 全量 SKU · 2026-07-09
DJ505662_2,US AG 板式床 靠背翻盖软包 床头双柜门 6抽 Q 一件两箱 颜色->黑色,ALL,AMAZON,C,T4B,0.5643,0.2709,17.49,8.40,62,2.0000,-1.7291,0.8646,f,6 个月 · 全平台 · 全量 SKU · 2026-07-09
DJ505663_2,"EU KM BF-RX03 带床头悬浮床 双包装 尺码->XXXL,180*200;颜色->灰色,亚麻灰",ALL,AMAZON,C,T4B,0.3143,0.1509,9.74,4.68,36,1.1613,-1.0104,0.8701,f,6 个月 · 全平台 · 全量 SKU · 2026-07-09
DJ505665_2,"EU AD BF-TG03 铁木软包内侧大布抽拐角床 双包装 尺码->M,90*200;颜色->灰色,亚麻灰",ALL,AMAZON,C,T4B,0.2071,0.0994,6.42,3.08,35,1.1290,-1.0296,0.9120,f,6 个月 · 全平台 · 全量 SKU · 2026-07-09
DJ505666_2,"EU KM BF-RG01 软包拐角液压床 双包装 尺码->M,90*200;颜色->白色,PU白",ALL,AMAZON,C,T4B,0.1714,0.0823,5.31,2.55,28,0.9032,-0.8209,0.9089,f,6 个月 · 全平台 · 全量 SKU · 2026-07-09
DJ505666_3,"EU KM BF-RG01 软包拐角液压床 双包装 尺码->M,90*200;颜色->灰色,亚麻灰",ALL,AMAZON,C,T4B,0.6429,0.3086,19.93,9.57,29,0.9355,-0.6269,0.6701,f,6 个月 · 全平台 · 全量 SKU · 2026-07-09
DJ505666_3,"EU KM BF-RG01 软包拐角液压床 双包装 尺码->M,90*200;颜色->灰色,亚麻灰",ALL,UNKNOWN,C,T4B,0.4000,0.1920,12.40,5.95,14,0.4516,-0.2596,0.5749,f,6 个月 · 全平台 · 全量 SKU · 2026-07-09
DJ505666_6,"EU KM BF-RG01 软包拐角液压床 双包装 尺码->XL,140*200;颜色->灰色,亚麻灰",ALL,AMAZON,C,T4B,0.2571,0.1234,7.97,3.83,42,1.3548,-1.2314,0.9089,f,6 个月 · 全平台 · 全量 SKU · 2026-07-09
DJ505666_6,"EU KM BF-RG01 软包拐角液压床 双包装 尺码->XL,140*200;颜色->灰色,亚麻灰",ALL,UNKNOWN,C,T4B,0.2786,0.1337,8.64,4.14,15,0.4839,-0.3502,0.7237,f,6 个月 · 全平台 · 全量 SKU · 2026-07-09
DJ505667_6,"EU KM BF-RX03 带床头悬浮床 单包装 尺码->XXL,160*200;颜色->灰色,亚麻灰",ALL,AMAZON,C,T4B,0.0929,0.0446,2.88,1.38,18,0.5806,-0.5360,0.9232,f,6 个月 · 全平台 · 全量 SKU · 2026-07-09
DJ505668_1,US SD L桌带文件抽桌面宽470mm  颜色->火烧云,ALL,AMAZON,B,T4B,2.4357,1.1691,75.51,36.24,159,5.1290,-3.9599,0.7721,f,6 个月 · 全平台 · 全量 SKU · 2026-07-09
DJ505668_1,US SD L桌带文件抽桌面宽470mm  颜色->火烧云,ALL,UNKNOWN,B,T4B,0.4786,0.2297,14.84,7.12,47,1.5161,-1.2864,0.8485,f,6 个月 · 全平台 · 全量 SKU · 2026-07-09
DJ505668_2,US SD L桌带文件抽桌面宽470mm  颜色->黑色,ALL,AMAZON,B,T4B,2.6071,1.2514,80.82,38.79,175,5.6452,-4.3938,0.7783,f,6 个月 · 全平台 · 全量 SKU · 2026-07-09
DJ505668_2,US SD L桌带文件抽桌面宽470mm  颜色->黑色,ALL,TEMU,B,T4B,0.4714,0.2263,14.61,7.02,33,1.0645,-0.8382,0.7874,f,6 个月 · 全平台 · 全量 SKU · 2026-07-09
DJ505668_2,US SD L桌带文件抽桌面宽470mm  颜色->黑色,ALL,TIKTOK,B,T4B,0.2571,0.1234,7.97,3.83,12,0.3871,-0.2637,0.6812,f,6 个月 · 全平台 · 全量 SKU · 2026-07-09
DJ505668_2,US SD L桌带文件抽桌面宽470mm  颜色->黑色,ALL,UNKNOWN,B,T4B,1.6857,0.8091,52.26,25.08,140,4.5161,-3.7070,0.8208,f,6 个月 · 全平台 · 全量 SKU · 2026-07-09
DJ505668_3,US SD L桌带文件抽桌面宽470mm  颜色->白色,ALL,AMAZON,C,T4B,1.7786,0.8537,55.14,26.46,117,3.7742,-2.9205,0.7738,f,6 个月 · 全平台 · 全量 SKU · 2026-07-09
DJ505668_3,US SD L桌带文件抽桌面宽470mm  颜色->白色,ALL,TEMU,C,T4B,0.1929,0.0926,5.98,2.87,6,0.1935,-0.1009,0.5216,f,6 个月 · 全平台 · 全量 SKU · 2026-07-09
DJ505668_3,US SD L桌带文件抽桌面宽470mm  颜色->白色,ALL,TIKTOK,C,T4B,0.1714,0.0823,5.31,2.55,14,0.4516,-0.3693,0.8178,f,6 个月 · 全平台 · 全量 SKU · 2026-07-09
DJ505668_3,US SD L桌带文件抽桌面宽470mm  颜色->白色,ALL,UNKNOWN,C,T4B,0.5714,0.2743,17.71,8.50,42,1.3548,-1.0805,0.7975,f,6 个月 · 全平台 · 全量 SKU · 2026-07-09
DJ505668_4,US SD L桌带文件抽桌面宽470mm  颜色->989-3灰色,ALL,AMAZON,C,T4B,1.7143,0.8229,53.14,25.51,332,10.7097,-9.8868,0.9232,f,6 个月 · 全平台 · 全量 SKU · 2026-07-09
DJ505668_5,US SD L桌带文件抽桌面宽470mm  颜色->989-2,ALL,AMAZON,C,T4B,0.6714,0.3223,20.81,9.99,70,2.2581,-1.9358,0.8573,f,6 个月 · 全平台 · 全量 SKU · 2026-07-09
DJ505669_2,US YSY-694款 F尺寸14抽上床下桌带排插灯带 一件两箱 颜色->白色,ALL,AMAZON,D,T4B,1.3467,0.7240,41.75,22.44,50,1.6129,-0.8889,0.5511,f,6 个月 · 全平台 · 全量 SKU · 2026-07-09
DJ505669_3,US YSY-694款 F尺寸14抽上床下桌带排插灯带 一件两箱 颜色->灰色,ALL,AMAZON,D,T4B,1.0176,0.5471,31.55,16.96,37,1.1935,-0.6464,0.5416,f,6 个月 · 全平台 · 全量 SKU · 2026-07-09
DJ505670_1,US SD L桌带抽屉六抽款 一件一箱 颜色->黑色,ALL,AMAZON,C,T4B,0.8357,0.4011,25.91,12.43,73,2.3548,-1.9537,0.8297,f,6 个月 · 全平台 · 全量 SKU · 2026-07-09
DJ505670_2,US SD L桌带抽屉六抽款 一件一箱 颜色->白色,ALL,AMAZON,D,T4B,0.1143,0.0549,3.54,1.70,28,0.9032,-0.8483,0.9392,f,6 个月 · 全平台 · 全量 SKU · 2026-07-09
DJ505670_4,US SD L桌带抽屉六抽款 一件一箱 颜色->火烧云,ALL,AMAZON,C,T4B,2.8429,1.3646,88.13,42.30,243,7.8387,-6.4741,0.8259,f,6 个月 · 全平台 · 全量 SKU · 2026-07-09
DJ505670_4,US SD L桌带抽屉六抽款 一件一箱 颜色->火烧云,ALL,TEMU,C,T4B,0.1214,0.0583,3.76,1.81,23,0.7419,-0.6836,0.9214,f,6 个月 · 全平台 · 全量 SKU · 2026-07-09
DJ505671_1,US DC 公主床 BPS-01 GS-041钻石拉扣床侧带抽 T 粉色 一件一箱,ALL,AMAZON,B,T4B,1.9967,1.0734,61.90,33.28,67,2.1613,-1.0879,0.5034,f,6 个月 · 全平台 · 全量 SKU · 2026-07-09
DJ505671_1,US DC 公主床 BPS-01 GS-041钻石拉扣床侧带抽 T 粉色 一件一箱,ALL,WALMART,B,T4B,0.2214,0.1063,6.86,3.30,23,0.7419,-0.6356,0.8567,f,6 个月 · 全平台 · 全量 SKU · 2026-07-09
DJ505671_2,US DC 公主床 BPS-01 GS-041钻石拉扣床侧带抽 F 粉色 一件一箱,ALL,AMAZON,C,T4B,1.5835,0.8513,49.09,26.39,60,1.9355,-1.0842,0.5602,f,6 个月 · 全平台 · 全量 SKU · 2026-07-09
DJ505672_1,US DC 公主床 BPS-01 GS-041钻石拉扣床侧带抽 T 米色 一件一箱,ALL,AMAZON,B,T4B,1.9648,1.0563,60.91,32.75,102,3.2903,-2.2340,0.6790,f,6 个月 · 全平台 · 全量 SKU · 2026-07-09
DJ505672_2,US DC 公主床 BPS-01 GS-041钻石拉扣床侧带抽 F 米色 一件一箱,ALL,AMAZON,C,T4B,1.6440,0.8838,50.96,27.40,138,4.4516,-3.5678,0.8015,f,6 个月 · 全平台 · 全量 SKU · 2026-07-09
DJ505673_1,US RL-597款 F尺寸5抽上下床带桌子含灯带插排，带侧袋和桌边布袋 一件两箱 颜色->火烧云,ALL,AMAZON,B,T4B,1.8626,1.0014,57.74,31.04,79,2.5484,-1.5470,0.6070,f,6 个月 · 全平台 · 全量 SKU · 2026-07-09
DJ505673_1,US RL-597款 F尺寸5抽上下床带桌子含灯带插排，带侧袋和桌边布袋 一件两箱 颜色->火烧云,ALL,UNKNOWN,B,T4B,1.1137,0.5987,34.52,18.56,44,1.4194,-0.8207,0.5782,f,6 个月 · 全平台 · 全量 SKU · 2026-07-09
DJ505673_1,US RL-597款 F尺寸5抽上下床带桌子含灯带插排，带侧袋和桌边布袋 一件两箱 颜色->火烧云,ALL,WALMART,B,T4B,0.2500,0.1200,7.75,3.72,11,0.3548,-0.2348,0.6618,f,6 个月 · 全平台 · 全量 SKU · 2026-07-09
DJ505673_2,US RL-597款 F尺寸5抽上下床带桌子含灯带插排，带侧袋和桌边布袋 一件两箱 颜色->白色,ALL,AMAZON,D,T4B,1.0808,0.5810,33.50,18.01,37,1.1935,-0.6125,0.5132,f,6 个月 · 全平台 · 全量 SKU · 2026-07-09
DJ505673_3,US RL-597款 F尺寸5抽上下床带桌子含灯带插排，带侧袋和桌边布袋 一件两箱 颜色->灰色,ALL,AMAZON,A,T4B,2.9511,1.5865,91.48,49.18,157,5.0645,-3.4780,0.6867,f,6 个月 · 全平台 · 全量 SKU · 2026-07-09
DJ505673_3,US RL-597款 F尺寸5抽上下床带桌子含灯带插排，带侧袋和桌边布袋 一件两箱 颜色->灰色,ALL,UNKNOWN,A,T4B,0.7236,0.3890,22.43,12.06,26,0.8387,-0.4497,0.5362,f,6 个月 · 全平台 · 全量 SKU · 2026-07-09
DJ505674_1,"EU KM BF-GJ05 软包L型单包基础款 一件一箱  灰色 尺码->S ,90*190",ALL,AMAZON,C,T4B,0.3857,0.1851,11.96,5.74,54,1.7419,-1.5568,0.8937,f,6 个月 · 全平台 · 全量 SKU · 2026-07-09
DJ505674_2,"EU KM BF-GJ05 软包L型单包基础款 一件一箱 灰色 尺码->M ,90*200",ALL,AMAZON,C,T4B,0.5714,0.2743,17.71,8.50,42,1.3548,-1.0805,0.7975,f,6 个月 · 全平台 · 全量 SKU · 2026-07-09
DJ505675_1,HS 储物柜-DSBL-03G DFS 侧板自攻丝 1x5+2一件一箱  颜色->黑色,ALL,UNKNOWN,B,T4B,2.3429,1.1246,72.63,34.86,14,0.4516,0.6730,1.4902,f,6 个月 · 全平台 · 全量 SKU · 2026-07-09
DJ505683_2,UK BW 悬浮床BXF-Q03床头储物 CY 灰色麻布+黑色 一件一箱90*190,ALL,AMAZON,C,T4B,0.4786,0.2297,14.84,7.12,63,2.0323,-1.8026,0.8870,f,6 个月 · 全平台 · 全量 SKU · 2026-07-09
DJ505685_1,UK BW 悬浮床BXF-Q03床头储物 CY 灰色麻布+黑色 一件两箱135*190,ALL,AMAZON,C,T4B,0.4000,0.1920,12.40,5.95,41,1.3226,-1.1306,0.8548,f,6 个月 · 全平台 · 全量 SKU · 2026-07-09
DJ505685_2,UK BW 悬浮床BXF-Q03床头储物 CY 灰色麻布+黑色 一件两箱150*200,ALL,AMAZON,C,T4B,0.2000,0.0960,6.20,2.98,42,1.3548,-1.2588,0.9291,f,6 个月 · 全平台 · 全量 SKU · 2026-07-09
DJ505694_1,US GSI-FB11款 7抽带窗上床下地板床带灯带斜梯带脚垫 一件一箱 颜色->黑色,ALL,AMAZON,D,T4B,1.2286,0.5897,38.09,18.28,0,0.0000,0.5897,,f,6 个月 · 全平台 · 全量 SKU · 2026-07-09
DJ505694_2,US GSI-FB11款 7抽带窗上床下地板床带灯带斜梯带脚垫 一件一箱 颜色->白色,ALL,AMAZON,D,T4B,0.5000,0.2400,15.50,7.44,25,0.8065,-0.5665,0.7024,f,6 个月 · 全平台 · 全量 SKU · 2026-07-09
DJ505694_3,US GSI-FB11款 7抽带窗上床下底板床带灯带斜梯带脚垫 一件一箱 颜色->粉色,ALL,AMAZON,D,T4B,0.6929,0.3326,21.48,10.31,22,0.7097,-0.3771,0.5313,f,6 个月 · 全平台 · 全量 SKU · 2026-07-09
DJ505695_1,US YSY-599款 F尺寸上床下书架含灯带插排含床侧挂袋 一件两箱 颜色->火烧云,ALL,AMAZON,C,T4B,0.3473,0.1867,10.77,5.79,17,0.5484,-0.3617,0.6595,f,6 个月 · 全平台 · 全量 SKU · 2026-07-09
DJ505695_1,US YSY-599款 F尺寸上床下书架含灯带插排含床侧挂袋 一件两箱 颜色->火烧云,ALL,UNKNOWN,C,T4B,0.3143,0.1509,9.74,4.68,13,0.4194,-0.2685,0.6402,f,6 个月 · 全平台 · 全量 SKU · 2026-07-09
DJ505695_2,US YSY-599款 F尺寸上床下书架含灯带插排含床侧挂袋 一件两箱 颜色->白色,ALL,AMAZON,B,T4B,0.7500,0.3600,23.25,11.16,35,1.1290,-0.7690,0.6811,f,6 个月 · 全平台 · 全量 SKU · 2026-07-09
DJ505695_2,US YSY-599款 F尺寸上床下书架含灯带插排含床侧挂袋 一件两箱 颜色->白色,ALL,UNKNOWN,B,T4B,1.6071,0.7714,49.82,23.91,85,2.7419,-1.9705,0.7187,f,6 个月 · 全平台 · 全量 SKU · 2026-07-09
DJ505695_2,US YSY-599款 F尺寸上床下书架含灯带插排含床侧挂袋 一件两箱 颜色->白色,ALL,WALMART,B,T4B,0.1286,0.0617,3.99,1.91,5,0.1613,-0.0996,0.6175,f,6 个月 · 全平台 · 全量 SKU · 2026-07-09
DJ505695_3,US YSY-599款 F尺寸上床下书架含灯带插排含床侧挂袋 一件两箱 颜色->灰色,ALL,UNKNOWN,C,T4B,0.7000,0.3360,21.70,10.42,42,1.3548,-1.0188,0.7520,f,6 个月 · 全平台 · 全量 SKU · 2026-07-09
DJ505695_4,US YSY-599款 F尺寸上床下书架含灯带插排含床侧挂袋 一件两箱 颜色->黑色,ALL,AMAZON,C,T4B,0.4571,0.2194,14.17,6.80,13,0.4194,-0.2000,0.4768,f,6 个月 · 全平台 · 全量 SKU · 2026-07-09
DJ505695_4,US YSY-599款 F尺寸上床下书架含灯带插排含床侧挂袋 一件两箱 颜色->黑色,ALL,UNKNOWN,C,T4B,0.3357,0.1611,10.41,4.99,25,0.8065,-0.6454,0.8002,f,6 个月 · 全平台 · 全量 SKU · 2026-07-09
DJ505696_2,US WDL-926T 底部抬高储物沙发床+拖床 99*190 一件一箱 颜色->白色,ALL,AMAZON,D,T4B,0.1571,0.0754,4.87,2.34,11,0.3548,-0.2794,0.7875,f,6 个月 · 全平台 · 全量 SKU · 2026-07-09
DJ505702_2,EU MJ LED木质镜柜双门外扩 XF 70*16*60 白色 一件一箱,ALL,AMAZON,C,T4B,1.3714,0.6583,42.51,20.41,13,0.4194,0.2389,0.5698,f,6 个月 · 全平台 · 全量 SKU · 2026-07-09
DJ505702_3,EU MJ LED木质镜柜双门外扩 XF 80*16*60 白色 一件一箱,ALL,AMAZON,C,T4B,1.5357,0.7371,47.61,22.85,19,0.6129,0.1242,0.2026,f,6 个月 · 全平台 · 全量 SKU · 2026-07-09
DJ505710_2,US 85cm4层五抽农舍风文件柜 一件一箱 颜色->棕色,ALL,AMAZON,C,T4B,0.6407,0.3444,19.86,10.68,22,0.7097,-0.3653,0.5147,f,6 个月 · 全平台 · 全量 SKU · 2026-07-09
DJ505710_3,US 85cm4层五抽农舍风文件柜 一件一箱 颜色->989-3灰色,ALL,AMAZON,C,T4B,0.4346,0.2336,13.47,7.24,21,0.6774,-0.4438,0.6552,f,6 个月 · 全平台 · 全量 SKU · 2026-07-09
DJ505710_3,US 85cm4层五抽农舍风文件柜 一件一箱 颜色->989-3灰色,ALL,UNKNOWN,C,T4B,0.2852,0.1533,8.84,4.75,5,0.1613,-0.0080,0.0495,f,6 个月 · 全平台 · 全量 SKU · 2026-07-09
DJ505711_1,US SD L桌六抽升降桌电脑桌 一件两箱 颜色->棕色+黑色,ALL,AMAZON,C,T4B,1.4143,0.6789,43.84,21.05,0,0.0000,0.6789,,f,6 个月 · 全平台 · 全量 SKU · 2026-07-09
DJ505711_1,US SD L桌六抽升降桌电脑桌 一件两箱 颜色->棕色+黑色,ALL,TEMU,C,T4B,0.1071,0.0514,3.32,1.59,0,0.0000,0.0514,,f,6 个月 · 全平台 · 全量 SKU · 2026-07-09
DJ505711_2,US SD L桌六抽升降桌电脑桌 一件两箱 颜色->棕色+白色,ALL,AMAZON,D,T4B,0.4000,0.1920,12.40,5.95,82,2.6452,-2.4532,0.9274,f,6 个月 · 全平台 · 全量 SKU · 2026-07-09
DJ505711_3,US SD L桌六抽升降桌电脑桌 一件两箱 颜色->木纹色+白色,ALL,AMAZON,C,T4B,0.3000,0.1440,9.30,4.46,67,2.1613,-2.0173,0.9334,f,6 个月 · 全平台 · 全量 SKU · 2026-07-09
DJ505712_1,US 床GSI-005F带步梯双层2抽+6布抽床含灯带137*190一件两箱 颜色黑铁+火烧云板,ALL,AMAZON,A,T4B,1.3786,0.6617,42.74,20.51,97,3.1290,-2.4673,0.7885,f,6 个月 · 全平台 · 全量 SKU · 2026-07-09
DJ505712_2,US 床GSI-005F带步梯双层2抽+6布抽床含灯带137*190一件两箱 颜色黑铁+黑山纹板,ALL,AMAZON,A,T4B,1.8143,0.8709,56.24,27.00,131,4.2258,-3.3549,0.7939,f,6 个月 · 全平台 · 全量 SKU · 2026-07-09
DJ505712_3,US 床GSI-005F带步梯双层2抽+6布抽床含灯带137*190一件两箱 颜色白铁+白山纹板,ALL,AMAZON,A,T4B,1.8143,0.8709,56.24,27.00,123,3.9677,-3.0968,0.7805,f,6 个月 · 全平台 · 全量 SKU · 2026-07-09
DJ505719_2,US MS 层架七布抽储物+鞋凳挂衣区低矮床 T 一件一箱 颜色->粉色,ALL,AMAZON,C,T4B,0.8857,0.4251,27.46,13.18,56,1.8065,-1.3814,0.7647,f,6 个月 · 全平台 · 全量 SKU · 2026-07-09
DJ505719_2,US MS 层架七布抽储物+鞋凳挂衣区低矮床 T 一件一箱 颜色->粉色,ALL,UNKNOWN,C,T4B,0.3143,0.1509,9.74,4.68,19,0.6129,-0.4620,0.7538,f,6 个月 · 全平台 · 全量 SKU · 2026-07-09
DJ505719_2,US MS 层架七布抽储物+鞋凳挂衣区低矮床 T 一件一箱 颜色->粉色,ALL,WALMART,C,T4B,0.2929,0.1406,9.08,4.36,14,0.4516,-0.3110,0.6887,f,6 个月 · 全平台 · 全量 SKU · 2026-07-09
DJ505725_1,US SD 矩形腿电动单人L三抽升降桌  一件一箱 颜色->火烧云,ALL,AMAZON,C,T4B,0.2357,0.1131,7.31,3.51,25,0.8065,-0.6934,0.8598,f,6 个月 · 全平台 · 全量 SKU · 2026-07-09
DJ505725_2,US SD 矩形腿电动单人L三抽升降桌  一件一箱 颜色->黑色,ALL,AMAZON,C,T4B,0.2071,0.0994,6.42,3.08,18,0.5806,-0.4812,0.8288,f,6 个月 · 全平台 · 全量 SKU · 2026-07-09
DJ505725_3,US SD 矩形腿电动单人L三抽升降桌  一件一箱 颜色->原木色,ALL,AMAZON,C,T4B,1.0643,0.5109,32.99,15.84,22,0.7097,-0.1988,0.2801,f,6 个月 · 全平台 · 全量 SKU · 2026-07-09
DJ505727_1,US 85cm四层四抽文件柜 一件一箱 颜色->0873-13顶板棕+白,ALL,AMAZON,C,T4B,0.3214,0.1543,9.96,4.78,40,1.2903,-1.1360,0.8804,f,6 个月 · 全平台 · 全量 SKU · 2026-07-09
DJ505727_2,US 85cm四层四抽文件柜 一件一箱 颜色->0873-13棕,ALL,AMAZON,C,T4B,0.2357,0.1131,7.31,3.51,23,0.7419,-0.6288,0.8476,f,6 个月 · 全平台 · 全量 SKU · 2026-07-09
DJ505727_3,US 85cm四层四抽文件柜 一件一箱 颜色->989-3灰色,ALL,AMAZON,C,T4B,0.2000,0.0960,6.20,2.98,23,0.7419,-0.6459,0.8706,f,6 个月 · 全平台 · 全量 SKU · 2026-07-09
DJ505729_1,US SD X单人三铁木款升降桌 一件一箱 颜色->棕+黑,ALL,AMAZON,C,T4B,0.6714,0.3223,20.81,9.99,47,1.5161,-1.1938,0.7874,f,6 个月 · 全平台 · 全量 SKU · 2026-07-09
DJ505729_1,US SD X单人三铁木款升降桌 一件一箱 颜色->棕+黑,ALL,TEMU,C,T4B,0.2143,0.1029,6.64,3.19,0,0.0000,0.1029,,f,6 个月 · 全平台 · 全量 SKU · 2026-07-09
DJ505729_2,US SD X单人三铁木款升降桌 一件一箱 颜色->棕+白,ALL,AMAZON,C,T4B,0.7071,0.3394,21.92,10.52,97,3.1290,-2.7896,0.8915,f,6 个月 · 全平台 · 全量 SKU · 2026-07-09
DJ505729_3,US SD X单人三铁木款升降桌 一件一箱 颜色->原木纹+白,ALL,AMAZON,C,T4B,0.2357,0.1131,7.31,3.51,80,2.5806,-2.4675,0.9562,f,6 个月 · 全平台 · 全量 SKU · 2026-07-09
DJ505732_1,US 1.5米农舍竖条对开门L桌 一件一箱 颜色->白+棕,ALL,AMAZON,C,T4B,1.1357,0.5451,35.21,16.90,16,0.5161,0.0290,0.0561,f,6 个月 · 全平台 · 全量 SKU · 2026-07-09
DJ505732_2,US 1.5米农舍竖条对开门L桌 一件一箱 颜色->灰古木,ALL,AMAZON,C,T4B,0.7214,0.3463,22.36,10.74,67,2.1613,-1.8150,0.8398,f,6 个月 · 全平台 · 全量 SKU · 2026-07-09
DJ505732_3,US 1.5米农舍竖条对开门L桌 一件一箱 颜色->黑+棕,ALL,AMAZON,C,T4B,1.0857,0.5211,33.66,16.15,10,0.3226,0.1985,0.6154,f,6 个月 · 全平台 · 全量 SKU · 2026-07-09
DJ505733_1,US 1.6米农舍L桌 一件一箱 颜色->木色藤编,ALL,AMAZON,C,T4B,1.0071,0.4834,31.22,14.99,44,1.4194,-0.9360,0.6594,f,6 个月 · 全平台 · 全量 SKU · 2026-07-09
DJ505733_1,US 1.6米农舍L桌 一件一箱 颜色->木色藤编,ALL,WALMART,C,T4B,0.2571,0.1234,7.97,3.83,19,0.6129,-0.4895,0.7987,f,6 个月 · 全平台 · 全量 SKU · 2026-07-09
DJ505738_1,US DC 铁木床 SCB-01L 铁麻布层架布兜PU面布抽角落床-172 T 黑色 一件一箱,ALL,AMAZON,C,T4B,0.8643,0.4149,26.79,12.86,74,2.3871,-1.9722,0.8262,f,6 个月 · 全平台 · 全量 SKU · 2026-07-09
DJ505739_1,US DC 铁木床 SCB-01L 铁麻布层架布兜PU面布抽角落床-172 T 白色 一件一箱,ALL,AMAZON,C,T4B,0.6071,0.2914,18.82,9.03,45,1.4516,-1.1602,0.7993,f,6 个月 · 全平台 · 全量 SKU · 2026-07-09
DJ505740_1,US 80cmX字谷仓门板材文件柜 一件一箱 颜色->YB-M941棕顶+白,ALL,AMAZON,C,T4B,1.5214,0.7303,47.16,22.64,0,0.0000,0.7303,,f,6 个月 · 全平台 · 全量 SKU · 2026-07-09
DJ505740_2,US 80cmX字谷仓门板材文件柜 一件一箱 颜色->YB-M941棕顶+黑,ALL,AMAZON,C,T4B,1.0143,0.4869,31.44,15.09,1,0.0323,0.4546,14.0939,f,6 个月 · 全平台 · 全量 SKU · 2026-07-09
DJ505740_3,US 80cmX字谷仓门板材文件柜 一件一箱 颜色->YB-M941棕,ALL,AMAZON,C,T4B,0.5643,0.2709,17.49,8.40,33,1.0645,-0.7936,0.7455,f,6 个月 · 全平台 · 全量 SKU · 2026-07-09
DJ505741_1,US AG 高搁架6布抽角落床 T 一件一箱 颜色->火烧云,ALL,AMAZON,C,T4B,0.6143,0.2949,19.04,9.14,20,0.6452,-0.3503,0.5429,f,6 个月 · 全平台 · 全量 SKU · 2026-07-09
DJ505741_2,US AG 高搁架6布抽角落床 T 一件一箱 颜色->灰色,ALL,AMAZON,C,T4B,0.3143,0.1509,9.74,4.68,64,2.0645,-1.9136,0.9269,f,6 个月 · 全平台 · 全量 SKU · 2026-07-09
DJ505742_1,US AG 高搁架6布抽角落床 F 一件一箱 颜色->火烧云,ALL,AMAZON,C,T4B,0.6214,0.2983,19.26,9.25,32,1.0323,-0.7340,0.7110,f,6 个月 · 全平台 · 全量 SKU · 2026-07-09
DJ505742_2,US AG 高搁架6布抽角落床 F 一件一箱 颜色->灰色,ALL,AMAZON,C,T4B,0.4143,0.1989,12.84,6.17,43,1.3871,-1.1882,0.8566,f,6 个月 · 全平台 · 全量 SKU · 2026-07-09
DJ505743_1,UK DC 铁木床 CBF-11L 方管铁木角落床带抽篮-152G 白 90×190 一件两箱,ALL,AMAZON,C,T4B,0.7143,0.3429,22.14,10.63,89,2.8710,-2.5281,0.8806,f,6 个月 · 全平台 · 全量 SKU · 2026-07-09
DJ505748_1,US AG 板式床 靠背翻盖 床头4布抽 6铁线抽 F 一件两箱 颜色->白色,ALL,AMAZON,C,T4B,0.3500,0.1680,10.85,5.21,27,0.8710,-0.7030,0.8071,f,6 个月 · 全平台 · 全量 SKU · 2026-07-09
DJ505748_2,US AG 板式床 靠背翻盖 床头4布抽 6铁线抽 F 一件两箱 颜色->黑色,ALL,AMAZON,C,T4B,0.3429,0.1646,10.63,5.10,55,1.7742,-1.6096,0.9072,f,6 个月 · 全平台 · 全量 SKU · 2026-07-09
DJ505749_1,US AG 板式床 靠背翻盖 床头4布抽 6铁线抽 Q 一件两箱 颜色->白色,ALL,AMAZON,C,T4B,0.4214,0.2023,13.06,6.27,46,1.4839,-1.2816,0.8637,f,6 个月 · 全平台 · 全量 SKU · 2026-07-09
DJ505749_2,US AG 板式床 靠背翻盖 床头4布抽 6铁线抽 Q 一件两箱 颜色->黑色,ALL,AMAZON,C,T4B,0.5857,0.2811,18.16,8.71,83,2.6774,-2.3963,0.8950,f,6 个月 · 全平台 · 全量 SKU · 2026-07-09
DJ505756_1,US AG 大款玻璃桌面 铁木3抽2门书桌 一件一箱 颜色->白色,ALL,AMAZON,C,T4B,0.1857,0.0891,5.76,2.76,38,1.2258,-1.1367,0.9273,f,6 个月 · 全平台 · 全量 SKU · 2026-07-09
DJ505756_1,US AG 大款玻璃桌面 铁木3抽2门书桌 一件一箱 颜色->白色,ALL,UNKNOWN,C,T4B,0.1714,0.0823,5.31,2.55,9,0.2903,-0.2080,0.7165,f,6 个月 · 全平台 · 全量 SKU · 2026-07-09
DJ505757_3,US SR RWD-01 2×3 6抽抽屉柜辐射松贴实木皮油漆 一件一箱 颜色->棕色,ALL,AMAZON,C,T4B,0.7857,0.3771,24.36,11.69,54,1.7419,-1.3648,0.7835,f,6 个月 · 全平台 · 全量 SKU · 2026-07-09
DJ505757_3,US SR RWD-01 2×3 6抽抽屉柜辐射松贴实木皮油漆 一件一箱 颜色->棕色,ALL,UNKNOWN,C,T4B,0.2714,0.1303,8.41,4.04,9,0.2903,-0.1600,0.5512,f,6 个月 · 全平台 · 全量 SKU · 2026-07-09
DJ505758_3,US SR RWD-02 1×4+2 6抽抽屉柜辐射松贴实木皮油漆 一件一箱 颜色->棕色,ALL,AMAZON,C,T4B,0.8357,0.4011,25.91,12.43,72,2.3226,-1.9215,0.8273,f,6 个月 · 全平台 · 全量 SKU · 2026-07-09
DJ505758_3,US SR RWD-02 1×4+2 6抽抽屉柜辐射松贴实木皮油漆 一件一箱 颜色->棕色,ALL,UNKNOWN,C,T4B,0.5857,0.2811,18.16,8.71,13,0.4194,-0.1383,0.3297,f,6 个月 · 全平台 · 全量 SKU · 2026-07-09
DJ505761_1,US DC 地板床 FBI-02  HQ 树屋侧边储物 Twin  一件一箱 颜色->黑色,ALL,AMAZON,D,T4B,0.2000,0.0960,6.20,2.98,33,1.0645,-0.9685,0.9098,f,6 个月 · 全平台 · 全量 SKU · 2026-07-09
DJ505761_2,US DC 地板床 FBI-02  HQ 树屋侧边储物 Twin  一件一箱 颜色->白色,ALL,AMAZON,D,T4B,0.4929,0.2366,15.28,7.33,88,2.8387,-2.6021,0.9167,f,6 个月 · 全平台 · 全量 SKU · 2026-07-09
DJ505764_1,EU BW SCQL-03鞋柜4翻盖8隔板+冷轧钢翻转  黑色 一件一箱,ALL,AMAZON,C,T4B,0.5143,0.2469,15.94,7.65,32,1.0323,-0.7854,0.7608,f,6 个月 · 全平台 · 全量 SKU · 2026-07-09
DJ505770_1,US DC 高架床 BBC-01 BD173 新长短边储物双床 双T 黑色 一件两箱,ALL,AMAZON,B,T4B,2.4071,1.1554,74.62,35.82,280,9.0323,-7.8769,0.8721,f,6 个月 · 全平台 · 全量 SKU · 2026-07-09
DJ505770_1,US DC 高架床 BBC-01 BD173 新长短边储物双床 双T 黑色 一件两箱,ALL,UNKNOWN,B,T4B,0.2500,0.1200,7.75,3.72,9,0.2903,-0.1703,0.5867,f,6 个月 · 全平台 · 全量 SKU · 2026-07-09
DJ505770_1,US DC 高架床 BBC-01 BD173 新长短边储物双床 双T 黑色 一件两箱,ALL,WALMART,B,T4B,0.2000,0.0960,6.20,2.98,16,0.5161,-0.4201,0.8140,f,6 个月 · 全平台 · 全量 SKU · 2026-07-09
DJ505770_2,US DC 高架床 BBC-01 BD173 新长短边储物双床 双T 白色 一件两箱,ALL,AMAZON,B,T4B,1.9357,0.9291,60.01,28.80,274,8.8387,-7.9096,0.8949,f,6 个月 · 全平台 · 全量 SKU · 2026-07-09
DJ505770_2,US DC 高架床 BBC-01 BD173 新长短边储物双床 双T 白色 一件两箱,ALL,UNKNOWN,B,T4B,0.3143,0.1509,9.74,4.68,37,1.1935,-1.0426,0.8736,f,6 个月 · 全平台 · 全量 SKU · 2026-07-09
DJ505770_2,US DC 高架床 BBC-01 BD173 新长短边储物双床 双T 白色 一件两箱,ALL,WALMART,B,T4B,0.1214,0.0583,3.76,1.81,17,0.5484,-0.4901,0.8937,f,6 个月 · 全平台 · 全量 SKU · 2026-07-09
DJ505784_1,US VD 高架床 L形上下铺 双书桌 T 一件两箱 颜色->白色,ALL,AMAZON,C,T4B,0.2643,0.1269,8.19,3.93,33,1.0645,-0.9376,0.8808,f,6 个月 · 全平台 · 全量 SKU · 2026-07-09
DJ505784_2,US VD 高架床 L形上下铺 双书桌 T 一件两箱 颜色->黑色,ALL,AMAZON,C,T4B,0.2429,0.1166,7.53,3.61,27,0.8710,-0.7544,0.8661,f,6 个月 · 全平台 · 全量 SKU · 2026-07-09
DJ505784_2,US VD 高架床 L形上下铺 双书桌 T 一件两箱 颜色->黑色,ALL,UNKNOWN,C,T4B,0.2357,0.1131,7.31,3.51,44,1.4194,-1.3063,0.9203,f,6 个月 · 全平台 · 全量 SKU · 2026-07-09
DJ505785_1,US 竖条纹美式铁木L桌 一件一箱 颜色->棕顶+白,ALL,AMAZON,B,T4B,3.2357,1.5531,100.31,48.15,214,6.9032,-5.3501,0.7750,f,6 个月 · 全平台 · 全量 SKU · 2026-07-09
DJ505785_1,US 竖条纹美式铁木L桌 一件一箱 颜色->棕顶+白,ALL,UNKNOWN,B,T4B,0.4071,0.1954,12.62,6.06,48,1.5484,-1.3530,0.8738,f,6 个月 · 全平台 · 全量 SKU · 2026-07-09
DJ505785_1,US 竖条纹美式铁木L桌 一件一箱 颜色->棕顶+白,ALL,WALMART,B,T4B,0.6214,0.2983,19.26,9.25,91,2.9355,-2.6372,0.8984,f,6 个月 · 全平台 · 全量 SKU · 2026-07-09
DJ505785_2,US 竖条纹美式铁木L桌 一件一箱 颜色->棕顶+黑,ALL,AMAZON,C,T4B,1.6000,0.7680,49.60,23.81,156,5.0323,-4.2643,0.8474,f,6 个月 · 全平台 · 全量 SKU · 2026-07-09
DJ505785_2,US 竖条纹美式铁木L桌 一件一箱 颜色->棕顶+黑,ALL,UNKNOWN,C,T4B,0.1500,0.0720,4.65,2.23,28,0.9032,-0.8312,0.9203,f,6 个月 · 全平台 · 全量 SKU · 2026-07-09
DJ505785_2,US 竖条纹美式铁木L桌 一件一箱 颜色->棕顶+黑,ALL,WALMART,C,T4B,0.4643,0.2229,14.39,6.91,46,1.4839,-1.2610,0.8498,f,6 个月 · 全平台 · 全量 SKU · 2026-07-09
DJ505785_3,US 竖条纹美式铁木L桌 一件一箱 颜色->浅灰色+黑管,ALL,AMAZON,C,T4B,1.7571,0.8434,54.47,26.15,102,3.2903,-2.4469,0.7437,f,6 个月 · 全平台 · 全量 SKU · 2026-07-09
DJ505785_3,US 竖条纹美式铁木L桌 一件一箱 颜色->浅灰色+黑管,ALL,WALMART,C,T4B,0.2071,0.0994,6.42,3.08,29,0.9355,-0.8361,0.8937,f,6 个月 · 全平台 · 全量 SKU · 2026-07-09
DJ505786_3,US SR RWN-01 3抽床头柜 美规插排辐射松贴水曲柳实木皮油漆 一件一箱 颜色->棕色,ALL,AMAZON,C,T4B,0.5643,0.2709,17.49,8.40,50,1.6129,-1.3420,0.8320,f,6 个月 · 全平台 · 全量 SKU · 2026-07-09
DJ505787_3,US SR RWN-02 2抽1空格床头柜 美规插排辐射松贴水曲柳实木皮油漆 一件一箱 颜色->棕色,ALL,AMAZON,C,T4B,0.5643,0.2709,17.49,8.40,44,1.4194,-1.1485,0.8091,f,6 个月 · 全平台 · 全量 SKU · 2026-07-09
DJ505790_1,"UK KM BF-TG02 铁木软包大床头拐角床 双包装 尺码->L,135*190 亚麻-灰",ALL,AMAZON,C,T4B,0.7857,0.3771,24.36,11.69,39,1.2581,-0.8810,0.7003,f,6 个月 · 全平台 · 全量 SKU · 2026-07-09
DJ505796_1,US 板材亚克力角落高桌 一件一箱 颜色->棕+白,ALL,AMAZON,C,T4B,1.2214,0.5863,37.86,18.18,0,0.0000,0.5863,,f,6 个月 · 全平台 · 全量 SKU · 2026-07-09
DJ505796_2,US 板材亚克力角落高桌 一件一箱 颜色->黑麻,ALL,AMAZON,C,T4B,1.1786,0.5657,36.54,17.54,3,0.0968,0.4689,4.8456,f,6 个月 · 全平台 · 全量 SKU · 2026-07-09
DJ505801_1,"US ER BF-TM04 美国6抽儿童床带书桌 一件一箱 颜色->#1,黑色",ALL,AMAZON,C,T4B,0.2643,0.1269,8.19,3.93,26,0.8387,-0.7118,0.8487,f,6 个月 · 全平台 · 全量 SKU · 2026-07-09
DJ505801_2,"US ER BF-TM04 美国6抽儿童床带书桌 一件一箱 颜色->#2,白色",ALL,AMAZON,C,T4B,0.1500,0.0720,4.65,2.23,5,0.1613,-0.0893,0.5536,f,6 个月 · 全平台 · 全量 SKU · 2026-07-09
DJ505801_3,"US ER BF-TM04 美国6抽儿童床带书桌 一件一箱 颜色->#3,粉色",ALL,AMAZON,C,T4B,0.2143,0.1029,6.64,3.19,10,0.3226,-0.2197,0.6810,f,6 个月 · 全平台 · 全量 SKU · 2026-07-09
DJ505805_3,US YSY-695款 F尺寸上床下桌10抽U形桌面带灯带插排 一件两箱 颜色->灰色,ALL,AMAZON,D,T4B,0.6071,0.2914,18.82,9.03,51,1.6452,-1.3538,0.8229,f,6 个月 · 全平台 · 全量 SKU · 2026-07-09
DJ505806_1,US 1.4米升降桌 一件两箱  颜色->主体白+顶板棕,ALL,AMAZON,C,T4B,2.5000,1.2000,77.50,37.20,318,10.2581,-9.0581,0.8830,f,6 个月 · 全平台 · 全量 SKU · 2026-07-09
DJ505806_1_WF,US 1.4米升降桌 一件两箱  颜色->主体白+顶板棕,ALL,UNKNOWN,C,T4B,0.5643,0.2709,17.49,8.40,56,1.8065,-1.5356,0.8500,f,6 个月 · 全平台 · 全量 SKU · 2026-07-09
DJ505806_2,US 1.4米升降桌 一件两箱  颜色->主体黑+顶板棕,ALL,AMAZON,B,T4B,4.6429,2.2286,143.93,69.09,364,11.7419,-9.5133,0.8102,f,6 个月 · 全平台 · 全量 SKU · 2026-07-09
DJ505806_2_WF,US 1.4米升降桌 一件两箱  颜色->主体黑+顶板棕,ALL,UNKNOWN,C,T4B,0.4286,0.2057,13.29,6.38,28,0.9032,-0.6975,0.7723,f,6 个月 · 全平台 · 全量 SKU · 2026-07-09
DJ505825_1,US DC 铁木床 BCR-01 圆角软包翻门款- 2376G  白色  F 一件两箱,ALL,AMAZON,D,T4B,0.1786,0.0857,5.54,2.66,35,1.1290,-1.0433,0.9241,f,6 个月 · 全平台 · 全量 SKU · 2026-07-09
DJ505825_2,US DC 铁木床 BCR-01 圆角软包翻门款- 2376G  白色 Q  一件两箱,ALL,AMAZON,C,T4B,0.1929,0.0926,5.98,2.87,26,0.8387,-0.7461,0.8896,f,6 个月 · 全平台 · 全量 SKU · 2026-07-09
DJ505844_2,US UA BD-WD 带屋顶T尺寸儿童床 一件一箱  颜色->白色,ALL,AMAZON,C,T4B,0.4286,0.2057,13.29,6.38,27,0.8710,-0.6653,0.7638,f,6 个月 · 全平台 · 全量 SKU · 2026-07-09
DJ505844_3,US UA BD-WD 带屋顶T尺寸儿童床 一件一箱  颜色->黑色,ALL,AMAZON,C,T4B,0.5214,0.2503,16.16,7.76,72,2.3226,-2.0723,0.8922,f,6 个月 · 全平台 · 全量 SKU · 2026-07-09
DJ505845_2,"US ER BF-TM05 美国6抽儿童床造型款一件一箱 颜色->#3,粉色",ALL,AMAZON,C,T4B,0.2643,0.1269,8.19,3.93,38,1.2258,-1.0989,0.8965,f,6 个月 · 全平台 · 全量 SKU · 2026-07-09
DJ505848_1,US YSY-696款 T尺寸上下铺4抽长桌面带灯带插排 一件两箱 颜色->黑色,ALL,AMAZON,C,T4B,0.7000,0.3360,21.70,10.42,92,2.9677,-2.6317,0.8868,f,6 个月 · 全平台 · 全量 SKU · 2026-07-09
DJ505848_2,US YSY-696款 T尺寸上下铺4抽长桌面带灯带插排 一件两箱 颜色->白色,ALL,AMAZON,C,T4B,0.3357,0.1611,10.41,4.99,35,1.1290,-0.9679,0.8573,f,6 个月 · 全平台 · 全量 SKU · 2026-07-09
DJ505852_1,US RL-R170款上T下F上下铺4抽长桌面带灯带排插 一件两箱 颜色->黑色,ALL,AMAZON,C,T4B,0.3857,0.1851,11.96,5.74,28,0.9032,-0.7181,0.7951,f,6 个月 · 全平台 · 全量 SKU · 2026-07-09
DJ505852_2,US RL-R170款上T下F上下铺4抽长桌面带灯带排插 一件两箱 颜色->白色,ALL,AMAZON,D,T4B,0.2786,0.1337,8.64,4.14,35,1.1290,-0.9953,0.8816,f,6 个月 · 全平台 · 全量 SKU · 2026-07-09
DJ505853_1,US RL-R170款上T下T上下铺4抽长桌面带灯带排插 一件两箱 颜色->黑色,ALL,AMAZON,C,T4B,0.1643,0.0789,5.09,2.45,20,0.6452,-0.5663,0.8777,f,6 个月 · 全平台 · 全量 SKU · 2026-07-09
DJ505879_1,US 吸塑竖条升降可直排L桌 一件两箱 颜色->261833-14咖啡胡桃零度,ALL,AMAZON,C,T4B,1.3786,0.6617,42.74,20.51,74,2.3871,-1.7254,0.7228,f,6 个月 · 全平台 · 全量 SKU · 2026-07-09
DJ505879_2,US 吸塑竖条升降可直排L桌 一件两箱 颜色->黑麻,ALL,AMAZON,C,T4B,1.0500,0.5040,32.55,15.62,79,2.5484,-2.0444,0.8022,f,6 个月 · 全平台 · 全量 SKU · 2026-07-09
DJ505879_3,US 吸塑竖条升降可直排L桌 一件两箱 颜色->原木色,ALL,AMAZON,C,T4B,0.9071,0.4354,28.12,13.50,89,2.8710,-2.4356,0.8483,f,6 个月 · 全平台 · 全量 SKU · 2026-07-09
DJ505885_1,US SD 2.5米美式双人升降桌 一件两箱 颜色->棕+白,ALL,AMAZON,D,T4B,0.5643,0.2709,17.49,8.40,84,2.7097,-2.4388,0.9000,f,6 个月 · 全平台 · 全量 SKU · 2026-07-09
DJ505885_2,US SD 2.5米美式双人升降桌 一件两箱 颜色->棕+黑,ALL,AMAZON,C,T4B,0.4071,0.1954,12.62,6.06,72,2.3226,-2.1272,0.9159,f,6 个月 · 全平台 · 全量 SKU · 2026-07-09
DJ505885_3,US SD 2.5米美式双人升降桌 一件两箱 颜色->棕色,ALL,AMAZON,D,T4B,0.2786,0.1337,8.64,4.14,40,1.2903,-1.1566,0.8964,f,6 个月 · 全平台 · 全量 SKU · 2026-07-09
DJ505936_1,"UK KM  BF RY02 床头拼板液压床 双包 尺码->XL,135*190;颜色->白色,亚麻-白",ALL,AMAZON,C,T4B,0.0929,0.0446,2.88,1.38,22,0.7097,-0.6651,0.9372,f,6 个月 · 全平台 · 全量 SKU · 2026-07-09
DJ505936_2,"UK KM  BF RY02 床头拼板液压床 双包 尺码->XL,135*190;颜色->灰色,亚麻-灰",ALL,AMAZON,C,T4B,0.6857,0.3291,21.26,10.20,34,1.0968,-0.7677,0.6999,f,6 个月 · 全平台 · 全量 SKU · 2026-07-09
DJVN000013_1,"US AE 书柜（Vietnam）2抽屉板材带双灯 加高款 颜色->#3,灰木纹色麻面",ALL,AMAZON,B,T3,7.0264,6.6179,217.82,205.15,147,4.7419,1.8760,0.3956,t,6 个月 · 全平台 · 全量 SKU · 2026-07-09
DJVN000013_1,"US AE 书柜（Vietnam）2抽屉板材带双灯 加高款 颜色->#3,灰木纹色麻面",ALL,UNKNOWN,B,T4B,0.6824,0.3669,21.15,11.37,17,0.5484,-0.1815,0.3309,f,6 个月 · 全平台 · 全量 SKU · 2026-07-09
DJVN000013_1,"US AE 书柜（Vietnam）2抽屉板材带双灯 加高款 颜色->#3,灰木纹色麻面",ALL,WALMART,B,T4B,0.4234,0.1727,13.13,5.35,7,0.2258,-0.0531,0.2352,f,6 个月 · 全平台 · 全量 SKU · 2026-07-09
DJVN000013_2,"US AE 书柜（Vietnam）2抽屉板材带双灯 加高款 颜色->#1,白色麻面",ALL,AMAZON,C,T3,4.2016,4.4117,130.25,136.76,213,6.8710,-2.4593,0.3579,t,6 个月 · 全平台 · 全量 SKU · 2026-07-09
DJVN000013_2,"US AE 书柜（Vietnam）2抽屉板材带双灯 加高款 颜色->#1,白色麻面",ALL,TEMU,C,T4B,0.5350,0.2568,16.59,7.96,19,0.6129,-0.3561,0.5810,f,6 个月 · 全平台 · 全量 SKU · 2026-07-09
DJVN000013_2,"US AE 书柜（Vietnam）2抽屉板材带双灯 加高款 颜色->#1,白色麻面",ALL,TIKTOK,C,T4B,1.0451,0.5618,32.40,17.42,105,3.3871,-2.8253,0.8341,f,6 个月 · 全平台 · 全量 SKU · 2026-07-09
DJVN000013_2,"US AE 书柜（Vietnam）2抽屉板材带双灯 加高款 颜色->#1,白色麻面",ALL,UNKNOWN,C,T4B,0.3936,0.1889,12.20,5.86,19,0.6129,-0.4240,0.6918,f,6 个月 · 全平台 · 全量 SKU · 2026-07-09
DJVN000013_3,"US AE 书柜（Vietnam）2抽屉板材带双灯 加高款 颜色->#2,黑色麻面",ALL,AMAZON,A,T2,14.5158,10.5197,449.99,326.11,291,9.3871,1.1326,0.1207,t,6 个月 · 全平台 · 全量 SKU · 2026-07-09
DJVN000013_3,"US AE 书柜（Vietnam）2抽屉板材带双灯 加高款 颜色->#2,黑色麻面",ALL,TEMU,A,T4B,1.2120,0.5818,37.57,18.04,5,0.1613,0.4205,2.6072,f,6 个月 · 全平台 · 全量 SKU · 2026-07-09
DJVN000013_3,"US AE 书柜（Vietnam）2抽屉板材带双灯 加高款 颜色->#2,黑色麻面",ALL,WALMART,A,T4B,1.5311,0.7349,47.46,22.78,15,0.4839,0.2510,0.5188,f,6 个月 · 全平台 · 全量 SKU · 2026-07-09
DJVN000013_4,US AE 书柜（Vietnam）2抽屉板材带双灯 加高款 颜色->#4,ALL,AMAZON,C,T4B,1.6725,0.6824,51.85,21.15,48,1.5484,-0.8660,0.5593,f,6 个月 · 全平台 · 全量 SKU · 2026-07-09
DJVN000013_4,US AE 书柜（Vietnam）2抽屉板材带双灯 加高款 颜色->#4,ALL,TEMU,C,T4B,0.4853,0.2329,15.04,7.22,6,0.1935,0.0394,0.2033,f,6 个月 · 全平台 · 全量 SKU · 2026-07-09
DJVN000014_1,"US AE 书柜(Vietnam) 3抽屉 带插排小台款（大款）加RGB灯带 颜色->#3,灰木纹色麻面",ALL,UNKNOWN,C,T4B,0.5298,0.2848,16.42,8.83,38,1.2258,-0.9410,0.7677,f,6 个月 · 全平台 · 全量 SKU · 2026-07-09
DJVN000014_1,"US AE 书柜(Vietnam) 3抽屉 带插排小台款（大款）加RGB灯带 颜色->#3,灰木纹色麻面",ALL,WALMART,C,T4B,1.1292,0.5745,35.01,17.81,58,1.8710,-1.2965,0.6929,f,6 个月 · 全平台 · 全量 SKU · 2026-07-09
DJVN000014_2,"US AE 书柜(Vietnam) 3抽屉 带插排小台款（大款）加RGB灯带 颜色->#1,白色麻面",ALL,UNKNOWN,C,T4B,0.7479,0.3590,23.18,11.13,42,1.3548,-0.9958,0.7350,f,6 个月 · 全平台 · 全量 SKU · 2026-07-09
DJVN000014_2,"US AE 书柜(Vietnam) 3抽屉 带插排小台款（大款）加RGB灯带 颜色->#1,白色麻面",ALL,WALMART,C,T4B,0.7542,0.4055,23.38,12.57,28,0.9032,-0.4977,0.5511,f,6 个月 · 全平台 · 全量 SKU · 2026-07-09
DJVN000014_3,"US AE 书柜(Vietnam) 3抽屉 带插排小台款（大款）加RGB灯带 颜色->#2,黑色麻面",ALL,TEMU,C,T4B,1.1195,0.4568,34.70,14.16,36,1.1613,-0.7045,0.6066,f,6 个月 · 全平台 · 全量 SKU · 2026-07-09
DJVN000014_3,"US AE 书柜(Vietnam) 3抽屉 带插排小台款（大款）加RGB灯带 颜色->#2,黑色麻面",ALL,UNKNOWN,C,T4B,0.8285,0.4215,25.68,13.07,53,1.7097,-1.2882,0.7535,f,6 个月 · 全平台 · 全量 SKU · 2026-07-09
DJVN000014_3,"US AE 书柜(Vietnam) 3抽屉 带插排小台款（大款）加RGB灯带 颜色->#2,黑色麻面",ALL,WALMART,C,T4B,1.9354,0.7896,60.00,24.48,68,2.1935,-1.4039,0.6400,f,6 个月 · 全平台 · 全量 SKU · 2026-07-09
DJVN000014_4,US AE 书柜(Vietnam) 3抽屉 带插排小台款（大款）加RGB灯带 颜色->#4,ALL,UNKNOWN,C,T4B,0.2286,0.1097,7.09,3.40,14,0.4516,-0.3419,0.7571,f,6 个月 · 全平台 · 全量 SKU · 2026-07-09
DJVN000014_4,US AE 书柜(Vietnam) 3抽屉 带插排小台款（大款）加RGB灯带 颜色->#4,ALL,WALMART,C,T4B,0.5833,0.2800,18.08,8.68,41,1.3226,-1.0426,0.7883,f,6 个月 · 全平台 · 全量 SKU · 2026-07-09
DJVN000018_1,US  2米飞机桌带两抽   一件一箱  颜色->白色碳钎维,ALL,AMAZON,C,T4B,1.0755,0.5162,33.34,16.00,0,0.0000,0.5162,,f,6 个月 · 全平台 · 全量 SKU · 2026-07-09
DJVN000018_1,US  2米飞机桌带两抽   一件一箱  颜色->白色碳钎维,ALL,TEMU,C,T4B,0.2425,0.1234,7.52,3.83,0,0.0000,0.1234,,f,6 个月 · 全平台 · 全量 SKU · 2026-07-09
DJVN000018_2,US  2米飞机桌带两抽   一件一箱  颜色->黑色碳钎维,ALL,AMAZON,B,T3,5.7171,6.0030,177.23,186.09,27,0.8710,5.1320,5.8923,t,6 个月 · 全平台 · 全量 SKU · 2026-07-09
DJVN000018_2,US  2米飞机桌带两抽   一件一箱  颜色->黑色碳钎维,ALL,TEMU,B,T4B,0.9955,0.5352,30.86,16.59,0,0.0000,0.5352,,f,6 个月 · 全平台 · 全量 SKU · 2026-07-09
DJVN000018_2,US  2米飞机桌带两抽   一件一箱  颜色->黑色碳钎维,ALL,TIKTOK,B,T4B,0.6319,0.3215,19.59,9.97,0,0.0000,0.3215,,f,6 个月 · 全平台 · 全量 SKU · 2026-07-09
DJVN000018_3,US  2米飞机桌带两抽   一件一箱  颜色->黑色碳钎维板+红色PVC封边,ALL,AMAZON,C,T4B,1.5658,0.6388,48.54,19.80,0,0.0000,0.6388,,f,6 个月 · 全平台 · 全量 SKU · 2026-07-09
DJVN000018_3,US  2米飞机桌带两抽   一件一箱  颜色->黑色碳钎维板+红色PVC封边,ALL,TEMU,C,T4B,0.3614,0.1735,11.20,5.38,0,0.0000,0.1735,,f,6 个月 · 全平台 · 全量 SKU · 2026-07-09
DJVN000025_1,"US AE 书柜 NT26 四抽小台款含插排一件一箱 颜色->#3,灰木纹色",ALL,AMAZON,C,T4A,3.5176,1.3873,109.05,43.01,85,2.7419,-1.3546,0.4940,t,6 个月 · 全平台 · 全量 SKU · 2026-07-09
DJVN000025_2,"US AE 书柜 NT26 四抽小台款含插排一件一箱 颜色->#1,黑色",ALL,AMAZON,C,T3,3.9331,3.6522,121.93,113.22,106,3.4194,0.2328,0.0681,t,6 个月 · 全平台 · 全量 SKU · 2026-07-09
DJVN000025_3,"US AE 书柜 NT26 四抽小台款含插排一件一箱 颜色->#2,白色",ALL,UNKNOWN,C,T4B,0.5525,0.2254,17.13,6.99,49,1.5806,-1.3552,0.8574,f,6 个月 · 全平台 · 全量 SKU · 2026-07-09
DJVN000038_1,US SD 1.8米游戏桌 一件一箱 颜色->白色,ALL,AMAZON,C,T4A,2.2279,1.0337,69.06,32.04,114,3.6774,-2.6437,0.7189,t,6 个月 · 全平台 · 全量 SKU · 2026-07-09
DJVN000038_2,US SD 1.8米游戏桌 一件一箱 颜色->黑色,ALL,AMAZON,C,T3,5.8163,5.4690,180.31,169.54,139,4.4839,0.9851,0.2197,t,6 个月 · 全平台 · 全量 SKU · 2026-07-09
DJVN000039_1,US SD 圆弧面转角高桌 一件一箱 颜色->白色,ALL,UNKNOWN,C,T4B,0.4396,0.2363,13.63,7.33,17,0.5484,-0.3121,0.5691,f,6 个月 · 全平台 · 全量 SKU · 2026-07-09
DJVN000039_2,US SD 圆弧面转角高桌 一件一箱 颜色->黑色,ALL,AMAZON,C,T4A,2.7383,1.2706,84.89,39.39,115,3.7097,-2.4391,0.6575,t,6 个月 · 全平台 · 全量 SKU · 2026-07-09
DJVN000039_2,US SD 圆弧面转角高桌 一件一箱 颜色->黑色,ALL,UNKNOWN,C,T4B,0.7221,0.3466,22.39,10.74,20,0.6452,-0.2986,0.4628,f,6 个月 · 全平台 · 全量 SKU · 2026-07-09
DJVN000039_3,US SD 圆弧面转角高桌 一件一箱 颜色->火烧云,ALL,AMAZON,C,T3,4.1483,3.9698,128.60,123.06,120,3.8710,0.0988,0.0255,t,6 个月 · 全平台 · 全量 SKU · 2026-07-09
DJVN000039_3,US SD 圆弧面转角高桌 一件一箱 颜色->火烧云,ALL,UNKNOWN,C,T4B,1.0516,0.5048,32.60,15.65,45,1.4516,-0.9468,0.6522,f,6 个月 · 全平台 · 全量 SKU · 2026-07-09
DJVN000040_2,"US AE 书柜 NT27 抽屉2个+空格 2件1箱小麻点款 二件一箱 颜色->#1,黑色小麻点",ALL,UNKNOWN,D,T4B,1.5025,0.7212,46.58,22.36,0,0.0000,0.7212,,f,6 个月 · 全平台 · 全量 SKU · 2026-07-09
DJVN000040_3,"US AE 书柜 NT27 抽屉2个+空格 2件1箱小麻点款 二件一箱 颜色->#2,白色小麻点",ALL,AMAZON,C,T4A,3.8479,1.7854,119.28,55.35,84,2.7097,-0.9243,0.3411,t,6 个月 · 全平台 · 全量 SKU · 2026-07-09
DJVN000040_3,"US AE 书柜 NT27 抽屉2个+空格 2件1箱小麻点款 二件一箱 颜色->#2,白色小麻点",ALL,TIKTOK,C,T4B,0.3505,0.1683,10.87,5.22,7,0.2258,-0.0575,0.2547,f,6 个月 · 全平台 · 全量 SKU · 2026-07-09
DJVN000040_3,"US AE 书柜 NT27 抽屉2个+空格 2件1箱小麻点款 二件一箱 颜色->#2,白色小麻点",ALL,UNKNOWN,C,T4B,1.1247,0.6047,34.87,18.75,74,2.3871,-1.7824,0.7467,f,6 个月 · 全平台 · 全量 SKU · 2026-07-09
DJVN000048_1,"US VD32 双开门智能镜梳妆台带七彩灯带镜子适配器 一件一箱 颜色->#1,原木色",ALL,UNKNOWN,C,T4B,0.2654,0.1427,8.23,4.42,24,0.7742,-0.6315,0.8157,f,6 个月 · 全平台 · 全量 SKU · 2026-07-09
DJVN000048_2,US VD32 双开门智能镜梳妆台带七彩灯带镜子适配器 一件一箱 颜色->白色,ALL,UNKNOWN,C,T4B,0.2179,0.1172,6.75,3.63,21,0.6774,-0.5602,0.8270,f,6 个月 · 全平台 · 全量 SKU · 2026-07-09
DJVN000056_1,US SD 1.7米X字三抽L桌 一件一箱 颜色 颜色->棕色,ALL,AMAZON,C,T4A,3.5476,1.6461,109.98,51.03,14,0.4516,1.1945,2.6449,t,6 个月 · 全平台 · 全量 SKU · 2026-07-09
DJVN000056_1,US SD 1.7米X字三抽L桌 一件一箱 颜色 颜色->棕色,ALL,UNKNOWN,C,T4B,0.6931,0.2828,21.49,8.77,10,0.3226,-0.0398,0.1233,f,6 个月 · 全平台 · 全量 SKU · 2026-07-09
DJVN000056_2,US SD 1.7米X字三抽L桌 一件一箱 颜色 颜色->棕色（顶）+白,ALL,AMAZON,C,T3,5.6493,5.0844,175.13,157.62,36,1.1613,3.9231,3.3782,t,6 个月 · 全平台 · 全量 SKU · 2026-07-09
DJVN000057_1,US SD 1.4米单人X字三抽电脑桌 一件一箱 颜色->棕色,ALL,AMAZON,C,T4A,2.5308,1.1743,78.45,36.40,6,0.1935,0.9808,5.0672,t,6 个月 · 全平台 · 全量 SKU · 2026-07-09
DJVN000057_1,US SD 1.4米单人X字三抽电脑桌 一件一箱 颜色->棕色,ALL,UNKNOWN,C,T4B,0.6214,0.3162,19.26,9.80,0,0.0000,0.3162,,f,6 个月 · 全平台 · 全量 SKU · 2026-07-09
DJVN000057_1,US SD 1.4米单人X字三抽电脑桌 一件一箱 颜色->棕色,ALL,WALMART,C,T4B,0.2203,0.1058,6.83,3.28,0,0.0000,0.1058,,f,6 个月 · 全平台 · 全量 SKU · 2026-07-09
DJVN000057_2,US SD 1.4米单人X字三抽电脑桌 一件一箱 颜色->棕色（顶）+白,ALL,AMAZON,C,T3,4.9547,4.4593,153.60,138.24,0,0.0000,4.4593,,f,6 个月 · 全平台 · 全量 SKU · 2026-07-09
DJVN000057_3,US SD 1.4米单人X字三抽电脑桌 一件一箱 颜色->象牙灰,ALL,AMAZON,C,T4B,1.5878,0.7622,49.22,23.63,35,1.1290,-0.3668,0.3249,f,6 个月 · 全平台 · 全量 SKU · 2026-07-09
DJVN000057_3,US SD 1.4米单人X字三抽电脑桌 一件一箱 颜色->象牙灰,ALL,TEMU,C,T4B,0.5885,0.2825,18.24,8.76,10,0.3226,-0.0401,0.1243,f,6 个月 · 全平台 · 全量 SKU · 2026-07-09
DJVN000057_3,US SD 1.4米单人X字三抽电脑桌 一件一箱 颜色->象牙灰,ALL,UNKNOWN,C,T4B,0.2198,0.1055,6.81,3.27,15,0.4839,-0.3784,0.7820,f,6 个月 · 全平台 · 全量 SKU · 2026-07-09
DJVN000057_3,US SD 1.4米单人X字三抽电脑桌 一件一箱 颜色->象牙灰,ALL,WALMART,C,T4B,0.6060,0.2909,18.79,9.02,33,1.0645,-0.7736,0.7267,f,6 个月 · 全平台 · 全量 SKU · 2026-07-09
DJVN000062_1,"US WIN 一抽一门接待桌 一件一箱 颜色->#1,胡桃木（E8034-2)+山纹黑（DS6607）",ALL,AMAZON,C,T4B,2.2786,1.2250,70.64,37.98,109,3.5161,-2.2911,0.6516,f,6 个月 · 全平台 · 全量 SKU · 2026-07-09
DJVN000062_1,"US WIN 一抽一门接待桌 一件一箱 颜色->#1,胡桃木（E8034-2)+山纹黑（DS6607）",ALL,TEMU,C,T4B,0.3143,0.1509,9.74,4.68,18,0.5806,-0.4297,0.7401,f,6 个月 · 全平台 · 全量 SKU · 2026-07-09
DJVN000062_2,US WIN 一抽一门接待桌 一件一箱 颜色->山纹黑色（DS6607）,ALL,AMAZON,C,T4B,1.9126,1.0282,59.29,31.87,15,0.4839,0.5443,1.1249,f,6 个月 · 全平台 · 全量 SKU · 2026-07-09
DJVN000063_1,"US WIN 三抽一层板接待桌 一件一箱 颜色->#1,胡桃木（E8034-2)+山纹黑（DS6607）",ALL,AMAZON,C,T4B,1.5061,0.7663,46.69,23.76,119,3.8387,-3.0724,0.8004,f,6 个月 · 全平台 · 全量 SKU · 2026-07-09
DJVN000063_2,US WIN 三抽一层板接待桌 一件一箱 颜色->山纹黑色（DS6607）,ALL,AMAZON,C,T4B,1.7126,0.9207,53.09,28.54,32,1.0323,-0.1116,0.1081,f,6 个月 · 全平台 · 全量 SKU · 2026-07-09
DJVN000064_1,US WIN 4合一拼合面板脚带洞洞行政办公桌 一件一箱 颜色->山纹黑（DS6607）,ALL,AMAZON,C,T4B,0.4342,0.2334,13.46,7.24,45,1.4516,-1.2182,0.8392,f,6 个月 · 全平台 · 全量 SKU · 2026-07-09
DJVN000064_2,US WIN 4合一拼合面板脚带洞洞行政办公桌 一件一箱 颜色->胡桃色(E8034-2),ALL,AMAZON,C,T4B,0.4830,0.2318,14.97,7.19,47,1.5161,-1.2843,0.8471,f,6 个月 · 全平台 · 全量 SKU · 2026-07-09
DJVN000066_1,"US QZ 钢琴面两斗柜 一件一箱 ,原橡木色",ALL,AMAZON,C,T4B,1.2912,0.6942,40.03,21.52,0,0.0000,0.6942,,f,6 个月 · 全平台 · 全量 SKU · 2026-07-09
DJVN000067_1,"US QZ 钢琴面一斗床头柜 -件一箱 尺码->#1,原橡木色",ALL,AMAZON,C,T4B,1.2379,0.6655,38.37,20.63,21,0.6774,-0.0119,0.0176,f,6 个月 · 全平台 · 全量 SKU · 2026-07-09
DJVN000067_2,"US QZ 钢琴面一斗床头柜 -件一箱 尺码->#2,黑胡桃色",ALL,AMAZON,C,T4B,1.0473,0.5630,32.47,17.45,49,1.5806,-1.0176,0.6438,f,6 个月 · 全平台 · 全量 SKU · 2026-07-09
DJVN000071_1,"US QZ 钢琴面六斗柜 -件一箱 尺码->#1,原橡木色",ALL,AMAZON,C,T4B,0.9604,0.5163,29.77,16.01,0,0.0000,0.5163,,f,6 个月 · 全平台 · 全量 SKU · 2026-07-09
DJVN000071_2,"US QZ 钢琴面六斗柜 -件一箱 尺码->#2,黑胡桃色",ALL,AMAZON,C,T4B,0.9412,0.5060,29.18,15.69,18,0.5806,-0.0746,0.1286,f,6 个月 · 全平台 · 全量 SKU · 2026-07-09
DJVN000072_1,US 16寸现代简约洗手台 一件一箱 颜色->白色麻面(DS6610-D),ALL,AMAZON,D,T4B,1.4489,0.7789,44.92,24.15,0,0.0000,0.7789,,f,6 个月 · 全平台 · 全量 SKU · 2026-07-09
DJVN000072_1,US 16寸现代简约洗手台 一件一箱 颜色->白色麻面(DS6610-D),ALL,TEMU,D,T4B,0.3286,0.1577,10.19,4.89,0,0.0000,0.1577,,f,6 个月 · 全平台 · 全量 SKU · 2026-07-09
DJVN000073_1,US 31寸现代简约洗手台 一件一箱 颜色->黑色麻面(DS6607-D),ALL,AMAZON,C,T4B,1.6324,0.7836,50.60,24.29,68,2.1935,-1.4099,0.6428,f,6 个月 · 全平台 · 全量 SKU · 2026-07-09
DJVN000076_1,"US QZ 钢琴面五斗柜 -件一箱 尺码->#1,原橡木色",ALL,AMAZON,C,T4B,0.6451,0.3468,20.00,10.75,12,0.3871,-0.0403,0.1041,f,6 个月 · 全平台 · 全量 SKU · 2026-07-09
DJVN000076_2,"US QZ 钢琴面五斗柜 -件一箱 尺码->#2,黑胡桃色",ALL,AMAZON,C,T4B,0.7440,0.4000,23.06,12.40,12,0.3871,0.0129,0.0333,f,6 个月 · 全平台 · 全量 SKU · 2026-07-09
DJVN000079_1,US 户外实木升级款3 piece patio set 一件两箱 米白色 颜色->米白,ALL,AMAZON,C,T4B,0.4143,0.1989,12.84,6.17,22,0.7097,-0.5108,0.7197,f,6 个月 · 全平台 · 全量 SKU · 2026-07-09
DJVN000080_1,"US WIN 两抽沙发桌 颜色->#2,原木色DS66122 一件一箱",ALL,AMAZON,D,T4B,1.0456,0.5621,32.41,17.43,23,0.7419,-0.1798,0.2424,f,6 个月 · 全平台 · 全量 SKU · 2026-07-09
DJVN000081_1,US WIN L型板式斜腿滑动门行政桌 一件二箱 颜色->山纹黑(DS6607),ALL,AMAZON,C,T4B,1.3335,0.6401,41.34,19.84,0,0.0000,0.6401,,f,6 个月 · 全平台 · 全量 SKU · 2026-07-09
DJVN000082_1,US WIN L型八字脚铁木行政桌 一件两箱 颜色->山纹黑(DS6607),ALL,AMAZON,C,T4B,0.6170,0.3317,19.13,10.28,83,2.6774,-2.3457,0.8761,f,6 个月 · 全平台 · 全量 SKU · 2026-07-09
DJVN000083_1,US WIN L型U字腿铁木行政桌 一件两箱 颜色->山纹黑(DS6607),ALL,AMAZON,D,T4B,0.9126,0.4643,28.29,14.39,0,0.0000,0.4643,,f,6 个月 · 全平台 · 全量 SKU · 2026-07-09
DJVN000084_1,US WIN 37寸现代简约洗手台 一件二箱 颜色-白色光面(RX6603),ALL,AMAZON,C,T4B,0.5857,0.2980,18.16,9.24,24,0.7742,-0.4762,0.6151,f,6 个月 · 全平台 · 全量 SKU · 2026-07-09
DJVN000084_2,US WIN 37寸现代简约洗手台 一件二箱 颜色->黑色光面(DS6607),ALL,AMAZON,D,T4B,0.4176,0.1704,12.95,5.28,0,0.0000,0.1704,,f,6 个月 · 全平台 · 全量 SKU · 2026-07-09
DJVN000085_1,"US WIN L型铁配木马桶架 一件一箱 颜色->,山纹黑(DS6607)",ALL,AMAZON,D,T4B,0.7462,0.3044,23.13,9.44,23,0.7419,-0.4375,0.5897,f,6 个月 · 全平台 · 全量 SKU · 2026-07-09
DJVN000086_1,"US WIN 大柜子铁配木马桶架 一件一箱 颜色->#3,原木色(DS6650-L02)",ALL,AMAZON,D,T4B,0.8632,0.3522,26.76,10.92,69,2.2258,-1.8736,0.8418,f,6 个月 · 全平台 · 全量 SKU · 2026-07-09
DJVN000086_2,US WIN 大柜子铁配木马桶架 一件一箱 颜色->麻面黑色(DS6607-D),ALL,AMAZON,D,T4B,0.8725,0.4188,27.05,12.98,48,1.5484,-1.1296,0.7295,f,6 个月 · 全平台 · 全量 SKU · 2026-07-09
DJVN000087_2,US WIN 三七分铁配木马桶架 一件一箱 颜色->黑色麻面(DS6607-D),ALL,AMAZON,D,T4B,0.8082,0.3880,25.05,12.03,47,1.5161,-1.1281,0.7441,f,6 个月 · 全平台 · 全量 SKU · 2026-07-09
DJVN000091_1,"US WIN 半工字型铁腿行政桌 一件两箱 颜色->#2,棕色：R13064K",ALL,AMAZON,C,T4B,1.1330,0.6091,35.12,18.88,27,0.8710,-0.2619,0.3007,f,6 个月 · 全平台 · 全量 SKU · 2026-07-09
DJVN000092_1,"US WIN 空心板腿沙发桌 一件一箱 颜色->#2,原木色：大通/元素DS66122",ALL,AMAZON,D,T4B,1.0137,0.5450,31.42,16.90,80,2.5806,-2.0356,0.7888,f,6 个月 · 全平台 · 全量 SKU · 2026-07-09
DJVN000092_2,US WIN 空心板腿沙发桌 一件一箱 颜色->棕色 元素DS66121,ALL,AMAZON,D,T4B,1.1401,0.6129,35.34,19.00,50,1.6129,-1.0000,0.6200,f,6 个月 · 全平台 · 全量 SKU · 2026-07-09
DJVN000093_1,"US WIN 3层假厚板沙发桌 一件一箱 颜色->#2,原木色:大通/元素DS66122",ALL,AMAZON,D,T4B,0.3604,0.1938,11.17,6.01,55,1.7742,-1.5804,0.8908,f,6 个月 · 全平台 · 全量 SKU · 2026-07-09
DJVN000095_2,"US QZ 四门餐边柜，单色灯带，带插座。一件一箱 ,黑胡桃木",ALL,AMAZON,D,T4B,0.6995,0.3357,21.68,10.41,13,0.4194,-0.0837,0.1995,f,6 个月 · 全平台 · 全量 SKU · 2026-07-09
DJVN000097_1,"US WIN 独立柜马桶架 一件一箱 颜色->#2,浮雕大山纹白",ALL,AMAZON,D,T4B,1.2725,0.6108,39.45,18.93,31,1.0000,-0.3892,0.3892,f,6 个月 · 全平台 · 全量 SKU · 2026-07-09
DJVN000097_2,"US WIN 独立柜马桶架 一件一箱 颜色->黑色,浮雕大山纹黑",ALL,AMAZON,D,T4B,0.9764,0.4968,30.27,15.40,6,0.1935,0.3033,1.5668,f,6 个月 · 全平台 · 全量 SKU · 2026-07-09
DJVN000098_1,"US WIN 小款式马桶架 一件一箱 颜色->#2,浮雕大山纹白",ALL,AMAZON,D,T4B,1.1780,0.6333,36.52,19.63,57,1.8387,-1.2054,0.6556,f,6 个月 · 全平台 · 全量 SKU · 2026-07-09
DJVN000099_1,"US WIN 窄款浴室柜 一件一箱 颜色->#2,浮雕大山纹白-大通元素DS6610",ALL,AMAZON,D,T4B,1.1154,0.4551,34.58,14.11,0,0.0000,0.4551,,f,6 个月 · 全平台 · 全量 SKU · 2026-07-09
DJVN000101_1,"US QZ 条纹四门餐边柜，三个抽屉，一件一箱 ,原木色",ALL,AMAZON,D,T4B,1.1808,0.6348,36.60,19.68,56,1.8065,-1.1717,0.6486,f,6 个月 · 全平台 · 全量 SKU · 2026-07-09
DJVN000101_1,"US QZ 条纹四门餐边柜，三个抽屉，一件一箱 ,原木色",ALL,TEMU,D,T4B,0.1571,0.0754,4.87,2.34,8,0.2581,-0.1827,0.7078,f,6 个月 · 全平台 · 全量 SKU · 2026-07-09
DJVN000102_1,"US QZ 农舍风六抽斗柜，加长款，一件一箱 ,黄胡桃加云溪白",ALL,AMAZON,D,T4B,1.4995,0.8061,46.48,24.99,0,0.0000,0.8061,,f,6 个月 · 全平台 · 全量 SKU · 2026-07-09
DJVN000102_2,"US QZ 农舍风六抽斗柜，加长款，一件一箱 ,灰橡木",ALL,AMAZON,D,T4B,0.7566,0.4067,23.45,12.61,0,0.0000,0.4067,,f,6 个月 · 全平台 · 全量 SKU · 2026-07-09
DJVN000103_1,"US QZ 农舍风五抽斗柜，一件一箱 ,黄胡桃加云溪白",ALL,AMAZON,D,T4B,1.2648,0.6800,39.21,21.08,14,0.4516,0.2284,0.5057,f,6 个月 · 全平台 · 全量 SKU · 2026-07-09
DJVN000103_2,"US QZ 农舍风五抽斗柜，一件一箱 ,灰橡木",ALL,AMAZON,D,T4B,0.8989,0.4832,27.87,14.98,0,0.0000,0.4832,,f,6 个月 · 全平台 · 全量 SKU · 2026-07-09
DJVN000104_1,"US QZ 农舍风六抽斗柜，常规款，一件一箱 ,黄胡桃加云溪白",ALL,AMAZON,D,T4B,1.4011,0.7532,43.43,23.35,0,0.0000,0.7532,,f,6 个月 · 全平台 · 全量 SKU · 2026-07-09
DJVN000105_1,"US QZ 农舍风一抽床头柜，带插座，一件一箱,黄胡桃加云溪白",ALL,AMAZON,D,T4B,1.2626,0.6788,39.14,21.04,26,0.8387,-0.1599,0.1907,f,6 个月 · 全平台 · 全量 SKU · 2026-07-09
DJVN000109_1,"US WIN 银色悬浮行政桌 一件两箱 颜色->#2,浮雕山纹黑",ALL,AMAZON,C,T4B,0.8038,0.4321,24.92,13.40,59,1.9032,-1.4711,0.7730,f,6 个月 · 全平台 · 全量 SKU · 2026-07-09
DJVN000110_1,"US WIN 八字胡书柜 一件两箱 颜色->#2,浮雕山纹黑",ALL,AMAZON,D,T4B,0.5819,0.3128,18.04,9.70,95,3.0645,-2.7517,0.8979,f,6 个月 · 全平台 · 全量 SKU · 2026-07-09
DJVN000114_1,"US WIN 180cm四拱形沙发桌 一件一箱 颜色->#2,浮雕山纹黑",ALL,AMAZON,D,T4B,0.6560,0.3527,20.34,10.93,45,1.4516,-1.0989,0.7570,f,6 个月 · 全平台 · 全量 SKU · 2026-07-09
DJVN000115_1,US QZ 24寸洗手台，两门一抽，白色水曲柳，一件一箱,ALL,AMAZON,D,T4B,1.4544,0.7819,45.09,24.24,42,1.3548,-0.5729,0.4229,f,6 个月 · 全平台 · 全量 SKU · 2026-07-09
DJVN000116_1,"US QZ 30寸洗手台，两门三抽，一件一箱 ,白水曲柳",ALL,AMAZON,D,T4B,1.5808,0.8498,49.00,26.34,33,1.0645,-0.2147,0.2017,f,6 个月 · 全平台 · 全量 SKU · 2026-07-09
DJVN000120_1,"USAE FQ-NT28 抽屉2个+1空格小麻点款不超22kg 含RGB灯带 二件一箱 颜色->#1,黑色麻面",ALL,AMAZON,C,T4B,0.8214,0.3943,25.46,12.22,84,2.7097,-2.3154,0.8545,f,6 个月 · 全平台 · 全量 SKU · 2026-07-09
DJVN000120_3,"USAE FQ-NT28 抽屉2个+1空格小麻点款不超22kg 含RGB灯带 二件一箱 颜色->#3,灰木纹色麻面",ALL,AMAZON,C,T4B,0.7429,0.3566,23.03,11.05,81,2.6129,-2.2563,0.8635,f,6 个月 · 全平台 · 全量 SKU · 2026-07-09
DJVN000121_1,"US WIN 八字胡墙柜异形门款 一件一箱 ->#2,浮雕山纹黑",ALL,AMAZON,D,T4B,0.6456,0.3471,20.01,10.76,87,2.8065,-2.4594,0.8763,f,6 个月 · 全平台 · 全量 SKU · 2026-07-09
DJVN000121_2,US WIN 八字胡墙柜异形门款 一件一箱 ->#2原木色: 吉福Joyful-J8130-7V 3DPM7,ALL,AMAZON,D,T4B,0.4209,0.2263,13.05,7.02,63,2.0323,-1.8060,0.8886,f,6 个月 · 全平台 · 全量 SKU · 2026-07-09
DJVN000124_1,"US 升降方形咖啡桌 带轮子 一件一箱 尺码->#10,原木色",ALL,AMAZON,C,T4B,0.6253,0.3361,19.38,10.42,122,3.9355,-3.5994,0.9146,f,6 个月 · 全平台 · 全量 SKU · 2026-07-09
DJVN000125_1,"US 方形咖啡桌带灯带 一件一箱 深胡桃 尺码->#12,胡桃木色",ALL,AMAZON,C,T4B,0.2962,0.1592,9.18,4.94,60,1.9355,-1.7763,0.9177,f,6 个月 · 全平台 · 全量 SKU · 2026-07-09
DJVN000127_1,"US QZ 藤编一抽床头柜，带插座，一件一箱 尺码->#1,灰橡木",ALL,AMAZON,D,T4B,1.4676,0.7890,45.50,24.46,61,1.9677,-1.1787,0.5990,f,6 个月 · 全平台 · 全量 SKU · 2026-07-09
DJVN000128_1,"US QZ 藤编两抽床头柜，带插座，一件一箱 尺码->#1,灰橡木",ALL,AMAZON,D,T4B,2.1560,1.1591,66.84,35.93,0,0.0000,1.1591,,f,6 个月 · 全平台 · 全量 SKU · 2026-07-09
DJVN000129_1,"US QZ 藤编五抽斗柜，一件一箱 尺码->#1,灰橡木",ALL,AMAZON,D,T4B,0.8775,0.4717,27.20,14.62,28,0.9032,-0.4315,0.4778,f,6 个月 · 全平台 · 全量 SKU · 2026-07-09
DJVN000130_1,"US QZ 藤编六抽斗柜，一件一箱 尺码->#1,灰橡木",ALL,AMAZON,D,T4B,1.3099,0.7042,40.61,21.83,24,0.7742,-0.0700,0.0904,f,6 个月 · 全平台 · 全量 SKU · 2026-07-09
DJVN000133_1,"US 圆弧升降咖啡桌 胡桃木色 一件一箱 尺码->#13,胡桃木色",ALL,TIKTOK,C,T4B,0.5181,0.2785,16.06,8.63,55,1.7742,-1.4957,0.8430,f,6 个月 · 全平台 · 全量 SKU · 2026-07-09
DJVN000134_1,"US QZ 条纹浴室柜，带单色灯带，一件一箱 尺码->#1,原木色",ALL,AMAZON,D,T4B,1.4500,0.6960,44.95,21.58,44,1.4194,-0.7234,0.5096,f,6 个月 · 全平台 · 全量 SKU · 2026-07-09
DJVN000135_1,"US N型玄关柜 胡桃木色 一件一箱 尺码->#13,胡桃木色",ALL,TIKTOK,C,T4B,0.9423,0.5066,29.21,15.70,15,0.4839,0.0227,0.0470,f,6 个月 · 全平台 · 全量 SKU · 2026-07-09
DJVN000139_1,US WIN 农舍风多抽升降咖啡桌-四抽款 一件一箱 颜色->顶板颜色大通H65014K/桌身大通G05256K,ALL,AMAZON,D,T4B,1.1396,0.6126,35.33,18.99,41,1.3226,-0.7100,0.5368,f,6 个月 · 全平台 · 全量 SKU · 2026-07-09
DJVN000147_1,US WIN 升降咖啡桌圆角款一件一箱 颜色->棕色Joyful-J7856-7V 3DPM)底座山纹黑,ALL,AMAZON,D,T4B,1.0808,0.5810,33.50,18.01,44,1.4194,-0.8384,0.5907,f,6 个月 · 全平台 · 全量 SKU · 2026-07-09
DJVN000148_1,"US 电视柜带玻璃 哑黑 一件一箱 尺码->#19,哑黑",ALL,AMAZON,C,T4B,0.3357,0.1611,10.41,4.99,15,0.4839,-0.3228,0.6671,f,6 个月 · 全平台 · 全量 SKU · 2026-07-09
DJVN000150_1,"US 双拱 玄关柜 哑黑 一件一箱 尺码->#1,哑黑",ALL,AMAZON,C,T4B,0.4786,0.2297,14.84,7.12,13,0.4194,-0.1897,0.4523,f,6 个月 · 全平台 · 全量 SKU · 2026-07-09
DJVN000152_1,US WIN桌面八边形行政桌 一件两箱 颜色->棕色：大通元素DS66131,ALL,AMAZON,C,T4B,0.2852,0.1533,8.84,4.75,43,1.3871,-1.2338,0.8895,f,6 个月 · 全平台 · 全量 SKU · 2026-07-09
DJVN000154_1,"US QZ 斜面三抽床头柜，带灯带，插座，一件一箱 尺码->#1,黑色水曲柳",ALL,AMAZON,D,T4B,1.6308,0.8767,50.55,27.18,53,1.7097,-0.8330,0.4872,f,6 个月 · 全平台 · 全量 SKU · 2026-07-09
DJVN000156_1,"US QZ 假拱形四门食品柜，一件一箱 尺码->#1,深橡木色",ALL,AMAZON,D,T4B,0.6500,0.3120,20.15,9.67,81,2.6129,-2.3009,0.8806,f,6 个月 · 全平台 · 全量 SKU · 2026-07-09
DJVN000157_1,"US WIN 异形腿行政桌 一件一箱 颜色->山纹黑(DS6607) 颜色->黑色,山纹黑色",ALL,AMAZON,C,T4B,1.2297,0.6611,38.12,20.49,148,4.7742,-4.1131,0.8615,f,6 个月 · 全平台 · 全量 SKU · 2026-07-09
DJVN000160_1,"US WIN 凹肩五抽柜 一件一箱 颜色 山纹黑(DS6607) 颜色->黑色,山纹黑色",ALL,AMAZON,D,T4B,0.5088,0.2735,15.77,8.48,0,0.0000,0.2735,,f,6 个月 · 全平台 · 全量 SKU · 2026-07-09
DJVN000162_1,US WIN 四色五抽柜 一件一箱 颜色 浅色到深色 浮雕（E60176，E60176-1，E60176-2，E60176-3）,ALL,AMAZON,D,T4B,0.5571,0.2674,17.27,8.29,3,0.0968,0.1706,1.7631,f,6 个月 · 全平台 · 全量 SKU · 2026-07-09
DJVN000163_1,"US QZ 卧室书桌，一件一箱 尺码->#1,原橡木色",ALL,AMAZON,D,T4B,1.3571,0.6514,42.07,20.19,76,2.4516,-1.8002,0.7343,f,6 个月 · 全平台 · 全量 SKU · 2026-07-09
DJVN000165_1,"US 藤编组合床头柜 一件一箱 原木色 尺码->#15,原木色",ALL,AMAZON,C,T4B,0.3786,0.1817,11.74,5.63,82,2.6452,-2.4635,0.9313,f,6 个月 · 全平台 · 全量 SKU · 2026-07-09
DJVN000167_1,"US 藤编角落床头柜 一件一箱 原木色 尺码->#13,原木色",ALL,AMAZON,C,T4B,0.5929,0.2846,18.38,8.82,59,1.9032,-1.6186,0.8505,f,6 个月 · 全平台 · 全量 SKU · 2026-07-09
DJVN000169_1,"US WIN L型斜抽升降桌 一件两箱 颜色->#2,棕色:元素H64154K",ALL,AMAZON,C,T4B,0.3681,0.1979,11.41,6.13,39,1.2581,-1.0602,0.8427,f,6 个月 · 全平台 · 全量 SKU · 2026-07-09
DJVN000170_1,"US WIN 斜拼花纹农舍风L升降行政桌 一件两箱 颜色->#2,吉福Joyful 7 TP-JH2203 3DMB",ALL,AMAZON,C,T4B,0.8401,0.4516,26.04,14.00,40,1.2903,-0.8387,0.6500,f,6 个月 · 全平台 · 全量 SKU · 2026-07-09
DJVN000173_1,"US PIX Q折叠床垫 一件一箱 颜色->#3,LHA12513/75783",ALL,AMAZON,D,T4B,0.3857,0.1851,11.96,5.74,78,2.5161,-2.3310,0.9264,f,6 个月 · 全平台 · 全量 SKU · 2026-07-09
DJVN000174_1,US PIX F折叠床垫 一件一箱 其他->#3,ALL,AMAZON,D,T4B,0.6857,0.3291,21.26,10.20,102,3.2903,-2.9612,0.9000,f,6 个月 · 全平台 · 全量 SKU · 2026-07-09
DJVN000175_1,US PIX T折叠床垫 一件一箱 颜色->#3,ALL,AMAZON,D,T4B,0.5643,0.2709,17.49,8.40,41,1.3226,-1.0517,0.7952,f,6 个月 · 全平台 · 全量 SKU · 2026-07-09
DJVN000176_1,"US WIN 原木格栅换鞋凳+2门2抽款 一件一箱 颜色->#2,Joyful: J8130-7V 3DPM7",ALL,AMAZON,D,T4B,1.0429,0.5006,32.33,15.52,36,1.1613,-0.6607,0.5689,f,6 个月 · 全平台 · 全量 SKU · 2026-07-09
DJVN000178_1,"US 圆弧条方形床头柜 一件一箱 尺码->52,原木色",ALL,AMAZON,C,T4B,0.2643,0.1269,8.19,3.93,55,1.7742,-1.6473,0.9285,f,6 个月 · 全平台 · 全量 SKU · 2026-07-09
DJVN000179_1,"US 圆弧异型床头柜 原木色一件一箱  尺码->52,原木色",ALL,AMAZON,D,T4B,0.3143,0.1509,9.74,4.68,85,2.7419,-2.5910,0.9450,f,6 个月 · 全平台 · 全量 SKU · 2026-07-09
DJVN000182_1,"US 悬浮带玻璃床头柜 胡桃木色 一件一箱 尺码->52,胡桃木色",ALL,AMAZON,C,T4B,0.4857,0.2331,15.06,7.23,120,3.8710,-3.6379,0.9398,f,6 个月 · 全平台 · 全量 SKU · 2026-07-09
DJVN000184_1,"US WIN L型圆弧格栅升降桌 一件两箱 颜色->#2,大通元素B96005-204K4",ALL,AMAZON,C,T4B,0.4143,0.1989,12.84,6.17,24,0.7742,-0.5753,0.7431,f,6 个月 · 全平台 · 全量 SKU · 2026-07-09
DJVN000187_1,"US WIN 小八字胡换鞋凳 一件一箱 颜色->#2,吉福Joyful: J8130-7V 3DPM7",ALL,AMAZON,D,T4B,0.2643,0.1269,8.19,3.93,26,0.8387,-0.7118,0.8487,f,6 个月 · 全平台 · 全量 SKU · 2026-07-09
DJVN000208_1,"US WIN 全开放八字胡书柜 一件一箱 颜色->#1,浮雕山纹黑大通元素DS6607/A05014K",ALL,AMAZON,D,T4B,0.1571,0.0754,4.87,2.34,66,2.1290,-2.0536,0.9646,f,6 个月 · 全平台 · 全量 SKU · 2026-07-09
DJVN000209_1,"US WIN 双门八字胡书柜 一件一箱 颜色->#1,浮雕山纹黑大通元素DS6607/A05014K",ALL,AMAZON,D,T4B,0.1571,0.0754,4.87,2.34,73,2.3548,-2.2794,0.9680,f,6 个月 · 全平台 · 全量 SKU · 2026-07-09
DJVN000211_1,"US WIN 农舍餐边柜 一件一箱 颜色->#1,胡桃色元素DS66108农舍白元素DS6612",ALL,AMAZON,D,T4B,0.2500,0.1200,7.75,3.72,38,1.2258,-1.1058,0.9021,f,6 个月 · 全平台 · 全量 SKU · 2026-07-09
SFDJ503122_1,US SD 谷仓门双顶咖啡桌 一件一箱 颜色->浅橡木灰,ALL,TIKTOK,D,T4B,1.7330,0.8318,53.72,25.79,38,1.2258,-0.3940,0.3214,f,6 个月 · 全平台 · 全量 SKU · 2026-07-09
SFDJ503122_2,US SD 谷仓门双顶咖啡桌 一件一箱 颜色->火烧云色,ALL,TIKTOK,D,T4B,1.8890,0.9067,58.56,28.11,39,1.2581,-0.3514,0.2793,f,6 个月 · 全平台 · 全量 SKU · 2026-07-09
SFDJ503122_3,US SD 谷仓门双顶咖啡桌 一件一箱 颜色->白橡纹+卡罗橡纹,ALL,TIKTOK,D,T4B,4.9713,2.0283,154.11,62.88,110,3.5484,-1.5201,0.4284,f,6 个月 · 全平台 · 全量 SKU · 2026-07-09
SFDJ503122_4,US TA 谷仓门双顶咖啡桌 一件一箱 颜色->蓝色+棕色（顶）,ALL,TIKTOK,D,T4B,1.6306,0.7827,50.55,24.26,58,1.8710,-1.0883,0.5817,f,6 个月 · 全平台 · 全量 SKU · 2026-07-09
SFDJ503122_5,US TA 谷仓门双顶咖啡桌 一件一箱 颜色->黑+咖啡胡桃,ALL,TIKTOK,D,T4B,0.5500,0.2640,17.05,8.18,0,0.0000,0.2640,,f,6 个月 · 全平台 · 全量 SKU · 2026-07-09
SFDJ503122_6,US TA 谷仓门双顶咖啡桌 一件一箱 颜色->白G42014K+仿古樱桃,ALL,TIKTOK,D,T4B,0.4857,0.2331,15.06,7.23,25,0.8065,-0.5734,0.7110,f,6 个月 · 全平台 · 全量 SKU · 2026-07-09
SFDJ503440_2,US SD L桌三抽带单玻璃门  一件一箱 颜色->黑麻,ALL,TIKTOK,D,T4B,0.5036,0.2417,15.61,7.49,21,0.6774,-0.4357,0.6432,f,6 个月 · 全平台 · 全量 SKU · 2026-07-09
SFDJ503733_3,US DC 铁木床 CBF-01L 方管软包角落床带抽篮-112 灰 F 一件一箱,ALL,TIKTOK,C,T4B,0.3214,0.1543,9.96,4.78,45,1.4516,-1.2973,0.8937,f,6 个月 · 全平台 · 全量 SKU · 2026-07-09
SFDJ503915_1,US HS 抽屉柜 DDBT-02 1x5+2 底座 无把手 一件一箱 颜色->黑色,ALL,TIKTOK,C,T4B,0.3714,0.1783,11.51,5.53,9,0.2903,-0.1120,0.3859,f,6 个月 · 全平台 · 全量 SKU · 2026-07-09
SFDJ504717_1,US 单人升降桌带竖条凹槽腿 一件一箱 颜色->棕色,ALL,TIKTOK,D,T4B,0.2247,0.1208,6.97,3.74,6,0.1935,-0.0727,0.3759,f,6 个月 · 全平台 · 全量 SKU · 2026-07-09
SFDJ504725_2,US 竖条纹美式铁木L桌 一件一箱 颜色->棕顶+黑,ALL,AMAZON,D,T4B,0.4286,0.2057,13.29,6.38,0,0.0000,0.2057,,f,6 个月 · 全平台 · 全量 SKU · 2026-07-09
SFDJ505012_1,US 1.8m亚克力展示书柜 一件一箱 颜色->黑麻,ALL,TIKTOK,D,T4B,0.4011,0.2156,12.43,6.68,32,1.0323,-0.8167,0.7911,f,6 个月 · 全平台 · 全量 SKU · 2026-07-09
SFDJ505107_1,US L桌美式纯板材高桌  一件两箱 颜色->白浮雕+黑麻,ALL,UNKNOWN,D,T4B,0.3516,0.1890,10.90,5.86,28,0.9032,-0.7142,0.7908,f,6 个月 · 全平台 · 全量 SKU · 2026-07-09
SFDJ505118_1,US 1.4米升降桌 一件两箱  颜色->主体白+顶板棕,ALL,TEMU,D,T4B,1.4516,0.7804,45.00,24.19,40,1.2903,-0.5099,0.3952,f,6 个月 · 全平台 · 全量 SKU · 2026-07-09
SFDJ505118_1,US 1.4米升降桌 一件两箱  颜色->主体白+顶板棕,ALL,WALMART,D,T4B,0.4341,0.2334,13.46,7.24,7,0.2258,0.0076,0.0336,f,6 个月 · 全平台 · 全量 SKU · 2026-07-09
SFDJ505118_2,US 1.4米升降桌 一件两箱  颜色->主体黑+顶板棕,ALL,TEMU,D,T4B,0.7747,0.4165,24.02,12.91,4,0.1290,0.2875,2.2279,f,6 个月 · 全平台 · 全量 SKU · 2026-07-09
SFDJ505118_2,US 1.4米升降桌 一件两箱  颜色->主体黑+顶板棕,ALL,UNKNOWN,D,T4B,1.0027,0.5391,31.08,16.71,0,0.0000,0.5391,,f,6 个月 · 全平台 · 全量 SKU · 2026-07-09
SFDJ505118_2,US 1.4米升降桌 一件两箱  颜色->主体黑+顶板棕,ALL,WALMART,D,T4B,0.2137,0.1149,6.62,3.56,0,0.0000,0.1149,,f,6 个月 · 全平台 · 全量 SKU · 2026-07-09
SFDJ505120_2,US SD L升降桌带文件柜  一件两箱   颜色->黑麻,ALL,UNKNOWN,D,T4B,0.2374,0.1276,7.36,3.96,21,0.6774,-0.5498,0.8116,f,6 个月 · 全平台 · 全量 SKU · 2026-07-09
SFDJ505124_1,US 美式升降可直排L桌 一件两箱 颜色->棕+白,ALL,UNKNOWN,D,T4B,0.7478,0.3589,23.18,11.13,5,0.1613,0.1976,1.2252,f,6 个月 · 全平台 · 全量 SKU · 2026-07-09
SFDJ505134_3,US SD 1.6米单人升降行政桌  一件两箱 颜色->白麻+木纹,ALL,AMAZON,D,T4B,0.3786,0.1817,11.74,5.63,2,0.0645,0.1172,1.8163,f,6 个月 · 全平台 · 全量 SKU · 2026-07-09
SFDJ505651_1,US 1.6米U型腿三抽板材L桌 一件两箱 颜色->原木色零度浮雕,ALL,AMAZON,D,T4B,0.2786,0.1337,8.64,4.14,0,0.0000,0.1337,,f,6 个月 · 全平台 · 全量 SKU · 2026-07-09
SFDJ505732_1,US 1.5米农舍竖条对开门L桌 一件一箱 颜色->白+棕,ALL,TIKTOK,D,T4B,0.2571,0.1234,7.97,3.83,0,0.0000,0.1234,,f,6 个月 · 全平台 · 全量 SKU · 2026-07-09
SKDJ502512_4,US AE 书柜 3抽屉 带插排小台款 颜色->#4,ALL,TIKTOK,C,T4B,1.3132,0.6303,40.71,19.54,109,3.5161,-2.8858,0.8207,f,6 个月 · 全平台 · 全量 SKU · 2026-07-09
SKDJ502530_1,US AE 书柜 三抽带储物空间加灯带插排 颜色->白色,ALL,TIKTOK,C,T3P,15.3806,15.3806,476.80,476.80,286,9.2258,6.1548,0.6671,t,6 个月 · 全平台 · 全量 SKU · 2026-07-09
SKDJ502530_2,US AE 书柜 三抽带储物空间加灯带插排 颜色->黑色,ALL,TIKTOK,C,T3P,43.8798,42.0462,1360.27,1303.43,1626,52.4516,-10.4054,0.1984,t,6 个月 · 全平台 · 全量 SKU · 2026-07-09
SKDJ502530_23,"US AE 书柜 三抽带储物空间加灯带插排 颜色->#3,鱼肚白大理石纹",ALL,TIKTOK,C,T4B,6.8083,3.2680,211.06,101.31,264,8.5161,-5.2481,0.6163,f,6 个月 · 全平台 · 全量 SKU · 2026-07-09
SKDJ502530_4,US AE 书柜 三抽带储物空间加灯带插排 颜色->#4,ALL,TIKTOK,C,T4B,1.5385,0.7828,47.69,24.27,53,1.7097,-0.9269,0.5421,f,6 个月 · 全平台 · 全量 SKU · 2026-07-09
SKDJ503170_1,EU KM 板式升降可展开咖啡桌 颜色->浅灰色,ALL,TIKTOK,C,T4B,2.0786,0.8500,64.44,26.35,96,3.0968,-2.2468,0.7255,f,6 个月 · 全平台 · 全量 SKU · 2026-07-09
SKDJ503170_2,"EU KM 板式升降可展开咖啡桌 颜色->棕色,火烧木",ALL,TIKTOK,C,T4B,1.9117,0.7367,59.26,22.84,81,2.6129,-1.8762,0.7181,f,6 个月 · 全平台 · 全量 SKU · 2026-07-09
SKDJ503450_1,"EU KM 板式L型桌腿升降可展开咖啡桌 颜色->白色,麻面白",ALL,TIKTOK,C,T4B,0.3296,0.1677,10.22,5.20,35,1.1290,-0.9613,0.8515,f,6 个月 · 全平台 · 全量 SKU · 2026-07-09
SKDJ503451_2,"EU KM 铁木带布抽升降可展开咖啡桌 一件一箱 颜色->灰色,浅灰色",ALL,TIKTOK,C,T4B,0.3228,0.1549,10.01,4.80,33,1.0645,-0.9096,0.8545,f,6 个月 · 全平台 · 全量 SKU · 2026-07-09
SKDJ503451_3,"EU KM 铁木带布抽升降可展开咖啡桌 颜色->白色,白浮雕",ALL,TIKTOK,C,T4B,0.2590,0.1392,8.03,4.32,17,0.5484,-0.4092,0.7462,f,6 个月 · 全平台 · 全量 SKU · 2026-07-09
SKDJ504931_1,"US AE 书柜 NT30（原NT15） 三抽加高款带玻璃柜门加RGB灯带 一件一箱 颜色->#3,灰木纹色麻面",ALL,TIKTOK,C,T4B,5.3192,2.8596,164.90,88.65,266,8.5806,-5.7210,0.6667,f,6 个月 · 全平台 · 全量 SKU · 2026-07-09
SKDJVN000013_2,"US AE 书柜（Vietnam）2抽屉板材带双灯 加高款 颜色->#1,白色麻面",ALL,TIKTOK,C,T4B,7.8336,3.9857,242.84,123.56,131,4.2258,-0.2401,0.0568,f,6 个月 · 全平台 · 全量 SKU · 2026-07-09
SKDJVN000013_3,"US AE 书柜（Vietnam）2抽屉板材带双灯 加高款 颜色->#2,黑色麻面",ALL,TIKTOK,C,T3P,12.7398,12.7398,394.93,394.93,240,7.7419,4.9979,0.6456,t,6 个月 · 全平台 · 全量 SKU · 2026-07-09
SKDJVN000013_4,US AE 书柜（Vietnam）2抽屉板材带双灯 加高款 颜色->#4,ALL,TIKTOK,C,T4B,1.5433,0.7408,47.84,22.96,72,2.3226,-1.5818,0.6810,f,6 个月 · 全平台 · 全量 SKU · 2026-07-09
SKDJVN000014_1,"US AE 书柜(Vietnam) 3抽屉 带插排小台款（大款）加RGB灯带 颜色->#3,灰木纹色麻面",ALL,TIKTOK,C,T4B,2.3861,1.1453,73.97,35.50,88,2.8387,-1.6934,0.5965,f,6 个月 · 全平台 · 全量 SKU · 2026-07-09
SKDJVN000014_3,"US AE 书柜(Vietnam) 3抽屉 带插排小台款（大款）加RGB灯带 颜色->#2,黑色麻面",ALL,TIKTOK,C,T3P,17.6855,15.0327,548.25,466.01,674,21.7419,-6.7092,0.3086,t,6 个月 · 全平台 · 全量 SKU · 2026-07-09
