sku_code,sku_name,station,platform,abcd,profile_segment,blend_daily,system_daily,effective_daily,blend_monthly,system_monthly,effective_monthly,actual_monthly,actual_daily,version_no,version_status
100100301,US HS 餐边柜 BSCS-03改 矮款四柜门一抽屉带插排 黑色 一件一箱,ALL,AMAZON,D,T99,0.0000,0.0000,0.0000,0.00,0.00,0.00,2,0.0645,6 个月 · 全平台 · 全量 SKU · 2026-07-09,published
100100302,US HS 餐边柜 BSCS-03改 矮款四柜门一抽屉带插排 白+胡桃 一件一箱,ALL,AMAZON,D,T99,0.0000,0.0000,0.0000,0.00,0.00,0.00,6,0.1935,6 个月 · 全平台 · 全量 SKU · 2026-07-09,published
100101501,US VD 上下铺带拖床 布抽楼梯床 一件两箱 颜色->灰橡木,ALL,AMAZON,D,T99,0.0000,0.0000,0.0000,0.00,0.00,0.00,22,0.7097,6 个月 · 全平台 · 全量 SKU · 2026-07-09,published
100101502,US VD 上下铺带拖床 布抽楼梯床 一件两箱 颜色->火烧云,ALL,AMAZON,D,T99,0.0000,0.0000,0.0000,0.00,0.00,0.00,51,1.6452,6 个月 · 全平台 · 全量 SKU · 2026-07-09,published
100102602,US TA 1.2拓1.6米铁木软包餐桌椅套装 一件一箱 颜色->胡桃色,ALL,AMAZON,D,T99,0.0000,0.0000,0.0000,0.00,0.00,0.00,137,4.4194,6 个月 · 全平台 · 全量 SKU · 2026-07-09,published
100102901,US TA 1.5米口子农舍推拉零食柜 一件两箱 颜色->灰古木-40三胺,ALL,AMAZON,D,T4B,0.5214,0.2503,0.2503,16.16,7.76,7.76,47,1.5161,6 个月 · 全平台 · 全量 SKU · 2026-07-09,published
100102901,US TA 1.5米口子农舍推拉零食柜 一件两箱 颜色->灰古木-40三胺,ALL,TEMU,D,T99,0.0000,0.0000,0.0000,0.00,0.00,0.00,0,0.0000,6 个月 · 全平台 · 全量 SKU · 2026-07-09,published
100102901,US TA 1.5米口子农舍推拉零食柜 一件两箱 颜色->灰古木-40三胺,ALL,UNKNOWN,D,T99,0.0000,0.0000,0.0000,0.00,0.00,0.00,0,0.0000,6 个月 · 全平台 · 全量 SKU · 2026-07-09,published
100102901,US TA 1.5米口子农舍推拉零食柜 一件两箱 颜色->灰古木-40三胺,ALL,WALMART,D,T99,0.0000,0.0000,0.0000,0.00,0.00,0.00,0,0.0000,6 个月 · 全平台 · 全量 SKU · 2026-07-09,published
100102902,US TA 1.5米口子农舍推拉零食柜 一件两箱 颜色->白+棕,ALL,AMAZON,D,T4B,0.9071,0.4354,0.4354,28.12,13.50,13.50,0,0.0000,6 个月 · 全平台 · 全量 SKU · 2026-07-09,published
100102902,US TA 1.5米口子农舍推拉零食柜 一件两箱 颜色->白+棕,ALL,TEMU,D,T99,0.0000,0.0000,0.0000,0.00,0.00,0.00,0,0.0000,6 个月 · 全平台 · 全量 SKU · 2026-07-09,published
100102902,US TA 1.5米口子农舍推拉零食柜 一件两箱 颜色->白+棕,ALL,UNKNOWN,D,T99,0.0000,0.0000,0.0000,0.00,0.00,0.00,0,0.0000,6 个月 · 全平台 · 全量 SKU · 2026-07-09,published
100102903,US TA 1.5米口子农舍推拉零食柜 一件两箱 颜色->黑+棕,ALL,AMAZON,D,T4B,0.7929,0.3806,0.3806,24.58,11.80,11.80,32,1.0323,6 个月 · 全平台 · 全量 SKU · 2026-07-09,published
100102903,US TA 1.5米口子农舍推拉零食柜 一件两箱 颜色->黑+棕,ALL,TEMU,D,T99,0.0000,0.0000,0.0000,0.00,0.00,0.00,0,0.0000,6 个月 · 全平台 · 全量 SKU · 2026-07-09,published
100102903,US TA 1.5米口子农舍推拉零食柜 一件两箱 颜色->黑+棕,ALL,UNKNOWN,D,T99,0.0000,0.0000,0.0000,0.00,0.00,0.00,0,0.0000,6 个月 · 全平台 · 全量 SKU · 2026-07-09,published
100102904,US TA 1.5米口子农舍推拉零食柜 一件两箱 颜色->黑+卡罗橡木黄,ALL,AMAZON,D,T4B,0.7857,0.3771,0.3771,24.36,11.69,11.69,13,0.4194,6 个月 · 全平台 · 全量 SKU · 2026-07-09,published
100102904,US TA 1.5米口子农舍推拉零食柜 一件两箱 颜色->黑+卡罗橡木黄,ALL,TEMU,D,T99,0.0000,0.0000,0.0000,0.00,0.00,0.00,0,0.0000,6 个月 · 全平台 · 全量 SKU · 2026-07-09,published
100102904,US TA 1.5米口子农舍推拉零食柜 一件两箱 颜色->黑+卡罗橡木黄,ALL,UNKNOWN,D,T99,0.0000,0.0000,0.0000,0.00,0.00,0.00,0,0.0000,6 个月 · 全平台 · 全量 SKU · 2026-07-09,published
100103604,US DC 铁木床 CBF-02GL 方管铁木角落床带抽篮-113G Q 黑 一件一箱,ALL,AMAZON,C,T4B,1.2143,0.5829,0.5829,37.64,18.07,18.07,114,3.6774,6 个月 · 全平台 · 全量 SKU · 2026-07-09,published
100103604,US DC 铁木床 CBF-02GL 方管铁木角落床带抽篮-113G Q 黑 一件一箱,ALL,TIKTOK,C,T99,0.0000,0.0000,0.0000,0.00,0.00,0.00,0,0.0000,6 个月 · 全平台 · 全量 SKU · 2026-07-09,published
100103604,US DC 铁木床 CBF-02GL 方管铁木角落床带抽篮-113G Q 黑 一件一箱,ALL,UNKNOWN,C,T99,0.0000,0.0000,0.0000,0.00,0.00,0.00,1,0.0323,6 个月 · 全平台 · 全量 SKU · 2026-07-09,published
100103604,US DC 铁木床 CBF-02GL 方管铁木角落床带抽篮-113G Q 黑 一件一箱,ALL,WALMART,C,T99,0.0000,0.0000,0.0000,0.00,0.00,0.00,3,0.0968,6 个月 · 全平台 · 全量 SKU · 2026-07-09,published
100103702,US DC 铁木床 CBF-02GL 方管铁木角落床带抽篮-113G TXL 白 一件一箱,ALL,AMAZON,D,T4B,0.2143,0.1029,0.1029,6.64,3.19,3.19,37,1.1935,6 个月 · 全平台 · 全量 SKU · 2026-07-09,published
100103704,US DC 铁木床 CBF-02GL 方管铁木角落床带抽篮-113G Q 白 一件一箱,ALL,AMAZON,D,T99,0.0000,0.0000,0.0000,0.00,0.00,0.00,41,1.3226,6 个月 · 全平台 · 全量 SKU · 2026-07-09,published
100103704,US DC 铁木床 CBF-02GL 方管铁木角落床带抽篮-113G Q 白 一件一箱,ALL,TIKTOK,D,T99,0.0000,0.0000,0.0000,0.00,0.00,0.00,0,0.0000,6 个月 · 全平台 · 全量 SKU · 2026-07-09,published
100103804,US DC 铁木床 CBF-02GL 方管铁木角落床带抽篮-113G Q 灰 一件一箱,ALL,AMAZON,D,T4B,0.5786,0.2777,0.2777,17.94,8.61,8.61,105,3.3871,6 个月 · 全平台 · 全量 SKU · 2026-07-09,published
100103804,US DC 铁木床 CBF-02GL 方管铁木角落床带抽篮-113G Q 灰 一件一箱,ALL,TIKTOK,D,T99,0.0000,0.0000,0.0000,0.00,0.00,0.00,0,0.0000,6 个月 · 全平台 · 全量 SKU · 2026-07-09,published
100103804,US DC 铁木床 CBF-02GL 方管铁木角落床带抽篮-113G Q 灰 一件一箱,ALL,WALMART,D,T99,0.0000,0.0000,0.0000,0.00,0.00,0.00,1,0.0323,6 个月 · 全平台 · 全量 SKU · 2026-07-09,published
100103901,US DC 铁木床 CBF-02GL 方管铁木角落床带抽篮-113G T 粉 一件一箱,ALL,AMAZON,D,T4B,0.3929,0.1886,0.1886,12.18,5.85,5.85,78,2.5161,6 个月 · 全平台 · 全量 SKU · 2026-07-09,published
100103901,US DC 铁木床 CBF-02GL 方管铁木角落床带抽篮-113G T 粉 一件一箱,ALL,TIKTOK,D,T99,0.0000,0.0000,0.0000,0.00,0.00,0.00,0,0.0000,6 个月 · 全平台 · 全量 SKU · 2026-07-09,published
100103901,US DC 铁木床 CBF-02GL 方管铁木角落床带抽篮-113G T 粉 一件一箱,ALL,UNKNOWN,D,T99,0.0000,0.0000,0.0000,0.00,0.00,0.00,1,0.0323,6 个月 · 全平台 · 全量 SKU · 2026-07-09,published
100103901,US DC 铁木床 CBF-02GL 方管铁木角落床带抽篮-113G T 粉 一件一箱,ALL,WALMART,D,T99,0.0000,0.0000,0.0000,0.00,0.00,0.00,2,0.0645,6 个月 · 全平台 · 全量 SKU · 2026-07-09,published
100103902,US DC 铁木床 CBF-02GL 方管铁木角落床带抽篮-113G TXL 粉 一件一箱,ALL,AMAZON,D,T99,0.0000,0.0000,0.0000,0.00,0.00,0.00,21,0.6774,6 个月 · 全平台 · 全量 SKU · 2026-07-09,published
100103902,US DC 铁木床 CBF-02GL 方管铁木角落床带抽篮-113G TXL 粉 一件一箱,ALL,WALMART,D,T99,0.0000,0.0000,0.0000,0.00,0.00,0.00,2,0.0645,6 个月 · 全平台 · 全量 SKU · 2026-07-09,published
100103903,US DC 铁木床 CBF-02GL 方管铁木角落床带抽篮-113G F 粉 一件一箱,ALL,AMAZON,D,T99,0.0000,0.0000,0.0000,0.00,0.00,0.00,62,2.0000,6 个月 · 全平台 · 全量 SKU · 2026-07-09,published
100104601,US 谷仓门单顶升降咖啡桌 一件一箱 颜色->浅橡木灰,ALL,AMAZON,D,T99,0.0000,0.0000,0.0000,0.00,0.00,0.00,13,0.4194,6 个月 · 全平台 · 全量 SKU · 2026-07-09,published
100104602,US 谷仓门单顶升降咖啡桌 一件一箱 颜色->白橡纹+卡罗橡纹,ALL,AMAZON,D,T99,0.0000,0.0000,0.0000,0.00,0.00,0.00,8,0.2581,6 个月 · 全平台 · 全量 SKU · 2026-07-09,published
100104603,US 谷仓门单顶升降咖啡桌 一件一箱 颜色->黑+咖啡胡桃,ALL,AMAZON,D,T99,0.0000,0.0000,0.0000,0.00,0.00,0.00,10,0.3226,6 个月 · 全平台 · 全量 SKU · 2026-07-09,published
100104604,US 谷仓门单顶升降咖啡桌 一件一箱 颜色->白G42014K+仿古樱桃,ALL,AMAZON,D,T99,0.0000,0.0000,0.0000,0.00,0.00,0.00,12,0.3871,6 个月 · 全平台 · 全量 SKU · 2026-07-09,published
100104604,US 谷仓门单顶升降咖啡桌 一件一箱 颜色->白G42014K+仿古樱桃,ALL,TIKTOK,D,T99,0.0000,0.0000,0.0000,0.00,0.00,0.00,0,0.0000,6 个月 · 全平台 · 全量 SKU · 2026-07-09,published
100109102,US DC 铁木床 CBF-08改 铁木储物带尾桌 154 F款 一件两箱  颜色->白色,ALL,AMAZON,D,T99,0.0000,0.0000,0.0000,0.00,0.00,0.00,96,3.0968,6 个月 · 全平台 · 全量 SKU · 2026-07-09,published
DJ453277_1,US VD 竹制浴室柜 单门+1层架 原色 一件一箱,ALL,AMAZON,C,T3,4.1486,4.2080,4.2080,128.61,130.45,130.45,126,4.0645,6 个月 · 全平台 · 全量 SKU · 2026-07-09,published
DJ454146_2,US TP 折叠餐桌  方形玄关桌  一件一箱 颜色->YZ6630+寿光暖白（小麻）,ALL,AMAZON,C,T4B,0.9042,0.3689,0.3689,28.03,11.44,11.44,60,1.9355,6 个月 · 全平台 · 全量 SKU · 2026-07-09,published
DJ454146_2,US TP 折叠餐桌  方形玄关桌  一件一箱 颜色->YZ6630+寿光暖白（小麻）,ALL,TEMU,C,T99,0.0000,0.0000,0.0000,0.00,0.00,0.00,0,0.0000,6 个月 · 全平台 · 全量 SKU · 2026-07-09,published
DJ454146_2,US TP 折叠餐桌  方形玄关桌  一件一箱 颜色->YZ6630+寿光暖白（小麻）,ALL,TIKTOK,C,T99,0.0000,0.0000,0.0000,0.00,0.00,0.00,0,0.0000,6 个月 · 全平台 · 全量 SKU · 2026-07-09,published
DJ454146_2,US TP 折叠餐桌  方形玄关桌  一件一箱 颜色->YZ6630+寿光暖白（小麻）,ALL,UNKNOWN,C,T4B,0.9621,0.3925,0.3925,29.83,12.17,12.17,25,0.8065,6 个月 · 全平台 · 全量 SKU · 2026-07-09,published
DJ454146_2,US TP 折叠餐桌  方形玄关桌  一件一箱 颜色->YZ6630+寿光暖白（小麻）,ALL,WALMART,C,T99,0.0000,0.0000,0.0000,0.00,0.00,0.00,1,0.0323,6 个月 · 全平台 · 全量 SKU · 2026-07-09,published
DJ454909_1,"EU MS 猫爬架 猫勺2个 一件一箱 颜色->#3,米色",ALL,AMAZON,C,T4B,1.0858,0.5212,0.5212,33.66,16.16,16.16,22,0.7097,6 个月 · 全平台 · 全量 SKU · 2026-07-09,published
DJ454909_2,"EU MS 猫爬架 猫勺2个 一件一箱 颜色->#1,紫灰色",ALL,AMAZON,C,T4B,1.6216,0.6616,0.6616,50.27,20.51,20.51,42,1.3548,6 个月 · 全平台 · 全量 SKU · 2026-07-09,published
DJ454909_3,"EU MS 猫爬架 猫勺2个 一件一箱 颜色->#2,浅灰色",ALL,AMAZON,C,T4A,3.7937,1.7603,1.7603,117.60,54.57,54.57,93,3.0000,6 个月 · 全平台 · 全量 SKU · 2026-07-09,published
DJ470882_1,US AE 写字桌  （92*48）四个小抽屉 白色 一件一箱,ALL,TIKTOK,C,T99,0.0000,0.0000,0.0000,0.00,0.00,0.00,0,0.0000,6 个月 · 全平台 · 全量 SKU · 2026-07-09,published
DJ470882_1,US AE 写字桌  （92*48）四个小抽屉 白色 一件一箱,ALL,UNKNOWN,C,T4B,0.7137,0.3837,0.3837,22.12,11.89,11.89,40,1.2903,6 个月 · 全平台 · 全量 SKU · 2026-07-09,published
DJ470883_1,US AE 写字桌  （92*48）四个小抽屉带插座 白色 一件一箱,ALL,TEMU,C,T99,0.0000,0.0000,0.0000,0.00,0.00,0.00,2,0.0645,6 个月 · 全平台 · 全量 SKU · 2026-07-09,published
DJ470883_1,US AE 写字桌  （92*48）四个小抽屉带插座 白色 一件一箱,ALL,UNKNOWN,C,T4B,1.9125,0.7803,0.7803,59.29,24.19,24.19,52,1.6774,6 个月 · 全平台 · 全量 SKU · 2026-07-09,published
DJ478585_1,EU MS 猫爬架3顶窝175一件一箱 颜色->米白,ALL,AMAZON,C,T4B,2.1810,1.0469,1.0469,67.61,32.45,32.45,69,2.2258,6 个月 · 全平台 · 全量 SKU · 2026-07-09,published
DJ478585_1,EU MS 猫爬架3顶窝175一件一箱 颜色->米白,ALL,UNKNOWN,C,T4B,1.6095,0.6567,0.6567,49.89,20.36,20.36,52,1.6774,6 个月 · 全平台 · 全量 SKU · 2026-07-09,published
DJ478585_3,EU MS 猫爬架3顶窝175一件一箱 颜色->浅灰色,ALL,AMAZON,B,T3,4.1513,3.7362,3.7362,128.69,115.82,115.82,118,3.8065,6 个月 · 全平台 · 全量 SKU · 2026-07-09,published
DJ478945_1,"US TP 折叠餐桌 方形玄关桌  一件一箱  颜色->#1,栗木+铁灰",ALL,AMAZON,C,T4B,1.1198,0.3900,0.3900,34.71,12.09,12.09,33,1.0645,6 个月 · 全平台 · 全量 SKU · 2026-07-09,published
DJ478945_1,"US TP 折叠餐桌 方形玄关桌  一件一箱  颜色->#1,栗木+铁灰",ALL,UNKNOWN,C,T4B,1.2277,0.5009,0.5009,38.06,15.53,15.53,28,0.9032,6 个月 · 全平台 · 全量 SKU · 2026-07-09,published
DJ478945_1,"US TP 折叠餐桌 方形玄关桌  一件一箱  颜色->#1,栗木+铁灰",ALL,WALMART,C,T99,0.0000,0.0000,0.0000,0.00,0.00,0.00,1,0.0323,6 个月 · 全平台 · 全量 SKU · 2026-07-09,published
DJ478945_2,"US TP 折叠餐桌  方形玄关桌  一件一箱  颜色->#2,火烧云+黑",ALL,TIKTOK,C,T99,0.0000,0.0000,0.0000,0.00,0.00,0.00,1,0.0323,6 个月 · 全平台 · 全量 SKU · 2026-07-09,published
DJ478945_2,"US TP 折叠餐桌  方形玄关桌  一件一箱  颜色->#2,火烧云+黑",ALL,WALMART,C,T99,0.0000,0.0000,0.0000,0.00,0.00,0.00,1,0.0323,6 个月 · 全平台 · 全量 SKU · 2026-07-09,published
DJ481034,US AE 写字桌  （80*40）四个小抽屉小款带插座 白色 一件一箱,ALL,AMAZON,C,T4B,1.1557,0.3236,0.3236,35.83,10.03,10.03,4,0.1290,6 个月 · 全平台 · 全量 SKU · 2026-07-09,published
DJ481034,US AE 写字桌  （80*40）四个小抽屉小款带插座 白色 一件一箱,ALL,TEMU,C,T99,0.0000,0.0000,0.0000,0.00,0.00,0.00,0,0.0000,6 个月 · 全平台 · 全量 SKU · 2026-07-09,published
DJ481034,US AE 写字桌  （80*40）四个小抽屉小款带插座 白色 一件一箱,ALL,WALMART,C,T99,0.0000,0.0000,0.0000,0.00,0.00,0.00,2,0.0645,6 个月 · 全平台 · 全量 SKU · 2026-07-09,published
DJ486092_1,EU MS 猫爬架909升级款 一件一箱 颜色->米白,ALL,AMAZON,C,T4B,1.0831,0.5199,0.5199,33.58,16.12,16.12,19,0.6129,6 个月 · 全平台 · 全量 SKU · 2026-07-09,published
DJ486101_1,US TP 书桌 带灯泡  2小3大抽屉3折镜（拆装）  一件一箱 颜色->白色,ALL,AMAZON,C,T4A,5.3085,2.2400,2.2400,164.56,69.44,69.44,157,5.0645,6 个月 · 全平台 · 全量 SKU · 2026-07-09,published
DJ486101_1,US TP 书桌 带灯泡  2小3大抽屉3折镜（拆装）  一件一箱 颜色->白色,ALL,TIKTOK,C,T4B,0.2016,0.1084,0.1084,6.25,3.36,3.36,61,1.9677,6 个月 · 全平台 · 全量 SKU · 2026-07-09,published
DJ486101_2,US TP 书桌 带灯泡  2小3大抽屉3折镜（拆装）  一件一箱 颜色->黑色,ALL,AMAZON,C,T4B,2.0511,0.9845,0.9845,63.58,30.52,30.52,50,1.6129,6 个月 · 全平台 · 全量 SKU · 2026-07-09,published
DJ486101_3,US TP 书桌 带灯泡  2小3大抽屉3折镜（拆装）  一件一箱 颜色->棕色,ALL,AMAZON,C,T4A,3.6539,1.6800,1.6800,113.27,52.08,52.08,40,1.2903,6 个月 · 全平台 · 全量 SKU · 2026-07-09,published
DJ486101_3,US TP 书桌 带灯泡  2小3大抽屉3折镜（拆装）  一件一箱 颜色->棕色,ALL,UNKNOWN,C,T4B,0.6496,0.3118,0.3118,20.14,9.67,9.67,17,0.5484,6 个月 · 全平台 · 全量 SKU · 2026-07-09,published
DJ486101_4,US TP 书桌 带灯泡  2小3大抽屉3折镜  一件一箱 颜色->粉色,ALL,TEMU,C,T99,0.0000,0.0000,0.0000,0.00,0.00,0.00,0,0.0000,6 个月 · 全平台 · 全量 SKU · 2026-07-09,published
DJ487481_1,"EU MS 猫爬架 单勺两房 90MM 一件一箱 颜色->#3,浅灰+黑麻",ALL,TIKTOK,C,T99,0.0000,0.0000,0.0000,0.00,0.00,0.00,0,0.0000,6 个月 · 全平台 · 全量 SKU · 2026-07-09,published
DJ487481_2,"EU MS 猫爬架 单勺两房 90MM 一件一箱 颜色->#1,浅灰+白麻",ALL,AMAZON,C,T4B,2.3708,1.1380,1.1380,73.49,35.28,35.28,34,1.0968,6 个月 · 全平台 · 全量 SKU · 2026-07-09,published
DJ487481_2,"EU MS 猫爬架 单勺两房 90MM 一件一箱 颜色->#1,浅灰+白麻",ALL,TIKTOK,C,T99,0.0000,0.0000,0.0000,0.00,0.00,0.00,0,0.0000,6 个月 · 全平台 · 全量 SKU · 2026-07-09,published
DJ487481_2,"EU MS 猫爬架 单勺两房 90MM 一件一箱 颜色->#1,浅灰+白麻",ALL,UNKNOWN,C,T4B,0.8902,0.4529,0.4529,27.60,14.04,14.04,40,1.2903,6 个月 · 全平台 · 全量 SKU · 2026-07-09,published
DJ487481_5,"EU MS 猫爬架 单勺两房 90MM 一件一箱 颜色->#4,米色+白麻",ALL,AMAZON,C,T4B,1.1463,0.4677,0.4677,35.54,14.50,14.50,22,0.7097,6 个月 · 全平台 · 全量 SKU · 2026-07-09,published
DJ487481_5,"EU MS 猫爬架 单勺两房 90MM 一件一箱 颜色->#4,米色+白麻",ALL,UNKNOWN,C,T4B,0.7041,0.2873,0.2873,21.83,8.91,8.91,21,0.6774,6 个月 · 全平台 · 全量 SKU · 2026-07-09,published
DJ502257_1_WF,US AE 书柜 抽屉2个+插盘 2件1箱小麻点款 二件一箱 颜色->黑色,ALL,UNKNOWN,D,T4B,2.2588,1.0842,1.0842,70.02,33.61,33.61,69,2.2258,6 个月 · 全平台 · 全量 SKU · 2026-07-09,published
DJ502257_25_WF,"US AE 书柜 抽屉2个+插盘 2件1箱小麻点款 二件一箱 颜色->#3,灰木纹色",ALL,UNKNOWN,C,T4B,1.9360,0.7899,0.7899,60.02,24.49,24.49,0,0.0000,6 个月 · 全平台 · 全量 SKU · 2026-07-09,published
DJ502257_2_WF,US AE 书柜 抽屉2个+插盘 2件1箱小麻点款 二件一箱 颜色->白色,ALL,UNKNOWN,D,T99,0.0000,0.0000,0.0000,0.00,0.00,0.00,25,0.8065,6 个月 · 全平台 · 全量 SKU · 2026-07-09,published
DJ502313_34,US TA 10格板材衣帽柜 一件一箱 颜色->复古白,ALL,TEMU,C,T99,0.0000,0.0000,0.0000,0.00,0.00,0.00,0,0.0000,6 个月 · 全平台 · 全量 SKU · 2026-07-09,published
DJ502313_34,US TA 10格板材衣帽柜 一件一箱 颜色->复古白,ALL,UNKNOWN,C,T99,0.0000,0.0000,0.0000,0.00,0.00,0.00,3,0.0968,6 个月 · 全平台 · 全量 SKU · 2026-07-09,published
DJ502313_5,US TA 10格板材衣帽柜 一件一箱 颜色->白+棕,ALL,WALMART,C,T99,0.0000,0.0000,0.0000,0.00,0.00,0.00,5,0.1613,6 个月 · 全平台 · 全量 SKU · 2026-07-09,published
DJ502313_6,US TA 10格板材衣帽柜 一件一箱 颜色->黑+棕,ALL,WALMART,C,T99,0.0000,0.0000,0.0000,0.00,0.00,0.00,2,0.0645,6 个月 · 全平台 · 全量 SKU · 2026-07-09,published
DJ502406,VD 竹制马桶架 大款 双门储物+单层架 原色 一个一箱,ALL,AMAZON,C,T3,5.0226,4.5203,4.5203,155.70,140.13,140.13,211,6.8065,6 个月 · 全平台 · 全量 SKU · 2026-07-09,published
DJ502408,VD 竹制浴室柜 高款 单门+3层架 原色 一个一箱,ALL,AMAZON,C,T4B,4.0499,1.6524,1.6524,125.55,51.22,51.22,100,3.2258,6 个月 · 全平台 · 全量 SKU · 2026-07-09,published
DJ502410,VD 竹制置物架 大款+6层 原色 一个一箱,ALL,AMAZON,C,T4A,3.3385,1.5491,1.5491,103.49,48.02,48.02,73,2.3548,6 个月 · 全平台 · 全量 SKU · 2026-07-09,published
DJ502416,VD 竹制门厅架 储物盒+软包 原色 一个一箱,ALL,AMAZON,C,T4B,2.5210,1.0286,1.0286,78.15,31.89,31.89,72,2.3226,6 个月 · 全平台 · 全量 SKU · 2026-07-09,published
DJ502419,VD 竹制浴室柜 双门+双层架 原色 一个一箱,ALL,AMAZON,C,T4A,2.5071,1.2331,1.2331,77.72,38.23,38.23,88,2.8387,6 个月 · 全平台 · 全量 SKU · 2026-07-09,published
DJ502420,VD 竹制浴室柜 双门上墙 原色 一个一箱,ALL,AMAZON,B,T3,3.9021,3.1997,3.1997,120.97,99.19,99.19,124,4.0000,6 个月 · 全平台 · 全量 SKU · 2026-07-09,published
DJ502458_14,"US TP 书桌 铁木三色灯泡带加插排床头柜 颜色->#2,白",ALL,AMAZON,D,T99,0.0000,0.0000,0.0000,0.00,0.00,0.00,0,0.0000,6 个月 · 全平台 · 全量 SKU · 2026-07-09,published
DJ502458_14,"US TP 书桌 铁木三色灯泡带加插排床头柜 颜色->#2,白",ALL,TIKTOK,D,T99,0.0000,0.0000,0.0000,0.00,0.00,0.00,0,0.0000,6 个月 · 全平台 · 全量 SKU · 2026-07-09,published
DJ502458_14,"US TP 书桌 铁木三色灯泡带加插排床头柜 颜色->#2,白",ALL,UNKNOWN,D,T99,0.0000,0.0000,0.0000,0.00,0.00,0.00,0,0.0000,6 个月 · 全平台 · 全量 SKU · 2026-07-09,published
DJ502458_3,"US TP 铁木梳妆台 三色灯泡带加插排床头柜 颜色->#3,黑色大山纹",ALL,AMAZON,D,T99,0.0000,0.0000,0.0000,0.00,0.00,0.00,0,0.0000,6 个月 · 全平台 · 全量 SKU · 2026-07-09,published
DJ502458_3,"US TP 铁木梳妆台 三色灯泡带加插排床头柜 颜色->#3,黑色大山纹",ALL,UNKNOWN,D,T99,0.0000,0.0000,0.0000,0.00,0.00,0.00,0,0.0000,6 个月 · 全平台 · 全量 SKU · 2026-07-09,published
DJ502458_3,"US TP 铁木梳妆台 三色灯泡带加插排床头柜 颜色->#3,黑色大山纹",ALL,WALMART,D,T99,0.0000,0.0000,0.0000,0.00,0.00,0.00,0,0.0000,6 个月 · 全平台 · 全量 SKU · 2026-07-09,published
DJ502459_1,"US TP 书桌 五抽圆镜三色灯带压床头柜 颜色->#1,白+原木色",ALL,TEMU,C,T99,0.0000,0.0000,0.0000,0.00,0.00,0.00,0,0.0000,6 个月 · 全平台 · 全量 SKU · 2026-07-09,published
DJ502459_1,"US TP 书桌 五抽圆镜三色灯带压床头柜 颜色->#1,白+原木色",ALL,WALMART,C,T99,0.0000,0.0000,0.0000,0.00,0.00,0.00,0,0.0000,6 个月 · 全平台 · 全量 SKU · 2026-07-09,published
DJ502459_1_WF,"US TP 书桌 五抽圆镜三色灯带压床头柜 颜色->#1,白+原木色",ALL,UNKNOWN,B,T4B,2.5043,1.0217,1.0217,77.63,31.67,31.67,76,2.4516,6 个月 · 全平台 · 全量 SKU · 2026-07-09,published
DJ502465_2,"US HS 储物柜-板式柜 1x4+2 一件一箱 颜色->#2,黑色",ALL,AMAZON,C,T99,0.0000,0.0000,0.0000,0.00,0.00,0.00,0,0.0000,6 个月 · 全平台 · 全量 SKU · 2026-07-09,published
DJ502465_2,"US HS 储物柜-板式柜 1x4+2 一件一箱 颜色->#2,黑色",ALL,UNKNOWN,C,T99,0.0000,0.0000,0.0000,0.00,0.00,0.00,2,0.0645,6 个月 · 全平台 · 全量 SKU · 2026-07-09,published
DJ502465_2,"US HS 储物柜-板式柜 1x4+2 一件一箱 颜色->#2,黑色",ALL,WALMART,C,T99,0.0000,0.0000,0.0000,0.00,0.00,0.00,1,0.0323,6 个月 · 全平台 · 全量 SKU · 2026-07-09,published
DJ502483,US TA 高文件柜带布抽 一件一箱 颜色->火烧云加黑色,ALL,TIKTOK,C,T99,0.0000,0.0000,0.0000,0.00,0.00,0.00,0,0.0000,6 个月 · 全平台 · 全量 SKU · 2026-07-09,published
DJ502483,US TA 高文件柜带布抽 一件一箱 颜色->火烧云加黑色,ALL,UNKNOWN,C,T4B,0.8274,0.3376,0.3376,25.65,10.47,10.47,0,0.0000,6 个月 · 全平台 · 全量 SKU · 2026-07-09,published
DJ502512_1,US AE 书柜 3抽屉 带插排小台款（大款） 颜色->白色,ALL,AMAZON,B,T2,11.0495,8.6186,8.6186,342.53,267.18,267.18,285,9.1935,6 个月 · 全平台 · 全量 SKU · 2026-07-09,published
DJ502512_1,US AE 书柜 3抽屉 带插排小台款（大款） 颜色->白色,ALL,TIKTOK,B,T4B,1.2005,0.5762,0.5762,37.22,17.86,17.86,167,5.3871,6 个月 · 全平台 · 全量 SKU · 2026-07-09,published
DJ502512_1,US AE 书柜 3抽屉 带插排小台款（大款） 颜色->白色,ALL,UNKNOWN,B,T4B,0.8785,0.4217,0.4217,27.23,13.07,13.07,21,0.6774,6 个月 · 全平台 · 全量 SKU · 2026-07-09,published
DJ502512_13,"US AE 书柜 3抽屉 带插排小台款（大款） 颜色->#3,灰木纹色",ALL,AMAZON,A,T2,16.5741,12.9278,12.9278,513.80,400.76,400.76,378,12.1935,6 个月 · 全平台 · 全量 SKU · 2026-07-09,published
DJ502512_13,"US AE 书柜 3抽屉 带插排小台款（大款） 颜色->#3,灰木纹色",ALL,TEMU,A,T4B,3.7133,1.8893,1.8893,115.11,58.57,58.57,250,8.0645,6 个月 · 全平台 · 全量 SKU · 2026-07-09,published
DJ502512_13,"US AE 书柜 3抽屉 带插排小台款（大款） 颜色->#3,灰木纹色",ALL,TIKTOK,A,T4B,0.9808,0.5273,0.5273,30.40,16.35,16.35,167,5.3871,6 个月 · 全平台 · 全量 SKU · 2026-07-09,published
DJ502512_13_WF,"US AE 书柜 3抽屉 带插排小台款（大款） 颜色->#3,灰木纹色",ALL,UNKNOWN,C,T4B,1.0856,0.5211,0.5211,33.65,16.15,16.15,0,0.0000,6 个月 · 全平台 · 全量 SKU · 2026-07-09,published
DJ502512_1_WF,US AE 书柜 3抽屉 带插排小台款（大款） 颜色->白色,ALL,UNKNOWN,C,T4B,1.2463,0.5085,0.5085,38.64,15.76,15.76,34,1.0968,6 个月 · 全平台 · 全量 SKU · 2026-07-09,published
DJ502512_2,US AE 书柜 3抽屉 带插排小台款（大款） 颜色->黑色,ALL,AMAZON,A,T2,17.6704,13.7829,13.7829,547.78,427.27,427.27,463,14.9355,6 个月 · 全平台 · 全量 SKU · 2026-07-09,published
DJ502512_2,US AE 书柜 3抽屉 带插排小台款（大款） 颜色->黑色,ALL,TIKTOK,A,T4B,1.3675,0.6958,0.6958,42.39,21.57,21.57,155,5.0000,6 个月 · 全平台 · 全量 SKU · 2026-07-09,published
DJ502512_2,US AE 书柜 3抽屉 带插排小台款（大款） 颜色->黑色,ALL,UNKNOWN,A,T4B,1.0908,0.5236,0.5236,33.81,16.23,16.23,45,1.4516,6 个月 · 全平台 · 全量 SKU · 2026-07-09,published
DJ502512_2_WF,US AE 书柜 3抽屉 带插排小台款（大款） 颜色->黑色,ALL,UNKNOWN,C,T4B,1.9491,0.9356,0.9356,60.42,29.00,29.00,37,1.1935,6 个月 · 全平台 · 全量 SKU · 2026-07-09,published
DJ502512_4,US AE 书柜 3抽屉 带插排小台款 颜色->#4,ALL,AMAZON,B,T3,5.6444,5.1981,5.1981,174.98,161.14,161.14,197,6.3548,6 个月 · 全平台 · 全量 SKU · 2026-07-09,published
DJ502512_4,US AE 书柜 3抽屉 带插排小台款 颜色->#4,ALL,TIKTOK,B,T4B,1.2641,0.4071,0.4071,39.19,12.62,12.62,20,0.6452,6 个月 · 全平台 · 全量 SKU · 2026-07-09,published
DJ502521,US IT 高文件柜带布抽 一件一箱 颜色->复古灰加黑色,ALL,AMAZON,D,T99,0.0000,0.0000,0.0000,0.00,0.00,0.00,0,0.0000,6 个月 · 全平台 · 全量 SKU · 2026-07-09,published
DJ502529_1,US AE 书柜 两抽托盘带灯无线充插排 颜色->白色,ALL,AMAZON,B,T3,5.6475,4.9918,4.9918,175.07,154.75,154.75,135,4.3548,6 个月 · 全平台 · 全量 SKU · 2026-07-09,published
DJ502529_1,US AE 书柜 两抽托盘带灯无线充插排 颜色->白色,ALL,UNKNOWN,B,T4B,1.3597,0.5100,0.5100,42.15,15.81,15.81,22,0.7097,6 个月 · 全平台 · 全量 SKU · 2026-07-09,published
DJ502529_19,"US AE 书柜 两抽托盘带灯无线充插排 颜色->#3,灰木纹",ALL,AMAZON,B,T3,4.4454,3.6452,3.6452,137.81,113.00,113.00,75,2.4194,6 个月 · 全平台 · 全量 SKU · 2026-07-09,published
DJ502529_19,"US AE 书柜 两抽托盘带灯无线充插排 颜色->#3,灰木纹",ALL,WALMART,B,T4B,0.3494,0.1426,0.1426,10.83,4.42,4.42,16,0.5161,6 个月 · 全平台 · 全量 SKU · 2026-07-09,published
DJ502529_2,US AE 书柜 两抽托盘带灯无线充插排 颜色->黑色,ALL,AMAZON,B,T3,6.5112,5.3392,5.3392,201.85,165.52,165.52,107,3.4516,6 个月 · 全平台 · 全量 SKU · 2026-07-09,published
DJ502529_2,US AE 书柜 两抽托盘带灯无线充插排 颜色->黑色,ALL,UNKNOWN,B,T4B,1.4042,0.3400,0.3400,43.53,10.54,10.54,21,0.6774,6 个月 · 全平台 · 全量 SKU · 2026-07-09,published
DJ502529_2,US AE 书柜 两抽托盘带灯无线充插排 颜色->黑色,ALL,WALMART,B,T4B,0.6411,0.3262,0.3262,19.87,10.11,10.11,18,0.5806,6 个月 · 全平台 · 全量 SKU · 2026-07-09,published
DJ502530_1,US AE 书柜 三抽带储物空间加灯带插排 颜色->白色,ALL,AMAZON,B,T1,27.0922,21.1319,21.1319,839.86,655.09,655.09,616,19.8710,6 个月 · 全平台 · 全量 SKU · 2026-07-09,published
DJ502530_1,US AE 书柜 三抽带储物空间加灯带插排 颜色->白色,ALL,TIKTOK,B,T4B,0.4226,0.2272,0.2272,13.10,7.04,7.04,515,16.6129,6 个月 · 全平台 · 全量 SKU · 2026-07-09,published
DJ502530_1,US AE 书柜 三抽带储物空间加灯带插排 颜色->白色,ALL,UNKNOWN,B,T99,0.0000,0.0000,0.0000,0.00,0.00,0.00,3,0.0968,6 个月 · 全平台 · 全量 SKU · 2026-07-09,published
DJ502530_1,US AE 书柜 三抽带储物空间加灯带插排 颜色->白色,ALL,WALMART,B,T4B,0.5006,0.2042,0.2042,15.52,6.33,6.33,15,0.4839,6 个月 · 全平台 · 全量 SKU · 2026-07-09,published
DJ502530_2,US AE 书柜 三抽带储物空间加灯带插排 颜色->黑色,ALL,AMAZON,A,T1,77.4690,60.4258,60.4258,2401.54,1873.20,1873.20,1822,58.7742,6 个月 · 全平台 · 全量 SKU · 2026-07-09,published
DJ502530_2,US AE 书柜 三抽带储物空间加灯带插排 颜色->黑色,ALL,TIKTOK,A,T99,0.0000,0.0000,0.0000,0.00,0.00,0.00,2,0.0645,6 个月 · 全平台 · 全量 SKU · 2026-07-09,published
DJ502530_2,US AE 书柜 三抽带储物空间加灯带插排 颜色->黑色,ALL,UNKNOWN,A,T99,0.0000,0.0000,0.0000,0.00,0.00,0.00,4,0.1290,6 个月 · 全平台 · 全量 SKU · 2026-07-09,published
DJ502530_2,US AE 书柜 三抽带储物空间加灯带插排 颜色->黑色,ALL,WALMART,A,T4B,2.4331,0.9927,0.9927,75.43,30.77,30.77,62,2.0000,6 个月 · 全平台 · 全量 SKU · 2026-07-09,published
DJ502530_23,"US AE 书柜 三抽带储物空间加灯带插排 颜色->#3,鱼肚白大理石纹",ALL,AMAZON,C,T3,7.2057,5.9087,5.9087,223.38,183.17,183.17,150,4.8387,6 个月 · 全平台 · 全量 SKU · 2026-07-09,published
DJ502530_23,"US AE 书柜 三抽带储物空间加灯带插排 颜色->#3,鱼肚白大理石纹",ALL,TIKTOK,C,T99,0.0000,0.0000,0.0000,0.00,0.00,0.00,18,0.5806,6 个月 · 全平台 · 全量 SKU · 2026-07-09,published
DJ502530_23,"US AE 书柜 三抽带储物空间加灯带插排 颜色->#3,鱼肚白大理石纹",ALL,UNKNOWN,C,T99,0.0000,0.0000,0.0000,0.00,0.00,0.00,0,0.0000,6 个月 · 全平台 · 全量 SKU · 2026-07-09,published
DJ502530_4,"US AE 书柜 三抽带储物空间加灯带插排 颜色->#4,浅粉色",ALL,AMAZON,C,T4A,2.1384,0.9922,0.9922,66.29,30.76,30.76,155,5.0000,6 个月 · 全平台 · 全量 SKU · 2026-07-09,published
DJ502530_4,"US AE 书柜 三抽带储物空间加灯带插排 颜色->#4,浅粉色",ALL,UNKNOWN,C,T4B,0.1604,0.0862,0.0862,4.97,2.67,2.67,22,0.7097,6 个月 · 全平台 · 全量 SKU · 2026-07-09,published
DJ502530_4,"US AE 书柜 三抽带储物空间加灯带插排 颜色->#4,浅粉色",ALL,WALMART,C,T99,0.0000,0.0000,0.0000,0.00,0.00,0.00,6,0.1935,6 个月 · 全平台 · 全量 SKU · 2026-07-09,published
DJ502530_5,"US AE 书柜 三抽带储物空间加灯带插排 颜色->#5,海军蓝",ALL,AMAZON,D,T99,0.0000,0.0000,0.0000,0.00,0.00,0.00,71,2.2903,6 个月 · 全平台 · 全量 SKU · 2026-07-09,published
DJ502530_5,"US AE 书柜 三抽带储物空间加灯带插排 颜色->#5,海军蓝",ALL,TIKTOK,D,T99,0.0000,0.0000,0.0000,0.00,0.00,0.00,5,0.1613,6 个月 · 全平台 · 全量 SKU · 2026-07-09,published
DJ502530_6,"US AE 书柜 三抽带储物空间加灯带插排 颜色->#6,深绿色",ALL,AMAZON,D,T99,0.0000,0.0000,0.0000,0.00,0.00,0.00,21,0.6774,6 个月 · 全平台 · 全量 SKU · 2026-07-09,published
DJ502530_6,"US AE 书柜 三抽带储物空间加灯带插排 颜色->#6,深绿色",ALL,TIKTOK,D,T99,0.0000,0.0000,0.0000,0.00,0.00,0.00,3,0.0968,6 个月 · 全平台 · 全量 SKU · 2026-07-09,published
DJ502552_1,US TP 书桌 2小3大抽屉3折1大2小方镜 带插排 USB灯泡串（拆装） 颜色->白色,ALL,AMAZON,C,T4B,1.1171,0.4558,0.4558,34.63,14.13,14.13,30,0.9677,6 个月 · 全平台 · 全量 SKU · 2026-07-09,published
DJ502552_1,US TP 书桌 2小3大抽屉3折1大2小方镜 带插排 USB灯泡串（拆装） 颜色->白色,ALL,TIKTOK,C,T4B,0.4564,0.2454,0.2454,14.15,7.61,7.61,34,1.0968,6 个月 · 全平台 · 全量 SKU · 2026-07-09,published
DJ502555_1,US SD 2m带支架游戏高桌 颜色 >>黑麻+磨砂黑铁管一件一箱,ALL,AMAZON,C,T3,7.8043,6.3995,6.3995,241.93,198.38,198.38,200,6.4516,6 个月 · 全平台 · 全量 SKU · 2026-07-09,published
DJ502555_1,US SD 2m带支架游戏高桌 颜色 >>黑麻+磨砂黑铁管一件一箱,ALL,WALMART,C,T99,0.0000,0.0000,0.0000,0.00,0.00,0.00,0,0.0000,6 个月 · 全平台 · 全量 SKU · 2026-07-09,published
DJ502555_2,US SD 2m带支架游戏高桌 颜色 >>白麻+银色铁管 一件一箱,ALL,AMAZON,C,T4B,1.5451,0.6304,0.6304,47.90,19.54,19.54,10,0.3226,6 个月 · 全平台 · 全量 SKU · 2026-07-09,published
DJ502555_2,US SD 2m带支架游戏高桌 颜色 >>白麻+银色铁管 一件一箱,ALL,TIKTOK,C,T99,0.0000,0.0000,0.0000,0.00,0.00,0.00,1,0.0323,6 个月 · 全平台 · 全量 SKU · 2026-07-09,published
DJ502566_1,US SD 双抽文件柜带排插 一件一箱 颜色->黑麻,ALL,AMAZON,C,T4B,3.1282,1.2763,1.2763,96.97,39.57,39.57,65,2.0968,6 个月 · 全平台 · 全量 SKU · 2026-07-09,published
DJ502566_1,US SD 双抽文件柜带排插 一件一箱 颜色->黑麻,ALL,WALMART,C,T99,0.0000,0.0000,0.0000,0.00,0.00,0.00,0,0.0000,6 个月 · 全平台 · 全量 SKU · 2026-07-09,published
DJ502566_2,US SD 双抽文件柜带排插 一件一箱 颜色->火烧云,ALL,AMAZON,B,T3,6.3956,5.2444,5.2444,198.26,162.58,162.58,114,3.6774,6 个月 · 全平台 · 全量 SKU · 2026-07-09,published
DJ502566_2,US SD 双抽文件柜带排插 一件一箱 颜色->火烧云,ALL,UNKNOWN,B,T99,0.0000,0.0000,0.0000,0.00,0.00,0.00,7,0.2258,6 个月 · 全平台 · 全量 SKU · 2026-07-09,published
DJ502566_2_WF,US SD 双抽文件柜带排插 一件一箱 颜色->火烧云,ALL,UNKNOWN,C,T4B,5.7438,2.7570,2.7570,178.06,85.47,85.47,178,5.7419,6 个月 · 全平台 · 全量 SKU · 2026-07-09,published
DJ502566_3,US SD 双抽文件柜带排插 一件一箱 颜色->灰色,ALL,AMAZON,C,T4A,3.0651,1.4222,1.4222,95.02,44.09,44.09,75,2.4194,6 个月 · 全平台 · 全量 SKU · 2026-07-09,published
DJ502566_3,US SD 双抽文件柜带排插 一件一箱 颜色->灰色,ALL,TIKTOK,C,T99,0.0000,0.0000,0.0000,0.00,0.00,0.00,0,0.0000,6 个月 · 全平台 · 全量 SKU · 2026-07-09,published
DJ502566_3,US SD 双抽文件柜带排插 一件一箱 颜色->灰色,ALL,UNKNOWN,C,T99,0.0000,0.0000,0.0000,0.00,0.00,0.00,3,0.0968,6 个月 · 全平台 · 全量 SKU · 2026-07-09,published
DJ502566_3,US SD 双抽文件柜带排插 一件一箱 颜色->灰色,ALL,WALMART,C,T99,0.0000,0.0000,0.0000,0.00,0.00,0.00,1,0.0323,6 个月 · 全平台 · 全量 SKU · 2026-07-09,published
DJ502566_3_WF,US SD 双抽文件柜带排插 一件一箱 颜色->灰色,ALL,UNKNOWN,C,T4B,1.6801,0.8548,0.8548,52.08,26.50,26.50,40,1.2903,6 个月 · 全平台 · 全量 SKU · 2026-07-09,published
DJ502566_4,US SD 双抽文件柜带排插 一件一箱 颜色->棕色,ALL,AMAZON,C,T4B,1.1299,0.4610,0.4610,35.03,14.29,14.29,43,1.3871,6 个月 · 全平台 · 全量 SKU · 2026-07-09,published
DJ502566_4,US SD 双抽文件柜带排插 一件一箱 颜色->棕色,ALL,UNKNOWN,C,T4B,0.8484,0.4072,0.4072,26.30,12.62,12.62,15,0.4839,6 个月 · 全平台 · 全量 SKU · 2026-07-09,published
DJ502571_1,US HS 储物柜-板式柜 1x5+2 一件一箱 颜色->黑色,ALL,AMAZON,C,T99,0.0000,0.0000,0.0000,0.00,0.00,0.00,0,0.0000,6 个月 · 全平台 · 全量 SKU · 2026-07-09,published
DJ502571_1,US HS 储物柜-板式柜 1x5+2 一件一箱 颜色->黑色,ALL,TEMU,C,T99,0.0000,0.0000,0.0000,0.00,0.00,0.00,0,0.0000,6 个月 · 全平台 · 全量 SKU · 2026-07-09,published
DJ502571_1,US HS 储物柜-板式柜 1x5+2 一件一箱 颜色->黑色,ALL,TIKTOK,C,T99,0.0000,0.0000,0.0000,0.00,0.00,0.00,22,0.7097,6 个月 · 全平台 · 全量 SKU · 2026-07-09,published
DJ502571_2,US HS 储物柜-板式柜 1x5+2 一件一箱 颜色->白色,ALL,AMAZON,C,T99,0.0000,0.0000,0.0000,0.00,0.00,0.00,0,0.0000,6 个月 · 全平台 · 全量 SKU · 2026-07-09,published
DJ502571_2,US HS 储物柜-板式柜 1x5+2 一件一箱 颜色->白色,ALL,TEMU,C,T99,0.0000,0.0000,0.0000,0.00,0.00,0.00,0,0.0000,6 个月 · 全平台 · 全量 SKU · 2026-07-09,published
DJ502571_2,US HS 储物柜-板式柜 1x5+2 一件一箱 颜色->白色,ALL,UNKNOWN,C,T99,0.0000,0.0000,0.0000,0.00,0.00,0.00,7,0.2258,6 个月 · 全平台 · 全量 SKU · 2026-07-09,published
DJ502577,US AG 铁木边桌 灯带+排插 黑色麻点 一件一箱,ALL,AMAZON,D,T99,0.0000,0.0000,0.0000,0.00,0.00,0.00,0,0.0000,6 个月 · 全平台 · 全量 SKU · 2026-07-09,published
DJ502577,US AG 铁木边桌 灯带+排插 黑色麻点 一件一箱,ALL,UNKNOWN,D,T99,0.0000,0.0000,0.0000,0.00,0.00,0.00,0,0.0000,6 个月 · 全平台 · 全量 SKU · 2026-07-09,published
DJ502577,US AG 铁木边桌 灯带+排插 黑色麻点 一件一箱,ALL,WALMART,D,T99,0.0000,0.0000,0.0000,0.00,0.00,0.00,0,0.0000,6 个月 · 全平台 · 全量 SKU · 2026-07-09,published
DJ502578,US AG 铁木边桌 灯带+排插 火烧云 一件一箱,ALL,AMAZON,D,T99,0.0000,0.0000,0.0000,0.00,0.00,0.00,0,0.0000,6 个月 · 全平台 · 全量 SKU · 2026-07-09,published
DJ502578,US AG 铁木边桌 灯带+排插 火烧云 一件一箱,ALL,UNKNOWN,D,T99,0.0000,0.0000,0.0000,0.00,0.00,0.00,0,0.0000,6 个月 · 全平台 · 全量 SKU · 2026-07-09,published
DJ502578,US AG 铁木边桌 灯带+排插 火烧云 一件一箱,ALL,WALMART,D,T99,0.0000,0.0000,0.0000,0.00,0.00,0.00,0,0.0000,6 个月 · 全平台 · 全量 SKU · 2026-07-09,published
DJ502597,US TA 高文件柜带布抽 一件一箱 颜色->白色,ALL,AMAZON,C,T4B,2.1603,0.8814,0.8814,66.97,27.32,27.32,5,0.1613,6 个月 · 全平台 · 全量 SKU · 2026-07-09,published
DJ502636,VD 竹制浴室柜 单门上墙 原色 一个一箱,ALL,AMAZON,C,T4B,2.1116,0.8615,0.8615,65.46,26.71,26.71,45,1.4516,6 个月 · 全平台 · 全量 SKU · 2026-07-09,published
DJ502641_1,US AG 铁木书桌 三色LED镜门 含插盘 颜色->白色,ALL,AMAZON,C,T99,0.0000,0.0000,0.0000,0.00,0.00,0.00,0,0.0000,6 个月 · 全平台 · 全量 SKU · 2026-07-09,published
DJ502641_1,US AG 铁木书桌 三色LED镜门 含插盘 颜色->白色,ALL,UNKNOWN,C,T99,0.0000,0.0000,0.0000,0.00,0.00,0.00,0,0.0000,6 个月 · 全平台 · 全量 SKU · 2026-07-09,published
DJ502641_2,US AG 铁木书桌 三色LED镜门 含插盘 颜色->黑色,ALL,WALMART,C,T99,0.0000,0.0000,0.0000,0.00,0.00,0.00,0,0.0000,6 个月 · 全平台 · 全量 SKU · 2026-07-09,published
DJ502650_1,"US TP 书桌 铁木带玻璃门五抽灯泡插排款 颜色->#1,白色+金色",ALL,WALMART,C,T99,0.0000,0.0000,0.0000,0.00,0.00,0.00,2,0.0645,6 个月 · 全平台 · 全量 SKU · 2026-07-09,published
DJ502650_16,"US TP 铁木梳妆台 带玻璃门五抽灯泡插排款 颜色->#2,黑色+金色",ALL,AMAZON,D,T99,0.0000,0.0000,0.0000,0.00,0.00,0.00,0,0.0000,6 个月 · 全平台 · 全量 SKU · 2026-07-09,published
DJ502650_3,"US TP 铁木梳妆台 带玻璃门五抽灯泡插排款 颜色->白色,白色铁件",ALL,UNKNOWN,C,T4B,1.2629,0.5063,0.5063,39.15,15.70,15.70,71,2.2903,6 个月 · 全平台 · 全量 SKU · 2026-07-09,published
DJ502650_3,"US TP 铁木梳妆台 带玻璃门五抽灯泡插排款 颜色->白色,白色铁件",ALL,WALMART,C,T99,0.0000,0.0000,0.0000,0.00,0.00,0.00,1,0.0323,6 个月 · 全平台 · 全量 SKU · 2026-07-09,published
DJ502650_4,US TP 铁木梳妆台 带玻璃门五抽灯泡插排款 颜色->粉色,ALL,UNKNOWN,C,T4B,0.1943,0.0933,0.0933,6.02,2.89,2.89,24,0.7742,6 个月 · 全平台 · 全量 SKU · 2026-07-09,published
DJ502682_1,US床T-B213Q软包灯带和USB款四抽屉含垫（152.5*203）麻布基洛斯灰,ALL,TIKTOK,C,T99,0.0000,0.0000,0.0000,0.00,0.00,0.00,0,0.0000,6 个月 · 全平台 · 全量 SKU · 2026-07-09,published
DJ502682_1,US床T-B213Q软包灯带和USB款四抽屉含垫（152.5*203）麻布基洛斯灰,ALL,UNKNOWN,C,T99,0.0000,0.0000,0.0000,0.00,0.00,0.00,3,0.0968,6 个月 · 全平台 · 全量 SKU · 2026-07-09,published
DJ502682_3,US床T-B213Q软包灯带和USB款四抽屉含垫（153*203）一件一箱 颜色黑色PU,ALL,AMAZON,C,T3,4.4457,3.6455,3.6455,137.82,113.01,113.01,38,1.2258,6 个月 · 全平台 · 全量 SKU · 2026-07-09,published
DJ502682_3,US床T-B213Q软包灯带和USB款四抽屉含垫（153*203）一件一箱 颜色黑色PU,ALL,TIKTOK,C,T99,0.0000,0.0000,0.0000,0.00,0.00,0.00,2,0.0645,6 个月 · 全平台 · 全量 SKU · 2026-07-09,published
DJ502682_3,US床T-B213Q软包灯带和USB款四抽屉含垫（153*203）一件一箱 颜色黑色PU,ALL,WALMART,C,T99,0.0000,0.0000,0.0000,0.00,0.00,0.00,0,0.0000,6 个月 · 全平台 · 全量 SKU · 2026-07-09,published
DJ502682_4,US床T-B213Q软包灯带和USB款四抽屉含垫（153*203)一件一箱颜色->#4白色PU,ALL,TIKTOK,C,T99,0.0000,0.0000,0.0000,0.00,0.00,0.00,1,0.0323,6 个月 · 全平台 · 全量 SKU · 2026-07-09,published
DJ502682_4,US床T-B213Q软包灯带和USB款四抽屉含垫（153*203)一件一箱颜色->#4白色PU,ALL,UNKNOWN,C,T99,0.0000,0.0000,0.0000,0.00,0.00,0.00,7,0.2258,6 个月 · 全平台 · 全量 SKU · 2026-07-09,published
DJ502683_4,US床T-B213F软包灯带和USB款四抽屉含垫137.5*190一件一箱 颜色->#4白色PU,ALL,AMAZON,C,T4B,0.4028,0.1201,0.1201,12.49,3.72,3.72,4,0.1290,6 个月 · 全平台 · 全量 SKU · 2026-07-09,published
DJ502691,US DC 宽浴室柜 H160cm 上三层架中抽屉下柜子 白色 一件一箱,ALL,AMAZON,C,T4A,2.6553,1.0473,1.0473,82.31,32.47,32.47,73,2.3548,6 个月 · 全平台 · 全量 SKU · 2026-07-09,published
DJ502691,US DC 宽浴室柜 H160cm 上三层架中抽屉下柜子 白色 一件一箱,ALL,TEMU,C,T99,0.0000,0.0000,0.0000,0.00,0.00,0.00,0,0.0000,6 个月 · 全平台 · 全量 SKU · 2026-07-09,published
DJ502694,VD 竹制烘焙架 三孔排插 原色 一个1箱,ALL,AMAZON,C,T4B,3.1010,1.2652,1.2652,96.13,39.22,39.22,110,3.5484,6 个月 · 全平台 · 全量 SKU · 2026-07-09,published
DJ502695,VD 竹制浴室柜 双门上墙+1层架 原色 一个一箱,ALL,AMAZON,B,T4A,2.6620,1.2352,1.2352,82.52,38.29,38.29,123,3.9677,6 个月 · 全平台 · 全量 SKU · 2026-07-09,published
DJ502706,US DC 浴室柜 H122cmD33cm 上两层架中抽屉下柜子 白色 一件一箱,ALL,AMAZON,C,T3,3.8852,3.4967,3.4967,120.44,108.40,108.40,53,1.7097,6 个月 · 全平台 · 全量 SKU · 2026-07-09,published
DJ502706,US DC 浴室柜 H122cmD33cm 上两层架中抽屉下柜子 白色 一件一箱,ALL,TIKTOK,C,T4B,0.5686,0.2893,0.2893,17.63,8.97,8.97,50,1.6129,6 个月 · 全平台 · 全量 SKU · 2026-07-09,published
DJ502766,US AG 铁木边桌 灯带+排插 白色麻点 一件一箱,ALL,AMAZON,D,T99,0.0000,0.0000,0.0000,0.00,0.00,0.00,0,0.0000,6 个月 · 全平台 · 全量 SKU · 2026-07-09,published
DJ502788,US  DC 美标LED金属镜柜排铰拆装双开门 白色 一件一箱,ALL,AMAZON,C,T3,3.9552,3.5588,3.5588,122.61,110.32,110.32,127,4.0968,6 个月 · 全平台 · 全量 SKU · 2026-07-09,published
DJ502788,US  DC 美标LED金属镜柜排铰拆装双开门 白色 一件一箱,ALL,TIKTOK,C,T99,0.0000,0.0000,0.0000,0.00,0.00,0.00,2,0.0645,6 个月 · 全平台 · 全量 SKU · 2026-07-09,published
DJ502788,US  DC 美标LED金属镜柜排铰拆装双开门 白色 一件一箱,ALL,UNKNOWN,C,T4B,0.5049,0.2060,0.2060,15.65,6.39,6.39,14,0.4516,6 个月 · 全平台 · 全量 SKU · 2026-07-09,published
DJ502788,US  DC 美标LED金属镜柜排铰拆装双开门 白色 一件一箱,ALL,WALMART,C,T99,0.0000,0.0000,0.0000,0.00,0.00,0.00,1,0.0323,6 个月 · 全平台 · 全量 SKU · 2026-07-09,published
DJ502789_1,"US SD 复古款X字门L桌 一件一箱 颜色-白麻 颜色->白色,白色",ALL,UNKNOWN,C,T4B,0.6198,0.3332,0.3332,19.21,10.33,10.33,0,0.0000,6 个月 · 全平台 · 全量 SKU · 2026-07-09,published
DJ502810_1,US AG 铁木2抽边桌 灯带+排插  一件一箱 颜色->黑色,ALL,UNKNOWN,D,T99,0.0000,0.0000,0.0000,0.00,0.00,0.00,5,0.1613,6 个月 · 全平台 · 全量 SKU · 2026-07-09,published
DJ502834_1,US AG 铁木3抽边桌 灯带+排插  一件一箱 颜色->黑色,ALL,AMAZON,B,T2,10.4424,7.5677,7.5677,323.71,234.60,234.60,187,6.0323,6 个月 · 全平台 · 全量 SKU · 2026-07-09,published
DJ502834_1,US AG 铁木3抽边桌 灯带+排插  一件一箱 颜色->黑色,ALL,UNKNOWN,B,T4B,2.3448,1.1255,1.1255,72.69,34.89,34.89,66,2.1290,6 个月 · 全平台 · 全量 SKU · 2026-07-09,published
DJ502834_2,US AG 铁木3抽边桌 灯带+排插  一件一箱 颜色->白色,ALL,TIKTOK,C,T99,0.0000,0.0000,0.0000,0.00,0.00,0.00,6,0.1935,6 个月 · 全平台 · 全量 SKU · 2026-07-09,published
DJ502834_2,US AG 铁木3抽边桌 灯带+排插  一件一箱 颜色->白色,ALL,UNKNOWN,C,T4B,0.7373,0.3539,0.3539,22.86,10.97,10.97,21,0.6774,6 个月 · 全平台 · 全量 SKU · 2026-07-09,published
DJ502834_2,US AG 铁木3抽边桌 灯带+排插  一件一箱 颜色->白色,ALL,WALMART,C,T99,0.0000,0.0000,0.0000,0.00,0.00,0.00,0,0.0000,6 个月 · 全平台 · 全量 SKU · 2026-07-09,published
DJ502834_3,"US AG 铁木3抽边桌 灯带+排插  一件一箱 颜色->#1,火烧云",ALL,AMAZON,C,T3,8.4651,6.9414,6.9414,262.42,215.18,215.18,151,4.8710,6 个月 · 全平台 · 全量 SKU · 2026-07-09,published
DJ502834_3,"US AG 铁木3抽边桌 灯带+排插  一件一箱 颜色->#1,火烧云",ALL,UNKNOWN,C,T4B,1.1099,0.5328,0.5328,34.41,16.52,16.52,40,1.2903,6 个月 · 全平台 · 全量 SKU · 2026-07-09,published
DJ502834_3,"US AG 铁木3抽边桌 灯带+排插  一件一箱 颜色->#1,火烧云",ALL,WALMART,C,T99,0.0000,0.0000,0.0000,0.00,0.00,0.00,1,0.0323,6 个月 · 全平台 · 全量 SKU · 2026-07-09,published
DJ502844,VD 板式边桌 编藤双抽+单隔层+插排+灯带 木色 一个一箱,ALL,AMAZON,C,T4A,4.5170,1.7815,1.7815,140.03,55.23,55.23,90,2.9032,6 个月 · 全平台 · 全量 SKU · 2026-07-09,published
DJ502844,VD 板式边桌 编藤双抽+单隔层+插排+灯带 木色 一个一箱,ALL,UNKNOWN,C,T4B,0.2217,0.1192,0.1192,6.87,3.70,3.70,6,0.1935,6 个月 · 全平台 · 全量 SKU · 2026-07-09,published
DJ502859,EU DC 折叠床床面铁板 黑色 5英寸床垫 一件一箱,ALL,AMAZON,B,T4A,3.7364,1.8377,1.8377,115.83,56.97,56.97,89,2.8710,6 个月 · 全平台 · 全量 SKU · 2026-07-09,published
DJ502859,EU DC 折叠床床面铁板 黑色 5英寸床垫 一件一箱,ALL,TIKTOK,B,T99,0.0000,0.0000,0.0000,0.00,0.00,0.00,0,0.0000,6 个月 · 全平台 · 全量 SKU · 2026-07-09,published
DJ502860_1,US AG 立柱开放储物灯带边桌 含插座  一件一箱 颜色->黑色,ALL,TIKTOK,C,T99,0.0000,0.0000,0.0000,0.00,0.00,0.00,1,0.0323,6 个月 · 全平台 · 全量 SKU · 2026-07-09,published
DJ502860_2,US AG 立柱开放储物灯带边桌 含插座  一件一箱 颜色->白色,ALL,AMAZON,C,T3,8.5935,7.0467,7.0467,266.40,218.45,218.45,185,5.9677,6 个月 · 全平台 · 全量 SKU · 2026-07-09,published
DJ502860_2,US AG 立柱开放储物灯带边桌 含插座  一件一箱 颜色->白色,ALL,TIKTOK,C,T4B,0.1571,0.0754,0.0754,4.87,2.34,2.34,19,0.6129,6 个月 · 全平台 · 全量 SKU · 2026-07-09,published
DJ502860_2,US AG 立柱开放储物灯带边桌 含插座  一件一箱 颜色->白色,ALL,UNKNOWN,C,T99,0.0000,0.0000,0.0000,0.00,0.00,0.00,0,0.0000,6 个月 · 全平台 · 全量 SKU · 2026-07-09,published
DJ502861_2,US AG 玻璃桌面灯带边桌 含插座  一件一箱 颜色->白色,ALL,TIKTOK,D,T99,0.0000,0.0000,0.0000,0.00,0.00,0.00,0,0.0000,6 个月 · 全平台 · 全量 SKU · 2026-07-09,published
DJ502890_1,US SD L桌带洞洞铁皮带排插  一件一箱 颜色->火烧云,ALL,AMAZON,C,T4B,3.6309,1.4814,1.4814,112.56,45.92,45.92,102,3.2903,6 个月 · 全平台 · 全量 SKU · 2026-07-09,published
DJ502890_2,US SD L桌带洞洞铁皮带排插  一件一箱 颜色->白色,ALL,AMAZON,C,T4B,4.6939,1.9151,1.9151,145.51,59.37,59.37,101,3.2581,6 个月 · 全平台 · 全量 SKU · 2026-07-09,published
DJ502890_2,US SD L桌带洞洞铁皮带排插  一件一箱 颜色->白色,ALL,TEMU,C,T99,0.0000,0.0000,0.0000,0.00,0.00,0.00,15,0.4839,6 个月 · 全平台 · 全量 SKU · 2026-07-09,published
DJ502890_2,US SD L桌带洞洞铁皮带排插  一件一箱 颜色->白色,ALL,UNKNOWN,C,T4B,0.1446,0.0694,0.0694,4.48,2.15,2.15,5,0.1613,6 个月 · 全平台 · 全量 SKU · 2026-07-09,published
DJ502890_2,US SD L桌带洞洞铁皮带排插  一件一箱 颜色->白色,ALL,WALMART,C,T99,0.0000,0.0000,0.0000,0.00,0.00,0.00,2,0.0645,6 个月 · 全平台 · 全量 SKU · 2026-07-09,published
DJ502890_3,US SD L桌带洞洞铁皮带排插  一件一箱 颜色->黑色,ALL,AMAZON,B,T2,11.9060,8.6284,8.6284,369.09,267.48,267.48,310,10.0000,6 个月 · 全平台 · 全量 SKU · 2026-07-09,published
DJ502890_3,US SD L桌带洞洞铁皮带排插  一件一箱 颜色->黑色,ALL,TEMU,B,T99,0.0000,0.0000,0.0000,0.00,0.00,0.00,12,0.3871,6 个月 · 全平台 · 全量 SKU · 2026-07-09,published
DJ502890_3,US SD L桌带洞洞铁皮带排插  一件一箱 颜色->黑色,ALL,TIKTOK,B,T4B,0.4015,0.1927,0.1927,12.45,5.97,5.97,29,0.9355,6 个月 · 全平台 · 全量 SKU · 2026-07-09,published
DJ502890_3,US SD L桌带洞洞铁皮带排插  一件一箱 颜色->黑色,ALL,UNKNOWN,B,T4B,0.2231,0.1135,0.1135,6.92,3.52,3.52,15,0.4839,6 个月 · 全平台 · 全量 SKU · 2026-07-09,published
DJ502890_3,US SD L桌带洞洞铁皮带排插  一件一箱 颜色->黑色,ALL,WALMART,B,T99,0.0000,0.0000,0.0000,0.00,0.00,0.00,0,0.0000,6 个月 · 全平台 · 全量 SKU · 2026-07-09,published
DJ502890_4,US SD L桌带洞洞铁皮带排插  一件一箱 颜色->989-3,ALL,AMAZON,C,T3,4.3847,3.9462,3.9462,135.93,122.33,122.33,124,4.0000,6 个月 · 全平台 · 全量 SKU · 2026-07-09,published
DJ502890_4,US SD L桌带洞洞铁皮带排插  一件一箱 颜色->989-3,ALL,TEMU,C,T99,0.0000,0.0000,0.0000,0.00,0.00,0.00,7,0.2258,6 个月 · 全平台 · 全量 SKU · 2026-07-09,published
DJ502890_4,US SD L桌带洞洞铁皮带排插  一件一箱 颜色->989-3,ALL,TIKTOK,C,T99,0.0000,0.0000,0.0000,0.00,0.00,0.00,0,0.0000,6 个月 · 全平台 · 全量 SKU · 2026-07-09,published
DJ502890_4,US SD L桌带洞洞铁皮带排插  一件一箱 颜色->989-3,ALL,UNKNOWN,C,T4B,0.1719,0.0875,0.0875,5.33,2.71,2.71,6,0.1935,6 个月 · 全平台 · 全量 SKU · 2026-07-09,published
DJ502894,EU DC LED镜柜三开门80*16*60 白色 一件一箱,ALL,AMAZON,B,T4A,3.8295,1.8835,1.8835,118.71,58.39,58.39,65,2.0968,6 个月 · 全平台 · 全量 SKU · 2026-07-09,published
DJ502894,EU DC LED镜柜三开门80*16*60 白色 一件一箱,ALL,TIKTOK,B,T99,0.0000,0.0000,0.0000,0.00,0.00,0.00,0,0.0000,6 个月 · 全平台 · 全量 SKU · 2026-07-09,published
DJ502895,EU DC LED镜柜三开门90*16*60 白色 一件一箱,ALL,AMAZON,B,T3,4.9046,4.6790,4.6790,152.04,145.05,145.05,124,4.0000,6 个月 · 全平台 · 全量 SKU · 2026-07-09,published
DJ502897,VD 竹制浴室柜 单镜门上墙 原色 一个一箱,ALL,AMAZON,C,T4A,2.9361,1.3624,1.3624,91.02,42.23,42.23,70,2.2581,6 个月 · 全平台 · 全量 SKU · 2026-07-09,published
DJ502917_1,EU MS 猫爬架 2个吊床 大型加高193 颜色->米白,ALL,AMAZON,C,T4B,0.9987,0.4794,0.4794,30.96,14.86,14.86,54,1.7419,6 个月 · 全平台 · 全量 SKU · 2026-07-09,published
DJ502917_2,EU MS 猫爬架 2个吊床 大型加高193 颜色->深灰色,ALL,AMAZON,C,T4B,2.1925,1.0524,1.0524,67.97,32.62,32.62,82,2.6452,6 个月 · 全平台 · 全量 SKU · 2026-07-09,published
DJ502917_3,EU MS 猫爬架 2个吊床 大型加高193 颜色->浅灰色,ALL,AMAZON,C,T4A,2.5202,0.9940,0.9940,78.13,30.81,30.81,102,3.2903,6 个月 · 全平台 · 全量 SKU · 2026-07-09,published
DJ502919_1,US TA 双抽双顶咖啡桌 颜色->火烧云,ALL,AMAZON,C,T4B,3.2362,1.3204,1.3204,100.32,40.93,40.93,90,2.9032,6 个月 · 全平台 · 全量 SKU · 2026-07-09,published
DJ502919_1,US TA 双抽双顶咖啡桌 颜色->火烧云,ALL,TEMU,C,T4B,0.6085,0.2921,0.2921,18.86,9.06,9.06,8,0.2581,6 个月 · 全平台 · 全量 SKU · 2026-07-09,published
DJ502919_1,US TA 双抽双顶咖啡桌 颜色->火烧云,ALL,TIKTOK,C,T99,0.0000,0.0000,0.0000,0.00,0.00,0.00,0,0.0000,6 个月 · 全平台 · 全量 SKU · 2026-07-09,published
DJ502919_1,US TA 双抽双顶咖啡桌 颜色->火烧云,ALL,UNKNOWN,C,T99,0.0000,0.0000,0.0000,0.00,0.00,0.00,0,0.0000,6 个月 · 全平台 · 全量 SKU · 2026-07-09,published
DJ502919_2,US TA 双抽双顶咖啡桌 颜色->黑麻,ALL,AMAZON,B,T4B,3.4993,1.4277,1.4277,108.48,44.26,44.26,70,2.2581,6 个月 · 全平台 · 全量 SKU · 2026-07-09,published
DJ502919_2,US TA 双抽双顶咖啡桌 颜色->黑麻,ALL,TEMU,B,T4B,1.1463,0.6163,0.6163,35.54,19.11,19.11,34,1.0968,6 个月 · 全平台 · 全量 SKU · 2026-07-09,published
DJ502919_2,US TA 双抽双顶咖啡桌 颜色->黑麻,ALL,TIKTOK,B,T99,0.0000,0.0000,0.0000,0.00,0.00,0.00,2,0.0645,6 个月 · 全平台 · 全量 SKU · 2026-07-09,published
DJ502919_4,US TA 双抽双顶咖啡桌 颜色->火烧云+白麻,ALL,AMAZON,D,T99,0.0000,0.0000,0.0000,0.00,0.00,0.00,0,0.0000,6 个月 · 全平台 · 全量 SKU · 2026-07-09,published
DJ502919_5,US TA 双抽双顶咖啡桌 颜色->棕色+黑麻,ALL,AMAZON,C,T4B,0.5934,0.3019,0.3019,18.40,9.36,9.36,37,1.1935,6 个月 · 全平台 · 全量 SKU · 2026-07-09,published
DJ502934_2,"US床T-B221BQ软包Y形格子柜含插盘灯带152.5*203一件一箱颜色->#2,黑色PU",ALL,TIKTOK,C,T99,0.0000,0.0000,0.0000,0.00,0.00,0.00,2,0.0645,6 个月 · 全平台 · 全量 SKU · 2026-07-09,published
DJ502934_2,"US床T-B221BQ软包Y形格子柜含插盘灯带152.5*203一件一箱颜色->#2,黑色PU",ALL,UNKNOWN,C,T99,0.0000,0.0000,0.0000,0.00,0.00,0.00,0,0.0000,6 个月 · 全平台 · 全量 SKU · 2026-07-09,published
DJ502934_2,"US床T-B221BQ软包Y形格子柜含插盘灯带152.5*203一件一箱颜色->#2,黑色PU",ALL,WALMART,C,T99,0.0000,0.0000,0.0000,0.00,0.00,0.00,0,0.0000,6 个月 · 全平台 · 全量 SKU · 2026-07-09,published
DJ502934_3,US床T-B221CQ软包Y形格子柜含插盘灯带152.5*203黑色铁+米白绒布,ALL,AMAZON,B,T3,5.4173,4.4422,4.4422,167.94,137.71,137.71,98,3.1613,6 个月 · 全平台 · 全量 SKU · 2026-07-09,published
DJ502934_3,US床T-B221CQ软包Y形格子柜含插盘灯带152.5*203黑色铁+米白绒布,ALL,UNKNOWN,B,T99,0.0000,0.0000,0.0000,0.00,0.00,0.00,3,0.0968,6 个月 · 全平台 · 全量 SKU · 2026-07-09,published
DJ502935_2,"US床T-B221BF软包Y形格子柜含插盘灯带137*190一件一箱 颜色->#2,黑色PU",ALL,AMAZON,C,T99,0.0000,0.0000,0.0000,0.00,0.00,0.00,4,0.1290,6 个月 · 全平台 · 全量 SKU · 2026-07-09,published
DJ502935_2,"US床T-B221BF软包Y形格子柜含插盘灯带137*190一件一箱 颜色->#2,黑色PU",ALL,TIKTOK,C,T99,0.0000,0.0000,0.0000,0.00,0.00,0.00,1,0.0323,6 个月 · 全平台 · 全量 SKU · 2026-07-09,published
DJ502935_3,US床T-B221CF软包Y形格子柜含插盘灯带137*190黑色铁+米白绒布,ALL,AMAZON,A,T3,9.9742,8.1788,8.1788,309.20,253.54,253.54,120,3.8710,6 个月 · 全平台 · 全量 SKU · 2026-07-09,published
DJ502935_3,US床T-B221CF软包Y形格子柜含插盘灯带137*190黑色铁+米白绒布,ALL,WALMART,A,T99,0.0000,0.0000,0.0000,0.00,0.00,0.00,1,0.0323,6 个月 · 全平台 · 全量 SKU · 2026-07-09,published
DJ502935_4,US床T-B221F软包Y形格子柜含插盘灯带137*190黑色铁+粉色绒布+白樱桃板,ALL,TIKTOK,B,T99,0.0000,0.0000,0.0000,0.00,0.00,0.00,0,0.0000,6 个月 · 全平台 · 全量 SKU · 2026-07-09,published
DJ502950,US DC 木质镜柜三开门 80*16*60 白色 一件一箱,ALL,AMAZON,C,T3,5.5815,4.7777,4.7777,173.03,148.11,148.11,101,3.2581,6 个月 · 全平台 · 全量 SKU · 2026-07-09,published
DJ502950,US DC 木质镜柜三开门 80*16*60 白色 一件一箱,ALL,TEMU,C,T99,0.0000,0.0000,0.0000,0.00,0.00,0.00,0,0.0000,6 个月 · 全平台 · 全量 SKU · 2026-07-09,published
DJ502950,US DC 木质镜柜三开门 80*16*60 白色 一件一箱,ALL,UNKNOWN,C,T4B,0.8027,0.4084,0.4084,24.88,12.66,12.66,41,1.3226,6 个月 · 全平台 · 全量 SKU · 2026-07-09,published
DJ502950,US DC 木质镜柜三开门 80*16*60 白色 一件一箱,ALL,WALMART,C,T99,0.0000,0.0000,0.0000,0.00,0.00,0.00,0,0.0000,6 个月 · 全平台 · 全量 SKU · 2026-07-09,published
DJ502952_1,US SD 23款L桌高桌 一件一箱 颜色->黑色,ALL,AMAZON,A,T1,28.5188,22.2447,22.2447,884.08,689.59,689.59,745,24.0323,6 个月 · 全平台 · 全量 SKU · 2026-07-09,published
DJ502952_1,US SD 23款L桌高桌 一件一箱 颜色->黑色,ALL,TEMU,A,T4B,0.7623,0.4098,0.4098,23.63,12.70,12.70,35,1.1290,6 个月 · 全平台 · 全量 SKU · 2026-07-09,published
DJ502952_1,US SD 23款L桌高桌 一件一箱 颜色->黑色,ALL,UNKNOWN,A,T4B,0.5694,0.3061,0.3061,17.65,9.49,9.49,19,0.6129,6 个月 · 全平台 · 全量 SKU · 2026-07-09,published
DJ502952_2,US SD 23款L桌高桌 一件一箱 颜色->989-2色,ALL,AMAZON,C,T3,4.7498,4.2748,4.2748,147.24,132.52,132.52,169,5.4516,6 个月 · 全平台 · 全量 SKU · 2026-07-09,published
DJ502952_2,US SD 23款L桌高桌 一件一箱 颜色->989-2色,ALL,TEMU,C,T99,0.0000,0.0000,0.0000,0.00,0.00,0.00,3,0.0968,6 个月 · 全平台 · 全量 SKU · 2026-07-09,published
DJ502952_2,US SD 23款L桌高桌 一件一箱 颜色->989-2色,ALL,TIKTOK,C,T99,0.0000,0.0000,0.0000,0.00,0.00,0.00,1,0.0323,6 个月 · 全平台 · 全量 SKU · 2026-07-09,published
DJ502952_3,US SD 23款L桌高桌 一件一箱 颜色->白色,ALL,AMAZON,B,T2,9.2083,7.8510,7.8510,285.46,243.38,243.38,317,10.2258,6 个月 · 全平台 · 全量 SKU · 2026-07-09,published
DJ502952_3,US SD 23款L桌高桌 一件一箱 颜色->白色,ALL,TEMU,B,T99,0.0000,0.0000,0.0000,0.00,0.00,0.00,4,0.1290,6 个月 · 全平台 · 全量 SKU · 2026-07-09,published
DJ502952_3,US SD 23款L桌高桌 一件一箱 颜色->白色,ALL,UNKNOWN,B,T4B,0.6266,0.3188,0.3188,19.42,9.88,9.88,18,0.5806,6 个月 · 全平台 · 全量 SKU · 2026-07-09,published
DJ502952_3,US SD 23款L桌高桌 一件一箱 颜色->白色,ALL,WALMART,B,T99,0.0000,0.0000,0.0000,0.00,0.00,0.00,0,0.0000,6 个月 · 全平台 · 全量 SKU · 2026-07-09,published
DJ502952_4,US SD 23款L桌高桌 一件一箱 颜色->火烧云色,ALL,AMAZON,B,T2,9.7861,8.3436,8.3436,303.37,258.65,258.65,269,8.6774,6 个月 · 全平台 · 全量 SKU · 2026-07-09,published
DJ502952_4,US SD 23款L桌高桌 一件一箱 颜色->火烧云色,ALL,TEMU,B,T99,0.0000,0.0000,0.0000,0.00,0.00,0.00,2,0.0645,6 个月 · 全平台 · 全量 SKU · 2026-07-09,published
DJ502952_4,US SD 23款L桌高桌 一件一箱 颜色->火烧云色,ALL,TIKTOK,B,T99,0.0000,0.0000,0.0000,0.00,0.00,0.00,2,0.0645,6 个月 · 全平台 · 全量 SKU · 2026-07-09,published
DJ502952_5,US SD 23款L桌高桌 一件一箱 颜色->989-3,ALL,AMAZON,C,T2,8.9508,7.4560,7.4560,277.47,231.14,231.14,228,7.3548,6 个月 · 全平台 · 全量 SKU · 2026-07-09,published
DJ502952_5,US SD 23款L桌高桌 一件一箱 颜色->989-3,ALL,TEMU,C,T99,0.0000,0.0000,0.0000,0.00,0.00,0.00,9,0.2903,6 个月 · 全平台 · 全量 SKU · 2026-07-09,published
DJ502952_5,US SD 23款L桌高桌 一件一箱 颜色->989-3,ALL,WALMART,C,T99,0.0000,0.0000,0.0000,0.00,0.00,0.00,1,0.0323,6 个月 · 全平台 · 全量 SKU · 2026-07-09,published
DJ502954_1,US SD 圆弧面转角高桌 一件一箱 颜色->白色,ALL,AMAZON,C,T4B,1.1132,0.0940,0.0940,34.51,2.91,2.91,0,0.0000,6 个月 · 全平台 · 全量 SKU · 2026-07-09,published
DJ502954_1,US SD 圆弧面转角高桌 一件一箱 颜色->白色,ALL,TEMU,C,T99,0.0000,0.0000,0.0000,0.00,0.00,0.00,0,0.0000,6 个月 · 全平台 · 全量 SKU · 2026-07-09,published
DJ502954_1,US SD 圆弧面转角高桌 一件一箱 颜色->白色,ALL,UNKNOWN,C,T99,0.0000,0.0000,0.0000,0.00,0.00,0.00,0,0.0000,6 个月 · 全平台 · 全量 SKU · 2026-07-09,published
DJ502954_1,US SD 圆弧面转角高桌 一件一箱 颜色->白色,ALL,WALMART,C,T99,0.0000,0.0000,0.0000,0.00,0.00,0.00,0,0.0000,6 个月 · 全平台 · 全量 SKU · 2026-07-09,published
DJ502954_3,US SD 圆弧面转角高桌 一件一箱 颜色->火烧云,ALL,AMAZON,C,T99,0.0000,0.0000,0.0000,0.00,0.00,0.00,0,0.0000,6 个月 · 全平台 · 全量 SKU · 2026-07-09,published
DJ502963,EU DC 折叠床床面菱形网改款 黑色 5英寸床垫 一件一箱,ALL,AMAZON,C,T4B,2.0292,1.0325,1.0325,62.91,32.01,32.01,43,1.3871,6 个月 · 全平台 · 全量 SKU · 2026-07-09,published
DJ502988_1,US SD L桌带两层网书架 一件一箱 颜色->白色,ALL,AMAZON,B,T3,8.8719,7.2750,7.2750,275.03,225.53,225.53,210,6.7742,6 个月 · 全平台 · 全量 SKU · 2026-07-09,published
DJ502988_1,US SD L桌带两层网书架 一件一箱 颜色->白色,ALL,UNKNOWN,B,T4B,1.0849,0.5208,0.5208,33.63,16.14,16.14,9,0.2903,6 个月 · 全平台 · 全量 SKU · 2026-07-09,published
DJ502988_2,US SD L桌带两层网书架 一件一箱 颜色->黑色,ALL,AMAZON,C,T3,5.2793,4.3290,4.3290,163.66,134.20,134.20,116,3.7419,6 个月 · 全平台 · 全量 SKU · 2026-07-09,published
DJ502988_2,US SD L桌带两层网书架 一件一箱 颜色->黑色,ALL,UNKNOWN,C,T4B,0.4936,0.2369,0.2369,15.30,7.34,7.34,16,0.5161,6 个月 · 全平台 · 全量 SKU · 2026-07-09,published
DJ502988_4,US SD L桌带两层网书架 一件一箱 颜色->火烧云,ALL,AMAZON,B,T2,12.0769,8.7523,8.7523,374.38,271.32,271.32,310,10.0000,6 个月 · 全平台 · 全量 SKU · 2026-07-09,published
DJ502988_4,US SD L桌带两层网书架 一件一箱 颜色->火烧云,ALL,TIKTOK,B,T99,0.0000,0.0000,0.0000,0.00,0.00,0.00,0,0.0000,6 个月 · 全平台 · 全量 SKU · 2026-07-09,published
DJ502990,US  DC 美标LED金属镜柜排胶拆装双开门90 白色 一件一箱,ALL,AMAZON,C,T4B,3.1571,1.1050,1.1050,97.87,34.26,34.26,1,0.0323,6 个月 · 全平台 · 全量 SKU · 2026-07-09,published
DJ502990,US  DC 美标LED金属镜柜排胶拆装双开门90 白色 一件一箱,ALL,WALMART,C,T99,0.0000,0.0000,0.0000,0.00,0.00,0.00,0,0.0000,6 个月 · 全平台 · 全量 SKU · 2026-07-09,published
DJ502991,US  DC 美标LED金属镜柜铰链拆装三开门100 白色 一件一箱,ALL,AMAZON,C,T4A,3.8612,1.7916,1.7916,119.70,55.54,55.54,82,2.6452,6 个月 · 全平台 · 全量 SKU · 2026-07-09,published
DJ502991,US  DC 美标LED金属镜柜铰链拆装三开门100 白色 一件一箱,ALL,TIKTOK,C,T99,0.0000,0.0000,0.0000,0.00,0.00,0.00,0,0.0000,6 个月 · 全平台 · 全量 SKU · 2026-07-09,published
DJ503006,EU DC LED镜柜三开门70*16*60 白色 一件一箱,ALL,AMAZON,B,T3,5.3137,4.7823,4.7823,164.72,148.25,148.25,65,2.0968,6 个月 · 全平台 · 全量 SKU · 2026-07-09,published
DJ503027_2,"US SD 1.6m5抽L桌带排插 一件一箱 颜色->棕色,火烧云",ALL,UNKNOWN,D,T99,0.0000,0.0000,0.0000,0.00,0.00,0.00,0,0.0000,6 个月 · 全平台 · 全量 SKU · 2026-07-09,published
DJ503035_2,US AG 左右安装抽屉柜款书桌 一件一箱 颜色->白色,ALL,AMAZON,D,T99,0.0000,0.0000,0.0000,0.00,0.00,0.00,0,0.0000,6 个月 · 全平台 · 全量 SKU · 2026-07-09,published
DJ503035_2,US AG 左右安装抽屉柜款书桌 一件一箱 颜色->白色,ALL,TIKTOK,D,T99,0.0000,0.0000,0.0000,0.00,0.00,0.00,0,0.0000,6 个月 · 全平台 · 全量 SKU · 2026-07-09,published
DJ503036_2,US AG 大款玻璃桌面书桌 一件一箱 颜色->白色,ALL,AMAZON,C,T99,0.0000,0.0000,0.0000,0.00,0.00,0.00,0,0.0000,6 个月 · 全平台 · 全量 SKU · 2026-07-09,published
DJ503036_2,US AG 大款玻璃桌面书桌 一件一箱 颜色->白色,ALL,UNKNOWN,C,T99,0.0000,0.0000,0.0000,0.00,0.00,0.00,0,0.0000,6 个月 · 全平台 · 全量 SKU · 2026-07-09,published
DJ503056,US DC 木质镜柜三开门 70*16*60 白色 一件一箱,ALL,AMAZON,C,T4A,3.9003,1.5383,1.5383,120.91,47.69,47.69,79,2.5484,6 个月 · 全平台 · 全量 SKU · 2026-07-09,published
DJ503056,US DC 木质镜柜三开门 70*16*60 白色 一件一箱,ALL,TIKTOK,C,T99,0.0000,0.0000,0.0000,0.00,0.00,0.00,4,0.1290,6 个月 · 全平台 · 全量 SKU · 2026-07-09,published
DJ503079_1,"US BF 书柜 板材美式+托盘含插盘（大款）加RGB灯带 一件一箱 颜色->#1,黑色小麻",ALL,AMAZON,C,T3,6.2897,5.1576,5.1576,194.98,159.89,159.89,122,3.9355,6 个月 · 全平台 · 全量 SKU · 2026-07-09,published
DJ503079_1,"US BF 书柜 板材美式+托盘含插盘（大款）加RGB灯带 一件一箱 颜色->#1,黑色小麻",ALL,UNKNOWN,C,T4B,1.9953,0.9577,0.9577,61.85,29.69,29.69,52,1.6774,6 个月 · 全平台 · 全量 SKU · 2026-07-09,published
DJ503079_2,"US BF 书柜 板材美式+托盘含插盘（大款）加RGB灯带 一件一箱 颜色->#2,白色小麻",ALL,AMAZON,C,T4B,4.2592,1.7378,1.7378,132.04,53.87,53.87,56,1.8065,6 个月 · 全平台 · 全量 SKU · 2026-07-09,published
DJ503079_2,"US BF 书柜 板材美式+托盘含插盘（大款）加RGB灯带 一件一箱 颜色->#2,白色小麻",ALL,TIKTOK,C,T4B,0.6359,0.3052,0.3052,19.71,9.46,9.46,73,2.3548,6 个月 · 全平台 · 全量 SKU · 2026-07-09,published
DJ503079_2,"US BF 书柜 板材美式+托盘含插盘（大款）加RGB灯带 一件一箱 颜色->#2,白色小麻",ALL,UNKNOWN,C,T4B,1.0665,0.5119,0.5119,33.06,15.87,15.87,19,0.6129,6 个月 · 全平台 · 全量 SKU · 2026-07-09,published
DJ503079_2_WF,"US BF 书柜 板材美式+托盘含插盘（大款）加RGB灯带 一件一箱 颜色->#2,白色小麻",ALL,UNKNOWN,D,T4B,0.2451,0.1317,0.1317,7.60,4.08,4.08,11,0.3548,6 个月 · 全平台 · 全量 SKU · 2026-07-09,published
DJ503080_1,"US BF 书柜 金色铁腿+托盘含插盘（大款）加RGB灯带 一件一箱 颜色->#1,黑色小麻",ALL,UNKNOWN,C,T4B,0.5485,0.2300,0.2300,17.00,7.13,7.13,9,0.2903,6 个月 · 全平台 · 全量 SKU · 2026-07-09,published
DJ503080_2,"US BF 书柜 金色铁腿+托盘含插盘（大款）加RGB灯带 一件一箱 颜色->#2,白色小麻",ALL,AMAZON,C,T4B,2.4841,1.1924,1.1924,77.01,36.96,36.96,36,1.1613,6 个月 · 全平台 · 全量 SKU · 2026-07-09,published
DJ503086_1,US床T-B212Q软包悬浮含插盘灯带152.5*203颜色麻布基洛斯灰,ALL,AMAZON,C,T3,5.2144,4.6930,4.6930,161.65,145.48,145.48,124,4.0000,6 个月 · 全平台 · 全量 SKU · 2026-07-09,published
DJ503087_1,US 床T-B212F软包悬浮含插盘灯带137*190颜色麻布基洛斯灰,ALL,WALMART,C,T99,0.0000,0.0000,0.0000,0.00,0.00,0.00,2,0.0645,6 个月 · 全平台 · 全量 SKU · 2026-07-09,published
DJ503114_1,HS NSD-02边柜 两抽布抽屉 带插排氛围灯款 两件一箱 颜色->黑色,ALL,AMAZON,C,T3,4.5015,4.1052,4.1052,139.55,127.26,127.26,46,1.4839,6 个月 · 全平台 · 全量 SKU · 2026-07-09,published
DJ503114_1,HS NSD-02边柜 两抽布抽屉 带插排氛围灯款 两件一箱 颜色->黑色,ALL,TEMU,C,T99,0.0000,0.0000,0.0000,0.00,0.00,0.00,0,0.0000,6 个月 · 全平台 · 全量 SKU · 2026-07-09,published
DJ503114_1,HS NSD-02边柜 两抽布抽屉 带插排氛围灯款 两件一箱 颜色->黑色,ALL,TIKTOK,C,T4B,0.8150,0.4147,0.4147,25.27,12.86,12.86,40,1.2903,6 个月 · 全平台 · 全量 SKU · 2026-07-09,published
DJ503114_1,HS NSD-02边柜 两抽布抽屉 带插排氛围灯款 两件一箱 颜色->黑色,ALL,UNKNOWN,C,T99,0.0000,0.0000,0.0000,0.00,0.00,0.00,2,0.0645,6 个月 · 全平台 · 全量 SKU · 2026-07-09,published
DJ503117_1,HS 储物柜-DSI-01铁架 2x3 一件一箱  SH 颜色->黑色,ALL,AMAZON,D,T99,0.0000,0.0000,0.0000,0.00,0.00,0.00,0,0.0000,6 个月 · 全平台 · 全量 SKU · 2026-07-09,published
DJ503117_1,HS 储物柜-DSI-01铁架 2x3 一件一箱  SH 颜色->黑色,ALL,UNKNOWN,D,T99,0.0000,0.0000,0.0000,0.00,0.00,0.00,0,0.0000,6 个月 · 全平台 · 全量 SKU · 2026-07-09,published
DJ503117_1,HS 储物柜-DSI-01铁架 2x3 一件一箱  SH 颜色->黑色,ALL,WALMART,D,T99,0.0000,0.0000,0.0000,0.00,0.00,0.00,0,0.0000,6 个月 · 全平台 · 全量 SKU · 2026-07-09,published
DJ503117_2,HS 储物柜-DSI-01铁架 2x3 一件一箱  SH 颜色->白色,ALL,AMAZON,C,T99,0.0000,0.0000,0.0000,0.00,0.00,0.00,0,0.0000,6 个月 · 全平台 · 全量 SKU · 2026-07-09,published
DJ503117_2,HS 储物柜-DSI-01铁架 2x3 一件一箱  SH 颜色->白色,ALL,UNKNOWN,C,T99,0.0000,0.0000,0.0000,0.00,0.00,0.00,0,0.0000,6 个月 · 全平台 · 全量 SKU · 2026-07-09,published
DJ503118_1,US HS 储物柜-DSC-01带插排带灯 1x4一件一箱  SH 颜色->黑色,ALL,AMAZON,D,T99,0.0000,0.0000,0.0000,0.00,0.00,0.00,0,0.0000,6 个月 · 全平台 · 全量 SKU · 2026-07-09,published
DJ503118_1,US HS 储物柜-DSC-01带插排带灯 1x4一件一箱  SH 颜色->黑色,ALL,UNKNOWN,D,T99,0.0000,0.0000,0.0000,0.00,0.00,0.00,0,0.0000,6 个月 · 全平台 · 全量 SKU · 2026-07-09,published
DJ503120_1,HS 储物柜-DSFH-01插排灯推拉门 2x3一件一箱 颜色->黑色,ALL,AMAZON,C,T99,0.0000,0.0000,0.0000,0.00,0.00,0.00,0,0.0000,6 个月 · 全平台 · 全量 SKU · 2026-07-09,published
DJ503120_1,HS 储物柜-DSFH-01插排灯推拉门 2x3一件一箱 颜色->黑色,ALL,WALMART,C,T99,0.0000,0.0000,0.0000,0.00,0.00,0.00,3,0.0968,6 个月 · 全平台 · 全量 SKU · 2026-07-09,published
DJ503120_3,HS 储物柜-DSFH-01插排灯推拉门 2x3一件一箱 颜色->橡木灰,ALL,AMAZON,C,T99,0.0000,0.0000,0.0000,0.00,0.00,0.00,0,0.0000,6 个月 · 全平台 · 全量 SKU · 2026-07-09,published
DJ503121_3,HS NSFH-01L 边柜 纯木 插板翻门 双抽 一件一箱 颜色->橡木灰,ALL,AMAZON,C,T3,5.3925,4.4219,4.4219,167.17,137.08,137.08,60,1.9355,6 个月 · 全平台 · 全量 SKU · 2026-07-09,published
DJ503121_3,HS NSFH-01L 边柜 纯木 插板翻门 双抽 一件一箱 颜色->橡木灰,ALL,UNKNOWN,C,T99,0.0000,0.0000,0.0000,0.00,0.00,0.00,2,0.0645,6 个月 · 全平台 · 全量 SKU · 2026-07-09,published
DJ503122_1,US SD 谷仓门双顶咖啡桌 一件一箱 颜色->浅橡木灰,ALL,AMAZON,B,T3,4.2461,3.8215,3.8215,131.63,118.47,118.47,91,2.9355,6 个月 · 全平台 · 全量 SKU · 2026-07-09,published
DJ503122_1,US SD 谷仓门双顶咖啡桌 一件一箱 颜色->浅橡木灰,ALL,TEMU,B,T99,0.0000,0.0000,0.0000,0.00,0.00,0.00,9,0.2903,6 个月 · 全平台 · 全量 SKU · 2026-07-09,published
DJ503122_1,US SD 谷仓门双顶咖啡桌 一件一箱 颜色->浅橡木灰,ALL,TIKTOK,B,T4B,2.0782,0.9350,0.9350,64.42,28.99,28.99,48,1.5484,6 个月 · 全平台 · 全量 SKU · 2026-07-09,published
DJ503122_1,US SD 谷仓门双顶咖啡桌 一件一箱 颜色->浅橡木灰,ALL,UNKNOWN,B,T99,0.0000,0.0000,0.0000,0.00,0.00,0.00,3,0.0968,6 个月 · 全平台 · 全量 SKU · 2026-07-09,published
DJ503122_1,US SD 谷仓门双顶咖啡桌 一件一箱 颜色->浅橡木灰,ALL,WALMART,B,T99,0.0000,0.0000,0.0000,0.00,0.00,0.00,8,0.2581,6 个月 · 全平台 · 全量 SKU · 2026-07-09,published
DJ503122_1_WF,US SD 谷仓门双顶咖啡桌 一件一箱 颜色->浅橡木灰,ALL,UNKNOWN,C,T4B,0.4357,0.1775,0.1775,13.51,5.50,5.50,13,0.4194,6 个月 · 全平台 · 全量 SKU · 2026-07-09,published
DJ503122_2,US SD 谷仓门双顶咖啡桌 一件一箱 颜色->火烧云色,ALL,AMAZON,C,T4B,2.0701,0.8446,0.8446,64.17,26.18,26.18,39,1.2581,6 个月 · 全平台 · 全量 SKU · 2026-07-09,published
DJ503122_2,US SD 谷仓门双顶咖啡桌 一件一箱 颜色->火烧云色,ALL,WALMART,C,T99,0.0000,0.0000,0.0000,0.00,0.00,0.00,6,0.1935,6 个月 · 全平台 · 全量 SKU · 2026-07-09,published
DJ503122_3,US SD 谷仓门双顶咖啡桌 一件一箱 颜色->白橡纹+卡罗橡纹,ALL,AMAZON,B,T3,4.4815,4.2754,4.2754,138.93,132.54,132.54,97,3.1290,6 个月 · 全平台 · 全量 SKU · 2026-07-09,published
DJ503122_3,US SD 谷仓门双顶咖啡桌 一件一箱 颜色->白橡纹+卡罗橡纹,ALL,TEMU,B,T4B,0.8265,0.3000,0.3000,25.62,9.30,9.30,14,0.4516,6 个月 · 全平台 · 全量 SKU · 2026-07-09,published
DJ503122_3,US SD 谷仓门双顶咖啡桌 一件一箱 颜色->白橡纹+卡罗橡纹,ALL,TIKTOK,B,T4B,2.9420,1.0544,1.0544,91.20,32.69,32.69,120,3.8710,6 个月 · 全平台 · 全量 SKU · 2026-07-09,published
DJ503122_3_WF,US SD 谷仓门双顶咖啡桌 一件一箱 颜色->白橡纹+卡罗橡纹,ALL,UNKNOWN,C,T4B,0.5157,0.2772,0.2772,15.99,8.59,8.59,69,2.2258,6 个月 · 全平台 · 全量 SKU · 2026-07-09,published
DJ503122_4,US TA 谷仓门双顶咖啡桌 一件一箱 颜色->蓝色+棕色（顶）,ALL,AMAZON,C,T4A,2.6439,1.0428,1.0428,81.96,32.33,32.33,56,1.8065,6 个月 · 全平台 · 全量 SKU · 2026-07-09,published
DJ503122_5,US TA 谷仓门双顶咖啡桌 一件一箱 颜色->黑+咖啡胡桃,ALL,AMAZON,C,T4B,0.5357,0.2571,0.2571,16.61,7.97,7.97,56,1.8065,6 个月 · 全平台 · 全量 SKU · 2026-07-09,published
DJ503122_5,US TA 谷仓门双顶咖啡桌 一件一箱 颜色->黑+咖啡胡桃,ALL,TEMU,C,T99,0.0000,0.0000,0.0000,0.00,0.00,0.00,7,0.2258,6 个月 · 全平台 · 全量 SKU · 2026-07-09,published
DJ503122_5,US TA 谷仓门双顶咖啡桌 一件一箱 颜色->黑+咖啡胡桃,ALL,TIKTOK,C,T99,0.0000,0.0000,0.0000,0.00,0.00,0.00,137,4.4194,6 个月 · 全平台 · 全量 SKU · 2026-07-09,published
DJ503122_5,US TA 谷仓门双顶咖啡桌 一件一箱 颜色->黑+咖啡胡桃,ALL,UNKNOWN,C,T99,0.0000,0.0000,0.0000,0.00,0.00,0.00,9,0.2903,6 个月 · 全平台 · 全量 SKU · 2026-07-09,published
DJ503122_5,US TA 谷仓门双顶咖啡桌 一件一箱 颜色->黑+咖啡胡桃,ALL,WALMART,C,T99,0.0000,0.0000,0.0000,0.00,0.00,0.00,2,0.0645,6 个月 · 全平台 · 全量 SKU · 2026-07-09,published
DJ503122_6,US TA 谷仓门双顶咖啡桌 一件一箱 颜色->白G42014K+仿古樱桃,ALL,AMAZON,C,T4B,0.5286,0.2537,0.2537,16.39,7.86,7.86,75,2.4194,6 个月 · 全平台 · 全量 SKU · 2026-07-09,published
DJ503122_6,US TA 谷仓门双顶咖啡桌 一件一箱 颜色->白G42014K+仿古樱桃,ALL,TEMU,C,T99,0.0000,0.0000,0.0000,0.00,0.00,0.00,10,0.3226,6 个月 · 全平台 · 全量 SKU · 2026-07-09,published
DJ503122_6,US TA 谷仓门双顶咖啡桌 一件一箱 颜色->白G42014K+仿古樱桃,ALL,TIKTOK,C,T4B,0.1357,0.0651,0.0651,4.21,2.02,2.02,116,3.7419,6 个月 · 全平台 · 全量 SKU · 2026-07-09,published
DJ503122_6,US TA 谷仓门双顶咖啡桌 一件一箱 颜色->白G42014K+仿古樱桃,ALL,WALMART,C,T99,0.0000,0.0000,0.0000,0.00,0.00,0.00,3,0.0968,6 个月 · 全平台 · 全量 SKU · 2026-07-09,published
DJ503137_1,US HS NSD-01 边柜 圆角底座 带插排氛围灯款 上空三抽 一件一箱 XZB 颜色->黑色,ALL,AMAZON,C,T99,0.0000,0.0000,0.0000,0.00,0.00,0.00,0,0.0000,6 个月 · 全平台 · 全量 SKU · 2026-07-09,published
DJ503137_1,US HS NSD-01 边柜 圆角底座 带插排氛围灯款 上空三抽 一件一箱 XZB 颜色->黑色,ALL,TIKTOK,C,T99,0.0000,0.0000,0.0000,0.00,0.00,0.00,0,0.0000,6 个月 · 全平台 · 全量 SKU · 2026-07-09,published
DJ503137_1,US HS NSD-01 边柜 圆角底座 带插排氛围灯款 上空三抽 一件一箱 XZB 颜色->黑色,ALL,UNKNOWN,C,T99,0.0000,0.0000,0.0000,0.00,0.00,0.00,0,0.0000,6 个月 · 全平台 · 全量 SKU · 2026-07-09,published
DJ503137_1,US HS NSD-01 边柜 圆角底座 带插排氛围灯款 上空三抽 一件一箱 XZB 颜色->黑色,ALL,WALMART,C,T99,0.0000,0.0000,0.0000,0.00,0.00,0.00,0,0.0000,6 个月 · 全平台 · 全量 SKU · 2026-07-09,published
DJ503138_1,US SD U型桌文件抽带2个活动支架  一件一箱 颜色->火烧云,ALL,AMAZON,D,T99,0.0000,0.0000,0.0000,0.00,0.00,0.00,0,0.0000,6 个月 · 全平台 · 全量 SKU · 2026-07-09,published
DJ503138_1,US SD U型桌文件抽带2个活动支架  一件一箱 颜色->火烧云,ALL,TEMU,D,T99,0.0000,0.0000,0.0000,0.00,0.00,0.00,0,0.0000,6 个月 · 全平台 · 全量 SKU · 2026-07-09,published
DJ503138_1,US SD U型桌文件抽带2个活动支架  一件一箱 颜色->火烧云,ALL,TIKTOK,D,T99,0.0000,0.0000,0.0000,0.00,0.00,0.00,0,0.0000,6 个月 · 全平台 · 全量 SKU · 2026-07-09,published
DJ503138_1,US SD U型桌文件抽带2个活动支架  一件一箱 颜色->火烧云,ALL,UNKNOWN,D,T99,0.0000,0.0000,0.0000,0.00,0.00,0.00,0,0.0000,6 个月 · 全平台 · 全量 SKU · 2026-07-09,published
DJ503138_1_WF,US SD U型桌文件抽带2个活动支架  一件一箱 颜色->火烧云,ALL,UNKNOWN,C,T99,0.0000,0.0000,0.0000,0.00,0.00,0.00,0,0.0000,6 个月 · 全平台 · 全量 SKU · 2026-07-09,published
DJ503138_2,US SD U型桌文件抽带2个活动支架  一件一箱 颜色->黑色,ALL,AMAZON,C,T4B,1.1918,0.6064,0.6064,36.95,18.80,18.80,55,1.7742,6 个月 · 全平台 · 全量 SKU · 2026-07-09,published
DJ503138_2,US SD U型桌文件抽带2个活动支架  一件一箱 颜色->黑色,ALL,UNKNOWN,C,T99,0.0000,0.0000,0.0000,0.00,0.00,0.00,1,0.0323,6 个月 · 全平台 · 全量 SKU · 2026-07-09,published
DJ503138_2_WF,US SD U型桌文件抽带2个活动支架  一件一箱 颜色->黑色,ALL,UNKNOWN,C,T4B,0.6568,0.3531,0.3531,20.36,10.95,10.95,46,1.4839,6 个月 · 全平台 · 全量 SKU · 2026-07-09,published
DJ503139_1,US SD 1.6米双抽单人桌带排插  一件一箱 颜色->黑麻,ALL,AMAZON,C,T4A,3.6862,1.7104,1.7104,114.27,53.02,53.02,99,3.1935,6 个月 · 全平台 · 全量 SKU · 2026-07-09,published
DJ503139_1,US SD 1.6米双抽单人桌带排插  一件一箱 颜色->黑麻,ALL,WALMART,C,T99,0.0000,0.0000,0.0000,0.00,0.00,0.00,3,0.0968,6 个月 · 全平台 · 全量 SKU · 2026-07-09,published
DJ503139_2,US SD 1.6米双抽单人桌带排插  一件一箱 颜色->火烧云,ALL,AMAZON,C,T4B,2.3547,0.9607,0.9607,73.00,29.78,29.78,74,2.3871,6 个月 · 全平台 · 全量 SKU · 2026-07-09,published
DJ503139_2,US SD 1.6米双抽单人桌带排插  一件一箱 颜色->火烧云,ALL,UNKNOWN,C,T4B,0.1812,0.0974,0.0974,5.62,3.02,3.02,0,0.0000,6 个月 · 全平台 · 全量 SKU · 2026-07-09,published
DJ503139_2,US SD 1.6米双抽单人桌带排插  一件一箱 颜色->火烧云,ALL,WALMART,C,T99,0.0000,0.0000,0.0000,0.00,0.00,0.00,0,0.0000,6 个月 · 全平台 · 全量 SKU · 2026-07-09,published
DJ503139_3,US SD 1.6米双抽单人桌带排插  一件一箱 颜色->989-3,ALL,TIKTOK,C,T99,0.0000,0.0000,0.0000,0.00,0.00,0.00,1,0.0323,6 个月 · 全平台 · 全量 SKU · 2026-07-09,published
DJ503139_3_WF,US SD 1.6米双抽单人桌带排插  一件一箱 颜色->989-3,ALL,UNKNOWN,C,T4B,1.2032,0.5775,0.5775,37.30,17.90,17.90,46,1.4839,6 个月 · 全平台 · 全量 SKU · 2026-07-09,published
DJ503141,US DC 木质LED打砂镜柜双开门 70*16*60 白色 一件一箱,ALL,AMAZON,C,T4B,2.6950,1.0996,1.0996,83.55,34.09,34.09,97,3.1290,6 个月 · 全平台 · 全量 SKU · 2026-07-09,published
DJ503141,US DC 木质LED打砂镜柜双开门 70*16*60 白色 一件一箱,ALL,TEMU,C,T99,0.0000,0.0000,0.0000,0.00,0.00,0.00,0,0.0000,6 个月 · 全平台 · 全量 SKU · 2026-07-09,published
DJ503141,US DC 木质LED打砂镜柜双开门 70*16*60 白色 一件一箱,ALL,TIKTOK,C,T99,0.0000,0.0000,0.0000,0.00,0.00,0.00,34,1.0968,6 个月 · 全平台 · 全量 SKU · 2026-07-09,published
DJ503141,US DC 木质LED打砂镜柜双开门 70*16*60 白色 一件一箱,ALL,UNKNOWN,C,T99,0.0000,0.0000,0.0000,0.00,0.00,0.00,2,0.0645,6 个月 · 全平台 · 全量 SKU · 2026-07-09,published
DJ503141,US DC 木质LED打砂镜柜双开门 70*16*60 白色 一件一箱,ALL,WALMART,C,T99,0.0000,0.0000,0.0000,0.00,0.00,0.00,32,1.0323,6 个月 · 全平台 · 全量 SKU · 2026-07-09,published
DJ503142,US DC 木质LED打砂镜柜双开门 80*16*60 白色 一件一箱,ALL,AMAZON,C,T4A,3.0582,1.5041,1.5041,94.80,46.63,46.63,51,1.6452,6 个月 · 全平台 · 全量 SKU · 2026-07-09,published
DJ503142,US DC 木质LED打砂镜柜双开门 80*16*60 白色 一件一箱,ALL,WALMART,C,T99,0.0000,0.0000,0.0000,0.00,0.00,0.00,0,0.0000,6 个月 · 全平台 · 全量 SKU · 2026-07-09,published
DJ503151_1_WF,US BF VD11 书桌 三色灯泡带加插排压斗柜 颜色->白色,ALL,UNKNOWN,D,T99,0.0000,0.0000,0.0000,0.00,0.00,0.00,0,0.0000,6 个月 · 全平台 · 全量 SKU · 2026-07-09,published
DJ503164_1,US SD 1m悬浮升降咖啡桌 颜色->黑色 一件一箱,ALL,AMAZON,C,T3,4.7185,4.2467,4.2467,146.27,131.65,131.65,109,3.5161,6 个月 · 全平台 · 全量 SKU · 2026-07-09,published
DJ503164_1,US SD 1m悬浮升降咖啡桌 颜色->黑色 一件一箱,ALL,TEMU,C,T99,0.0000,0.0000,0.0000,0.00,0.00,0.00,28,0.9032,6 个月 · 全平台 · 全量 SKU · 2026-07-09,published
DJ503164_1,US SD 1m悬浮升降咖啡桌 颜色->黑色 一件一箱,ALL,UNKNOWN,C,T4B,0.4601,0.2208,0.2208,14.26,6.84,6.84,12,0.3871,6 个月 · 全平台 · 全量 SKU · 2026-07-09,published
DJ503164_1,US SD 1m悬浮升降咖啡桌 颜色->黑色 一件一箱,ALL,WALMART,C,T99,0.0000,0.0000,0.0000,0.00,0.00,0.00,1,0.0323,6 个月 · 全平台 · 全量 SKU · 2026-07-09,published
DJ503164_2,US SD 1m悬浮升降咖啡桌 颜色->白色 一件一箱,ALL,TEMU,C,T4B,0.4916,0.2006,0.2006,15.24,6.22,6.22,9,0.2903,6 个月 · 全平台 · 全量 SKU · 2026-07-09,published
DJ503164_3,US SD 1m悬浮升降咖啡桌 颜色->白色大理石 一件一箱,ALL,TIKTOK,C,T4B,0.6412,0.3078,0.3078,19.88,9.54,9.54,26,0.8387,6 个月 · 全平台 · 全量 SKU · 2026-07-09,published
DJ503164_3,US SD 1m悬浮升降咖啡桌 颜色->白色大理石 一件一箱,ALL,UNKNOWN,C,T4B,0.6914,0.3717,0.3717,21.43,11.52,11.52,18,0.5806,6 个月 · 全平台 · 全量 SKU · 2026-07-09,published
DJ503164_3,US SD 1m悬浮升降咖啡桌 颜色->白色大理石 一件一箱,ALL,WALMART,C,T99,0.0000,0.0000,0.0000,0.00,0.00,0.00,3,0.0968,6 个月 · 全平台 · 全量 SKU · 2026-07-09,published
DJ503164_4,US TA 1m悬浮升降咖啡桌 颜色->高光黑大理石 一件一箱,ALL,TIKTOK,B,T4B,0.6934,0.3328,0.3328,21.50,10.32,10.32,26,0.8387,6 个月 · 全平台 · 全量 SKU · 2026-07-09,published
DJ503164_4,US TA 1m悬浮升降咖啡桌 颜色->高光黑大理石 一件一箱,ALL,UNKNOWN,B,T4B,0.1961,0.0998,0.0998,6.08,3.09,3.09,16,0.5161,6 个月 · 全平台 · 全量 SKU · 2026-07-09,published
DJ503164_4,US TA 1m悬浮升降咖啡桌 颜色->高光黑大理石 一件一箱,ALL,WALMART,B,T99,0.0000,0.0000,0.0000,0.00,0.00,0.00,1,0.0323,6 个月 · 全平台 · 全量 SKU · 2026-07-09,published
DJ503170_1,EU KM 板式升降可展开咖啡桌 颜色->浅灰色,ALL,UNKNOWN,C,T99,0.0000,0.0000,0.0000,0.00,0.00,0.00,0,0.0000,6 个月 · 全平台 · 全量 SKU · 2026-07-09,published
DJ503171_1,US TA 双顶双抽带门咖啡桌 一件一箱 颜色->火烧云,ALL,AMAZON,C,T4B,4.1589,1.6968,1.6968,128.93,52.60,52.60,82,2.6452,6 个月 · 全平台 · 全量 SKU · 2026-07-09,published
DJ503171_1,US TA 双顶双抽带门咖啡桌 一件一箱 颜色->火烧云,ALL,TEMU,C,T99,0.0000,0.0000,0.0000,0.00,0.00,0.00,10,0.3226,6 个月 · 全平台 · 全量 SKU · 2026-07-09,published
DJ503171_1,US TA 双顶双抽带门咖啡桌 一件一箱 颜色->火烧云,ALL,WALMART,C,T99,0.0000,0.0000,0.0000,0.00,0.00,0.00,0,0.0000,6 个月 · 全平台 · 全量 SKU · 2026-07-09,published
DJ503171_1_WF,US TA 双顶双抽带门咖啡桌 一件一箱 颜色->火烧云,ALL,UNKNOWN,C,T4B,2.0893,0.8524,0.8524,64.77,26.42,26.42,6,0.1935,6 个月 · 全平台 · 全量 SKU · 2026-07-09,published
DJ503171_2,US TA 双顶双抽带门咖啡桌 一件一箱 颜色->象牙灰色,ALL,AMAZON,B,T3,4.7546,4.1940,4.1940,147.39,130.01,130.01,127,4.0968,6 个月 · 全平台 · 全量 SKU · 2026-07-09,published
DJ503171_2,US TA 双顶双抽带门咖啡桌 一件一箱 颜色->象牙灰色,ALL,TEMU,B,T99,0.0000,0.0000,0.0000,0.00,0.00,0.00,13,0.4194,6 个月 · 全平台 · 全量 SKU · 2026-07-09,published
DJ503171_2,US TA 双顶双抽带门咖啡桌 一件一箱 颜色->象牙灰色,ALL,WALMART,B,T99,0.0000,0.0000,0.0000,0.00,0.00,0.00,1,0.0323,6 个月 · 全平台 · 全量 SKU · 2026-07-09,published
DJ503171_3,US TA 双顶双抽带门咖啡桌 一件一箱 颜色->黑麻,ALL,AMAZON,B,T3,4.5078,3.7876,3.7876,139.74,117.42,117.42,131,4.2258,6 个月 · 全平台 · 全量 SKU · 2026-07-09,published
DJ503171_3,US TA 双顶双抽带门咖啡桌 一件一箱 颜色->黑麻,ALL,TIKTOK,B,T4B,0.4039,0.1648,0.1648,12.52,5.11,5.11,20,0.6452,6 个月 · 全平台 · 全量 SKU · 2026-07-09,published
DJ503171_3_WF,US TA 双顶双抽带门咖啡桌 一件一箱 颜色->黑麻,ALL,UNKNOWN,C,T99,0.0000,0.0000,0.0000,0.00,0.00,0.00,19,0.6129,6 个月 · 全平台 · 全量 SKU · 2026-07-09,published
DJ503171_4,US TA 双顶双抽带门咖啡桌 一件一箱 颜色->棕色,ALL,AMAZON,C,T4B,0.7868,0.3777,0.3777,24.39,11.71,11.71,37,1.1935,6 个月 · 全平台 · 全量 SKU · 2026-07-09,published
DJ503171_4,US TA 双顶双抽带门咖啡桌 一件一箱 颜色->棕色,ALL,UNKNOWN,C,T99,0.0000,0.0000,0.0000,0.00,0.00,0.00,0,0.0000,6 个月 · 全平台 · 全量 SKU · 2026-07-09,published
DJ503171_4,US TA 双顶双抽带门咖啡桌 一件一箱 颜色->棕色,ALL,WALMART,C,T99,0.0000,0.0000,0.0000,0.00,0.00,0.00,0,0.0000,6 个月 · 全平台 · 全量 SKU · 2026-07-09,published
DJ503195_1,US AG 2x3灯带氛围抽屉柜 一件一箱 颜色->黑色,ALL,AMAZON,D,T99,0.0000,0.0000,0.0000,0.00,0.00,0.00,0,0.0000,6 个月 · 全平台 · 全量 SKU · 2026-07-09,published
DJ503195_1,US AG 2x3灯带氛围抽屉柜 一件一箱 颜色->黑色,ALL,TIKTOK,D,T99,0.0000,0.0000,0.0000,0.00,0.00,0.00,0,0.0000,6 个月 · 全平台 · 全量 SKU · 2026-07-09,published
DJ503204,VD 竹制烘焙架 10层 插排灯带 原色 一个一箱,ALL,AMAZON,C,T99,0.0000,0.0000,0.0000,0.00,0.00,0.00,0,0.0000,6 个月 · 全平台 · 全量 SKU · 2026-07-09,published
DJ503212,EU  DC 德标LED金属镜柜铰链拆装三开门100 白色 一件一箱,ALL,AMAZON,C,T4B,1.1887,0.4850,0.4850,36.85,15.04,15.04,30,0.9677,6 个月 · 全平台 · 全量 SKU · 2026-07-09,published
DJ503220_1_WF,US HS 梳妆台-VDNX-01 现代款错落布局 六抽一门好莱坞灯串 一件一箱 颜色->白色,ALL,UNKNOWN,D,T99,0.0000,0.0000,0.0000,0.00,0.00,0.00,0,0.0000,6 个月 · 全平台 · 全量 SKU · 2026-07-09,published
DJ503226_1,US SD 1.4米L桌带单抽三层置物架  一件一箱 颜色->火烧云,ALL,AMAZON,D,T99,0.0000,0.0000,0.0000,0.00,0.00,0.00,0,0.0000,6 个月 · 全平台 · 全量 SKU · 2026-07-09,published
DJ503226_1,US SD 1.4米L桌带单抽三层置物架  一件一箱 颜色->火烧云,ALL,TEMU,D,T99,0.0000,0.0000,0.0000,0.00,0.00,0.00,0,0.0000,6 个月 · 全平台 · 全量 SKU · 2026-07-09,published
DJ503226_1,US SD 1.4米L桌带单抽三层置物架  一件一箱 颜色->火烧云,ALL,TIKTOK,D,T99,0.0000,0.0000,0.0000,0.00,0.00,0.00,0,0.0000,6 个月 · 全平台 · 全量 SKU · 2026-07-09,published
DJ503226_1,US SD 1.4米L桌带单抽三层置物架  一件一箱 颜色->火烧云,ALL,UNKNOWN,D,T99,0.0000,0.0000,0.0000,0.00,0.00,0.00,0,0.0000,6 个月 · 全平台 · 全量 SKU · 2026-07-09,published
DJ503226_2,US SD 1.4米L桌带单抽三层置物架  一件一箱 颜色->黑色,ALL,AMAZON,D,T99,0.0000,0.0000,0.0000,0.00,0.00,0.00,0,0.0000,6 个月 · 全平台 · 全量 SKU · 2026-07-09,published
DJ503226_2,US SD 1.4米L桌带单抽三层置物架  一件一箱 颜色->黑色,ALL,TIKTOK,D,T99,0.0000,0.0000,0.0000,0.00,0.00,0.00,0,0.0000,6 个月 · 全平台 · 全量 SKU · 2026-07-09,published
DJ503226_3,US SD 1.4米L桌带单抽三层置物架  一件一箱 颜色->白色,ALL,AMAZON,D,T99,0.0000,0.0000,0.0000,0.00,0.00,0.00,0,0.0000,6 个月 · 全平台 · 全量 SKU · 2026-07-09,published
DJ503226_3,US SD 1.4米L桌带单抽三层置物架  一件一箱 颜色->白色,ALL,TEMU,D,T99,0.0000,0.0000,0.0000,0.00,0.00,0.00,0,0.0000,6 个月 · 全平台 · 全量 SKU · 2026-07-09,published
DJ503226_3,US SD 1.4米L桌带单抽三层置物架  一件一箱 颜色->白色,ALL,TIKTOK,D,T99,0.0000,0.0000,0.0000,0.00,0.00,0.00,0,0.0000,6 个月 · 全平台 · 全量 SKU · 2026-07-09,published
DJ503226_3,US SD 1.4米L桌带单抽三层置物架  一件一箱 颜色->白色,ALL,UNKNOWN,D,T99,0.0000,0.0000,0.0000,0.00,0.00,0.00,0,0.0000,6 个月 · 全平台 · 全量 SKU · 2026-07-09,published
DJ503232_2,US HS 储物柜-DSFH-02谷仓吊轨推拉门 2x3一件一箱 颜色->橡木灰,ALL,AMAZON,C,T99,0.0000,0.0000,0.0000,0.00,0.00,0.00,0,0.0000,6 个月 · 全平台 · 全量 SKU · 2026-07-09,published
DJ503232_3,US HS 储物柜-DSFH-02谷仓吊轨推拉门 2x3一件一箱 颜色->胡桃白撞色,ALL,AMAZON,C,T99,0.0000,0.0000,0.0000,0.00,0.00,0.00,0,0.0000,6 个月 · 全平台 · 全量 SKU · 2026-07-09,published
DJ503232_3,US HS 储物柜-DSFH-02谷仓吊轨推拉门 2x3一件一箱 颜色->胡桃白撞色,ALL,UNKNOWN,C,T99,0.0000,0.0000,0.0000,0.00,0.00,0.00,19,0.6129,6 个月 · 全平台 · 全量 SKU · 2026-07-09,published
DJ503258_1,US TA 双抽带1米灯带铁木衣帽架 一件一箱 颜色->火烧云,ALL,TEMU,C,T99,0.0000,0.0000,0.0000,0.00,0.00,0.00,4,0.1290,6 个月 · 全平台 · 全量 SKU · 2026-07-09,published
DJ503258_1,US TA 双抽带1米灯带铁木衣帽架 一件一箱 颜色->火烧云,ALL,WALMART,C,T99,0.0000,0.0000,0.0000,0.00,0.00,0.00,0,0.0000,6 个月 · 全平台 · 全量 SKU · 2026-07-09,published
DJ503263_1,US HS 抽屉柜 DDB-05 2x3 底座 无把手 DFS 一件一箱 颜色->黑色,ALL,AMAZON,C,T99,0.0000,0.0000,0.0000,0.00,0.00,0.00,0,0.0000,6 个月 · 全平台 · 全量 SKU · 2026-07-09,published
DJ503263_1,US HS 抽屉柜 DDB-05 2x3 底座 无把手 DFS 一件一箱 颜色->黑色,ALL,TIKTOK,C,T99,0.0000,0.0000,0.0000,0.00,0.00,0.00,13,0.4194,6 个月 · 全平台 · 全量 SKU · 2026-07-09,published
DJ503263_1,US HS 抽屉柜 DDB-05 2x3 底座 无把手 DFS 一件一箱 颜色->黑色,ALL,UNKNOWN,C,T99,0.0000,0.0000,0.0000,0.00,0.00,0.00,23,0.7419,6 个月 · 全平台 · 全量 SKU · 2026-07-09,published
DJ503263_2,US HS 抽屉柜 DDB-05 2x3 底座 无把手 DFS 一件一箱 颜色->白色,ALL,AMAZON,C,T99,0.0000,0.0000,0.0000,0.00,0.00,0.00,0,0.0000,6 个月 · 全平台 · 全量 SKU · 2026-07-09,published
DJ503263_2,US HS 抽屉柜 DDB-05 2x3 底座 无把手 DFS 一件一箱 颜色->白色,ALL,TIKTOK,C,T99,0.0000,0.0000,0.0000,0.00,0.00,0.00,3,0.0968,6 个月 · 全平台 · 全量 SKU · 2026-07-09,published
DJ503263_2,US HS 抽屉柜 DDB-05 2x3 底座 无把手 DFS 一件一箱 颜色->白色,ALL,UNKNOWN,C,T99,0.0000,0.0000,0.0000,0.00,0.00,0.00,4,0.1290,6 个月 · 全平台 · 全量 SKU · 2026-07-09,published
DJ503263_2,US HS 抽屉柜 DDB-05 2x3 底座 无把手 DFS 一件一箱 颜色->白色,ALL,WALMART,C,T99,0.0000,0.0000,0.0000,0.00,0.00,0.00,0,0.0000,6 个月 · 全平台 · 全量 SKU · 2026-07-09,published
DJ503275_2,US BF VD13 书桌 推拉镜子带首饰三抽收纳盒 一件一箱 颜色->黑色,ALL,TIKTOK,C,T99,0.0000,0.0000,0.0000,0.00,0.00,0.00,1,0.0323,6 个月 · 全平台 · 全量 SKU · 2026-07-09,published
DJ503277_1,US PT 米字型门板材衣帽架  一件一箱 颜色->火烧云,ALL,AMAZON,C,T4A,2.6995,1.0647,1.0647,83.68,33.01,33.01,49,1.5806,6 个月 · 全平台 · 全量 SKU · 2026-07-09,published
DJ503277_1,US PT 米字型门板材衣帽架  一件一箱 颜色->火烧云,ALL,TEMU,C,T99,0.0000,0.0000,0.0000,0.00,0.00,0.00,1,0.0323,6 个月 · 全平台 · 全量 SKU · 2026-07-09,published
DJ503277_1,US PT 米字型门板材衣帽架  一件一箱 颜色->火烧云,ALL,UNKNOWN,C,T99,0.0000,0.0000,0.0000,0.00,0.00,0.00,0,0.0000,6 个月 · 全平台 · 全量 SKU · 2026-07-09,published
DJ503277_1,US PT 米字型门板材衣帽架  一件一箱 颜色->火烧云,ALL,WALMART,C,T99,0.0000,0.0000,0.0000,0.00,0.00,0.00,0,0.0000,6 个月 · 全平台 · 全量 SKU · 2026-07-09,published
DJ503277_3,US PT 米字型门板材衣帽架  一件一箱 颜色->水曲柳白,ALL,TIKTOK,C,T99,0.0000,0.0000,0.0000,0.00,0.00,0.00,1,0.0323,6 个月 · 全平台 · 全量 SKU · 2026-07-09,published
DJ503277_4,US PT 米字型门板材衣帽架  一件一箱 颜色->白+棕,ALL,AMAZON,C,T4B,1.3890,0.7067,0.7067,43.06,21.91,21.91,50,1.6129,6 个月 · 全平台 · 全量 SKU · 2026-07-09,published
DJ503277_4,US PT 米字型门板材衣帽架  一件一箱 颜色->白+棕,ALL,TEMU,C,T99,0.0000,0.0000,0.0000,0.00,0.00,0.00,10,0.3226,6 个月 · 全平台 · 全量 SKU · 2026-07-09,published
DJ503277_4,US PT 米字型门板材衣帽架  一件一箱 颜色->白+棕,ALL,TIKTOK,C,T99,0.0000,0.0000,0.0000,0.00,0.00,0.00,5,0.1613,6 个月 · 全平台 · 全量 SKU · 2026-07-09,published
DJ503277_4,US PT 米字型门板材衣帽架  一件一箱 颜色->白+棕,ALL,UNKNOWN,C,T99,0.0000,0.0000,0.0000,0.00,0.00,0.00,33,1.0645,6 个月 · 全平台 · 全量 SKU · 2026-07-09,published
DJ503277_5,US PT 米字型门板材衣帽架  一件一箱 颜色->黑+棕,ALL,AMAZON,C,T4B,1.2945,0.6586,0.6586,40.13,20.42,20.42,46,1.4839,6 个月 · 全平台 · 全量 SKU · 2026-07-09,published
DJ503277_5,US PT 米字型门板材衣帽架  一件一箱 颜色->黑+棕,ALL,TEMU,C,T99,0.0000,0.0000,0.0000,0.00,0.00,0.00,15,0.4839,6 个月 · 全平台 · 全量 SKU · 2026-07-09,published
DJ503277_5,US PT 米字型门板材衣帽架  一件一箱 颜色->黑+棕,ALL,UNKNOWN,C,T99,0.0000,0.0000,0.0000,0.00,0.00,0.00,34,1.0968,6 个月 · 全平台 · 全量 SKU · 2026-07-09,published
DJ503277_5,US PT 米字型门板材衣帽架  一件一箱 颜色->黑+棕,ALL,WALMART,C,T99,0.0000,0.0000,0.0000,0.00,0.00,0.00,3,0.0968,6 个月 · 全平台 · 全量 SKU · 2026-07-09,published
DJ503278,EU DC 欧标木质LED打砂镜柜单开门 50*16*70 白色 一件一箱,ALL,TIKTOK,C,T4B,0.2496,0.1270,0.1270,7.74,3.94,3.94,20,0.6452,6 个月 · 全平台 · 全量 SKU · 2026-07-09,published
DJ503280,EU DC 欧标木质LED打砂镜柜双开门 70*16*60 白色 一件一箱,ALL,AMAZON,B,T3,8.8878,7.9990,7.9990,275.52,247.97,247.97,107,3.4516,6 个月 · 全平台 · 全量 SKU · 2026-07-09,published
DJ503280,EU DC 欧标木质LED打砂镜柜双开门 70*16*60 白色 一件一箱,ALL,UNKNOWN,B,T4B,1.7522,0.9420,0.9420,54.32,29.20,29.20,3,0.0968,6 个月 · 全平台 · 全量 SKU · 2026-07-09,published
DJ503281,EU DC 欧标木质LED打砂镜柜双开门 80*16*60 白色 一件一箱,ALL,AMAZON,B,T3,13.8213,13.1855,13.1855,428.46,408.75,408.75,309,9.9677,6 个月 · 全平台 · 全量 SKU · 2026-07-09,published
DJ503281,EU DC 欧标木质LED打砂镜柜双开门 80*16*60 白色 一件一箱,ALL,UNKNOWN,B,T4B,1.5558,0.8364,0.8364,48.23,25.93,25.93,11,0.3548,6 个月 · 全平台 · 全量 SKU · 2026-07-09,published
DJ503315_1,US SD 1.67米游戏高桌  一件一箱 颜色->黑色,ALL,AMAZON,C,T4B,2.4101,0.9833,0.9833,74.71,30.48,30.48,5,0.1613,6 个月 · 全平台 · 全量 SKU · 2026-07-09,published
DJ503315_1,US SD 1.67米游戏高桌  一件一箱 颜色->黑色,ALL,TEMU,C,T99,0.0000,0.0000,0.0000,0.00,0.00,0.00,0,0.0000,6 个月 · 全平台 · 全量 SKU · 2026-07-09,published
DJ503315_2,US SD 1.67米游戏高桌  一件一箱 颜色->白色,ALL,AMAZON,C,T4B,0.7962,0.3248,0.3248,24.68,10.07,10.07,20,0.6452,6 个月 · 全平台 · 全量 SKU · 2026-07-09,published
DJ503346_1,"US BF VD18 书桌 铁木造型双开门款带凳子 一件一箱 颜色->#1,白色+金色铁件",ALL,AMAZON,C,T4B,1.8917,1.0170,1.0170,58.64,31.53,31.53,1,0.0323,6 个月 · 全平台 · 全量 SKU · 2026-07-09,published
DJ503346_1,"US BF VD18 书桌 铁木造型双开门款带凳子 一件一箱 颜色->#1,白色+金色铁件",ALL,WALMART,C,T99,0.0000,0.0000,0.0000,0.00,0.00,0.00,0,0.0000,6 个月 · 全平台 · 全量 SKU · 2026-07-09,published
DJ503346_2,"US BF VD18 书桌 铁木造型双开门款带凳子 一件一箱 颜色->#2,白色+黑色铁件",ALL,AMAZON,D,T99,0.0000,0.0000,0.0000,0.00,0.00,0.00,0,0.0000,6 个月 · 全平台 · 全量 SKU · 2026-07-09,published
DJ503346_2,"US BF VD18 书桌 铁木造型双开门款带凳子 一件一箱 颜色->#2,白色+黑色铁件",ALL,WALMART,D,T99,0.0000,0.0000,0.0000,0.00,0.00,0.00,0,0.0000,6 个月 · 全平台 · 全量 SKU · 2026-07-09,published
DJ503347_1,US SD 1.5米单人桌三抽  一件一箱 颜色->火烧云,ALL,AMAZON,C,T4B,1.1675,0.5604,0.5604,36.19,17.37,17.37,0,0.0000,6 个月 · 全平台 · 全量 SKU · 2026-07-09,published
DJ503347_1,US SD 1.5米单人桌三抽  一件一箱 颜色->火烧云,ALL,TIKTOK,C,T99,0.0000,0.0000,0.0000,0.00,0.00,0.00,0,0.0000,6 个月 · 全平台 · 全量 SKU · 2026-07-09,published
DJ503347_2,US SD 1.5米单人桌三抽  一件一箱 颜色->黑色,ALL,TIKTOK,C,T99,0.0000,0.0000,0.0000,0.00,0.00,0.00,2,0.0645,6 个月 · 全平台 · 全量 SKU · 2026-07-09,published
DJ503347_2,US SD 1.5米单人桌三抽  一件一箱 颜色->黑色,ALL,WALMART,C,T99,0.0000,0.0000,0.0000,0.00,0.00,0.00,1,0.0323,6 个月 · 全平台 · 全量 SKU · 2026-07-09,published
DJ503347_3,US SD 1.5米单人桌三抽  一件一箱 颜色->灰色989-3,ALL,AMAZON,C,T4B,2.1999,0.7083,0.7083,68.20,21.96,21.96,18,0.5806,6 个月 · 全平台 · 全量 SKU · 2026-07-09,published
DJ503347_3,US SD 1.5米单人桌三抽  一件一箱 颜色->灰色989-3,ALL,UNKNOWN,C,T4B,2.6275,1.3369,1.3369,81.45,41.44,41.44,85,2.7419,6 个月 · 全平台 · 全量 SKU · 2026-07-09,published
DJ503347_3,US SD 1.5米单人桌三抽  一件一箱 颜色->灰色989-3,ALL,WALMART,C,T99,0.0000,0.0000,0.0000,0.00,0.00,0.00,0,0.0000,6 个月 · 全平台 · 全量 SKU · 2026-07-09,published
DJ503347_4,US SD 1.5米单人桌三抽  一件一箱 颜色->顶棕+主体白,ALL,AMAZON,C,T4B,0.7194,0.3660,0.3660,22.30,11.35,11.35,33,1.0645,6 个月 · 全平台 · 全量 SKU · 2026-07-09,published
DJ503347_4,US SD 1.5米单人桌三抽  一件一箱 颜色->顶棕+主体白,ALL,TEMU,C,T99,0.0000,0.0000,0.0000,0.00,0.00,0.00,0,0.0000,6 个月 · 全平台 · 全量 SKU · 2026-07-09,published
DJ503347_4,US SD 1.5米单人桌三抽  一件一箱 颜色->顶棕+主体白,ALL,TIKTOK,C,T99,0.0000,0.0000,0.0000,0.00,0.00,0.00,0,0.0000,6 个月 · 全平台 · 全量 SKU · 2026-07-09,published
DJ503347_4,US SD 1.5米单人桌三抽  一件一箱 颜色->顶棕+主体白,ALL,UNKNOWN,C,T4B,0.5082,0.2439,0.2439,15.75,7.56,7.56,20,0.6452,6 个月 · 全平台 · 全量 SKU · 2026-07-09,published
DJ503351_1,US SD L桌高桌带X字双抽  一件一箱 颜色->火烧云,ALL,UNKNOWN,C,T4B,0.3965,0.2132,0.2132,12.29,6.61,6.61,16,0.5161,6 个月 · 全平台 · 全量 SKU · 2026-07-09,published
DJ503351_1,US SD L桌高桌带X字双抽  一件一箱 颜色->火烧云,ALL,WALMART,C,T4B,0.3714,0.1997,0.1997,11.51,6.19,6.19,15,0.4839,6 个月 · 全平台 · 全量 SKU · 2026-07-09,published
DJ503351_2,US SD L桌高桌带X字双抽  一件一箱 颜色->白麻,ALL,AMAZON,C,T4B,3.4576,1.4107,1.4107,107.19,43.73,43.73,39,1.2581,6 个月 · 全平台 · 全量 SKU · 2026-07-09,published
DJ503351_2,US SD L桌高桌带X字双抽  一件一箱 颜色->白麻,ALL,TEMU,C,T4B,0.4759,0.2284,0.2284,14.75,7.08,7.08,10,0.3226,6 个月 · 全平台 · 全量 SKU · 2026-07-09,published
DJ503351_2,US SD L桌高桌带X字双抽  一件一箱 颜色->白麻,ALL,WALMART,C,T4B,0.2342,0.1259,0.1259,7.26,3.90,3.90,5,0.1613,6 个月 · 全平台 · 全量 SKU · 2026-07-09,published
DJ503351_3,US SD L桌高桌带X字双抽  一件一箱 颜色->灰色989-3,ALL,AMAZON,B,T3,7.6349,6.2606,6.2606,236.68,194.08,194.08,115,3.7097,6 个月 · 全平台 · 全量 SKU · 2026-07-09,published
DJ503351_3,US SD L桌高桌带X字双抽  一件一箱 颜色->灰色989-3,ALL,TIKTOK,B,T99,0.0000,0.0000,0.0000,0.00,0.00,0.00,2,0.0645,6 个月 · 全平台 · 全量 SKU · 2026-07-09,published
DJ503351_3,US SD L桌高桌带X字双抽  一件一箱 颜色->灰色989-3,ALL,UNKNOWN,B,T4B,0.6857,0.3291,0.3291,21.26,10.20,10.20,37,1.1935,6 个月 · 全平台 · 全量 SKU · 2026-07-09,published
DJ503351_3,US SD L桌高桌带X字双抽  一件一箱 颜色->灰色989-3,ALL,WALMART,B,T4B,1.1898,0.6396,0.6396,36.88,19.83,19.83,33,1.0645,6 个月 · 全平台 · 全量 SKU · 2026-07-09,published
DJ503351_4,US SD L桌高桌带X字双抽  一件一箱 颜色->黑色,ALL,AMAZON,B,T3,6.8144,5.5878,5.5878,211.25,173.22,173.22,124,4.0000,6 个月 · 全平台 · 全量 SKU · 2026-07-09,published
DJ503351_4,US SD L桌高桌带X字双抽  一件一箱 颜色->黑色,ALL,TEMU,B,T4B,2.0386,0.8317,0.8317,63.20,25.78,25.78,39,1.2581,6 个月 · 全平台 · 全量 SKU · 2026-07-09,published
DJ503351_4,US SD L桌高桌带X字双抽  一件一箱 颜色->黑色,ALL,TIKTOK,B,T99,0.0000,0.0000,0.0000,0.00,0.00,0.00,2,0.0645,6 个月 · 全平台 · 全量 SKU · 2026-07-09,published
DJ503351_4,US SD L桌高桌带X字双抽  一件一箱 颜色->黑色,ALL,WALMART,B,T4B,0.5414,0.2911,0.2911,16.78,9.02,9.02,9,0.2903,6 个月 · 全平台 · 全量 SKU · 2026-07-09,published
DJ503385_1,US 床T-B208Q软包全拆弧形床头悬浮含插盘灯带153*203 颜色麻布深灰,ALL,AMAZON,B,T4B,1.6008,0.7684,0.7684,49.62,23.82,23.82,18,0.5806,6 个月 · 全平台 · 全量 SKU · 2026-07-09,published
DJ503385_1,US 床T-B208Q软包全拆弧形床头悬浮含插盘灯带153*203 颜色麻布深灰,ALL,TIKTOK,B,T4B,0.5965,0.2434,0.2434,18.49,7.55,7.55,14,0.4516,6 个月 · 全平台 · 全量 SKU · 2026-07-09,published
DJ503385_1,US 床T-B208Q软包全拆弧形床头悬浮含插盘灯带153*203 颜色麻布深灰,ALL,UNKNOWN,B,T4B,0.9044,0.4602,0.4602,28.04,14.27,14.27,32,1.0323,6 个月 · 全平台 · 全量 SKU · 2026-07-09,published
DJ503386_1,US 床T-B208F软包全拆弧形床头悬浮含插盘灯带137*190 颜色麻布深灰,ALL,AMAZON,D,T99,0.0000,0.0000,0.0000,0.00,0.00,0.00,0,0.0000,6 个月 · 全平台 · 全量 SKU · 2026-07-09,published
DJ503386_1,US 床T-B208F软包全拆弧形床头悬浮含插盘灯带137*190 颜色麻布深灰,ALL,TIKTOK,D,T99,0.0000,0.0000,0.0000,0.00,0.00,0.00,0,0.0000,6 个月 · 全平台 · 全量 SKU · 2026-07-09,published
DJ503386_1,US 床T-B208F软包全拆弧形床头悬浮含插盘灯带137*190 颜色麻布深灰,ALL,UNKNOWN,D,T99,0.0000,0.0000,0.0000,0.00,0.00,0.00,0,0.0000,6 个月 · 全平台 · 全量 SKU · 2026-07-09,published
DJ503386_1,US 床T-B208F软包全拆弧形床头悬浮含插盘灯带137*190 颜色麻布深灰,ALL,WALMART,D,T99,0.0000,0.0000,0.0000,0.00,0.00,0.00,0,0.0000,6 个月 · 全平台 · 全量 SKU · 2026-07-09,published
DJ503404_1,"US 床RL-586F软包外围悬浮含灯带137*190 颜色->#1,麻布深灰",ALL,AMAZON,D,T99,0.0000,0.0000,0.0000,0.00,0.00,0.00,0,0.0000,6 个月 · 全平台 · 全量 SKU · 2026-07-09,published
DJ503404_1,"US 床RL-586F软包外围悬浮含灯带137*190 颜色->#1,麻布深灰",ALL,UNKNOWN,D,T99,0.0000,0.0000,0.0000,0.00,0.00,0.00,0,0.0000,6 个月 · 全平台 · 全量 SKU · 2026-07-09,published
DJ503404_1,"US 床RL-586F软包外围悬浮含灯带137*190 颜色->#1,麻布深灰",ALL,WALMART,D,T99,0.0000,0.0000,0.0000,0.00,0.00,0.00,0,0.0000,6 个月 · 全平台 · 全量 SKU · 2026-07-09,published
DJ503406_1,"US 床RL-587Q板材外围悬浮含灯带153*203 颜色->#1,火烧云",ALL,AMAZON,D,T99,0.0000,0.0000,0.0000,0.00,0.00,0.00,0,0.0000,6 个月 · 全平台 · 全量 SKU · 2026-07-09,published
DJ503406_1,"US 床RL-587Q板材外围悬浮含灯带153*203 颜色->#1,火烧云",ALL,TIKTOK,D,T99,0.0000,0.0000,0.0000,0.00,0.00,0.00,0,0.0000,6 个月 · 全平台 · 全量 SKU · 2026-07-09,published
DJ503411_3,EU KM 铁木圆形升降咖啡桌 颜色->白色,ALL,AMAZON,C,T4B,1.5477,0.6315,0.6315,47.98,19.58,19.58,24,0.7742,6 个月 · 全平台 · 全量 SKU · 2026-07-09,published
DJ503411_3,EU KM 铁木圆形升降咖啡桌 颜色->白色,ALL,TEMU,C,T4B,0.2143,0.1029,0.1029,6.64,3.19,3.19,35,1.1290,6 个月 · 全平台 · 全量 SKU · 2026-07-09,published
DJ503411_3,EU KM 铁木圆形升降咖啡桌 颜色->白色,ALL,UNKNOWN,C,T4B,0.6662,0.3198,0.3198,20.65,9.91,9.91,15,0.4839,6 个月 · 全平台 · 全量 SKU · 2026-07-09,published
DJ503413,VD 竹制浴室高柜 对开门+3层架 原色 一个一箱,ALL,AMAZON,C,T4A,2.5485,1.1825,1.1825,79.00,36.66,36.66,85,2.7419,6 个月 · 全平台 · 全量 SKU · 2026-07-09,published
DJ503416_1,US PT 美式四抽侧边置物床Q  一件两箱 颜色->黑色PU,ALL,AMAZON,B,T4B,1.6929,0.6907,0.6907,52.48,21.41,21.41,37,1.1935,6 个月 · 全平台 · 全量 SKU · 2026-07-09,published
DJ503416_1,US PT 美式四抽侧边置物床Q  一件两箱 颜色->黑色PU,ALL,TEMU,B,T4B,2.6363,1.0756,1.0756,81.73,33.34,33.34,49,1.5806,6 个月 · 全平台 · 全量 SKU · 2026-07-09,published
DJ503416_1,US PT 美式四抽侧边置物床Q  一件两箱 颜色->黑色PU,ALL,TIKTOK,B,T4B,0.5882,0.2823,0.2823,18.23,8.75,8.75,28,0.9032,6 个月 · 全平台 · 全量 SKU · 2026-07-09,published
DJ503416_2,US PT 美式四抽侧边置物床Q  一件两箱 颜色->白色PU,ALL,AMAZON,B,T4A,2.6121,1.0302,1.0302,80.98,31.94,31.94,64,2.0645,6 个月 · 全平台 · 全量 SKU · 2026-07-09,published
DJ503416_2,US PT 美式四抽侧边置物床Q  一件两箱 颜色->白色PU,ALL,TEMU,B,T4B,3.3373,1.3616,1.3616,103.46,42.21,42.21,73,2.3548,6 个月 · 全平台 · 全量 SKU · 2026-07-09,published
DJ503416_2,US PT 美式四抽侧边置物床Q  一件两箱 颜色->白色PU,ALL,TIKTOK,B,T4B,1.8011,0.8645,0.8645,55.83,26.80,26.80,49,1.5806,6 个月 · 全平台 · 全量 SKU · 2026-07-09,published
DJ503422_2,"US VK 基础款高层带洞洞板电脑桌 一个一箱 颜色->黑色,浮雕黑",ALL,AMAZON,C,T4B,1.9281,0.9255,0.9255,59.77,28.69,28.69,52,1.6774,6 个月 · 全平台 · 全量 SKU · 2026-07-09,published
DJ503422_2,"US VK 基础款高层带洞洞板电脑桌 一个一箱 颜色->黑色,浮雕黑",ALL,WALMART,C,T99,0.0000,0.0000,0.0000,0.00,0.00,0.00,3,0.0968,6 个月 · 全平台 · 全量 SKU · 2026-07-09,published
DJ503439_1,US SD L桌五抽带两组亚克力门  一件一箱 颜色->火烧云,ALL,AMAZON,D,T99,0.0000,0.0000,0.0000,0.00,0.00,0.00,0,0.0000,6 个月 · 全平台 · 全量 SKU · 2026-07-09,published
DJ503439_1,US SD L桌五抽带两组亚克力门  一件一箱 颜色->火烧云,ALL,TIKTOK,D,T99,0.0000,0.0000,0.0000,0.00,0.00,0.00,0,0.0000,6 个月 · 全平台 · 全量 SKU · 2026-07-09,published
DJ503439_3,US SD L桌五抽带两组亚克力门  一件一箱 颜色->白麻,ALL,AMAZON,D,T99,0.0000,0.0000,0.0000,0.00,0.00,0.00,0,0.0000,6 个月 · 全平台 · 全量 SKU · 2026-07-09,published
DJ503439_3,US SD L桌五抽带两组亚克力门  一件一箱 颜色->白麻,ALL,TEMU,D,T99,0.0000,0.0000,0.0000,0.00,0.00,0.00,0,0.0000,6 个月 · 全平台 · 全量 SKU · 2026-07-09,published
DJ503439_3,US SD L桌五抽带两组亚克力门  一件一箱 颜色->白麻,ALL,TIKTOK,D,T99,0.0000,0.0000,0.0000,0.00,0.00,0.00,0,0.0000,6 个月 · 全平台 · 全量 SKU · 2026-07-09,published
DJ503439_3,US SD L桌五抽带两组亚克力门  一件一箱 颜色->白麻,ALL,UNKNOWN,D,T99,0.0000,0.0000,0.0000,0.00,0.00,0.00,0,0.0000,6 个月 · 全平台 · 全量 SKU · 2026-07-09,published
DJ503439_3,US SD L桌五抽带两组亚克力门  一件一箱 颜色->白麻,ALL,WALMART,D,T99,0.0000,0.0000,0.0000,0.00,0.00,0.00,0,0.0000,6 个月 · 全平台 · 全量 SKU · 2026-07-09,published
DJ503440_1,US SD L桌三抽带单玻璃门  一件一箱 颜色->火烧云,ALL,AMAZON,B,T3,7.6983,6.3126,6.3126,238.65,195.69,195.69,205,6.6129,6 个月 · 全平台 · 全量 SKU · 2026-07-09,published
DJ503440_1,US SD L桌三抽带单玻璃门  一件一箱 颜色->火烧云,ALL,TEMU,B,T99,0.0000,0.0000,0.0000,0.00,0.00,0.00,0,0.0000,6 个月 · 全平台 · 全量 SKU · 2026-07-09,published
DJ503440_1,US SD L桌三抽带单玻璃门  一件一箱 颜色->火烧云,ALL,TIKTOK,B,T99,0.0000,0.0000,0.0000,0.00,0.00,0.00,0,0.0000,6 个月 · 全平台 · 全量 SKU · 2026-07-09,published
DJ503440_1,US SD L桌三抽带单玻璃门  一件一箱 颜色->火烧云,ALL,UNKNOWN,B,T99,0.0000,0.0000,0.0000,0.00,0.00,0.00,8,0.2581,6 个月 · 全平台 · 全量 SKU · 2026-07-09,published
DJ503440_1_WF,US SD L桌三抽带单玻璃门  一件一箱 颜色->火烧云,ALL,UNKNOWN,B,T3P,7.4101,7.8547,7.8547,229.71,243.50,243.50,236,7.6129,6 个月 · 全平台 · 全量 SKU · 2026-07-09,published
DJ503440_2,US SD L桌三抽带单玻璃门  一件一箱 颜色->黑麻,ALL,AMAZON,C,T3,5.1862,4.2527,4.2527,160.77,131.83,131.83,137,4.4194,6 个月 · 全平台 · 全量 SKU · 2026-07-09,published
DJ503440_2,US SD L桌三抽带单玻璃门  一件一箱 颜色->黑麻,ALL,TEMU,C,T4B,0.7756,0.3164,0.3164,24.04,9.81,9.81,4,0.1290,6 个月 · 全平台 · 全量 SKU · 2026-07-09,published
DJ503440_2,US SD L桌三抽带单玻璃门  一件一箱 颜色->黑麻,ALL,UNKNOWN,C,T4B,1.4069,0.6753,0.6753,43.61,20.93,20.93,23,0.7419,6 个月 · 全平台 · 全量 SKU · 2026-07-09,published
DJ503440_2_WF,US SD L桌三抽带单玻璃门  一件一箱 颜色->黑麻,ALL,UNKNOWN,C,T4B,3.8952,1.8697,1.8697,120.75,57.96,57.96,149,4.8065,6 个月 · 全平台 · 全量 SKU · 2026-07-09,published
DJ503440_3,US SD L桌三抽带单玻璃门  一件一箱 颜色->白麻,ALL,AMAZON,B,T3,8.2571,7.4314,7.4314,255.97,230.37,230.37,189,6.0968,6 个月 · 全平台 · 全量 SKU · 2026-07-09,published
DJ503440_3,US SD L桌三抽带单玻璃门  一件一箱 颜色->白麻,ALL,UNKNOWN,B,T4B,0.9436,0.3602,0.3602,29.25,11.17,11.17,14,0.4516,6 个月 · 全平台 · 全量 SKU · 2026-07-09,published
DJ503440_3,US SD L桌三抽带单玻璃门  一件一箱 颜色->白麻,ALL,WALMART,B,T99,0.0000,0.0000,0.0000,0.00,0.00,0.00,2,0.0645,6 个月 · 全平台 · 全量 SKU · 2026-07-09,published
DJ503440_3_WF,US SD L桌三抽带单玻璃门  一件一箱 颜色->白麻,ALL,UNKNOWN,C,T4B,1.4438,0.5891,0.5891,44.76,18.26,18.26,50,1.6129,6 个月 · 全平台 · 全量 SKU · 2026-07-09,published
DJ503441_1,US PT 正方形升降谷仓咖啡桌 颜色->白麻+火烧云,ALL,AMAZON,A,T3,9.9427,8.3272,8.3272,308.22,258.14,258.14,193,6.2258,6 个月 · 全平台 · 全量 SKU · 2026-07-09,published
DJ503441_2,US PT 正方形升降谷仓咖啡桌 颜色->黑麻+火烧云,ALL,AMAZON,A,T1,19.8411,16.3332,16.3332,615.07,506.33,506.33,509,16.4194,6 个月 · 全平台 · 全量 SKU · 2026-07-09,published
DJ503441_2,US PT 正方形升降谷仓咖啡桌 颜色->黑麻+火烧云,ALL,TEMU,A,T4B,4.6243,2.2197,2.2197,143.35,68.81,68.81,0,0.0000,6 个月 · 全平台 · 全量 SKU · 2026-07-09,published
DJ503441_2,US PT 正方形升降谷仓咖啡桌 颜色->黑麻+火烧云,ALL,WALMART,A,T99,0.0000,0.0000,0.0000,0.00,0.00,0.00,0,0.0000,6 个月 · 全平台 · 全量 SKU · 2026-07-09,published
DJ503441_2_WF,US PT 正方形升降谷仓咖啡桌 颜色->黑麻+火烧云,ALL,UNKNOWN,C,T4B,0.9614,0.5168,0.5168,29.80,16.02,16.02,62,2.0000,6 个月 · 全平台 · 全量 SKU · 2026-07-09,published
DJ503441_3,US PT 正方形升降谷仓咖啡桌 颜色->灰色,ALL,AMAZON,A,T2,8.9960,6.5195,6.5195,278.88,202.10,202.10,238,7.6774,6 个月 · 全平台 · 全量 SKU · 2026-07-09,published
DJ503441_3,US PT 正方形升降谷仓咖啡桌 颜色->灰色,ALL,TEMU,A,T4B,2.7120,1.3018,1.3018,84.07,40.36,40.36,0,0.0000,6 个月 · 全平台 · 全量 SKU · 2026-07-09,published
DJ503441_4,US PT 正方形升降谷仓咖啡桌 颜色->深蓝+棕,ALL,AMAZON,B,T3,6.0534,5.5764,5.5764,187.66,172.87,172.87,151,4.8710,6 个月 · 全平台 · 全量 SKU · 2026-07-09,published
DJ503441_4,US PT 正方形升降谷仓咖啡桌 颜色->深蓝+棕,ALL,TEMU,B,T4B,1.4581,0.6999,0.6999,45.20,21.70,21.70,0,0.0000,6 个月 · 全平台 · 全量 SKU · 2026-07-09,published
DJ503441_4,US PT 正方形升降谷仓咖啡桌 颜色->深蓝+棕,ALL,WALMART,B,T99,0.0000,0.0000,0.0000,0.00,0.00,0.00,0,0.0000,6 个月 · 全平台 · 全量 SKU · 2026-07-09,published
DJ503441_5,US PT 正方形升降谷仓咖啡桌 颜色->复古白+棕,ALL,AMAZON,B,T2,8.0787,5.8547,5.8547,250.44,181.50,181.50,245,7.9032,6 个月 · 全平台 · 全量 SKU · 2026-07-09,published
DJ503441_5,US PT 正方形升降谷仓咖啡桌 颜色->复古白+棕,ALL,TEMU,B,T4B,1.1791,0.5660,0.5660,36.55,17.55,17.55,0,0.0000,6 个月 · 全平台 · 全量 SKU · 2026-07-09,published
DJ503441_5,US PT 正方形升降谷仓咖啡桌 颜色->复古白+棕,ALL,UNKNOWN,B,T4B,0.2538,0.1036,0.1036,7.87,3.21,3.21,7,0.2258,6 个月 · 全平台 · 全量 SKU · 2026-07-09,published
DJ503441_6,US PT 正方形升降谷仓咖啡桌 颜色->木色藤编,ALL,AMAZON,D,T99,0.0000,0.0000,0.0000,0.00,0.00,0.00,53,1.7097,6 个月 · 全平台 · 全量 SKU · 2026-07-09,published
DJ503441_6,US PT 正方形升降谷仓咖啡桌 颜色->木色藤编,ALL,TEMU,D,T99,0.0000,0.0000,0.0000,0.00,0.00,0.00,14,0.4516,6 个月 · 全平台 · 全量 SKU · 2026-07-09,published
DJ503441_6,US PT 正方形升降谷仓咖啡桌 颜色->木色藤编,ALL,TIKTOK,D,T99,0.0000,0.0000,0.0000,0.00,0.00,0.00,0,0.0000,6 个月 · 全平台 · 全量 SKU · 2026-07-09,published
DJ503449_1,"US BF 书架  BC01 6层6无纺布抽可调节转角直装两种安装 颜色->#1,火烧云",ALL,AMAZON,C,T99,0.0000,0.0000,0.0000,0.00,0.00,0.00,40,1.2903,6 个月 · 全平台 · 全量 SKU · 2026-07-09,published
DJ503450_1,"EU KM 板式L型桌腿升降可展开咖啡桌 颜色->白色,麻面白",ALL,AMAZON,C,T4B,1.9229,0.9230,0.9230,59.61,28.61,28.61,34,1.0968,6 个月 · 全平台 · 全量 SKU · 2026-07-09,published
DJ503450_1,"EU KM 板式L型桌腿升降可展开咖啡桌 颜色->白色,麻面白",ALL,TIKTOK,C,T99,0.0000,0.0000,0.0000,0.00,0.00,0.00,0,0.0000,6 个月 · 全平台 · 全量 SKU · 2026-07-09,published
DJ503450_2,"EU KM 板式L型桌腿升降可展开咖啡桌 颜色->棕色,复古色",ALL,TIKTOK,C,T99,0.0000,0.0000,0.0000,0.00,0.00,0.00,0,0.0000,6 个月 · 全平台 · 全量 SKU · 2026-07-09,published
DJ503450_3,EU KM 板式L型桌腿升降可展开咖啡桌 颜色->灰色,ALL,AMAZON,C,T4B,1.2727,0.6109,0.6109,39.45,18.94,18.94,32,1.0323,6 个月 · 全平台 · 全量 SKU · 2026-07-09,published
DJ503450_3,EU KM 板式L型桌腿升降可展开咖啡桌 颜色->灰色,ALL,TIKTOK,C,T99,0.0000,0.0000,0.0000,0.00,0.00,0.00,1,0.0323,6 个月 · 全平台 · 全量 SKU · 2026-07-09,published
DJ503450_4,EU KM 板式L型桌腿升降可展开咖啡桌 颜色->咖啡色,ALL,AMAZON,C,T4B,1.0163,0.4878,0.4878,31.51,15.12,15.12,24,0.7742,6 个月 · 全平台 · 全量 SKU · 2026-07-09,published
DJ503451_2,"EU KM 铁木带布抽升降可展开咖啡桌 一件一箱 颜色->灰色,浅灰色",ALL,TIKTOK,C,T99,0.0000,0.0000,0.0000,0.00,0.00,0.00,0,0.0000,6 个月 · 全平台 · 全量 SKU · 2026-07-09,published
DJ503451_2,"EU KM 铁木带布抽升降可展开咖啡桌 一件一箱 颜色->灰色,浅灰色",ALL,UNKNOWN,C,T4B,2.4618,1.0044,1.0044,76.32,31.14,31.14,36,1.1613,6 个月 · 全平台 · 全量 SKU · 2026-07-09,published
DJ503451_3,"EU KM 铁木带布抽升降可展开咖啡桌 颜色->白色,白浮雕",ALL,AMAZON,C,T4B,2.0553,0.8386,0.8386,63.71,26.00,26.00,16,0.5161,6 个月 · 全平台 · 全量 SKU · 2026-07-09,published
DJ503451_4,EU KM 铁木带布抽升降可展开咖啡桌 颜色->黑色,ALL,AMAZON,C,T4B,1.2272,0.5007,0.5007,38.04,15.52,15.52,36,1.1613,6 个月 · 全平台 · 全量 SKU · 2026-07-09,published
DJ503451_5,"EU KM 铁木带布抽升降可展开咖啡桌 颜色->卡其色,沙丘黄",ALL,UNKNOWN,C,T4B,1.5861,0.6471,0.6471,49.17,20.06,20.06,55,1.7742,6 个月 · 全平台 · 全量 SKU · 2026-07-09,published
DJ503462_1,EU MS 猫爬架917简配版 2猫箱 2顶窝 1吊床 颜色->米白,ALL,AMAZON,B,T4B,3.3151,1.3526,1.3526,102.77,41.93,41.93,96,3.0968,6 个月 · 全平台 · 全量 SKU · 2026-07-09,published
DJ503462_2,EU MS 猫爬架917简配版 2猫箱 2顶窝 1吊床 颜色->深灰色,ALL,AMAZON,B,T4A,3.8957,1.8076,1.8076,120.77,56.04,56.04,146,4.7097,6 个月 · 全平台 · 全量 SKU · 2026-07-09,published
DJ503462_2,EU MS 猫爬架917简配版 2猫箱 2顶窝 1吊床 颜色->深灰色,ALL,UNKNOWN,B,T99,0.0000,0.0000,0.0000,0.00,0.00,0.00,1,0.0323,6 个月 · 全平台 · 全量 SKU · 2026-07-09,published
DJ503462_3,EU MS 猫爬架917简配版 2猫箱 2顶窝 1吊床 颜色->浅灰色,ALL,AMAZON,A,T4B,5.2185,2.1291,2.1291,161.77,66.00,66.00,160,5.1613,6 个月 · 全平台 · 全量 SKU · 2026-07-09,published
DJ503462_3,EU MS 猫爬架917简配版 2猫箱 2顶窝 1吊床 颜色->浅灰色,ALL,TIKTOK,A,T99,0.0000,0.0000,0.0000,0.00,0.00,0.00,1,0.0323,6 个月 · 全平台 · 全量 SKU · 2026-07-09,published
DJ503462_3,EU MS 猫爬架917简配版 2猫箱 2顶窝 1吊床 颜色->浅灰色,ALL,UNKNOWN,A,T99,0.0000,0.0000,0.0000,0.00,0.00,0.00,1,0.0323,6 个月 · 全平台 · 全量 SKU · 2026-07-09,published
DJ503465,EU BW 折叠床床面铁管拆装简易款 黑色 4英寸床垫 一件一箱,ALL,AMAZON,A,T3,6.5073,5.8566,5.8566,201.73,181.55,181.55,76,2.4516,6 个月 · 全平台 · 全量 SKU · 2026-07-09,published
DJ503466_2,"US BF 电视柜 TV07 铁木6无纺布抽pu面转角直装两种安装 颜色->#2,黑色木纹色",ALL,AMAZON,B,T3,5.2034,4.2668,4.2668,161.31,132.27,132.27,48,1.5484,6 个月 · 全平台 · 全量 SKU · 2026-07-09,published
DJ503466_2,"US BF 电视柜 TV07 铁木6无纺布抽pu面转角直装两种安装 颜色->#2,黑色木纹色",ALL,TEMU,B,T99,0.0000,0.0000,0.0000,0.00,0.00,0.00,0,0.0000,6 个月 · 全平台 · 全量 SKU · 2026-07-09,published
DJ503466_5,US BF 电视柜 TV07 铁木6无纺布抽pu面转角直装两种安装 颜色->#5,ALL,TIKTOK,C,T99,0.0000,0.0000,0.0000,0.00,0.00,0.00,1,0.0323,6 个月 · 全平台 · 全量 SKU · 2026-07-09,published
DJ503466_5,US BF 电视柜 TV07 铁木6无纺布抽pu面转角直装两种安装 颜色->#5,ALL,UNKNOWN,C,T4B,0.2395,0.1219,0.1219,7.42,3.78,3.78,7,0.2258,6 个月 · 全平台 · 全量 SKU · 2026-07-09,published
DJ503468_1,US  DC 高柜HC-03 3抽3空格 门板铣型 一件一箱 颜色->黑色,ALL,AMAZON,C,T4B,1.9042,0.7769,0.7769,59.03,24.08,24.08,33,1.0645,6 个月 · 全平台 · 全量 SKU · 2026-07-09,published
DJ503468_1,US  DC 高柜HC-03 3抽3空格 门板铣型 一件一箱 颜色->黑色,ALL,TIKTOK,C,T99,0.0000,0.0000,0.0000,0.00,0.00,0.00,0,0.0000,6 个月 · 全平台 · 全量 SKU · 2026-07-09,published
DJ503468_1,US  DC 高柜HC-03 3抽3空格 门板铣型 一件一箱 颜色->黑色,ALL,UNKNOWN,C,T99,0.0000,0.0000,0.0000,0.00,0.00,0.00,1,0.0323,6 个月 · 全平台 · 全量 SKU · 2026-07-09,published
DJ503468_2,US  DC 高柜HC-03 3抽3空格 门板铣型 一件一箱 颜色->白色,ALL,AMAZON,B,T2,9.4884,8.0898,8.0898,294.14,250.78,250.78,152,4.9032,6 个月 · 全平台 · 全量 SKU · 2026-07-09,published
DJ503468_2,US  DC 高柜HC-03 3抽3空格 门板铣型 一件一箱 颜色->白色,ALL,TIKTOK,B,T99,0.0000,0.0000,0.0000,0.00,0.00,0.00,3,0.0968,6 个月 · 全平台 · 全量 SKU · 2026-07-09,published
DJ503480_1,US AG 板式全面镜书桌 三色好莱坞灯泡+软包凳  一件一箱 颜色->白色,ALL,UNKNOWN,D,T99,0.0000,0.0000,0.0000,0.00,0.00,0.00,6,0.1935,6 个月 · 全平台 · 全量 SKU · 2026-07-09,published
DJ503480_1_WF,US AG 板式全面镜书桌 三色好莱坞灯泡+软包凳  一件一箱 颜色->白色,ALL,UNKNOWN,D,T99,0.0000,0.0000,0.0000,0.00,0.00,0.00,48,1.5484,6 个月 · 全平台 · 全量 SKU · 2026-07-09,published
DJ503482_1,US SD 80cmL桌高桌 颜色->火烧云,ALL,AMAZON,D,T99,0.0000,0.0000,0.0000,0.00,0.00,0.00,0,0.0000,6 个月 · 全平台 · 全量 SKU · 2026-07-09,published
DJ503482_1,US SD 80cmL桌高桌 颜色->火烧云,ALL,TEMU,D,T99,0.0000,0.0000,0.0000,0.00,0.00,0.00,0,0.0000,6 个月 · 全平台 · 全量 SKU · 2026-07-09,published
DJ503482_1,US SD 80cmL桌高桌 颜色->火烧云,ALL,TIKTOK,D,T99,0.0000,0.0000,0.0000,0.00,0.00,0.00,0,0.0000,6 个月 · 全平台 · 全量 SKU · 2026-07-09,published
DJ503482_1,US SD 80cmL桌高桌 颜色->火烧云,ALL,UNKNOWN,D,T99,0.0000,0.0000,0.0000,0.00,0.00,0.00,0,0.0000,6 个月 · 全平台 · 全量 SKU · 2026-07-09,published
DJ503482_2,US SD 80cmL桌高桌 颜色->黑麻,ALL,AMAZON,D,T99,0.0000,0.0000,0.0000,0.00,0.00,0.00,0,0.0000,6 个月 · 全平台 · 全量 SKU · 2026-07-09,published
DJ503482_2,US SD 80cmL桌高桌 颜色->黑麻,ALL,TEMU,D,T99,0.0000,0.0000,0.0000,0.00,0.00,0.00,0,0.0000,6 个月 · 全平台 · 全量 SKU · 2026-07-09,published
DJ503482_2,US SD 80cmL桌高桌 颜色->黑麻,ALL,TIKTOK,D,T99,0.0000,0.0000,0.0000,0.00,0.00,0.00,0,0.0000,6 个月 · 全平台 · 全量 SKU · 2026-07-09,published
DJ503482_2,US SD 80cmL桌高桌 颜色->黑麻,ALL,UNKNOWN,D,T99,0.0000,0.0000,0.0000,0.00,0.00,0.00,0,0.0000,6 个月 · 全平台 · 全量 SKU · 2026-07-09,published
DJ503482_3,US SD 80cmL桌高桌 颜色->白麻,ALL,TEMU,C,T99,0.0000,0.0000,0.0000,0.00,0.00,0.00,0,0.0000,6 个月 · 全平台 · 全量 SKU · 2026-07-09,published
DJ503482_3,US SD 80cmL桌高桌 颜色->白麻,ALL,TIKTOK,C,T99,0.0000,0.0000,0.0000,0.00,0.00,0.00,0,0.0000,6 个月 · 全平台 · 全量 SKU · 2026-07-09,published
DJ503482_3,US SD 80cmL桌高桌 颜色->白麻,ALL,UNKNOWN,C,T99,0.0000,0.0000,0.0000,0.00,0.00,0.00,0,0.0000,6 个月 · 全平台 · 全量 SKU · 2026-07-09,published
DJ503482_4,US SD 80cmL桌高桌 颜色->989-3灰色,ALL,AMAZON,D,T99,0.0000,0.0000,0.0000,0.00,0.00,0.00,0,0.0000,6 个月 · 全平台 · 全量 SKU · 2026-07-09,published
DJ503483_1,US PT 带灯排插层架文件柜  一件一箱 颜色->黑色,ALL,AMAZON,C,T4B,2.2588,0.9216,0.9216,70.02,28.57,28.57,54,1.7419,6 个月 · 全平台 · 全量 SKU · 2026-07-09,published
DJ503483_1,US PT 带灯排插层架文件柜  一件一箱 颜色->黑色,ALL,TEMU,C,T99,0.0000,0.0000,0.0000,0.00,0.00,0.00,0,0.0000,6 个月 · 全平台 · 全量 SKU · 2026-07-09,published
DJ503483_1,US PT 带灯排插层架文件柜  一件一箱 颜色->黑色,ALL,TIKTOK,C,T99,0.0000,0.0000,0.0000,0.00,0.00,0.00,1,0.0323,6 个月 · 全平台 · 全量 SKU · 2026-07-09,published
DJ503483_1,US PT 带灯排插层架文件柜  一件一箱 颜色->黑色,ALL,WALMART,C,T99,0.0000,0.0000,0.0000,0.00,0.00,0.00,0,0.0000,6 个月 · 全平台 · 全量 SKU · 2026-07-09,published
DJ503483_2,US PT 带灯排插层架文件柜  一件一箱 颜色->火烧云,ALL,AMAZON,C,T4A,3.5950,1.6681,1.6681,111.45,51.71,51.71,82,2.6452,6 个月 · 全平台 · 全量 SKU · 2026-07-09,published
DJ503483_2,US PT 带灯排插层架文件柜  一件一箱 颜色->火烧云,ALL,TEMU,C,T99,0.0000,0.0000,0.0000,0.00,0.00,0.00,0,0.0000,6 个月 · 全平台 · 全量 SKU · 2026-07-09,published
DJ503483_3,US PT 带灯排插层架文件柜  一件一箱 颜色->灰色,ALL,AMAZON,C,T4B,1.5256,0.7323,0.7323,47.29,22.70,22.70,39,1.2581,6 个月 · 全平台 · 全量 SKU · 2026-07-09,published
DJ503483_3,US PT 带灯排插层架文件柜  一件一箱 颜色->灰色,ALL,TEMU,C,T99,0.0000,0.0000,0.0000,0.00,0.00,0.00,0,0.0000,6 个月 · 全平台 · 全量 SKU · 2026-07-09,published
DJ503483_3,US PT 带灯排插层架文件柜  一件一箱 颜色->灰色,ALL,TIKTOK,C,T99,0.0000,0.0000,0.0000,0.00,0.00,0.00,0,0.0000,6 个月 · 全平台 · 全量 SKU · 2026-07-09,published
DJ503487_1,EU BW 边柜NSD-03 欧标插排氛围灯款 上空2抽 两件一箱 颜色->黑色,ALL,AMAZON,C,T4B,2.8694,1.1707,1.1707,88.95,36.29,36.29,89,2.8710,6 个月 · 全平台 · 全量 SKU · 2026-07-09,published
DJ503501_1,US SD 190cm两门高桌 一件一箱 颜色->黑色,ALL,AMAZON,D,T99,0.0000,0.0000,0.0000,0.00,0.00,0.00,0,0.0000,6 个月 · 全平台 · 全量 SKU · 2026-07-09,published
DJ503501_1,US SD 190cm两门高桌 一件一箱 颜色->黑色,ALL,WALMART,D,T99,0.0000,0.0000,0.0000,0.00,0.00,0.00,0,0.0000,6 个月 · 全平台 · 全量 SKU · 2026-07-09,published
DJ503514_1,EU MS 猫爬架3顶窝585增配版 一件一箱 颜色->米白,ALL,AMAZON,C,T4B,1.0022,0.5099,0.5099,31.07,15.81,15.81,30,0.9677,6 个月 · 全平台 · 全量 SKU · 2026-07-09,published
DJ503514_1,EU MS 猫爬架3顶窝585增配版 一件一箱 颜色->米白,ALL,TIKTOK,C,T99,0.0000,0.0000,0.0000,0.00,0.00,0.00,2,0.0645,6 个月 · 全平台 · 全量 SKU · 2026-07-09,published
DJ503514_1,EU MS 猫爬架3顶窝585增配版 一件一箱 颜色->米白,ALL,UNKNOWN,C,T4B,0.2158,0.1098,0.1098,6.69,3.40,3.40,13,0.4194,6 个月 · 全平台 · 全量 SKU · 2026-07-09,published
DJ503514_2,EU MS 猫爬架3顶窝585增配版 一件一箱 颜色->深灰色,ALL,AMAZON,C,T4B,1.0922,0.5243,0.5243,33.86,16.25,16.25,34,1.0968,6 个月 · 全平台 · 全量 SKU · 2026-07-09,published
DJ503514_2,EU MS 猫爬架3顶窝585增配版 一件一箱 颜色->深灰色,ALL,TIKTOK,C,T99,0.0000,0.0000,0.0000,0.00,0.00,0.00,0,0.0000,6 个月 · 全平台 · 全量 SKU · 2026-07-09,published
DJ503514_2,EU MS 猫爬架3顶窝585增配版 一件一箱 颜色->深灰色,ALL,UNKNOWN,C,T4B,0.1634,0.0878,0.0878,5.07,2.72,2.72,10,0.3226,6 个月 · 全平台 · 全量 SKU · 2026-07-09,published
DJ503514_3,EU MS 猫爬架3顶窝585增配版 一件一箱 颜色->浅灰色,ALL,AMAZON,C,T4B,1.8092,0.8684,0.8684,56.09,26.92,26.92,23,0.7419,6 个月 · 全平台 · 全量 SKU · 2026-07-09,published
DJ503514_3,EU MS 猫爬架3顶窝585增配版 一件一箱 颜色->浅灰色,ALL,UNKNOWN,C,T4B,0.7277,0.3912,0.3912,22.56,12.13,12.13,54,1.7419,6 个月 · 全平台 · 全量 SKU · 2026-07-09,published
DJ503516_1,US SD 1.4米美式三抽纯板材电脑桌  一件一箱 颜色->白黑,ALL,AMAZON,B,T3,7.2313,6.5082,6.5082,224.17,201.75,201.75,169,5.4516,6 个月 · 全平台 · 全量 SKU · 2026-07-09,published
DJ503516_1,US SD 1.4米美式三抽纯板材电脑桌  一件一箱 颜色->白黑,ALL,UNKNOWN,B,T4B,0.7015,0.3367,0.3367,21.75,10.44,10.44,122,3.9355,6 个月 · 全平台 · 全量 SKU · 2026-07-09,published
DJ503516_1_WF,US SD 1.4米美式三抽纯板材电脑桌  一件一箱 颜色->白黑,ALL,UNKNOWN,C,T4B,3.2760,1.5725,1.5725,101.56,48.75,48.75,23,0.7419,6 个月 · 全平台 · 全量 SKU · 2026-07-09,published
DJ503516_2,US SD 1.4米美式三抽纯板材电脑桌  一件一箱 颜色->灰色,ALL,AMAZON,C,T3,5.2589,4.7330,4.7330,163.03,146.72,146.72,122,3.9355,6 个月 · 全平台 · 全量 SKU · 2026-07-09,published
DJ503516_2,US SD 1.4米美式三抽纯板材电脑桌  一件一箱 颜色->灰色,ALL,TIKTOK,C,T99,0.0000,0.0000,0.0000,0.00,0.00,0.00,0,0.0000,6 个月 · 全平台 · 全量 SKU · 2026-07-09,published
DJ503518_1,US SD 美式L桌四抽带柜门  一件两箱 颜色->白黑,ALL,AMAZON,B,T2,12.9597,9.3920,9.3920,401.75,291.15,291.15,222,7.1613,6 个月 · 全平台 · 全量 SKU · 2026-07-09,published
DJ503518_1_WF,US SD 美式L桌四抽带柜门  一件两箱 颜色->白黑,ALL,UNKNOWN,C,T4B,2.0499,1.1020,1.1020,63.55,34.16,34.16,82,2.6452,6 个月 · 全平台 · 全量 SKU · 2026-07-09,published
DJ503518_2,US SD 美式L桌四抽带柜门  一件两箱 颜色->灰色,ALL,AMAZON,C,T2,9.2383,6.5412,6.5412,286.39,202.78,202.78,188,6.0645,6 个月 · 全平台 · 全量 SKU · 2026-07-09,published
DJ503518_2,US SD 美式L桌四抽带柜门  一件两箱 颜色->灰色,ALL,TIKTOK,C,T99,0.0000,0.0000,0.0000,0.00,0.00,0.00,1,0.0323,6 个月 · 全平台 · 全量 SKU · 2026-07-09,published
DJ503518_2_WF,US SD 美式L桌四抽带柜门  一件两箱 颜色->灰色,ALL,UNKNOWN,C,T4B,1.8405,0.9895,0.9895,57.06,30.67,30.67,31,1.0000,6 个月 · 全平台 · 全量 SKU · 2026-07-09,published
DJ503518_3,US SD 美式L桌四抽带柜门  一件两箱 颜色->I27014K木纹,ALL,TEMU,C,T99,0.0000,0.0000,0.0000,0.00,0.00,0.00,0,0.0000,6 个月 · 全平台 · 全量 SKU · 2026-07-09,published
DJ503525_1,US 床T-B245Q软包水晶扣公主床灯带153*203 颜色TX-001米白绒布,ALL,AMAZON,D,T99,0.0000,0.0000,0.0000,0.00,0.00,0.00,0,0.0000,6 个月 · 全平台 · 全量 SKU · 2026-07-09,published
DJ503525_1,US 床T-B245Q软包水晶扣公主床灯带153*203 颜色TX-001米白绒布,ALL,UNKNOWN,D,T99,0.0000,0.0000,0.0000,0.00,0.00,0.00,0,0.0000,6 个月 · 全平台 · 全量 SKU · 2026-07-09,published
DJ503526_2,US 床T-B245F软包水晶扣公主床灯带137*193 颜色2024-17粉色绒布,ALL,TIKTOK,C,T99,0.0000,0.0000,0.0000,0.00,0.00,0.00,0,0.0000,6 个月 · 全平台 · 全量 SKU · 2026-07-09,published
DJ503527_1,US 床T-B245T软包水晶扣公主床灯带99*190 颜色TX-001米白色绒布,ALL,TIKTOK,C,T99,0.0000,0.0000,0.0000,0.00,0.00,0.00,1,0.0323,6 个月 · 全平台 · 全量 SKU · 2026-07-09,published
DJ503527_1,US 床T-B245T软包水晶扣公主床灯带99*190 颜色TX-001米白色绒布,ALL,UNKNOWN,C,T99,0.0000,0.0000,0.0000,0.00,0.00,0.00,1,0.0323,6 个月 · 全平台 · 全量 SKU · 2026-07-09,published
DJ503527_2,US 床T-B245T软包水晶扣公主床灯带99*190 颜色2024-17粉色绒布,ALL,AMAZON,C,T3,6.2515,5.1262,5.1262,193.80,158.91,158.91,83,2.6774,6 个月 · 全平台 · 全量 SKU · 2026-07-09,published
DJ503527_2,US 床T-B245T软包水晶扣公主床灯带99*190 颜色2024-17粉色绒布,ALL,TIKTOK,C,T99,0.0000,0.0000,0.0000,0.00,0.00,0.00,2,0.0645,6 个月 · 全平台 · 全量 SKU · 2026-07-09,published
DJ503527_2,US 床T-B245T软包水晶扣公主床灯带99*190 颜色2024-17粉色绒布,ALL,UNKNOWN,C,T99,0.0000,0.0000,0.0000,0.00,0.00,0.00,0,0.0000,6 个月 · 全平台 · 全量 SKU · 2026-07-09,published
DJ503528_1,EU BW 梳妆台VDTJ-01 三抽 吸塑面板一体把手 打砂镜 一件两箱 颜色->白色,ALL,AMAZON,D,T99,0.0000,0.0000,0.0000,0.00,0.00,0.00,0,0.0000,6 个月 · 全平台 · 全量 SKU · 2026-07-09,published
DJ503534_1,US PT 1.2米四门厨房置物架  一件一箱 颜色->黑色,ALL,AMAZON,C,T99,0.0000,0.0000,0.0000,0.00,0.00,0.00,0,0.0000,6 个月 · 全平台 · 全量 SKU · 2026-07-09,published
DJ503534_1,US PT 1.2米四门厨房置物架  一件一箱 颜色->黑色,ALL,TIKTOK,C,T99,0.0000,0.0000,0.0000,0.00,0.00,0.00,0,0.0000,6 个月 · 全平台 · 全量 SKU · 2026-07-09,published
DJ503534_3,US PT 1.2米四门厨房置物架  一件一箱 颜色->火烧云,ALL,AMAZON,C,T99,0.0000,0.0000,0.0000,0.00,0.00,0.00,1,0.0323,6 个月 · 全平台 · 全量 SKU · 2026-07-09,published
DJ503534_3,US PT 1.2米四门厨房置物架  一件一箱 颜色->火烧云,ALL,TIKTOK,C,T99,0.0000,0.0000,0.0000,0.00,0.00,0.00,0,0.0000,6 个月 · 全平台 · 全量 SKU · 2026-07-09,published
DJ503537_1,US SD 1.4米游戏桌 一件一箱 颜色->白色,ALL,AMAZON,C,T4B,0.9837,0.4013,0.4013,30.49,12.44,12.44,35,1.1290,6 个月 · 全平台 · 全量 SKU · 2026-07-09,published
DJ503537_1,US SD 1.4米游戏桌 一件一箱 颜色->白色,ALL,TEMU,C,T99,0.0000,0.0000,0.0000,0.00,0.00,0.00,3,0.0968,6 个月 · 全平台 · 全量 SKU · 2026-07-09,published
DJ503537_2,US SD 1.4米游戏桌 一件一箱 颜色->黑色,ALL,AMAZON,C,T4B,2.2771,1.0930,1.0930,70.59,33.88,33.88,56,1.8065,6 个月 · 全平台 · 全量 SKU · 2026-07-09,published
DJ503537_2,US SD 1.4米游戏桌 一件一箱 颜色->黑色,ALL,TIKTOK,C,T99,0.0000,0.0000,0.0000,0.00,0.00,0.00,7,0.2258,6 个月 · 全平台 · 全量 SKU · 2026-07-09,published
DJ503537_2,US SD 1.4米游戏桌 一件一箱 颜色->黑色,ALL,UNKNOWN,C,T4B,0.4102,0.1969,0.1969,12.72,6.10,6.10,20,0.6452,6 个月 · 全平台 · 全量 SKU · 2026-07-09,published
DJ503537_2,US SD 1.4米游戏桌 一件一箱 颜色->黑色,ALL,WALMART,C,T99,0.0000,0.0000,0.0000,0.00,0.00,0.00,2,0.0645,6 个月 · 全平台 · 全量 SKU · 2026-07-09,published
DJ503545_1,US DC 高架床 LB-03 GS 上床下桌 短桌+二抽衣柜  双十字框  T尺寸 一件一箱 颜色->黑色,ALL,AMAZON,D,T99,0.0000,0.0000,0.0000,0.00,0.00,0.00,0,0.0000,6 个月 · 全平台 · 全量 SKU · 2026-07-09,published
DJ503545_1,US DC 高架床 LB-03 GS 上床下桌 短桌+二抽衣柜  双十字框  T尺寸 一件一箱 颜色->黑色,ALL,WALMART,D,T99,0.0000,0.0000,0.0000,0.00,0.00,0.00,0,0.0000,6 个月 · 全平台 · 全量 SKU · 2026-07-09,published
DJ503545_2,US DC 高架床 LB-03 GS 上床下桌 短桌+二抽衣柜  双十字框  T尺寸 一件一箱 颜色->白色,ALL,AMAZON,C,T99,0.0000,0.0000,0.0000,0.00,0.00,0.00,0,0.0000,6 个月 · 全平台 · 全量 SKU · 2026-07-09,published
DJ503545_2,US DC 高架床 LB-03 GS 上床下桌 短桌+二抽衣柜  双十字框  T尺寸 一件一箱 颜色->白色,ALL,TIKTOK,C,T99,0.0000,0.0000,0.0000,0.00,0.00,0.00,0,0.0000,6 个月 · 全平台 · 全量 SKU · 2026-07-09,published
DJ503545_2,US DC 高架床 LB-03 GS 上床下桌 短桌+二抽衣柜  双十字框  T尺寸 一件一箱 颜色->白色,ALL,UNKNOWN,C,T99,0.0000,0.0000,0.0000,0.00,0.00,0.00,0,0.0000,6 个月 · 全平台 · 全量 SKU · 2026-07-09,published
DJ503545_2,US DC 高架床 LB-03 GS 上床下桌 短桌+二抽衣柜  双十字框  T尺寸 一件一箱 颜色->白色,ALL,WALMART,C,T99,0.0000,0.0000,0.0000,0.00,0.00,0.00,0,0.0000,6 个月 · 全平台 · 全量 SKU · 2026-07-09,published
DJ503553_1,EU MS 猫爬架 909增配款 一件一箱 颜色->米白,ALL,AMAZON,C,T4B,0.7120,0.3828,0.3828,22.07,11.87,11.87,29,0.9355,6 个月 · 全平台 · 全量 SKU · 2026-07-09,published
DJ503553_1,EU MS 猫爬架 909增配款 一件一箱 颜色->米白,ALL,TIKTOK,C,T99,0.0000,0.0000,0.0000,0.00,0.00,0.00,0,0.0000,6 个月 · 全平台 · 全量 SKU · 2026-07-09,published
DJ503553_2,EU MS 猫爬架 909增配款 一件一箱 颜色->深灰色,ALL,AMAZON,C,T4B,0.8760,0.4709,0.4709,27.16,14.60,14.60,21,0.6774,6 个月 · 全平台 · 全量 SKU · 2026-07-09,published
DJ503553_3,EU MS 猫爬架 909增配款 一件一箱 颜色->浅灰色,ALL,AMAZON,C,T4B,1.8769,0.8500,0.8500,58.18,26.35,26.35,30,0.9677,6 个月 · 全平台 · 全量 SKU · 2026-07-09,published
DJ503561_1,US 床T-B303T软包床头翻开床尾铝材四抽灯带99*190 颜色麻布深灰,ALL,AMAZON,C,T4A,3.2038,1.4866,1.4866,99.32,46.08,46.08,68,2.1935,6 个月 · 全平台 · 全量 SKU · 2026-07-09,published
DJ503561_3,"US 床T-B303T软包床头翻开床尾铝材四抽99*190 颜色->#3,绒布白色+白色铁",ALL,UNKNOWN,B,T4B,0.3682,0.1980,0.1980,11.41,6.14,6.14,27,0.8710,6 个月 · 全平台 · 全量 SKU · 2026-07-09,published
DJ503563_3,US SD 1.5米板材衣帽架 一件一箱 颜色->火烧云,ALL,AMAZON,C,T99,0.0000,0.0000,0.0000,0.00,0.00,0.00,0,0.0000,6 个月 · 全平台 · 全量 SKU · 2026-07-09,published
DJ503572_1,EU AG 三抽高柜+活动层板 一件一箱 颜色->黑色,ALL,AMAZON,C,T99,0.0000,0.0000,0.0000,0.00,0.00,0.00,0,0.0000,6 个月 · 全平台 · 全量 SKU · 2026-07-09,published
DJ503572_1,EU AG 三抽高柜+活动层板 一件一箱 颜色->黑色,ALL,UNKNOWN,C,T99,0.0000,0.0000,0.0000,0.00,0.00,0.00,0,0.0000,6 个月 · 全平台 · 全量 SKU · 2026-07-09,published
DJ503572_2,EU AG 三抽高柜+活动层板 一件一箱 颜色->白色,ALL,AMAZON,B,T99,0.0000,0.0000,0.0000,0.00,0.00,0.00,0,0.0000,6 个月 · 全平台 · 全量 SKU · 2026-07-09,published
DJ503572_2,EU AG 三抽高柜+活动层板 一件一箱 颜色->白色,ALL,UNKNOWN,B,T99,0.0000,0.0000,0.0000,0.00,0.00,0.00,0,0.0000,6 个月 · 全平台 · 全量 SKU · 2026-07-09,published
DJ503573_1,VD 板竹浴室柜 双门 开放储物格 白色+原色 一个一箱 颜色->白色,ALL,AMAZON,C,T4B,1.9466,0.7942,0.7942,60.34,24.62,24.62,55,1.7742,6 个月 · 全平台 · 全量 SKU · 2026-07-09,published
DJ503574_1,VD 板竹浴室高柜 双门 开放储物格 白色+原色 一个一箱 颜色->白色,ALL,AMAZON,C,T3,4.3153,4.3294,4.3294,133.77,134.21,134.21,118,3.8065,6 个月 · 全平台 · 全量 SKU · 2026-07-09,published
DJ503574_1,VD 板竹浴室高柜 双门 开放储物格 白色+原色 一个一箱 颜色->白色,ALL,UNKNOWN,C,T4B,0.1771,0.0952,0.0952,5.49,2.95,2.95,22,0.7097,6 个月 · 全平台 · 全量 SKU · 2026-07-09,published
DJ503575_1,VD 板竹面盆柜 单门 开放储物格 白色+原色 一个一箱 颜色->白色,ALL,AMAZON,C,T3,5.0530,4.8665,4.8665,156.64,150.86,150.86,134,4.3226,6 个月 · 全平台 · 全量 SKU · 2026-07-09,published
DJ503576_1,VD 板竹面盆柜 双门 白色+原色 一个一箱 颜色->白色,ALL,AMAZON,C,T4B,2.1639,0.8829,0.8829,67.08,27.37,27.37,64,2.0645,6 个月 · 全平台 · 全量 SKU · 2026-07-09,published
DJ503583_1,EU DC 悬浮床BXF-01L 铁管全拆装无床头-93款 黑色 90*200 一件一箱,ALL,AMAZON,C,T4B,0.7637,0.4106,0.4106,23.67,12.73,12.73,64,2.0645,6 个月 · 全平台 · 全量 SKU · 2026-07-09,published
DJ503606,VD 竹制置物架 梯形 4层 白色边框 一个一箱,ALL,AMAZON,C,T4B,1.9167,0.7820,0.7820,59.42,24.24,24.24,57,1.8387,6 个月 · 全平台 · 全量 SKU · 2026-07-09,published
DJ503625_1_WF,"US 床T-B263F软包全拆弧形床头悬浮含插盘灯带137*190 颜色->#1,黑色PU",ALL,UNKNOWN,D,T4B,0.6000,0.2880,0.2880,18.60,8.93,8.93,26,0.8387,6 个月 · 全平台 · 全量 SKU · 2026-07-09,published
DJ503627_1,"US VK 大款双层烘焙架  一件一箱 颜色->棕色,复古色",ALL,TIKTOK,C,T99,0.0000,0.0000,0.0000,0.00,0.00,0.00,4,0.1290,6 个月 · 全平台 · 全量 SKU · 2026-07-09,published
DJ503627_1,"US VK 大款双层烘焙架  一件一箱 颜色->棕色,复古色",ALL,UNKNOWN,C,T99,0.0000,0.0000,0.0000,0.00,0.00,0.00,0,0.0000,6 个月 · 全平台 · 全量 SKU · 2026-07-09,published
DJ503627_2,"US VK 大款双层烘焙架  一件一箱 颜色->黑色,浮雕黑",ALL,TIKTOK,C,T99,0.0000,0.0000,0.0000,0.00,0.00,0.00,1,0.0323,6 个月 · 全平台 · 全量 SKU · 2026-07-09,published
DJ503627_2,"US VK 大款双层烘焙架  一件一箱 颜色->黑色,浮雕黑",ALL,UNKNOWN,C,T99,0.0000,0.0000,0.0000,0.00,0.00,0.00,0,0.0000,6 个月 · 全平台 · 全量 SKU · 2026-07-09,published
DJ503647_1,"US AG 1x3藤编交叉腿边桌 含排插 一件一箱 尺码->#1,木色",ALL,AMAZON,B,T3,4.5232,4.2593,4.2593,140.22,132.04,132.04,23,0.7419,6 个月 · 全平台 · 全量 SKU · 2026-07-09,published
DJ503647_1,"US AG 1x3藤编交叉腿边桌 含排插 一件一箱 尺码->#1,木色",ALL,UNKNOWN,B,T4B,2.9101,1.5644,1.5644,90.21,48.50,48.50,23,0.7419,6 个月 · 全平台 · 全量 SKU · 2026-07-09,published
DJ503648_1,"US AG 1x5藤编交叉腿储物柜 一件一箱 尺码->#1,木色",ALL,AMAZON,B,T3,4.3804,3.9424,3.9424,135.79,122.21,122.21,0,0.0000,6 个月 · 全平台 · 全量 SKU · 2026-07-09,published
DJ503648_1,"US AG 1x5藤编交叉腿储物柜 一件一箱 尺码->#1,木色",ALL,TIKTOK,B,T99,0.0000,0.0000,0.0000,0.00,0.00,0.00,0,0.0000,6 个月 · 全平台 · 全量 SKU · 2026-07-09,published
DJ503648_2,"US AG 1x5藤编交叉腿储物柜 一件一箱 尺码->#2,黑色",ALL,AMAZON,C,T4B,0.7578,0.3092,0.3092,23.49,9.59,9.59,6,0.1935,6 个月 · 全平台 · 全量 SKU · 2026-07-09,published
DJ503648_2,"US AG 1x5藤编交叉腿储物柜 一件一箱 尺码->#2,黑色",ALL,WALMART,C,T99,0.0000,0.0000,0.0000,0.00,0.00,0.00,0,0.0000,6 个月 · 全平台 · 全量 SKU · 2026-07-09,published
DJ503651_1,EU VD 板竹洗衣机架 双单门 2个开放储物格 白色+原色 一个一箱 颜色->白色,ALL,AMAZON,B,T3,4.1556,4.3634,4.3634,128.82,135.27,135.27,170,5.4839,6 个月 · 全平台 · 全量 SKU · 2026-07-09,published
DJ503651_1,EU VD 板竹洗衣机架 双单门 2个开放储物格 白色+原色 一个一箱 颜色->白色,ALL,UNKNOWN,B,T4B,0.4254,0.2287,0.2287,13.19,7.09,7.09,21,0.6774,6 个月 · 全平台 · 全量 SKU · 2026-07-09,published
DJ503685_2,US 1米双抽高文件柜 一件一箱 颜色->火烧云X字,ALL,AMAZON,B,T3,4.4239,3.7456,3.7456,137.14,116.11,116.11,109,3.5161,6 个月 · 全平台 · 全量 SKU · 2026-07-09,published
DJ503685_2,US 1米双抽高文件柜 一件一箱 颜色->火烧云X字,ALL,TEMU,B,T99,0.0000,0.0000,0.0000,0.00,0.00,0.00,1,0.0323,6 个月 · 全平台 · 全量 SKU · 2026-07-09,published
DJ503685_2,US 1米双抽高文件柜 一件一箱 颜色->火烧云X字,ALL,TIKTOK,B,T99,0.0000,0.0000,0.0000,0.00,0.00,0.00,2,0.0645,6 个月 · 全平台 · 全量 SKU · 2026-07-09,published
DJ503685_2,US 1米双抽高文件柜 一件一箱 颜色->火烧云X字,ALL,UNKNOWN,B,T4B,1.1981,0.5751,0.5751,37.14,17.83,17.83,34,1.0968,6 个月 · 全平台 · 全量 SKU · 2026-07-09,published
DJ503685_3,US 1米双抽高文件柜 一件一箱 颜色->黑浮雕X字,ALL,AMAZON,C,T4B,1.9299,0.7874,0.7874,59.83,24.41,24.41,52,1.6774,6 个月 · 全平台 · 全量 SKU · 2026-07-09,published
DJ503685_3,US 1米双抽高文件柜 一件一箱 颜色->黑浮雕X字,ALL,WALMART,C,T99,0.0000,0.0000,0.0000,0.00,0.00,0.00,0,0.0000,6 个月 · 全平台 · 全量 SKU · 2026-07-09,published
DJ503685_4,US 1米双抽高文件柜 一件一箱 颜色->灰色X字,ALL,TEMU,C,T99,0.0000,0.0000,0.0000,0.00,0.00,0.00,1,0.0323,6 个月 · 全平台 · 全量 SKU · 2026-07-09,published
DJ503685_4,US 1米双抽高文件柜 一件一箱 颜色->灰色X字,ALL,UNKNOWN,C,T4B,0.4311,0.1759,0.1759,13.36,5.45,5.45,20,0.6452,6 个月 · 全平台 · 全量 SKU · 2026-07-09,published
DJ503698_1,US 80cm板式储物马桶架 一件一箱 颜色->藤编原色,ALL,AMAZON,C,T4B,2.4202,1.3011,1.3011,75.03,40.33,40.33,0,0.0000,6 个月 · 全平台 · 全量 SKU · 2026-07-09,published
DJ503698_1,US 80cm板式储物马桶架 一件一箱 颜色->藤编原色,ALL,UNKNOWN,C,T99,0.0000,0.0000,0.0000,0.00,0.00,0.00,0,0.0000,6 个月 · 全平台 · 全量 SKU · 2026-07-09,published
DJ503698_1,US 80cm板式储物马桶架 一件一箱 颜色->藤编原色,ALL,WALMART,C,T99,0.0000,0.0000,0.0000,0.00,0.00,0.00,0,0.0000,6 个月 · 全平台 · 全量 SKU · 2026-07-09,published
DJ503698_2,US 80cm板式储物马桶架 一件一箱 颜色->灰古木+玻璃门,ALL,AMAZON,B,T4B,2.7408,1.1182,1.1182,84.96,34.66,34.66,61,1.9677,6 个月 · 全平台 · 全量 SKU · 2026-07-09,published
DJ503698_2,US 80cm板式储物马桶架 一件一箱 颜色->灰古木+玻璃门,ALL,UNKNOWN,B,T4B,1.0031,0.4093,0.4093,31.10,12.69,12.69,7,0.2258,6 个月 · 全平台 · 全量 SKU · 2026-07-09,published
DJ503698_3,US 80cm板式储物马桶架 一件一箱 颜色->白+玻璃门,ALL,AMAZON,B,T3,4.5790,4.1211,4.1211,141.95,127.75,127.75,96,3.0968,6 个月 · 全平台 · 全量 SKU · 2026-07-09,published
DJ503698_5,US 80cm板式储物马桶架 一件一箱 颜色->黑色+玻璃门,ALL,AMAZON,B,T3,5.2241,4.4275,4.4275,161.95,137.25,137.25,156,5.0323,6 个月 · 全平台 · 全量 SKU · 2026-07-09,published
DJ503712_1,US 亚克力双开门高文件柜 一件一箱 颜色->白麻色,ALL,AMAZON,C,T4B,2.3870,0.9739,0.9739,74.00,30.19,30.19,62,2.0000,6 个月 · 全平台 · 全量 SKU · 2026-07-09,published
DJ503712_1,US 亚克力双开门高文件柜 一件一箱 颜色->白麻色,ALL,TIKTOK,C,T99,0.0000,0.0000,0.0000,0.00,0.00,0.00,1,0.0323,6 个月 · 全平台 · 全量 SKU · 2026-07-09,published
DJ503712_1,US 亚克力双开门高文件柜 一件一箱 颜色->白麻色,ALL,UNKNOWN,C,T4B,0.4211,0.1718,0.1718,13.05,5.33,5.33,12,0.3871,6 个月 · 全平台 · 全量 SKU · 2026-07-09,published
DJ503712_2,US 亚克力双开门高文件柜 一件一箱 颜色->黑麻色,ALL,AMAZON,C,T4B,2.9942,1.2216,1.2216,92.82,37.87,37.87,18,0.5806,6 个月 · 全平台 · 全量 SKU · 2026-07-09,published
DJ503712_2,US 亚克力双开门高文件柜 一件一箱 颜色->黑麻色,ALL,TIKTOK,C,T99,0.0000,0.0000,0.0000,0.00,0.00,0.00,0,0.0000,6 个月 · 全平台 · 全量 SKU · 2026-07-09,published
DJ503712_2,US 亚克力双开门高文件柜 一件一箱 颜色->黑麻色,ALL,WALMART,C,T99,0.0000,0.0000,0.0000,0.00,0.00,0.00,0,0.0000,6 个月 · 全平台 · 全量 SKU · 2026-07-09,published
DJ503718_1,US 1.2米双铁网门厨房置物架 一件一箱 颜色->黑麻色,ALL,AMAZON,D,T99,0.0000,0.0000,0.0000,0.00,0.00,0.00,0,0.0000,6 个月 · 全平台 · 全量 SKU · 2026-07-09,published
DJ503718_2,US 1.2米双铁网门厨房置物架 一件一箱 颜色->复古白,ALL,AMAZON,D,T99,0.0000,0.0000,0.0000,0.00,0.00,0.00,0,0.0000,6 个月 · 全平台 · 全量 SKU · 2026-07-09,published
DJ503733_1,US DC 铁木床 CBF-01L 方管软包角落床带抽篮-112 T 一件一箱,ALL,AMAZON,A,T2,15.4887,11.2248,11.2248,480.15,347.97,347.97,475,15.3226,6 个月 · 全平台 · 全量 SKU · 2026-07-09,published
DJ503733_2,US DC 铁木床 CBF-01L 方管软包角落床带抽篮-112 TXL 一件一箱,ALL,AMAZON,B,T3,7.8807,6.4622,6.4622,244.30,200.33,200.33,203,6.5484,6 个月 · 全平台 · 全量 SKU · 2026-07-09,published
DJ503733_2,US DC 铁木床 CBF-01L 方管软包角落床带抽篮-112 TXL 一件一箱,ALL,TIKTOK,B,T4B,0.5080,0.2438,0.2438,15.75,7.56,7.56,30,0.9677,6 个月 · 全平台 · 全量 SKU · 2026-07-09,published
DJ503733_3,US DC 铁木床 CBF-01L 方管软包角落床带抽篮-112 灰 F 一件一箱,ALL,AMAZON,A,T2,17.8300,12.9216,12.9216,552.73,400.57,400.57,550,17.7419,6 个月 · 全平台 · 全量 SKU · 2026-07-09,published
DJ503733_3,US DC 铁木床 CBF-01L 方管软包角落床带抽篮-112 灰 F 一件一箱,ALL,UNKNOWN,A,T4B,1.2589,0.5136,0.5136,39.03,15.92,15.92,34,1.0968,6 个月 · 全平台 · 全量 SKU · 2026-07-09,published
DJ503733_4,US DC 铁木床 CBF-01L 方管软包角落床带抽篮-112 灰 Q  一件一箱,ALL,AMAZON,B,T2,8.2278,7.0150,7.0150,255.06,217.47,217.47,301,9.7097,6 个月 · 全平台 · 全量 SKU · 2026-07-09,published
DJ503733_4,US DC 铁木床 CBF-01L 方管软包角落床带抽篮-112 灰 Q  一件一箱,ALL,TIKTOK,B,T4B,0.6330,0.2583,0.2583,19.62,8.01,8.01,51,1.6452,6 个月 · 全平台 · 全量 SKU · 2026-07-09,published
DJ503733_4,US DC 铁木床 CBF-01L 方管软包角落床带抽篮-112 灰 Q  一件一箱,ALL,UNKNOWN,B,T4B,0.4038,0.1938,0.1938,12.52,6.01,6.01,23,0.7419,6 个月 · 全平台 · 全量 SKU · 2026-07-09,published
DJ503734_1,US DC 铁木床 CBF-02L 方管铁木角落床带抽篮-113 T 灰 一件一箱,ALL,AMAZON,B,T2,16.1602,12.6050,12.6050,500.97,390.76,390.76,263,8.4839,6 个月 · 全平台 · 全量 SKU · 2026-07-09,published
DJ503734_2,US DC 铁木床 CBF-02L 方管铁木角落床带抽篮-113 TXL 灰 一件一箱,ALL,AMAZON,C,T3,5.1241,4.2018,4.2018,158.85,130.26,130.26,93,3.0000,6 个月 · 全平台 · 全量 SKU · 2026-07-09,published
DJ503737_2,EU BW 悬浮床箱 05L 直腿单床箱-HQ116 灰色 麻布 140*190  一件一箱,ALL,AMAZON,D,T99,0.0000,0.0000,0.0000,0.00,0.00,0.00,0,0.0000,6 个月 · 全平台 · 全量 SKU · 2026-07-09,published
DJ503737_3,EU BW 悬浮床箱 05L 直腿单床箱-HQ116 灰色 麻布 140*200  一件一箱,ALL,AMAZON,C,T99,0.0000,0.0000,0.0000,0.00,0.00,0.00,0,0.0000,6 个月 · 全平台 · 全量 SKU · 2026-07-09,published
DJ503769_1,US AG 1x5顶层悬浮灯带储物柜 一件一箱 颜色->黑色,ALL,AMAZON,D,T99,0.0000,0.0000,0.0000,0.00,0.00,0.00,0,0.0000,6 个月 · 全平台 · 全量 SKU · 2026-07-09,published
DJ503769_1,US AG 1x5顶层悬浮灯带储物柜 一件一箱 颜色->黑色,ALL,UNKNOWN,D,T99,0.0000,0.0000,0.0000,0.00,0.00,0.00,0,0.0000,6 个月 · 全平台 · 全量 SKU · 2026-07-09,published
DJ503769_1,US AG 1x5顶层悬浮灯带储物柜 一件一箱 颜色->黑色,ALL,WALMART,D,T99,0.0000,0.0000,0.0000,0.00,0.00,0.00,0,0.0000,6 个月 · 全平台 · 全量 SKU · 2026-07-09,published
DJ503782_1,US VD29 书桌 三折镜转角梳妆台 一件一箱 颜色->白色,ALL,AMAZON,C,T4B,1.9264,0.9247,0.9247,59.72,28.67,28.67,89,2.8710,6 个月 · 全平台 · 全量 SKU · 2026-07-09,published
DJ503782_1,US VD29 书桌 三折镜转角梳妆台 一件一箱 颜色->白色,ALL,TEMU,C,T99,0.0000,0.0000,0.0000,0.00,0.00,0.00,0,0.0000,6 个月 · 全平台 · 全量 SKU · 2026-07-09,published
DJ503782_1,US VD29 书桌 三折镜转角梳妆台 一件一箱 颜色->白色,ALL,WALMART,C,T4B,0.1339,0.0720,0.0720,4.15,2.23,2.23,1,0.0323,6 个月 · 全平台 · 全量 SKU · 2026-07-09,published
DJ503782_2,US VD29 书桌 三折镜转角梳妆台 一件一箱 颜色->黑色,ALL,AMAZON,A,T4B,4.3700,1.7830,1.7830,135.47,55.27,55.27,106,3.4194,6 个月 · 全平台 · 全量 SKU · 2026-07-09,published
DJ503782_2,US VD29 书桌 三折镜转角梳妆台 一件一箱 颜色->黑色,ALL,TEMU,A,T99,0.0000,0.0000,0.0000,0.00,0.00,0.00,0,0.0000,6 个月 · 全平台 · 全量 SKU · 2026-07-09,published
DJ503798_2,US SK6 双柜门L桌高桌 一件一箱 颜色->黑麻,ALL,UNKNOWN,D,T99,0.0000,0.0000,0.0000,0.00,0.00,0.00,0,0.0000,6 个月 · 全平台 · 全量 SKU · 2026-07-09,published
DJ503799_1,US AG 软包床 蝴蝶床头+波浪床尾+尾抽+灯带+排插 T 一件一箱 颜色->米白,ALL,AMAZON,C,T4B,1.3456,0.5490,0.5490,41.71,17.02,17.02,26,0.8387,6 个月 · 全平台 · 全量 SKU · 2026-07-09,published
DJ503799_1,US AG 软包床 蝴蝶床头+波浪床尾+尾抽+灯带+排插 T 一件一箱 颜色->米白,ALL,UNKNOWN,C,T99,0.0000,0.0000,0.0000,0.00,0.00,0.00,0,0.0000,6 个月 · 全平台 · 全量 SKU · 2026-07-09,published
DJ503799_1,US AG 软包床 蝴蝶床头+波浪床尾+尾抽+灯带+排插 T 一件一箱 颜色->米白,ALL,WALMART,C,T99,0.0000,0.0000,0.0000,0.00,0.00,0.00,3,0.0968,6 个月 · 全平台 · 全量 SKU · 2026-07-09,published
DJ503804_1,US DC 高架床 LB-04  GS 上床下桌+一字桌款  F尺寸  一件一箱 颜色->黑色,ALL,AMAZON,C,T99,0.0000,0.0000,0.0000,0.00,0.00,0.00,0,0.0000,6 个月 · 全平台 · 全量 SKU · 2026-07-09,published
DJ503804_1,US DC 高架床 LB-04  GS 上床下桌+一字桌款  F尺寸  一件一箱 颜色->黑色,ALL,TEMU,C,T99,0.0000,0.0000,0.0000,0.00,0.00,0.00,0,0.0000,6 个月 · 全平台 · 全量 SKU · 2026-07-09,published
DJ503804_1,US DC 高架床 LB-04  GS 上床下桌+一字桌款  F尺寸  一件一箱 颜色->黑色,ALL,TIKTOK,C,T99,0.0000,0.0000,0.0000,0.00,0.00,0.00,0,0.0000,6 个月 · 全平台 · 全量 SKU · 2026-07-09,published
DJ503804_1,US DC 高架床 LB-04  GS 上床下桌+一字桌款  F尺寸  一件一箱 颜色->黑色,ALL,UNKNOWN,C,T99,0.0000,0.0000,0.0000,0.00,0.00,0.00,0,0.0000,6 个月 · 全平台 · 全量 SKU · 2026-07-09,published
DJ503804_1,US DC 高架床 LB-04  GS 上床下桌+一字桌款  F尺寸  一件一箱 颜色->黑色,ALL,WALMART,C,T99,0.0000,0.0000,0.0000,0.00,0.00,0.00,0,0.0000,6 个月 · 全平台 · 全量 SKU · 2026-07-09,published
DJ503835_1,US SD L桌高桌带洞洞铁皮带排插（小尺寸版）  一件一箱 颜色->火烧云 颜色->火烧云,ALL,TIKTOK,C,T99,0.0000,0.0000,0.0000,0.00,0.00,0.00,1,0.0323,6 个月 · 全平台 · 全量 SKU · 2026-07-09,published
DJ503835_2,US SD L桌高桌带洞洞铁皮带排插（小尺寸版）  一件一箱 颜色->白色,ALL,AMAZON,C,T4B,1.7463,0.7125,0.7125,54.14,22.09,22.09,35,1.1290,6 个月 · 全平台 · 全量 SKU · 2026-07-09,published
DJ503835_2,US SD L桌高桌带洞洞铁皮带排插（小尺寸版）  一件一箱 颜色->白色,ALL,TEMU,C,T99,0.0000,0.0000,0.0000,0.00,0.00,0.00,3,0.0968,6 个月 · 全平台 · 全量 SKU · 2026-07-09,published
DJ503835_2,US SD L桌高桌带洞洞铁皮带排插（小尺寸版）  一件一箱 颜色->白色,ALL,UNKNOWN,C,T99,0.0000,0.0000,0.0000,0.00,0.00,0.00,1,0.0323,6 个月 · 全平台 · 全量 SKU · 2026-07-09,published
DJ503835_3,US SD L桌高桌带洞洞铁皮带排插（小尺寸版）  一件一箱 颜色->黑色,ALL,TEMU,C,T99,0.0000,0.0000,0.0000,0.00,0.00,0.00,0,0.0000,6 个月 · 全平台 · 全量 SKU · 2026-07-09,published
DJ503835_3,US SD L桌高桌带洞洞铁皮带排插（小尺寸版）  一件一箱 颜色->黑色,ALL,UNKNOWN,C,T4B,0.3359,0.1612,0.1612,10.41,5.00,5.00,10,0.3226,6 个月 · 全平台 · 全量 SKU · 2026-07-09,published
DJ503838_1,US DC 软包床 HQ112 三圈灯四抽2085款 F尺寸 PU 一件一箱 颜色->黑色,ALL,TIKTOK,C,T99,0.0000,0.0000,0.0000,0.00,0.00,0.00,0,0.0000,6 个月 · 全平台 · 全量 SKU · 2026-07-09,published
DJ503839_2,US DC 软包床 HQ112 三圈灯四抽2085款 Q尺寸 PU 一件一箱 颜色->白色,ALL,AMAZON,C,T4B,1.1540,0.4708,0.4708,35.77,14.59,14.59,34,1.0968,6 个月 · 全平台 · 全量 SKU · 2026-07-09,published
DJ503841_1,US AG 金属圆脚书桌 三色好莱坞灯泡 右侧分格收纳+玻璃柜门 颜色->白色,ALL,TIKTOK,C,T99,0.0000,0.0000,0.0000,0.00,0.00,0.00,4,0.1290,6 个月 · 全平台 · 全量 SKU · 2026-07-09,published
DJ503841_1,US AG 金属圆脚书桌 三色好莱坞灯泡 右侧分格收纳+玻璃柜门 颜色->白色,ALL,UNKNOWN,C,T4B,0.4905,0.2637,0.2637,15.21,8.17,8.17,30,0.9677,6 个月 · 全平台 · 全量 SKU · 2026-07-09,published
DJ503841_1,US AG 金属圆脚书桌 三色好莱坞灯泡 右侧分格收纳+玻璃柜门 颜色->白色,ALL,WALMART,C,T99,0.0000,0.0000,0.0000,0.00,0.00,0.00,0,0.0000,6 个月 · 全平台 · 全量 SKU · 2026-07-09,published
DJ503846_1,US TA X字板材厨房置物架 一件一箱 颜色->白麻+火烧云,ALL,AMAZON,C,T3,4.2010,3.6709,3.6709,130.23,113.80,113.80,83,2.6774,6 个月 · 全平台 · 全量 SKU · 2026-07-09,published
DJ503846_1,US TA X字板材厨房置物架 一件一箱 颜色->白麻+火烧云,ALL,UNKNOWN,C,T99,0.0000,0.0000,0.0000,0.00,0.00,0.00,4,0.1290,6 个月 · 全平台 · 全量 SKU · 2026-07-09,published
DJ503846_1,US TA X字板材厨房置物架 一件一箱 颜色->白麻+火烧云,ALL,WALMART,C,T99,0.0000,0.0000,0.0000,0.00,0.00,0.00,3,0.0968,6 个月 · 全平台 · 全量 SKU · 2026-07-09,published
DJ503846_2,US TA X字板材厨房置物架 一件一箱 颜色->黑麻+火烧云,ALL,AMAZON,C,T4B,3.6046,1.4707,1.4707,111.74,45.59,45.59,91,2.9355,6 个月 · 全平台 · 全量 SKU · 2026-07-09,published
DJ503846_2,US TA X字板材厨房置物架 一件一箱 颜色->黑麻+火烧云,ALL,WALMART,C,T99,0.0000,0.0000,0.0000,0.00,0.00,0.00,1,0.0323,6 个月 · 全平台 · 全量 SKU · 2026-07-09,published
DJ503846_3,US TA X字板材厨房置物架 一件一箱 颜色->灰K13074K,ALL,AMAZON,C,T4B,1.8856,0.7693,0.7693,58.45,23.85,23.85,40,1.2903,6 个月 · 全平台 · 全量 SKU · 2026-07-09,published
DJ503846_4,US TA X字板材厨房置物架 一件一箱 颜色->7625手抓纹,ALL,AMAZON,C,T4B,0.6984,0.3754,0.3754,21.65,11.64,11.64,24,0.7742,6 个月 · 全平台 · 全量 SKU · 2026-07-09,published
DJ503846_4,US TA X字板材厨房置物架 一件一箱 颜色->7625手抓纹,ALL,TEMU,C,T99,0.0000,0.0000,0.0000,0.00,0.00,0.00,0,0.0000,6 个月 · 全平台 · 全量 SKU · 2026-07-09,published
DJ503846_4,US TA X字板材厨房置物架 一件一箱 颜色->7625手抓纹,ALL,WALMART,C,T99,0.0000,0.0000,0.0000,0.00,0.00,0.00,0,0.0000,6 个月 · 全平台 · 全量 SKU · 2026-07-09,published
DJ503855_1,US 带柜门抽屉美式书架 一件一箱 颜色->白黑,ALL,AMAZON,B,T3,6.4917,5.8753,5.8753,201.24,182.13,182.13,169,5.4516,6 个月 · 全平台 · 全量 SKU · 2026-07-09,published
DJ503855_1,US 带柜门抽屉美式书架 一件一箱 颜色->白黑,ALL,TEMU,B,T4B,0.3232,0.1551,0.1551,10.02,4.81,4.81,11,0.3548,6 个月 · 全平台 · 全量 SKU · 2026-07-09,published
DJ503855_1,US 带柜门抽屉美式书架 一件一箱 颜色->白黑,ALL,UNKNOWN,B,T4B,1.6162,0.6594,0.6594,50.10,20.44,20.44,36,1.1613,6 个月 · 全平台 · 全量 SKU · 2026-07-09,published
DJ503855_2,US 带柜门抽屉美式书架 一件一箱 颜色->灰色,ALL,AMAZON,B,T3,4.4221,4.3014,4.3014,137.09,133.34,133.34,132,4.2581,6 个月 · 全平台 · 全量 SKU · 2026-07-09,published
DJ503855_2,US 带柜门抽屉美式书架 一件一箱 颜色->灰色,ALL,TEMU,B,T4B,0.1568,0.0843,0.0843,4.86,2.61,2.61,10,0.3226,6 个月 · 全平台 · 全量 SKU · 2026-07-09,published
DJ503855_2,US 带柜门抽屉美式书架 一件一箱 颜色->灰色,ALL,UNKNOWN,B,T4B,0.8257,0.4201,0.4201,25.60,13.02,13.02,19,0.6129,6 个月 · 全平台 · 全量 SKU · 2026-07-09,published
DJ503855_2,US 带柜门抽屉美式书架 一件一箱 颜色->灰色,ALL,WALMART,B,T99,0.0000,0.0000,0.0000,0.00,0.00,0.00,2,0.0645,6 个月 · 全平台 · 全量 SKU · 2026-07-09,published
DJ503855_3,US 带柜门抽屉美式书架 一件一箱 颜色->I27014K木纹,ALL,AMAZON,C,T4B,0.4286,0.2057,0.2057,13.29,6.38,6.38,45,1.4516,6 个月 · 全平台 · 全量 SKU · 2026-07-09,published
DJ503855_3,US 带柜门抽屉美式书架 一件一箱 颜色->I27014K木纹,ALL,TEMU,C,T99,0.0000,0.0000,0.0000,0.00,0.00,0.00,5,0.1613,6 个月 · 全平台 · 全量 SKU · 2026-07-09,published
DJ503855_3,US 带柜门抽屉美式书架 一件一箱 颜色->I27014K木纹,ALL,UNKNOWN,C,T99,0.0000,0.0000,0.0000,0.00,0.00,0.00,13,0.4194,6 个月 · 全平台 · 全量 SKU · 2026-07-09,published
DJ503856_1,"EU DC铁木床LIW-01 床头一层盖板+灯带+插排 WS 黑色+火烧色  一件一箱 ,90*200",ALL,AMAZON,D,T99,0.0000,0.0000,0.0000,0.00,0.00,0.00,0,0.0000,6 个月 · 全平台 · 全量 SKU · 2026-07-09,published
DJ503856_2,"EU DC铁木床LIW-01 床头一层盖板+灯带+插排 WS 黑色+火烧色  一件一箱 ,120*200",ALL,AMAZON,D,T99,0.0000,0.0000,0.0000,0.00,0.00,0.00,0,0.0000,6 个月 · 全平台 · 全量 SKU · 2026-07-09,published
DJ503856_4,"EU DC铁木床LIW-01 床头一层盖板+灯带+插排 WS 黑色+火烧色  一件一箱 ,140*200",ALL,AMAZON,C,T99,0.0000,0.0000,0.0000,0.00,0.00,0.00,0,0.0000,6 个月 · 全平台 · 全量 SKU · 2026-07-09,published
DJ503856_5,EU DC铁木床LIW-01 床头一层盖板+灯带+插排 WS 黑色+火烧色  一件一箱 160*200,ALL,AMAZON,C,T4B,1.9366,0.9296,0.9296,60.03,28.82,28.82,19,0.6129,6 个月 · 全平台 · 全量 SKU · 2026-07-09,published
DJ503856_5,EU DC铁木床LIW-01 床头一层盖板+灯带+插排 WS 黑色+火烧色  一件一箱 160*200,ALL,TIKTOK,C,T99,0.0000,0.0000,0.0000,0.00,0.00,0.00,0,0.0000,6 个月 · 全平台 · 全量 SKU · 2026-07-09,published
DJ503858_3,EU BW铁木软包床LIWS-01 床头两层板+灯带+插排WS 黑色+火烧色 一件一箱140*190,ALL,AMAZON,B,T99,0.0000,0.0000,0.0000,0.00,0.00,0.00,0,0.0000,6 个月 · 全平台 · 全量 SKU · 2026-07-09,published
DJ503858_4,EU BW铁木软包床LIWS-01 床头两层板+灯带+插排WS 黑色+火烧色 一件一箱140*200,ALL,AMAZON,D,T99,0.0000,0.0000,0.0000,0.00,0.00,0.00,0,0.0000,6 个月 · 全平台 · 全量 SKU · 2026-07-09,published
DJ503859,EU BW铁木软包床LIWS-01 床头两层板+灯带+插排WS  一件一箱140*200,ALL,AMAZON,D,T99,0.0000,0.0000,0.0000,0.00,0.00,0.00,0,0.0000,6 个月 · 全平台 · 全量 SKU · 2026-07-09,published
DJ503860_1,"EU BW铁木床DIW-01 床头一层盖板+灯带+插排 HQ 黑色+火烧色  一件一箱 ,90*200",ALL,AMAZON,C,T4B,2.2406,1.1400,1.1400,69.46,35.34,35.34,0,0.0000,6 个月 · 全平台 · 全量 SKU · 2026-07-09,published
DJ503860_3,EU BW铁木床DIW-01 床头一层盖板+灯带+插排 HQ 黑色+火烧色  一件一箱 140*200,ALL,AMAZON,C,T4B,1.8493,0.9942,0.9942,57.33,30.82,30.82,53,1.7097,6 个月 · 全平台 · 全量 SKU · 2026-07-09,published
DJ503860_4,"EU BW铁木床DIW-01 床头一层盖板+灯带+插排 HQ 黑色+火烧色  一件一箱 ,160*200",ALL,AMAZON,C,T4B,1.8127,0.8701,0.8701,56.19,26.97,26.97,79,2.5484,6 个月 · 全平台 · 全量 SKU · 2026-07-09,published
DJ503860_5,"EU BW铁木床DIW-01 床头一层盖板+灯带+插排 HQ 黑色+火烧色  一件一箱 ,180*200",ALL,AMAZON,C,T4B,2.4224,0.9883,0.9883,75.09,30.64,30.64,0,0.0000,6 个月 · 全平台 · 全量 SKU · 2026-07-09,published
DJ503866_1,"US BF 电视柜 TV08 9抽无纺布带侧边层架左右变换一件一箱 颜色->#1,黑色pu抽面+黑浮雕板",ALL,AMAZON,B,T3,5.7844,5.2060,5.2060,179.32,161.39,161.39,222,7.1613,6 个月 · 全平台 · 全量 SKU · 2026-07-09,published
DJ503866_2,"US BF 电视柜 TV08 9抽无纺布带侧边层架左右变换一件一箱 颜色->#2,火烧云印染抽面+火烧云浮雕板",ALL,AMAZON,C,T4B,1.9327,0.9277,0.9277,59.91,28.76,28.76,87,2.8065,6 个月 · 全平台 · 全量 SKU · 2026-07-09,published
DJ503866_2,"US BF 电视柜 TV08 9抽无纺布带侧边层架左右变换一件一箱 颜色->#2,火烧云印染抽面+火烧云浮雕板",ALL,TIKTOK,C,T99,0.0000,0.0000,0.0000,0.00,0.00,0.00,0,0.0000,6 个月 · 全平台 · 全量 SKU · 2026-07-09,published
DJ503869_1_WF,"US 床BDC2406Q空格翻盖悬浮软包含插盘灯带153*203 颜色->#1,麻布深灰+木纹黑色板",ALL,UNKNOWN,D,T99,0.0000,0.0000,0.0000,0.00,0.00,0.00,0,0.0000,6 个月 · 全平台 · 全量 SKU · 2026-07-09,published
DJ503871_1,US HS NSFH-02L 边柜 纯木 农舍带灯插板 双抽 一件一箱 颜色->胡桃白,ALL,AMAZON,C,T99,0.0000,0.0000,0.0000,0.00,0.00,0.00,0,0.0000,6 个月 · 全平台 · 全量 SKU · 2026-07-09,published
DJ503871_1,US HS NSFH-02L 边柜 纯木 农舍带灯插板 双抽 一件一箱 颜色->胡桃白,ALL,WALMART,C,T99,0.0000,0.0000,0.0000,0.00,0.00,0.00,0,0.0000,6 个月 · 全平台 · 全量 SKU · 2026-07-09,published
DJ503872_2,US HS NSFH-03L 边柜 纯木 农舍带灯插板铁网 三抽 一件一箱 颜色->胡桃白,ALL,WALMART,C,T99,0.0000,0.0000,0.0000,0.00,0.00,0.00,0,0.0000,6 个月 · 全平台 · 全量 SKU · 2026-07-09,published
DJ503877_1,US 双抽美式文件柜 一件一箱 颜色->灰色,ALL,AMAZON,C,T4B,2.7868,1.1370,1.1370,86.39,35.25,35.25,94,3.0323,6 个月 · 全平台 · 全量 SKU · 2026-07-09,published
DJ503877_1,US 双抽美式文件柜 一件一箱 颜色->灰色,ALL,TIKTOK,C,T99,0.0000,0.0000,0.0000,0.00,0.00,0.00,0,0.0000,6 个月 · 全平台 · 全量 SKU · 2026-07-09,published
DJ503877_1,US 双抽美式文件柜 一件一箱 颜色->灰色,ALL,UNKNOWN,C,T4B,0.3793,0.1821,0.1821,11.76,5.65,5.65,22,0.7097,6 个月 · 全平台 · 全量 SKU · 2026-07-09,published
DJ503877_2,US 双抽美式文件柜 一件一箱 颜色->白色,ALL,AMAZON,C,T4B,3.7047,1.5115,1.5115,114.85,46.86,46.86,75,2.4194,6 个月 · 全平台 · 全量 SKU · 2026-07-09,published
DJ503877_2,US 双抽美式文件柜 一件一箱 颜色->白色,ALL,UNKNOWN,C,T4B,0.7313,0.3931,0.3931,22.67,12.19,12.19,0,0.0000,6 个月 · 全平台 · 全量 SKU · 2026-07-09,published
DJ503877_3,US 双抽美式文件柜 一件一箱 颜色->黑胡桃色,ALL,TIKTOK,C,T99,0.0000,0.0000,0.0000,0.00,0.00,0.00,0,0.0000,6 个月 · 全平台 · 全量 SKU · 2026-07-09,published
DJ503877_3,US 双抽美式文件柜 一件一箱 颜色->黑胡桃色,ALL,UNKNOWN,C,T99,0.0000,0.0000,0.0000,0.00,0.00,0.00,0,0.0000,6 个月 · 全平台 · 全量 SKU · 2026-07-09,published
DJ503877_3,US 双抽美式文件柜 一件一箱 颜色->黑胡桃色,ALL,WALMART,C,T99,0.0000,0.0000,0.0000,0.00,0.00,0.00,0,0.0000,6 个月 · 全平台 · 全量 SKU · 2026-07-09,published
DJ503880_1,US 592T款 两抽14寸铁床带床尾布 一件一箱 颜色->深灰色,ALL,AMAZON,C,T3,5.0163,4.1134,4.1134,155.51,127.52,127.52,91,2.9355,6 个月 · 全平台 · 全量 SKU · 2026-07-09,published
DJ503880_1,US 592T款 两抽14寸铁床带床尾布 一件一箱 颜色->深灰色,ALL,UNKNOWN,C,T4B,1.6821,0.8074,0.8074,52.15,25.03,25.03,89,2.8710,6 个月 · 全平台 · 全量 SKU · 2026-07-09,published
DJ503887_1,"US BF 书架  BC02 6层6无纺布抽工业风柜门可调节转角直装两种安装 颜色->#1,火烧云+印染抽面",ALL,TIKTOK,C,T99,0.0000,0.0000,0.0000,0.00,0.00,0.00,2,0.0645,6 个月 · 全平台 · 全量 SKU · 2026-07-09,published
DJ503887_2,"US BF 书架  BC02 6层6无纺布抽工业风柜门可调节转角直装两种安装 颜色->#2,黑色浮雕+Pu抽面",ALL,TIKTOK,C,T99,0.0000,0.0000,0.0000,0.00,0.00,0.00,1,0.0323,6 个月 · 全平台 · 全量 SKU · 2026-07-09,published
DJ503887_2,"US BF 书架  BC02 6层6无纺布抽工业风柜门可调节转角直装两种安装 颜色->#2,黑色浮雕+Pu抽面",ALL,WALMART,C,T99,0.0000,0.0000,0.0000,0.00,0.00,0.00,1,0.0323,6 个月 · 全平台 · 全量 SKU · 2026-07-09,published
DJ503889,US UA 带推车侧架马桶柜>麻面白 一件一箱,ALL,AMAZON,B,T3,7.0675,5.7954,5.7954,219.09,179.66,179.66,146,4.7097,6 个月 · 全平台 · 全量 SKU · 2026-07-09,published
DJ503889,US UA 带推车侧架马桶柜>麻面白 一件一箱,ALL,WALMART,B,T4B,0.4721,0.2402,0.2402,14.64,7.45,7.45,11,0.3548,6 个月 · 全平台 · 全量 SKU · 2026-07-09,published
DJ503897_1,US DC 铁木床 BFH-01 方管X谷仓吊轨推拉门置物格款-胡桃白 901 T 一件一箱,ALL,AMAZON,C,T4B,1.9820,0.8087,0.8087,61.44,25.07,25.07,34,1.0968,6 个月 · 全平台 · 全量 SKU · 2026-07-09,published
DJ503897_1,US DC 铁木床 BFH-01 方管X谷仓吊轨推拉门置物格款-胡桃白 901 T 一件一箱,ALL,TEMU,C,T99,0.0000,0.0000,0.0000,0.00,0.00,0.00,0,0.0000,6 个月 · 全平台 · 全量 SKU · 2026-07-09,published
DJ503897_2,US DC 铁木床 BFH-01 方管X谷仓吊轨推拉门置物格款- 橡木灰 901 T 一件一箱,ALL,AMAZON,C,T4B,1.6717,0.8024,0.8024,51.82,24.87,24.87,48,1.5484,6 个月 · 全平台 · 全量 SKU · 2026-07-09,published
DJ503897_2,US DC 铁木床 BFH-01 方管X谷仓吊轨推拉门置物格款- 橡木灰 901 T 一件一箱,ALL,UNKNOWN,C,T99,0.0000,0.0000,0.0000,0.00,0.00,0.00,1,0.0323,6 个月 · 全平台 · 全量 SKU · 2026-07-09,published
DJ503898_2,US 床BDC2408T拱形双开门含插盘灯带99*190 颜色米白绒布+白板,ALL,UNKNOWN,D,T99,0.0000,0.0000,0.0000,0.00,0.00,0.00,0,0.0000,6 个月 · 全平台 · 全量 SKU · 2026-07-09,published
DJ503900_2,US 床T-B704F前后围栏含插盘灯带137*190 颜色2024-17粉色绒布+白色铁,ALL,AMAZON,B,T3,6.6574,5.4591,5.4591,206.38,169.23,169.23,59,1.9032,6 个月 · 全平台 · 全量 SKU · 2026-07-09,published
DJ503900_2,US 床T-B704F前后围栏含插盘灯带137*190 颜色2024-17粉色绒布+白色铁,ALL,TIKTOK,B,T4B,0.1398,0.0751,0.0751,4.33,2.33,2.33,12,0.3871,6 个月 · 全平台 · 全量 SKU · 2026-07-09,published
DJ503900_2,US 床T-B704F前后围栏含插盘灯带137*190 颜色2024-17粉色绒布+白色铁,ALL,UNKNOWN,B,T4B,0.9664,0.5195,0.5195,29.96,16.10,16.10,32,1.0323,6 个月 · 全平台 · 全量 SKU · 2026-07-09,published
DJ503901_1,US 床T-B704T前后围栏含插盘灯带99*190 颜色TX-001米白绒布+白色铁,ALL,AMAZON,C,T4B,2.3789,0.7367,0.7367,73.75,22.84,22.84,13,0.4194,6 个月 · 全平台 · 全量 SKU · 2026-07-09,published
DJ503901_1,US 床T-B704T前后围栏含插盘灯带99*190 颜色TX-001米白绒布+白色铁,ALL,TIKTOK,C,T4B,0.2128,0.1144,0.1144,6.60,3.55,3.55,17,0.5484,6 个月 · 全平台 · 全量 SKU · 2026-07-09,published
DJ503901_2,"US 床T-B704T前后围栏含插盘灯带99*190 颜色,2024-17粉色绒布+白色铁",ALL,AMAZON,B,T3,7.3234,6.0052,6.0052,227.03,186.16,186.16,36,1.1613,6 个月 · 全平台 · 全量 SKU · 2026-07-09,published
DJ503901_2,"US 床T-B704T前后围栏含插盘灯带99*190 颜色,2024-17粉色绒布+白色铁",ALL,TIKTOK,B,T4B,0.7812,0.3187,0.3187,24.22,9.88,9.88,32,1.0323,6 个月 · 全平台 · 全量 SKU · 2026-07-09,published
DJ503902_1,US AG 1x4简约立柱灯带储物柜 一件一箱 颜色->黑色,ALL,AMAZON,C,T3,5.5329,5.2962,5.2962,171.52,164.18,164.18,0,0.0000,6 个月 · 全平台 · 全量 SKU · 2026-07-09,published
DJ503902_1,US AG 1x4简约立柱灯带储物柜 一件一箱 颜色->黑色,ALL,TIKTOK,C,T99,0.0000,0.0000,0.0000,0.00,0.00,0.00,0,0.0000,6 个月 · 全平台 · 全量 SKU · 2026-07-09,published
DJ503902_1,US AG 1x4简约立柱灯带储物柜 一件一箱 颜色->黑色,ALL,WALMART,C,T99,0.0000,0.0000,0.0000,0.00,0.00,0.00,0,0.0000,6 个月 · 全平台 · 全量 SKU · 2026-07-09,published
DJ503902_2,US AG 1x4简约立柱灯带储物柜 一件一箱 颜色->白色,ALL,AMAZON,C,T4B,1.2596,0.6409,0.6409,39.05,19.87,19.87,24,0.7742,6 个月 · 全平台 · 全量 SKU · 2026-07-09,published
DJ503904_1,US AG 2x3简约立柱灯带储物柜 一件一箱 颜色->黑色,ALL,AMAZON,C,T3,3.6586,3.8415,3.8415,113.42,119.09,119.09,0,0.0000,6 个月 · 全平台 · 全量 SKU · 2026-07-09,published
DJ503904_1,US AG 2x3简约立柱灯带储物柜 一件一箱 颜色->黑色,ALL,WALMART,C,T99,0.0000,0.0000,0.0000,0.00,0.00,0.00,0,0.0000,6 个月 · 全平台 · 全量 SKU · 2026-07-09,published
DJ503905_1,US AG 高款板式三抽边桌 灯带+排插 一件一箱 颜色->黑色,ALL,AMAZON,A,T2,18.6982,13.5508,13.5508,579.64,420.07,420.07,555,17.9032,6 个月 · 全平台 · 全量 SKU · 2026-07-09,published
DJ503905_1,US AG 高款板式三抽边桌 灯带+排插 一件一箱 颜色->黑色,ALL,TIKTOK,A,T4B,2.0126,1.0240,1.0240,62.39,31.74,31.74,87,2.8065,6 个月 · 全平台 · 全量 SKU · 2026-07-09,published
DJ503905_1,US AG 高款板式三抽边桌 灯带+排插 一件一箱 颜色->黑色,ALL,UNKNOWN,A,T4B,2.2546,1.0822,1.0822,69.89,33.55,33.55,37,1.1935,6 个月 · 全平台 · 全量 SKU · 2026-07-09,published
DJ503905_1,US AG 高款板式三抽边桌 灯带+排插 一件一箱 颜色->黑色,ALL,WALMART,A,T4B,0.5993,0.3222,0.3222,18.58,9.99,9.99,19,0.6129,6 个月 · 全平台 · 全量 SKU · 2026-07-09,published
DJ503905_2,US AG 高款板式三抽边桌 灯带+排插 一件一箱 颜色->白色,ALL,AMAZON,C,T3,5.0229,4.5206,4.5206,155.71,140.14,140.14,129,4.1613,6 个月 · 全平台 · 全量 SKU · 2026-07-09,published
DJ503905_2,US AG 高款板式三抽边桌 灯带+排插 一件一箱 颜色->白色,ALL,UNKNOWN,C,T4B,0.9021,0.4590,0.4590,27.97,14.23,14.23,24,0.7742,6 个月 · 全平台 · 全量 SKU · 2026-07-09,published
DJ503905_3,US AG 高款板式三抽边桌 灯带+排插 一件一箱 颜色->火烧云,ALL,AMAZON,B,T2,8.0336,5.8220,5.8220,249.04,180.48,180.48,233,7.5161,6 个月 · 全平台 · 全量 SKU · 2026-07-09,published
DJ503905_3,US AG 高款板式三抽边桌 灯带+排插 一件一箱 颜色->火烧云,ALL,TIKTOK,B,T4B,0.8726,0.4188,0.4188,27.05,12.98,12.98,65,2.0968,6 个月 · 全平台 · 全量 SKU · 2026-07-09,published
DJ503905_3,US AG 高款板式三抽边桌 灯带+排插 一件一箱 颜色->火烧云,ALL,UNKNOWN,B,T4B,0.9174,0.4668,0.4668,28.44,14.47,14.47,10,0.3226,6 个月 · 全平台 · 全量 SKU · 2026-07-09,published
DJ503905_4,US AG 高款板式三抽边桌 灯带+排插 一件一箱 颜色->灰橡木,ALL,AMAZON,C,T3,3.6970,3.7456,3.7456,114.61,116.11,116.11,113,3.6452,6 个月 · 全平台 · 全量 SKU · 2026-07-09,published
DJ503905_4,US AG 高款板式三抽边桌 灯带+排插 一件一箱 颜色->灰橡木,ALL,TIKTOK,C,T4B,0.2615,0.1255,0.1255,8.11,3.89,3.89,48,1.5484,6 个月 · 全平台 · 全量 SKU · 2026-07-09,published
DJ503907,EU BW SCQL-01鞋柜2翻盖4隔板+冷轧钢翻转  白色 一件一箱,ALL,AMAZON,C,T4B,1.0183,0.4888,0.4888,31.57,15.15,15.15,54,1.7419,6 个月 · 全平台 · 全量 SKU · 2026-07-09,published
DJ503908,EU BW SCQL-01鞋柜3翻盖6隔板+冷轧钢翻转 白色 一件一箱,ALL,AMAZON,B,T4A,2.4468,1.2716,1.2716,75.85,39.42,39.42,109,3.5161,6 个月 · 全平台 · 全量 SKU · 2026-07-09,published
DJ503909,EU BW SC-01鞋柜4翻盖8隔板+不锈钢翻转 白色 一件一箱,ALL,AMAZON,C,T4B,1.1744,0.4792,0.4792,36.41,14.86,14.86,42,1.3548,6 个月 · 全平台 · 全量 SKU · 2026-07-09,published
DJ503910_1,HS 抽屉柜 DDB-01 1x4+2 圆角底座 DFS 背板 一件一箱 颜色->黑色,ALL,AMAZON,C,T99,0.0000,0.0000,0.0000,0.00,0.00,0.00,1,0.0323,6 个月 · 全平台 · 全量 SKU · 2026-07-09,published
DJ503910_2,US HS 抽屉柜 DDB-01 1x4+2 圆角底座 DFS 背板 一件一箱 颜色->白色,ALL,AMAZON,C,T99,0.0000,0.0000,0.0000,0.00,0.00,0.00,0,0.0000,6 个月 · 全平台 · 全量 SKU · 2026-07-09,published
DJ503910_2,US HS 抽屉柜 DDB-01 1x4+2 圆角底座 DFS 背板 一件一箱 颜色->白色,ALL,TIKTOK,C,T4B,0.1830,0.0931,0.0931,5.67,2.89,2.89,25,0.8065,6 个月 · 全平台 · 全量 SKU · 2026-07-09,published
DJ503911_1,"US BF 储物柜 DT15 5抽无把手悬浮带灯带插头 一件一箱 颜色->#1,黑色三胺麻面",ALL,AMAZON,A,T3,7.0017,6.6832,6.6832,217.05,207.18,207.18,0,0.0000,6 个月 · 全平台 · 全量 SKU · 2026-07-09,published
DJ503911_2,"US BF 储物柜 DT15 5抽无把手悬浮带灯带插头 一件一箱 颜色->#2,白色三胺麻面",ALL,AMAZON,A,T4A,4.3248,2.0067,2.0067,134.07,62.21,62.21,110,3.5484,6 个月 · 全平台 · 全量 SKU · 2026-07-09,published
DJ503911_2,"US BF 储物柜 DT15 5抽无把手悬浮带灯带插头 一件一箱 颜色->#2,白色三胺麻面",ALL,TIKTOK,A,T4B,0.4764,0.2424,0.2424,14.77,7.51,7.51,22,0.7097,6 个月 · 全平台 · 全量 SKU · 2026-07-09,published
DJ503911_2,"US BF 储物柜 DT15 5抽无把手悬浮带灯带插头 一件一箱 颜色->#2,白色三胺麻面",ALL,UNKNOWN,A,T4B,1.7869,0.9092,0.9092,55.39,28.19,28.19,27,0.8710,6 个月 · 全平台 · 全量 SKU · 2026-07-09,published
DJ503911_2,"US BF 储物柜 DT15 5抽无把手悬浮带灯带插头 一件一箱 颜色->#2,白色三胺麻面",ALL,WALMART,A,T99,0.0000,0.0000,0.0000,0.00,0.00,0.00,1,0.0323,6 个月 · 全平台 · 全量 SKU · 2026-07-09,published
DJ503912_2,US AG 软包床 郁金香花瓣 荷兰绒 4抽屉 T 一件一箱 颜色->粉色,ALL,AMAZON,C,T4B,0.9234,0.3767,0.3767,28.63,11.68,11.68,39,1.2581,6 个月 · 全平台 · 全量 SKU · 2026-07-09,published
DJ503913_2,US AG 软包床 郁金香花瓣 荷兰绒 4抽屉 F 一件一箱 颜色->粉色,ALL,AMAZON,C,T4B,1.0941,0.5252,0.5252,33.92,16.28,16.28,19,0.6129,6 个月 · 全平台 · 全量 SKU · 2026-07-09,published
DJ503913_2,US AG 软包床 郁金香花瓣 荷兰绒 4抽屉 F 一件一箱 颜色->粉色,ALL,UNKNOWN,C,T99,0.0000,0.0000,0.0000,0.00,0.00,0.00,1,0.0323,6 个月 · 全平台 · 全量 SKU · 2026-07-09,published
DJ503913_2,US AG 软包床 郁金香花瓣 荷兰绒 4抽屉 F 一件一箱 颜色->粉色,ALL,WALMART,C,T99,0.0000,0.0000,0.0000,0.00,0.00,0.00,0,0.0000,6 个月 · 全平台 · 全量 SKU · 2026-07-09,published
DJ503914_1,US HS 抽屉柜 DDBT-01 1x4+2 底座 无把手 一件一箱 颜色->黑色,ALL,AMAZON,C,T99,0.0000,0.0000,0.0000,0.00,0.00,0.00,0,0.0000,6 个月 · 全平台 · 全量 SKU · 2026-07-09,published
DJ503914_1,US HS 抽屉柜 DDBT-01 1x4+2 底座 无把手 一件一箱 颜色->黑色,ALL,UNKNOWN,C,T4B,0.3927,0.1885,0.1885,12.17,5.84,5.84,22,0.7097,6 个月 · 全平台 · 全量 SKU · 2026-07-09,published
DJ503914_2,US HS 抽屉柜 DDBT-01 1x4+2 底座 无把手 一件一箱 颜色->白色,ALL,AMAZON,C,T99,0.0000,0.0000,0.0000,0.00,0.00,0.00,0,0.0000,6 个月 · 全平台 · 全量 SKU · 2026-07-09,published
DJ503914_2,US HS 抽屉柜 DDBT-01 1x4+2 底座 无把手 一件一箱 颜色->白色,ALL,TEMU,C,T99,0.0000,0.0000,0.0000,0.00,0.00,0.00,5,0.1613,6 个月 · 全平台 · 全量 SKU · 2026-07-09,published
DJ503914_2,US HS 抽屉柜 DDBT-01 1x4+2 底座 无把手 一件一箱 颜色->白色,ALL,TIKTOK,C,T99,0.0000,0.0000,0.0000,0.00,0.00,0.00,47,1.5161,6 个月 · 全平台 · 全量 SKU · 2026-07-09,published
DJ503914_2,US HS 抽屉柜 DDBT-01 1x4+2 底座 无把手 一件一箱 颜色->白色,ALL,UNKNOWN,C,T4B,0.1716,0.0923,0.0923,5.32,2.86,2.86,21,0.6774,6 个月 · 全平台 · 全量 SKU · 2026-07-09,published
DJ503915_1,US HS 抽屉柜 DDBT-02 1x5+2 底座 无把手 一件一箱 颜色->黑色,ALL,AMAZON,C,T99,0.0000,0.0000,0.0000,0.00,0.00,0.00,0,0.0000,6 个月 · 全平台 · 全量 SKU · 2026-07-09,published
DJ503915_1,US HS 抽屉柜 DDBT-02 1x5+2 底座 无把手 一件一箱 颜色->黑色,ALL,UNKNOWN,C,T4B,0.4414,0.1801,0.1801,13.68,5.58,5.58,60,1.9355,6 个月 · 全平台 · 全量 SKU · 2026-07-09,published
DJ503915_2,US HS 抽屉柜 DDBT-02 1x5+2 底座 无把手 一件一箱 颜色->白色,ALL,AMAZON,B,T99,0.0000,0.0000,0.0000,0.00,0.00,0.00,0,0.0000,6 个月 · 全平台 · 全量 SKU · 2026-07-09,published
DJ503915_2,US HS 抽屉柜 DDBT-02 1x5+2 底座 无把手 一件一箱 颜色->白色,ALL,TEMU,B,T99,0.0000,0.0000,0.0000,0.00,0.00,0.00,0,0.0000,6 个月 · 全平台 · 全量 SKU · 2026-07-09,published
DJ503915_2,US HS 抽屉柜 DDBT-02 1x5+2 底座 无把手 一件一箱 颜色->白色,ALL,TIKTOK,B,T4B,0.6755,0.3242,0.3242,20.94,10.05,10.05,26,0.8387,6 个月 · 全平台 · 全量 SKU · 2026-07-09,published
DJ503915_2,US HS 抽屉柜 DDBT-02 1x5+2 底座 无把手 一件一箱 颜色->白色,ALL,UNKNOWN,B,T4B,0.6754,0.3242,0.3242,20.94,10.05,10.05,46,1.4839,6 个月 · 全平台 · 全量 SKU · 2026-07-09,published
DJ503915_2,US HS 抽屉柜 DDBT-02 1x5+2 底座 无把手 一件一箱 颜色->白色,ALL,WALMART,B,T99,0.0000,0.0000,0.0000,0.00,0.00,0.00,4,0.1290,6 个月 · 全平台 · 全量 SKU · 2026-07-09,published
DJ503915_4,US HS 抽屉柜 DDBT-02 1x5+2 底座 无把手 一件一箱 颜色->深海蓝,ALL,AMAZON,C,T99,0.0000,0.0000,0.0000,0.00,0.00,0.00,0,0.0000,6 个月 · 全平台 · 全量 SKU · 2026-07-09,published
DJ503915_4,US HS 抽屉柜 DDBT-02 1x5+2 底座 无把手 一件一箱 颜色->深海蓝,ALL,UNKNOWN,C,T4B,0.2160,0.1037,0.1037,6.70,3.21,3.21,18,0.5806,6 个月 · 全平台 · 全量 SKU · 2026-07-09,published
DJ503915_4,US HS 抽屉柜 DDBT-02 1x5+2 底座 无把手 一件一箱 颜色->深海蓝,ALL,WALMART,C,T4B,0.2310,0.0942,0.0942,7.16,2.92,2.92,13,0.4194,6 个月 · 全平台 · 全量 SKU · 2026-07-09,published
DJ503916_1,US HS 抽屉柜 DDBT-03 1x6+2 底座 无把手 一件一箱 颜色->黑色,ALL,AMAZON,B,T2,9.2754,7.9082,7.9082,287.54,245.15,245.15,15,0.4839,6 个月 · 全平台 · 全量 SKU · 2026-07-09,published
DJ503916_1,US HS 抽屉柜 DDBT-03 1x6+2 底座 无把手 一件一箱 颜色->黑色,ALL,TIKTOK,B,T4B,0.5278,0.2533,0.2533,16.36,7.85,7.85,5,0.1613,6 个月 · 全平台 · 全量 SKU · 2026-07-09,published
DJ503916_1,US HS 抽屉柜 DDBT-03 1x6+2 底座 无把手 一件一箱 颜色->黑色,ALL,UNKNOWN,B,T4B,1.2621,0.5149,0.5149,39.13,15.96,15.96,92,2.9677,6 个月 · 全平台 · 全量 SKU · 2026-07-09,published
DJ503916_1,US HS 抽屉柜 DDBT-03 1x6+2 底座 无把手 一件一箱 颜色->黑色,ALL,WALMART,B,T4B,0.6639,0.2709,0.2709,20.58,8.40,8.40,11,0.3548,6 个月 · 全平台 · 全量 SKU · 2026-07-09,published
DJ503916_2,US HS 抽屉柜 DDBT-03 1x6+2 底座 无把手 一件一箱 颜色->白色,ALL,AMAZON,A,T2,11.0071,7.9770,7.9770,341.22,247.29,247.29,25,0.8065,6 个月 · 全平台 · 全量 SKU · 2026-07-09,published
DJ503916_2,US HS 抽屉柜 DDBT-03 1x6+2 底座 无把手 一件一箱 颜色->白色,ALL,TEMU,A,T99,0.0000,0.0000,0.0000,0.00,0.00,0.00,0,0.0000,6 个月 · 全平台 · 全量 SKU · 2026-07-09,published
DJ503916_2,US HS 抽屉柜 DDBT-03 1x6+2 底座 无把手 一件一箱 颜色->白色,ALL,TIKTOK,A,T4B,1.1667,0.5600,0.5600,36.17,17.36,17.36,4,0.1290,6 个月 · 全平台 · 全量 SKU · 2026-07-09,published
DJ503916_2,US HS 抽屉柜 DDBT-03 1x6+2 底座 无把手 一件一箱 颜色->白色,ALL,UNKNOWN,A,T4B,2.2665,1.1532,1.1532,70.26,35.75,35.75,3,0.0968,6 个月 · 全平台 · 全量 SKU · 2026-07-09,published
DJ503916_2,US HS 抽屉柜 DDBT-03 1x6+2 底座 无把手 一件一箱 颜色->白色,ALL,WALMART,A,T4B,0.2471,0.1008,0.1008,7.66,3.12,3.12,0,0.0000,6 个月 · 全平台 · 全量 SKU · 2026-07-09,published
DJ503917_1,US 玻璃门L桌高桌带布兜款 一件一箱 颜色->火烧云,ALL,AMAZON,C,T3,5.5556,5.0346,5.0346,172.22,156.07,156.07,169,5.4516,6 个月 · 全平台 · 全量 SKU · 2026-07-09,published
DJ503917_1,US 玻璃门L桌高桌带布兜款 一件一箱 颜色->火烧云,ALL,TEMU,C,T99,0.0000,0.0000,0.0000,0.00,0.00,0.00,0,0.0000,6 个月 · 全平台 · 全量 SKU · 2026-07-09,published
DJ503917_1,US 玻璃门L桌高桌带布兜款 一件一箱 颜色->火烧云,ALL,WALMART,C,T99,0.0000,0.0000,0.0000,0.00,0.00,0.00,5,0.1613,6 个月 · 全平台 · 全量 SKU · 2026-07-09,published
DJ503917_2,US 玻璃门L桌高桌带布兜款 一件一箱 颜色->白色,ALL,AMAZON,C,T3,5.8505,5.7118,5.7118,181.37,177.07,177.07,198,6.3871,6 个月 · 全平台 · 全量 SKU · 2026-07-09,published
DJ503917_2,US 玻璃门L桌高桌带布兜款 一件一箱 颜色->白色,ALL,TEMU,C,T99,0.0000,0.0000,0.0000,0.00,0.00,0.00,0,0.0000,6 个月 · 全平台 · 全量 SKU · 2026-07-09,published
DJ503917_2,US 玻璃门L桌高桌带布兜款 一件一箱 颜色->白色,ALL,TIKTOK,C,T4B,0.2850,0.1163,0.1163,8.84,3.61,3.61,26,0.8387,6 个月 · 全平台 · 全量 SKU · 2026-07-09,published
DJ503917_2,US 玻璃门L桌高桌带布兜款 一件一箱 颜色->白色,ALL,UNKNOWN,C,T4B,0.4376,0.1785,0.1785,13.57,5.53,5.53,17,0.5484,6 个月 · 全平台 · 全量 SKU · 2026-07-09,published
DJ503917_2,US 玻璃门L桌高桌带布兜款 一件一箱 颜色->白色,ALL,WALMART,C,T99,0.0000,0.0000,0.0000,0.00,0.00,0.00,6,0.1935,6 个月 · 全平台 · 全量 SKU · 2026-07-09,published
DJ503917_3,US 玻璃门L桌高桌带布兜款 一件一箱 颜色->黑色,ALL,AMAZON,B,T2,11.8154,8.5627,8.5627,366.28,265.44,265.44,339,10.9355,6 个月 · 全平台 · 全量 SKU · 2026-07-09,published
DJ503917_3,US 玻璃门L桌高桌带布兜款 一件一箱 颜色->黑色,ALL,TEMU,B,T99,0.0000,0.0000,0.0000,0.00,0.00,0.00,0,0.0000,6 个月 · 全平台 · 全量 SKU · 2026-07-09,published
DJ503917_3,US 玻璃门L桌高桌带布兜款 一件一箱 颜色->黑色,ALL,UNKNOWN,B,T4B,0.4844,0.2325,0.2325,15.02,7.21,7.21,8,0.2581,6 个月 · 全平台 · 全量 SKU · 2026-07-09,published
DJ503917_3,US 玻璃门L桌高桌带布兜款 一件一箱 颜色->黑色,ALL,WALMART,B,T4B,0.1439,0.0691,0.0691,4.46,2.14,2.14,19,0.6129,6 个月 · 全平台 · 全量 SKU · 2026-07-09,published
DJ503918_1,US 8件套户外沙发+2个蓝色抱枕  一件三箱 颜色->灰色坐垫靠枕,ALL,TIKTOK,D,T99,0.0000,0.0000,0.0000,0.00,0.00,0.00,0,0.0000,6 个月 · 全平台 · 全量 SKU · 2026-07-09,published
DJ503918_2,US 8件套户外沙发+2个红色抱枕  一件三箱 颜色->米色坐垫靠枕,ALL,TEMU,D,T99,0.0000,0.0000,0.0000,0.00,0.00,0.00,0,0.0000,6 个月 · 全平台 · 全量 SKU · 2026-07-09,published
DJ503918_2,US 8件套户外沙发+2个红色抱枕  一件三箱 颜色->米色坐垫靠枕,ALL,UNKNOWN,D,T99,0.0000,0.0000,0.0000,0.00,0.00,0.00,0,0.0000,6 个月 · 全平台 · 全量 SKU · 2026-07-09,published
DJ503919_2,US 1.9M五抽单人桌  一件一箱 颜色->黑色,ALL,TEMU,C,T99,0.0000,0.0000,0.0000,0.00,0.00,0.00,0,0.0000,6 个月 · 全平台 · 全量 SKU · 2026-07-09,published
DJ503920_2,"US BF 储物柜 DT16 4抽凹槽无把手一件一箱 颜色->#2,黑色麻面",ALL,AMAZON,C,T99,0.0000,0.0000,0.0000,0.00,0.00,0.00,0,0.0000,6 个月 · 全平台 · 全量 SKU · 2026-07-09,published
DJ503920_2,"US BF 储物柜 DT16 4抽凹槽无把手一件一箱 颜色->#2,黑色麻面",ALL,TIKTOK,C,T99,0.0000,0.0000,0.0000,0.00,0.00,0.00,0,0.0000,6 个月 · 全平台 · 全量 SKU · 2026-07-09,published
DJ503921_1,"US BF 储物柜 DT17 6抽凹槽无把手高柜一件一箱 颜色->#1,黑色麻面",ALL,AMAZON,B,T3,4.6732,4.6843,4.6843,144.87,145.21,145.21,0,0.0000,6 个月 · 全平台 · 全量 SKU · 2026-07-09,published
DJ503921_1,"US BF 储物柜 DT17 6抽凹槽无把手高柜一件一箱 颜色->#1,黑色麻面",ALL,UNKNOWN,B,T99,0.0000,0.0000,0.0000,0.00,0.00,0.00,0,0.0000,6 个月 · 全平台 · 全量 SKU · 2026-07-09,published
DJ503921_1,"US BF 储物柜 DT17 6抽凹槽无把手高柜一件一箱 颜色->#1,黑色麻面",ALL,WALMART,B,T99,0.0000,0.0000,0.0000,0.00,0.00,0.00,0,0.0000,6 个月 · 全平台 · 全量 SKU · 2026-07-09,published
DJ503921_2,"US BF 储物柜 DT17 6抽凹槽无把手高柜一件一箱 颜色->#2,白色麻面",ALL,AMAZON,C,T99,0.0000,0.0000,0.0000,0.00,0.00,0.00,0,0.0000,6 个月 · 全平台 · 全量 SKU · 2026-07-09,published
DJ503921_2,"US BF 储物柜 DT17 6抽凹槽无把手高柜一件一箱 颜色->#2,白色麻面",ALL,TIKTOK,C,T99,0.0000,0.0000,0.0000,0.00,0.00,0.00,0,0.0000,6 个月 · 全平台 · 全量 SKU · 2026-07-09,published
DJ503921_2,"US BF 储物柜 DT17 6抽凹槽无把手高柜一件一箱 颜色->#2,白色麻面",ALL,UNKNOWN,C,T99,0.0000,0.0000,0.0000,0.00,0.00,0.00,0,0.0000,6 个月 · 全平台 · 全量 SKU · 2026-07-09,published
DJ503921_2,"US BF 储物柜 DT17 6抽凹槽无把手高柜一件一箱 颜色->#2,白色麻面",ALL,WALMART,C,T99,0.0000,0.0000,0.0000,0.00,0.00,0.00,0,0.0000,6 个月 · 全平台 · 全量 SKU · 2026-07-09,published
DJ503927_1,US HS 储物柜-板式柜 2x3 背板 一件一箱  颜色->黑色,ALL,AMAZON,C,T99,0.0000,0.0000,0.0000,0.00,0.00,0.00,0,0.0000,6 个月 · 全平台 · 全量 SKU · 2026-07-09,published
DJ503927_1,US HS 储物柜-板式柜 2x3 背板 一件一箱  颜色->黑色,ALL,WALMART,C,T99,0.0000,0.0000,0.0000,0.00,0.00,0.00,1,0.0323,6 个月 · 全平台 · 全量 SKU · 2026-07-09,published
DJ503928_3,EU BW 悬浮床箱 BXF-05L 直腿-HQ 116 米色 麻布  140*200  一件一箱,ALL,AMAZON,D,T99,0.0000,0.0000,0.0000,0.00,0.00,0.00,0,0.0000,6 个月 · 全平台 · 全量 SKU · 2026-07-09,published
DJ503930_1,US TA 168cm四门双抽美式电视柜 一件一箱 颜色->白黑,ALL,UNKNOWN,D,T99,0.0000,0.0000,0.0000,0.00,0.00,0.00,0,0.0000,6 个月 · 全平台 · 全量 SKU · 2026-07-09,published
DJ503945_1,"US 床T-B2451F软包水晶扣公主床抽屉灯带137*190 颜色->#1,TX-001米白绒布+黑色铁",ALL,AMAZON,D,T99,0.0000,0.0000,0.0000,0.00,0.00,0.00,0,0.0000,6 个月 · 全平台 · 全量 SKU · 2026-07-09,published
DJ503945_1,"US 床T-B2451F软包水晶扣公主床抽屉灯带137*190 颜色->#1,TX-001米白绒布+黑色铁",ALL,TIKTOK,D,T99,0.0000,0.0000,0.0000,0.00,0.00,0.00,0,0.0000,6 个月 · 全平台 · 全量 SKU · 2026-07-09,published
DJ503946_1,"US 床T-B2451T软包水晶扣公主床抽屉灯带99*190 颜色->#1,TX-001米白色绒布+黑色铁",ALL,AMAZON,C,T4B,1.0741,0.4533,0.4533,33.30,14.05,14.05,5,0.1613,6 个月 · 全平台 · 全量 SKU · 2026-07-09,published
DJ503946_2,"US 床T-B2451T软包水晶扣公主床抽屉灯带99*190 颜色->#2,2024-17粉色绒布+黑色铁",ALL,AMAZON,D,T99,0.0000,0.0000,0.0000,0.00,0.00,0.00,0,0.0000,6 个月 · 全平台 · 全量 SKU · 2026-07-09,published
DJ503946_2,"US 床T-B2451T软包水晶扣公主床抽屉灯带99*190 颜色->#2,2024-17粉色绒布+黑色铁",ALL,TIKTOK,D,T99,0.0000,0.0000,0.0000,0.00,0.00,0.00,0,0.0000,6 个月 · 全平台 · 全量 SKU · 2026-07-09,published
DJ503946_2,"US 床T-B2451T软包水晶扣公主床抽屉灯带99*190 颜色->#2,2024-17粉色绒布+黑色铁",ALL,UNKNOWN,D,T99,0.0000,0.0000,0.0000,0.00,0.00,0.00,0,0.0000,6 个月 · 全平台 · 全量 SKU · 2026-07-09,published
DJ503948,EU DC 木质镜柜三开门 70*16*60 白色 一件一箱,ALL,TIKTOK,C,T4B,0.3030,0.1629,0.1629,9.39,5.05,5.05,20,0.6452,6 个月 · 全平台 · 全量 SKU · 2026-07-09,published
DJ503948,EU DC 木质镜柜三开门 70*16*60 白色 一件一箱,ALL,UNKNOWN,C,T99,0.0000,0.0000,0.0000,0.00,0.00,0.00,2,0.0645,6 个月 · 全平台 · 全量 SKU · 2026-07-09,published
DJ503952_1,"US 床TB-708T 软包3抽床带铝槽灯带 99*190 一件一箱 颜色->#1,绒布米白",ALL,UNKNOWN,C,T99,0.0000,0.0000,0.0000,0.00,0.00,0.00,1,0.0323,6 个月 · 全平台 · 全量 SKU · 2026-07-09,published
DJ503952_1,"US 床TB-708T 软包3抽床带铝槽灯带 99*190 一件一箱 颜色->#1,绒布米白",ALL,WALMART,C,T99,0.0000,0.0000,0.0000,0.00,0.00,0.00,0,0.0000,6 个月 · 全平台 · 全量 SKU · 2026-07-09,published
DJ503952_2,"US 床TB-708T 软包3抽床带铝槽灯带 99*190  颜色->#2,2014-17粉色绒布",ALL,TIKTOK,C,T99,0.0000,0.0000,0.0000,0.00,0.00,0.00,2,0.0645,6 个月 · 全平台 · 全量 SKU · 2026-07-09,published
DJ503955_1,US 美式角落桌带抽屉 一件一箱 颜色->白+黑,ALL,AMAZON,B,T3,3.9245,3.4747,3.4747,121.66,107.72,107.72,112,3.6129,6 个月 · 全平台 · 全量 SKU · 2026-07-09,published
DJ503955_1,US 美式角落桌带抽屉 一件一箱 颜色->白+黑,ALL,UNKNOWN,B,T4B,1.4345,0.7299,0.7299,44.47,22.63,22.63,49,1.5806,6 个月 · 全平台 · 全量 SKU · 2026-07-09,published
DJ503955_1,US 美式角落桌带抽屉 一件一箱 颜色->白+黑,ALL,WALMART,B,T4B,0.7368,0.3537,0.3537,22.84,10.96,10.96,23,0.7419,6 个月 · 全平台 · 全量 SKU · 2026-07-09,published
DJ503955_2,US 美式角落桌带抽屉 一件一箱 颜色->灰色,ALL,AMAZON,B,T3,6.8266,6.2863,6.2863,211.62,194.88,194.88,176,5.6774,6 个月 · 全平台 · 全量 SKU · 2026-07-09,published
DJ503955_2,US 美式角落桌带抽屉 一件一箱 颜色->灰色,ALL,TIKTOK,B,T99,0.0000,0.0000,0.0000,0.00,0.00,0.00,3,0.0968,6 个月 · 全平台 · 全量 SKU · 2026-07-09,published
DJ503955_2,US 美式角落桌带抽屉 一件一箱 颜色->灰色,ALL,UNKNOWN,B,T4B,2.2996,0.9382,0.9382,71.29,29.08,29.08,91,2.9355,6 个月 · 全平台 · 全量 SKU · 2026-07-09,published
DJ503955_2,US 美式角落桌带抽屉 一件一箱 颜色->灰色,ALL,WALMART,B,T4B,0.5029,0.2052,0.2052,15.59,6.36,6.36,34,1.0968,6 个月 · 全平台 · 全量 SKU · 2026-07-09,published
DJ503955_3,US 美式角落桌带抽屉 一件一箱 颜色->棕色,ALL,AMAZON,C,T4B,1.8302,0.9839,0.9839,56.74,30.50,30.50,129,4.1613,6 个月 · 全平台 · 全量 SKU · 2026-07-09,published
DJ503955_3,US 美式角落桌带抽屉 一件一箱 颜色->棕色,ALL,TEMU,C,T99,0.0000,0.0000,0.0000,0.00,0.00,0.00,2,0.0645,6 个月 · 全平台 · 全量 SKU · 2026-07-09,published
DJ503955_3,US 美式角落桌带抽屉 一件一箱 颜色->棕色,ALL,TIKTOK,C,T99,0.0000,0.0000,0.0000,0.00,0.00,0.00,2,0.0645,6 个月 · 全平台 · 全量 SKU · 2026-07-09,published
DJ503955_3,US 美式角落桌带抽屉 一件一箱 颜色->棕色,ALL,UNKNOWN,C,T4B,0.3500,0.1680,0.1680,10.85,5.21,5.21,50,1.6129,6 个月 · 全平台 · 全量 SKU · 2026-07-09,published
DJ503966_1,"EU KM 板式梳妆台  50cm梳妆台 一箱一个 颜色->白色,麻面白",ALL,AMAZON,C,T4B,1.2404,0.5061,0.5061,38.45,15.69,15.69,19,0.6129,6 个月 · 全平台 · 全量 SKU · 2026-07-09,published
DJ503966_1,"EU KM 板式梳妆台  50cm梳妆台 一箱一个 颜色->白色,麻面白",ALL,TIKTOK,C,T99,0.0000,0.0000,0.0000,0.00,0.00,0.00,0,0.0000,6 个月 · 全平台 · 全量 SKU · 2026-07-09,published
DJ503966_1,"EU KM 板式梳妆台  50cm梳妆台 一箱一个 颜色->白色,麻面白",ALL,UNKNOWN,C,T4B,0.8070,0.3293,0.3293,25.02,10.21,10.21,17,0.5484,6 个月 · 全平台 · 全量 SKU · 2026-07-09,published
DJ503970_2,"EU KM 箱式液压床 双箱装 尺码->L,190*140;颜色->灰色,灰色麻布",ALL,TIKTOK,C,T99,0.0000,0.0000,0.0000,0.00,0.00,0.00,2,0.0645,6 个月 · 全平台 · 全量 SKU · 2026-07-09,published
DJ503970_28,"EU KM 箱式液压床 双箱装 尺码->XXXL,200*180;颜色->白色,PU荔枝白",ALL,AMAZON,D,T99,0.0000,0.0000,0.0000,0.00,0.00,0.00,0,0.0000,6 个月 · 全平台 · 全量 SKU · 2026-07-09,published
DJ503970_3,"EU KM 箱式液压床 双箱装 尺码->XL,200*140;颜色->白色,PU荔枝白",ALL,AMAZON,D,T99,0.0000,0.0000,0.0000,0.00,0.00,0.00,0,0.0000,6 个月 · 全平台 · 全量 SKU · 2026-07-09,published
DJ503970_3,"EU KM 箱式液压床 双箱装 尺码->XL,200*140;颜色->白色,PU荔枝白",ALL,UNKNOWN,D,T99,0.0000,0.0000,0.0000,0.00,0.00,0.00,0,0.0000,6 个月 · 全平台 · 全量 SKU · 2026-07-09,published
DJ503970_32,"EU KM 箱式液压床 一箱一个 尺码->XXL,160*200;颜色->黑色,PU黑",ALL,AMAZON,C,T4B,0.4000,0.1920,0.1920,12.40,5.95,5.95,2,0.0645,6 个月 · 全平台 · 全量 SKU · 2026-07-09,published
DJ503970_32,"EU KM 箱式液压床 一箱一个 尺码->XXL,160*200;颜色->黑色,PU黑",ALL,UNKNOWN,C,T99,0.0000,0.0000,0.0000,0.00,0.00,0.00,0,0.0000,6 个月 · 全平台 · 全量 SKU · 2026-07-09,published
DJ503970_4,"EU KM 箱式液压床 双箱装 尺码->XL,200*140;颜色->灰色,灰色麻布",ALL,AMAZON,D,T99,0.0000,0.0000,0.0000,0.00,0.00,0.00,0,0.0000,6 个月 · 全平台 · 全量 SKU · 2026-07-09,published
DJ503970_4,"EU KM 箱式液压床 双箱装 尺码->XL,200*140;颜色->灰色,灰色麻布",ALL,UNKNOWN,D,T99,0.0000,0.0000,0.0000,0.00,0.00,0.00,0,0.0000,6 个月 · 全平台 · 全量 SKU · 2026-07-09,published
DJ503976_2,"US AG 1x3藤编交叉腿边桌 含排插 一件一箱 尺码->#2,黑色",ALL,UNKNOWN,C,T4B,0.8844,0.4500,0.4500,27.42,13.95,13.95,40,1.2903,6 个月 · 全平台 · 全量 SKU · 2026-07-09,published
DJ503976_2,"US AG 1x3藤编交叉腿边桌 含排插 一件一箱 尺码->#2,黑色",ALL,WALMART,C,T99,0.0000,0.0000,0.0000,0.00,0.00,0.00,0,0.0000,6 个月 · 全平台 · 全量 SKU · 2026-07-09,published
DJ503980_1,US AG 板式床 乡村风拼框 掀盖靠背 4抽 T款 一件一箱 颜色->白色,ALL,TIKTOK,C,T99,0.0000,0.0000,0.0000,0.00,0.00,0.00,3,0.0968,6 个月 · 全平台 · 全量 SKU · 2026-07-09,published
DJ503980_2,US AG 板式床 乡村风拼框 掀盖靠背 4抽 T款 一件一箱 颜色->灰色,ALL,AMAZON,D,T99,0.0000,0.0000,0.0000,0.00,0.00,0.00,0,0.0000,6 个月 · 全平台 · 全量 SKU · 2026-07-09,published
DJ503980_2,US AG 板式床 乡村风拼框 掀盖靠背 4抽 T款 一件一箱 颜色->灰色,ALL,UNKNOWN,D,T99,0.0000,0.0000,0.0000,0.00,0.00,0.00,0,0.0000,6 个月 · 全平台 · 全量 SKU · 2026-07-09,published
DJ503980_2,US AG 板式床 乡村风拼框 掀盖靠背 4抽 T款 一件一箱 颜色->灰色,ALL,WALMART,D,T99,0.0000,0.0000,0.0000,0.00,0.00,0.00,0,0.0000,6 个月 · 全平台 · 全量 SKU · 2026-07-09,published
DJ503980_3,US AG 板式床 乡村风拼框 掀盖靠背 4抽 T款 一件一箱 颜色->棕色,ALL,AMAZON,D,T99,0.0000,0.0000,0.0000,0.00,0.00,0.00,0,0.0000,6 个月 · 全平台 · 全量 SKU · 2026-07-09,published
DJ503980_3,US AG 板式床 乡村风拼框 掀盖靠背 4抽 T款 一件一箱 颜色->棕色,ALL,UNKNOWN,D,T99,0.0000,0.0000,0.0000,0.00,0.00,0.00,0,0.0000,6 个月 · 全平台 · 全量 SKU · 2026-07-09,published
DJ503980_3,US AG 板式床 乡村风拼框 掀盖靠背 4抽 T款 一件一箱 颜色->棕色,ALL,WALMART,D,T99,0.0000,0.0000,0.0000,0.00,0.00,0.00,0,0.0000,6 个月 · 全平台 · 全量 SKU · 2026-07-09,published
DJ503982_1,US AG 板式床 乡村风拼框 掀盖靠背 4抽 Q款 一件一箱 颜色->白色,ALL,WALMART,D,T99,0.0000,0.0000,0.0000,0.00,0.00,0.00,0,0.0000,6 个月 · 全平台 · 全量 SKU · 2026-07-09,published
DJ503983_1,US VD JYH205 泰迪绒软包4抽床 弧形掀盖靠背 双灯带 T 一件一箱 颜色->米白,ALL,UNKNOWN,C,T4B,0.3481,0.1771,0.1771,10.79,5.49,5.49,27,0.8710,6 个月 · 全平台 · 全量 SKU · 2026-07-09,published
DJ503983_1,US VD JYH205 泰迪绒软包4抽床 弧形掀盖靠背 双灯带 T 一件一箱 颜色->米白,ALL,WALMART,C,T99,0.0000,0.0000,0.0000,0.00,0.00,0.00,0,0.0000,6 个月 · 全平台 · 全量 SKU · 2026-07-09,published
DJ503991_1,US AG 1x5简约立柱灯带储物柜 一件一箱 颜色->黑色,ALL,UNKNOWN,C,T99,0.0000,0.0000,0.0000,0.00,0.00,0.00,0,0.0000,6 个月 · 全平台 · 全量 SKU · 2026-07-09,published
DJ503991_1,US AG 1x5简约立柱灯带储物柜 一件一箱 颜色->黑色,ALL,WALMART,C,T99,0.0000,0.0000,0.0000,0.00,0.00,0.00,0,0.0000,6 个月 · 全平台 · 全量 SKU · 2026-07-09,published
DJ503995_1,US AG 火烧云PU软包 抽屉床 T 一件一箱 颜色->黑色,ALL,UNKNOWN,C,T4B,0.9144,0.3731,0.3731,28.35,11.57,11.57,70,2.2581,6 个月 · 全平台 · 全量 SKU · 2026-07-09,published
DJ503996_2,"US AG 灰色棉麻软包 抽屉床 F 一件一箱 颜色->深灰色,棉麻",ALL,UNKNOWN,D,T99,0.0000,0.0000,0.0000,0.00,0.00,0.00,42,1.3548,6 个月 · 全平台 · 全量 SKU · 2026-07-09,published
DJ503998_1,US AG 火烧云PU软包 抽屉床 K 一件两箱 颜色->黑色,ALL,TIKTOK,C,T99,0.0000,0.0000,0.0000,0.00,0.00,0.00,0,0.0000,6 个月 · 全平台 · 全量 SKU · 2026-07-09,published
DJ503998_1,US AG 火烧云PU软包 抽屉床 K 一件两箱 颜色->黑色,ALL,WALMART,C,T99,0.0000,0.0000,0.0000,0.00,0.00,0.00,0,0.0000,6 个月 · 全平台 · 全量 SKU · 2026-07-09,published
DJ504004_1,US HS 储物柜-DSGW-02抽面竖纹 1x5+2一件一箱 颜色->黑色,ALL,AMAZON,C,T99,0.0000,0.0000,0.0000,0.00,0.00,0.00,0,0.0000,6 个月 · 全平台 · 全量 SKU · 2026-07-09,published
DJ504004_1,US HS 储物柜-DSGW-02抽面竖纹 1x5+2一件一箱 颜色->黑色,ALL,TIKTOK,C,T99,0.0000,0.0000,0.0000,0.00,0.00,0.00,0,0.0000,6 个月 · 全平台 · 全量 SKU · 2026-07-09,published
DJ504004_1,US HS 储物柜-DSGW-02抽面竖纹 1x5+2一件一箱 颜色->黑色,ALL,UNKNOWN,C,T4B,0.5347,0.2721,0.2721,16.58,8.44,8.44,25,0.8065,6 个月 · 全平台 · 全量 SKU · 2026-07-09,published
DJ504004_2,US HS 储物柜-DSGW-02抽面竖纹 1x5+2一件一箱 颜色->胡桃白,ALL,AMAZON,C,T99,0.0000,0.0000,0.0000,0.00,0.00,0.00,0,0.0000,6 个月 · 全平台 · 全量 SKU · 2026-07-09,published
DJ504004_2,US HS 储物柜-DSGW-02抽面竖纹 1x5+2一件一箱 颜色->胡桃白,ALL,TEMU,C,T99,0.0000,0.0000,0.0000,0.00,0.00,0.00,0,0.0000,6 个月 · 全平台 · 全量 SKU · 2026-07-09,published
DJ504004_2,US HS 储物柜-DSGW-02抽面竖纹 1x5+2一件一箱 颜色->胡桃白,ALL,UNKNOWN,C,T4B,0.7566,0.4067,0.4067,23.45,12.61,12.61,0,0.0000,6 个月 · 全平台 · 全量 SKU · 2026-07-09,published
DJ504004_3,US HS 储物柜-DSGW-02抽面竖纹 1x5+2一件一箱 颜色->橡木灰,ALL,AMAZON,C,T99,0.0000,0.0000,0.0000,0.00,0.00,0.00,0,0.0000,6 个月 · 全平台 · 全量 SKU · 2026-07-09,published
DJ504004_3,US HS 储物柜-DSGW-02抽面竖纹 1x5+2一件一箱 颜色->橡木灰,ALL,TEMU,C,T99,0.0000,0.0000,0.0000,0.00,0.00,0.00,0,0.0000,6 个月 · 全平台 · 全量 SKU · 2026-07-09,published
DJ504004_3,US HS 储物柜-DSGW-02抽面竖纹 1x5+2一件一箱 颜色->橡木灰,ALL,UNKNOWN,C,T4B,0.2203,0.1058,0.1058,6.83,3.28,3.28,25,0.8065,6 个月 · 全平台 · 全量 SKU · 2026-07-09,published
DJ504004_3,US HS 储物柜-DSGW-02抽面竖纹 1x5+2一件一箱 颜色->橡木灰,ALL,WALMART,C,T99,0.0000,0.0000,0.0000,0.00,0.00,0.00,1,0.0323,6 个月 · 全平台 · 全量 SKU · 2026-07-09,published
DJ504012_2,US MS JYH203 棉麻软包尾抽床 铆钉 3灯带 T 一件一箱 颜色->米白,ALL,WALMART,C,T99,0.0000,0.0000,0.0000,0.00,0.00,0.00,0,0.0000,6 个月 · 全平台 · 全量 SKU · 2026-07-09,published
DJ504012_3,US MS JYH203 绒布软包尾抽床 铆钉 3灯带 T 一件一箱 颜色->粉色,ALL,WALMART,C,T99,0.0000,0.0000,0.0000,0.00,0.00,0.00,0,0.0000,6 个月 · 全平台 · 全量 SKU · 2026-07-09,published
DJ504013_1,US 1.4米三抽吸塑桌 一件一箱 颜色->原木色,ALL,AMAZON,C,T4B,3.9761,1.6222,1.6222,123.26,50.29,50.29,102,3.2903,6 个月 · 全平台 · 全量 SKU · 2026-07-09,published
DJ504013_1,US 1.4米三抽吸塑桌 一件一箱 颜色->原木色,ALL,TIKTOK,C,T4B,0.1995,0.0958,0.0958,6.18,2.97,2.97,10,0.3226,6 个月 · 全平台 · 全量 SKU · 2026-07-09,published
DJ504015_1,US 纯板材三抽双人电脑桌  一件一箱 颜色 象牙灰色,ALL,AMAZON,C,T3,5.2404,4.2971,4.2971,162.45,133.21,133.21,103,3.3226,6 个月 · 全平台 · 全量 SKU · 2026-07-09,published
DJ504015_1,US 纯板材三抽双人电脑桌  一件一箱 颜色 象牙灰色,ALL,TIKTOK,C,T99,0.0000,0.0000,0.0000,0.00,0.00,0.00,1,0.0323,6 个月 · 全平台 · 全量 SKU · 2026-07-09,published
DJ504015_1,US 纯板材三抽双人电脑桌  一件一箱 颜色 象牙灰色,ALL,UNKNOWN,C,T4B,1.1216,0.4576,0.4576,34.77,14.19,14.19,13,0.4194,6 个月 · 全平台 · 全量 SKU · 2026-07-09,published
DJ504015_2,US 纯板材三抽双人电脑桌  一件一箱 颜色   橡木棕色（顶板）+白麻（主体）,ALL,AMAZON,A,T2,14.6083,10.5868,10.5868,452.86,328.19,328.19,456,14.7097,6 个月 · 全平台 · 全量 SKU · 2026-07-09,published
DJ504015_2,US 纯板材三抽双人电脑桌  一件一箱 颜色   橡木棕色（顶板）+白麻（主体）,ALL,WALMART,A,T99,0.0000,0.0000,0.0000,0.00,0.00,0.00,7,0.2258,6 个月 · 全平台 · 全量 SKU · 2026-07-09,published
DJ504015_2_WF,US 纯板材三抽双人电脑桌  一件一箱 颜色   橡木棕色（顶板）+白麻（主体）,ALL,UNKNOWN,C,T4B,0.9643,0.4629,0.4629,29.89,14.35,14.35,56,1.8065,6 个月 · 全平台 · 全量 SKU · 2026-07-09,published
DJ504015_3,US 纯板材三抽双人电脑桌  一件一箱 颜色->橡木棕色,ALL,AMAZON,C,T3,4.2322,3.4934,3.4934,131.20,108.30,108.30,91,2.9355,6 个月 · 全平台 · 全量 SKU · 2026-07-09,published
DJ504015_3,US 纯板材三抽双人电脑桌  一件一箱 颜色->橡木棕色,ALL,TIKTOK,C,T99,0.0000,0.0000,0.0000,0.00,0.00,0.00,1,0.0323,6 个月 · 全平台 · 全量 SKU · 2026-07-09,published
DJ504015_3_WF,US 纯板材三抽双人电脑桌  一件一箱 颜色->橡木棕色,ALL,UNKNOWN,C,T4B,0.2143,0.1029,0.1029,6.64,3.19,3.19,38,1.2258,6 个月 · 全平台 · 全量 SKU · 2026-07-09,published
DJ504015_4,US 纯板材三抽双人电脑桌  一件一箱 颜色->棕色+黑色,ALL,AMAZON,B,T2,7.4658,6.3653,6.3653,231.44,197.32,197.32,271,8.7419,6 个月 · 全平台 · 全量 SKU · 2026-07-09,published
DJ504015_4,US 纯板材三抽双人电脑桌  一件一箱 颜色->棕色+黑色,ALL,WALMART,B,T99,0.0000,0.0000,0.0000,0.00,0.00,0.00,22,0.7097,6 个月 · 全平台 · 全量 SKU · 2026-07-09,published
DJ504015_5,US 纯板材三抽双人电脑桌  一件一箱 颜色->原木色,ALL,AMAZON,C,T4B,0.9742,0.5237,0.5237,30.20,16.23,16.23,58,1.8710,6 个月 · 全平台 · 全量 SKU · 2026-07-09,published
DJ504015_5,US 纯板材三抽双人电脑桌  一件一箱 颜色->原木色,ALL,TEMU,C,T99,0.0000,0.0000,0.0000,0.00,0.00,0.00,0,0.0000,6 个月 · 全平台 · 全量 SKU · 2026-07-09,published
DJ504015_5,US 纯板材三抽双人电脑桌  一件一箱 颜色->原木色,ALL,TIKTOK,C,T99,0.0000,0.0000,0.0000,0.00,0.00,0.00,1,0.0323,6 个月 · 全平台 · 全量 SKU · 2026-07-09,published
DJ504015_5,US 纯板材三抽双人电脑桌  一件一箱 颜色->原木色,ALL,UNKNOWN,C,T99,0.0000,0.0000,0.0000,0.00,0.00,0.00,14,0.4516,6 个月 · 全平台 · 全量 SKU · 2026-07-09,published
DJ504015_5,US 纯板材三抽双人电脑桌  一件一箱 颜色->原木色,ALL,WALMART,C,T99,0.0000,0.0000,0.0000,0.00,0.00,0.00,3,0.0968,6 个月 · 全平台 · 全量 SKU · 2026-07-09,published
DJ504017_1,US DC 铁木床 CBF-02L 方管铁木角落床带抽篮-113 T 黑 一件一箱,ALL,AMAZON,A,T2,18.4341,14.3786,14.3786,571.46,445.74,445.74,374,12.0645,6 个月 · 全平台 · 全量 SKU · 2026-07-09,published
DJ504017_1,US DC 铁木床 CBF-02L 方管铁木角落床带抽篮-113 T 黑 一件一箱,ALL,UNKNOWN,A,T99,0.0000,0.0000,0.0000,0.00,0.00,0.00,2,0.0645,6 个月 · 全平台 · 全量 SKU · 2026-07-09,published
DJ504017_2,US DC 铁木床 CBF-02L 方管铁木角落床带抽篮-113 TXL 黑 一件一箱,ALL,AMAZON,B,T3,5.6943,5.7165,5.7165,176.52,177.21,177.21,152,4.9032,6 个月 · 全平台 · 全量 SKU · 2026-07-09,published
DJ504017_2,US DC 铁木床 CBF-02L 方管铁木角落床带抽篮-113 TXL 黑 一件一箱,ALL,UNKNOWN,B,T99,0.0000,0.0000,0.0000,0.00,0.00,0.00,2,0.0645,6 个月 · 全平台 · 全量 SKU · 2026-07-09,published
DJ504017_2,US DC 铁木床 CBF-02L 方管铁木角落床带抽篮-113 TXL 黑 一件一箱,ALL,WALMART,B,T99,0.0000,0.0000,0.0000,0.00,0.00,0.00,4,0.1290,6 个月 · 全平台 · 全量 SKU · 2026-07-09,published
DJ504018_1,US 纯板材X字双抽高文件柜 一件一箱 颜色->白色+棕色,ALL,AMAZON,B,T2,8.7807,6.3635,6.3635,272.20,197.27,197.27,325,10.4839,6 个月 · 全平台 · 全量 SKU · 2026-07-09,published
DJ504018_1,US 纯板材X字双抽高文件柜 一件一箱 颜色->白色+棕色,ALL,TIKTOK,B,T99,0.0000,0.0000,0.0000,0.00,0.00,0.00,0,0.0000,6 个月 · 全平台 · 全量 SKU · 2026-07-09,published
DJ504018_1,US 纯板材X字双抽高文件柜 一件一箱 颜色->白色+棕色,ALL,UNKNOWN,B,T99,0.0000,0.0000,0.0000,0.00,0.00,0.00,17,0.5484,6 个月 · 全平台 · 全量 SKU · 2026-07-09,published
DJ504018_2,US 纯板材X字双抽高文件柜 一件一箱 颜色->棕色,ALL,AMAZON,C,T4B,1.7979,0.7335,0.7335,55.73,22.74,22.74,68,2.1935,6 个月 · 全平台 · 全量 SKU · 2026-07-09,published
DJ504018_2,US 纯板材X字双抽高文件柜 一件一箱 颜色->棕色,ALL,TIKTOK,C,T99,0.0000,0.0000,0.0000,0.00,0.00,0.00,1,0.0323,6 个月 · 全平台 · 全量 SKU · 2026-07-09,published
DJ504018_2,US 纯板材X字双抽高文件柜 一件一箱 颜色->棕色,ALL,WALMART,C,T99,0.0000,0.0000,0.0000,0.00,0.00,0.00,0,0.0000,6 个月 · 全平台 · 全量 SKU · 2026-07-09,published
DJ504018_3,US 纯板材X字双抽高文件柜 一件一箱 颜色->棕顶+黑麻,ALL,AMAZON,C,T4A,3.7215,1.7268,1.7268,115.37,53.53,53.53,165,5.3226,6 个月 · 全平台 · 全量 SKU · 2026-07-09,published
DJ504018_3,US 纯板材X字双抽高文件柜 一件一箱 颜色->棕顶+黑麻,ALL,TIKTOK,C,T99,0.0000,0.0000,0.0000,0.00,0.00,0.00,0,0.0000,6 个月 · 全平台 · 全量 SKU · 2026-07-09,published
DJ504019_1,US TA 100*80双抽谷仓门升降咖啡桌 一件一箱 颜色->白+棕,ALL,AMAZON,B,T2,8.3468,7.1165,7.1165,258.75,220.61,220.61,323,10.4194,6 个月 · 全平台 · 全量 SKU · 2026-07-09,published
DJ504019_1,US TA 100*80双抽谷仓门升降咖啡桌 一件一箱 颜色->白+棕,ALL,UNKNOWN,B,T4B,0.5236,0.2664,0.2664,16.23,8.26,8.26,72,2.3226,6 个月 · 全平台 · 全量 SKU · 2026-07-09,published
DJ504019_1,US TA 100*80双抽谷仓门升降咖啡桌 一件一箱 颜色->白+棕,ALL,WALMART,B,T99,0.0000,0.0000,0.0000,0.00,0.00,0.00,1,0.0323,6 个月 · 全平台 · 全量 SKU · 2026-07-09,published
DJ504019_2,US TA 100*80双抽谷仓门升降咖啡桌 一件一箱 颜色->黑+棕,ALL,AMAZON,B,T3,4.1859,4.1846,4.1846,129.76,129.72,129.72,142,4.5806,6 个月 · 全平台 · 全量 SKU · 2026-07-09,published
DJ504019_2,US TA 100*80双抽谷仓门升降咖啡桌 一件一箱 颜色->黑+棕,ALL,UNKNOWN,B,T4B,0.7248,0.3479,0.3479,22.47,10.78,10.78,32,1.0323,6 个月 · 全平台 · 全量 SKU · 2026-07-09,published
DJ504019_2,US TA 100*80双抽谷仓门升降咖啡桌 一件一箱 颜色->黑+棕,ALL,WALMART,B,T99,0.0000,0.0000,0.0000,0.00,0.00,0.00,2,0.0645,6 个月 · 全平台 · 全量 SKU · 2026-07-09,published
DJ504019_3,US TA 100*80双抽谷仓门升降咖啡桌 一件一箱 颜色->灰古木-40三胺,ALL,AMAZON,B,T3,3.2443,3.1758,3.1758,100.57,98.45,98.45,87,2.8065,6 个月 · 全平台 · 全量 SKU · 2026-07-09,published
DJ504019_3,US TA 100*80双抽谷仓门升降咖啡桌 一件一箱 颜色->灰古木-40三胺,ALL,UNKNOWN,B,T4B,0.4843,0.2604,0.2604,15.01,8.07,8.07,14,0.4516,6 个月 · 全平台 · 全量 SKU · 2026-07-09,published
DJ504019_3,US TA 100*80双抽谷仓门升降咖啡桌 一件一箱 颜色->灰古木-40三胺,ALL,WALMART,B,T99,0.0000,0.0000,0.0000,0.00,0.00,0.00,0,0.0000,6 个月 · 全平台 · 全量 SKU · 2026-07-09,published
DJ504020,US DC 软包床-BCE-01 JQ601 圆角软包床头床尾 羊羔绒  Q 白色 一件一箱,ALL,AMAZON,D,T99,0.0000,0.0000,0.0000,0.00,0.00,0.00,0,0.0000,6 个月 · 全平台 · 全量 SKU · 2026-07-09,published
DJ504021_1,US AG 玻璃桌面灯带边桌 含插座  一件一箱 颜色->黑色,ALL,AMAZON,C,T4B,3.1070,1.2677,1.2677,96.32,39.30,39.30,79,2.5484,6 个月 · 全平台 · 全量 SKU · 2026-07-09,published
DJ504021_1,US AG 玻璃桌面灯带边桌 含插座  一件一箱 颜色->黑色,ALL,WALMART,C,T99,0.0000,0.0000,0.0000,0.00,0.00,0.00,0,0.0000,6 个月 · 全平台 · 全量 SKU · 2026-07-09,published
DJ504021_2,US AG 玻璃桌面灯带边桌 含插座  一件一箱 颜色->白色,ALL,AMAZON,C,T4A,2.7381,1.2705,1.2705,84.88,39.39,39.39,103,3.3226,6 个月 · 全平台 · 全量 SKU · 2026-07-09,published
DJ504021_2,US AG 玻璃桌面灯带边桌 含插座  一件一箱 颜色->白色,ALL,TIKTOK,C,T4B,0.5596,0.3008,0.3008,17.35,9.32,9.32,39,1.2581,6 个月 · 全平台 · 全量 SKU · 2026-07-09,published
DJ504021_2,US AG 玻璃桌面灯带边桌 含插座  一件一箱 颜色->白色,ALL,WALMART,C,T99,0.0000,0.0000,0.0000,0.00,0.00,0.00,0,0.0000,6 个月 · 全平台 · 全量 SKU · 2026-07-09,published
DJ504024_1,US 1.2米四抽L桌  一件一箱 颜色->火烧云,ALL,AMAZON,B,T3,4.7685,4.2917,4.2917,147.82,133.04,133.04,126,4.0645,6 个月 · 全平台 · 全量 SKU · 2026-07-09,published
DJ504024_1,US 1.2米四抽L桌  一件一箱 颜色->火烧云,ALL,TIKTOK,B,T99,0.0000,0.0000,0.0000,0.00,0.00,0.00,0,0.0000,6 个月 · 全平台 · 全量 SKU · 2026-07-09,published
DJ504024_1,US 1.2米四抽L桌  一件一箱 颜色->火烧云,ALL,UNKNOWN,B,T4B,0.9502,0.4835,0.4835,29.46,14.99,14.99,34,1.0968,6 个月 · 全平台 · 全量 SKU · 2026-07-09,published
DJ504024_2,US 1.2米四抽L桌  一件一箱 颜色->黑色,ALL,AMAZON,C,T4A,3.2937,1.5283,1.5283,102.10,47.38,47.38,93,3.0000,6 个月 · 全平台 · 全量 SKU · 2026-07-09,published
DJ504024_2,US 1.2米四抽L桌  一件一箱 颜色->黑色,ALL,TEMU,C,T4B,1.6709,0.8020,0.8020,51.80,24.86,24.86,22,0.7097,6 个月 · 全平台 · 全量 SKU · 2026-07-09,published
DJ504024_2,US 1.2米四抽L桌  一件一箱 颜色->黑色,ALL,UNKNOWN,C,T4B,1.1087,0.5322,0.5322,34.37,16.50,16.50,51,1.6452,6 个月 · 全平台 · 全量 SKU · 2026-07-09,published
DJ504024_3,US 1.2米四抽L桌  一件一箱 颜色->白色,ALL,AMAZON,C,T4B,2.5933,1.0581,1.0581,80.39,32.80,32.80,85,2.7419,6 个月 · 全平台 · 全量 SKU · 2026-07-09,published
DJ504024_3,US 1.2米四抽L桌  一件一箱 颜色->白色,ALL,TEMU,C,T4B,1.2409,0.5956,0.5956,38.47,18.46,18.46,21,0.6774,6 个月 · 全平台 · 全量 SKU · 2026-07-09,published
DJ504024_3,US 1.2米四抽L桌  一件一箱 颜色->白色,ALL,UNKNOWN,C,T4B,0.7022,0.3573,0.3573,21.77,11.08,11.08,31,1.0000,6 个月 · 全平台 · 全量 SKU · 2026-07-09,published
DJ504027_2,EU DC 悬浮床BXF-01L 铁管全拆装无床头-93款 HQ 黑色 120*200 一件一箱,ALL,TIKTOK,C,T99,0.0000,0.0000,0.0000,0.00,0.00,0.00,2,0.0645,6 个月 · 全平台 · 全量 SKU · 2026-07-09,published
DJ504027_3,EU DC 悬浮床BXF-01L 铁管全拆装无床头-93款 HQ 黑色 140*190 一件一箱,ALL,AMAZON,B,T4A,3.9552,2.0554,2.0554,122.61,63.72,63.72,25,0.8065,6 个月 · 全平台 · 全量 SKU · 2026-07-09,published
DJ504027_4,EU DC 悬浮床BXF-01L 铁管全拆装无床头-93款 HQ 黑色 140*200 一件一箱,ALL,AMAZON,C,T4B,2.8596,1.4550,1.4550,88.65,45.11,45.11,38,1.2258,6 个月 · 全平台 · 全量 SKU · 2026-07-09,published
DJ504027_4,EU DC 悬浮床BXF-01L 铁管全拆装无床头-93款 HQ 黑色 140*200 一件一箱,ALL,UNKNOWN,C,T4B,0.7651,0.3672,0.3672,23.72,11.38,11.38,19,0.6129,6 个月 · 全平台 · 全量 SKU · 2026-07-09,published
DJ504027_5,EU DC 悬浮床BXF-01L 铁管全拆装无床头-93款 HQ 黑色 160*200 一件一箱,ALL,AMAZON,C,T4B,2.1559,1.0969,1.0969,66.83,34.00,34.00,31,1.0000,6 个月 · 全平台 · 全量 SKU · 2026-07-09,published
DJ504027_5,EU DC 悬浮床BXF-01L 铁管全拆装无床头-93款 HQ 黑色 160*200 一件一箱,ALL,UNKNOWN,C,T4B,0.7317,0.2985,0.2985,22.68,9.25,9.25,21,0.6774,6 个月 · 全平台 · 全量 SKU · 2026-07-09,published
DJ504027_6,EU DC 悬浮床BXF-01L 铁管全拆装无床头-93款 HQ 黑色 180*200 一件一箱,ALL,AMAZON,C,T4B,1.4107,0.6771,0.6771,43.73,20.99,20.99,25,0.8065,6 个月 · 全平台 · 全量 SKU · 2026-07-09,published
DJ504027_6,EU DC 悬浮床BXF-01L 铁管全拆装无床头-93款 HQ 黑色 180*200 一件一箱,ALL,UNKNOWN,C,T4B,1.4580,0.6998,0.6998,45.20,21.69,21.69,37,1.1935,6 个月 · 全平台 · 全量 SKU · 2026-07-09,published
DJ504033_1,"US 床T-B2355F皇冠灯带137*190 颜色->#1,TX-001米白+粉2024-17绒布+黑色铁",ALL,UNKNOWN,B,T99,0.0000,0.0000,0.0000,0.00,0.00,0.00,15,0.4839,6 个月 · 全平台 · 全量 SKU · 2026-07-09,published
DJ504033_1,"US 床T-B2355F皇冠灯带137*190 颜色->#1,TX-001米白+粉2024-17绒布+黑色铁",ALL,WALMART,B,T99,0.0000,0.0000,0.0000,0.00,0.00,0.00,1,0.0323,6 个月 · 全平台 · 全量 SKU · 2026-07-09,published
DJ504034_1,"US 床T-B2355T皇冠灯带99*190 颜色->#1,TX-001米白+粉2024-17绒布+黑色铁",ALL,TIKTOK,B,T4B,2.1252,1.0813,1.0813,65.88,33.52,33.52,123,3.9677,6 个月 · 全平台 · 全量 SKU · 2026-07-09,published
DJ504034_1,"US 床T-B2355T皇冠灯带99*190 颜色->#1,TX-001米白+粉2024-17绒布+黑色铁",ALL,UNKNOWN,B,T4B,0.9440,0.3852,0.3852,29.26,11.94,11.94,34,1.0968,6 个月 · 全平台 · 全量 SKU · 2026-07-09,published
DJ504034_1,"US 床T-B2355T皇冠灯带99*190 颜色->#1,TX-001米白+粉2024-17绒布+黑色铁",ALL,WALMART,B,T4B,0.3633,0.1744,0.1744,11.26,5.41,5.41,7,0.2258,6 个月 · 全平台 · 全量 SKU · 2026-07-09,published
DJ504034_1_WF,"US 床T-B2355T皇冠灯带99*190 颜色->#1,TX-001米白+粉2024-17绒布+黑色铁",ALL,UNKNOWN,D,T4B,0.7286,0.3497,0.3497,22.59,10.84,10.84,25,0.8065,6 个月 · 全平台 · 全量 SKU · 2026-07-09,published
DJ504038_1,US 1.6米五层书架U型桌  一件一箱 颜色->火烧云,ALL,AMAZON,C,T3,3.9139,3.4934,3.4934,121.33,108.30,108.30,100,3.2258,6 个月 · 全平台 · 全量 SKU · 2026-07-09,published
DJ504038_1,US 1.6米五层书架U型桌  一件一箱 颜色->火烧云,ALL,TEMU,C,T99,0.0000,0.0000,0.0000,0.00,0.00,0.00,32,1.0323,6 个月 · 全平台 · 全量 SKU · 2026-07-09,published
DJ504038_1,US 1.6米五层书架U型桌  一件一箱 颜色->火烧云,ALL,TIKTOK,C,T99,0.0000,0.0000,0.0000,0.00,0.00,0.00,3,0.0968,6 个月 · 全平台 · 全量 SKU · 2026-07-09,published
DJ504038_1,US 1.6米五层书架U型桌  一件一箱 颜色->火烧云,ALL,UNKNOWN,C,T99,0.0000,0.0000,0.0000,0.00,0.00,0.00,12,0.3871,6 个月 · 全平台 · 全量 SKU · 2026-07-09,published
DJ504038_1,US 1.6米五层书架U型桌  一件一箱 颜色->火烧云,ALL,WALMART,C,T99,0.0000,0.0000,0.0000,0.00,0.00,0.00,3,0.0968,6 个月 · 全平台 · 全量 SKU · 2026-07-09,published
DJ504038_2,US 1.6米五层书架U型桌  一件一箱 颜色->黑色,ALL,AMAZON,C,T3,5.8590,4.9085,4.9085,181.63,152.16,152.16,134,4.3226,6 个月 · 全平台 · 全量 SKU · 2026-07-09,published
DJ504038_2,US 1.6米五层书架U型桌  一件一箱 颜色->黑色,ALL,TEMU,C,T99,0.0000,0.0000,0.0000,0.00,0.00,0.00,35,1.1290,6 个月 · 全平台 · 全量 SKU · 2026-07-09,published
DJ504038_2,US 1.6米五层书架U型桌  一件一箱 颜色->黑色,ALL,WALMART,C,T99,0.0000,0.0000,0.0000,0.00,0.00,0.00,3,0.0968,6 个月 · 全平台 · 全量 SKU · 2026-07-09,published
DJ504038_3,US 1.6米五层书架U型桌  一件一箱 颜色->白色,ALL,TEMU,C,T4B,0.4439,0.1811,0.1811,13.76,5.61,5.61,13,0.4194,6 个月 · 全平台 · 全量 SKU · 2026-07-09,published
DJ504038_3,US 1.6米五层书架U型桌  一件一箱 颜色->白色,ALL,TIKTOK,C,T99,0.0000,0.0000,0.0000,0.00,0.00,0.00,1,0.0323,6 个月 · 全平台 · 全量 SKU · 2026-07-09,published
DJ504040_1,EU FR板竹双开门面盆柜 左三开放格 一个一箱 颜色->白色,ALL,AMAZON,C,T4B,2.4674,1.0067,1.0067,76.49,31.21,31.21,96,3.0968,6 个月 · 全平台 · 全量 SKU · 2026-07-09,published
DJ504040_1,EU FR板竹双开门面盆柜 左三开放格 一个一箱 颜色->白色,ALL,UNKNOWN,C,T99,0.0000,0.0000,0.0000,0.00,0.00,0.00,0,0.0000,6 个月 · 全平台 · 全量 SKU · 2026-07-09,published
DJ504041_1,"US AG 2x3+3藤编交叉腿储物柜 一件一箱 尺码->#1,木色",ALL,AMAZON,B,T99,0.0000,0.0000,0.0000,0.00,0.00,0.00,0,0.0000,6 个月 · 全平台 · 全量 SKU · 2026-07-09,published
DJ504041_1,"US AG 2x3+3藤编交叉腿储物柜 一件一箱 尺码->#1,木色",ALL,UNKNOWN,B,T99,0.0000,0.0000,0.0000,0.00,0.00,0.00,0,0.0000,6 个月 · 全平台 · 全量 SKU · 2026-07-09,published
DJ504041_1,"US AG 2x3+3藤编交叉腿储物柜 一件一箱 尺码->#1,木色",ALL,WALMART,B,T99,0.0000,0.0000,0.0000,0.00,0.00,0.00,0,0.0000,6 个月 · 全平台 · 全量 SKU · 2026-07-09,published
DJ504041_2,"US AG 2x3+3藤编交叉腿储物柜 一件一箱 尺码->#2,黑色",ALL,AMAZON,C,T99,0.0000,0.0000,0.0000,0.00,0.00,0.00,0,0.0000,6 个月 · 全平台 · 全量 SKU · 2026-07-09,published
DJ504041_2,"US AG 2x3+3藤编交叉腿储物柜 一件一箱 尺码->#2,黑色",ALL,UNKNOWN,C,T99,0.0000,0.0000,0.0000,0.00,0.00,0.00,0,0.0000,6 个月 · 全平台 · 全量 SKU · 2026-07-09,published
DJ504041_2,"US AG 2x3+3藤编交叉腿储物柜 一件一箱 尺码->#2,黑色",ALL,WALMART,C,T99,0.0000,0.0000,0.0000,0.00,0.00,0.00,0,0.0000,6 个月 · 全平台 · 全量 SKU · 2026-07-09,published
DJ504043_1,EU FR板竹浴室柜 双开门 两层开放格 一个一箱 颜色->白色,ALL,UNKNOWN,C,T99,0.0000,0.0000,0.0000,0.00,0.00,0.00,5,0.1613,6 个月 · 全平台 · 全量 SKU · 2026-07-09,published
DJ504047_1,"US BF 电视柜 TV09 12抽1.4m无纺布斗柜电视柜灯带插座 颜色->#1,黑色纹路板+黑pu抽面",ALL,UNKNOWN,C,T99,0.0000,0.0000,0.0000,0.00,0.00,0.00,52,1.6774,6 个月 · 全平台 · 全量 SKU · 2026-07-09,published
DJ504048_1,"EU DC气动床BQD-01床头两层物+灯带+插排HQ603灰色麻布+火烧色一件两箱,90*200",ALL,AMAZON,C,T4B,1.4626,0.7021,0.7021,45.34,21.77,21.77,52,1.6774,6 个月 · 全平台 · 全量 SKU · 2026-07-09,published
DJ504048_2,"EU DC气动床BQD-01床头两层+灯带+插排HQ603灰色麻布+火烧色 一件两箱,140*190",ALL,AMAZON,C,T4B,1.7162,0.8732,0.8732,53.20,27.07,27.07,73,2.3548,6 个月 · 全平台 · 全量 SKU · 2026-07-09,published
DJ504048_3,EU DC气动床BQD-01床头两层+灯带+插排HQ603灰色麻布+火烧色 一件两箱140*200,ALL,AMAZON,C,T4B,1.2083,0.6148,0.6148,37.46,19.06,19.06,35,1.1290,6 个月 · 全平台 · 全量 SKU · 2026-07-09,published
DJ504048_3,EU DC气动床BQD-01床头两层+灯带+插排HQ603灰色麻布+火烧色 一件两箱140*200,ALL,UNKNOWN,C,T4B,0.2817,0.1352,0.1352,8.73,4.19,4.19,6,0.1935,6 个月 · 全平台 · 全量 SKU · 2026-07-09,published
DJ504048_4,EU DC气动床BQD-01床头两层+灯带+插排HQ603灰色麻布+火烧色 一件两箱160*200,ALL,AMAZON,C,T4B,1.7464,0.8383,0.8383,54.14,25.99,25.99,100,3.2258,6 个月 · 全平台 · 全量 SKU · 2026-07-09,published
DJ504048_4,EU DC气动床BQD-01床头两层+灯带+插排HQ603灰色麻布+火烧色 一件两箱160*200,ALL,UNKNOWN,C,T99,0.0000,0.0000,0.0000,0.00,0.00,0.00,2,0.0645,6 个月 · 全平台 · 全量 SKU · 2026-07-09,published
DJ504048_5,EU DC 气动床BQD-01 床头两层储物+灯带+插排HQ灰色麻布+火烧色 一件两箱 90*190,ALL,AMAZON,C,T99,0.0000,0.0000,0.0000,0.00,0.00,0.00,11,0.3548,6 个月 · 全平台 · 全量 SKU · 2026-07-09,published
DJ504048_6,EU DC 气动床BQD-01 床头两层储物+灯带+插排HQ灰色麻布+火烧色 一件两箱180*200,ALL,AMAZON,C,T99,0.0000,0.0000,0.0000,0.00,0.00,0.00,4,0.1290,6 个月 · 全平台 · 全量 SKU · 2026-07-09,published
DJ504049_1,EU DC气动床BQD-01床头两层+灯带+插排HQ603黑色PU+黑色 一件两箱90*200,ALL,AMAZON,C,T4B,0.5541,0.2660,0.2660,17.18,8.25,8.25,11,0.3548,6 个月 · 全平台 · 全量 SKU · 2026-07-09,published
DJ504050_1,"US 床BJS-590T低阁楼床下6抽屉含灯带99*190 颜色->#1,白色铁+白色板",ALL,AMAZON,C,T4B,4.2370,1.7567,1.7567,131.35,54.46,54.46,37,1.1935,6 个月 · 全平台 · 全量 SKU · 2026-07-09,published
DJ504050_3,"US 床BJS-590T低阁楼床下6抽屉含灯带99*190 颜色->#3,粉色铁+粉色板",ALL,WALMART,C,T4B,0.4473,0.2147,0.2147,13.87,6.66,6.66,4,0.1290,6 个月 · 全平台 · 全量 SKU · 2026-07-09,published
DJ504050_4,"US 床BJS-590T低阁楼床下6抽屉含灯带99*190 颜色->#4,黑色铁+黑色板+黑PU抽面",ALL,UNKNOWN,C,T4B,0.3489,0.1424,0.1424,10.82,4.41,4.41,7,0.2258,6 个月 · 全平台 · 全量 SKU · 2026-07-09,published
DJ504050_4,"US 床BJS-590T低阁楼床下6抽屉含灯带99*190 颜色->#4,黑色铁+黑色板+黑PU抽面",ALL,WALMART,C,T4B,0.5024,0.2050,0.2050,15.57,6.36,6.36,10,0.3226,6 个月 · 全平台 · 全量 SKU · 2026-07-09,published
DJ504052_1,EU AG 铁木床 洞洞板 欧标USB排插 灯带 火烧云 0.9*2m 一件一箱 颜色->火烧云,ALL,AMAZON,C,T99,0.0000,0.0000,0.0000,0.00,0.00,0.00,54,1.7419,6 个月 · 全平台 · 全量 SKU · 2026-07-09,published
DJ504055_1,EU AG 铁木床 洞洞板 欧标USB排插 灯带 火烧云 1.6*2m 一件一箱 颜色->火烧云,ALL,AMAZON,C,T99,0.0000,0.0000,0.0000,0.00,0.00,0.00,72,2.3226,6 个月 · 全平台 · 全量 SKU · 2026-07-09,published
DJ504059_1,US TS02 六抽音响架63in电视柜 颜色->火烧云,ALL,TIKTOK,D,T99,0.0000,0.0000,0.0000,0.00,0.00,0.00,0,0.0000,6 个月 · 全平台 · 全量 SKU · 2026-07-09,published
DJ504059_1,US TS02 六抽音响架63in电视柜 颜色->火烧云,ALL,UNKNOWN,D,T99,0.0000,0.0000,0.0000,0.00,0.00,0.00,0,0.0000,6 个月 · 全平台 · 全量 SKU · 2026-07-09,published
DJ504059_1,US TS02 六抽音响架63in电视柜 颜色->火烧云,ALL,WALMART,D,T99,0.0000,0.0000,0.0000,0.00,0.00,0.00,0,0.0000,6 个月 · 全平台 · 全量 SKU · 2026-07-09,published
DJ504065_3,EU DC 悬浮床 BXF-02L 床头槽灯菱形扣款-HQ108 灰色麻布 140*190,ALL,AMAZON,C,T4B,0.8645,0.4648,0.4648,26.80,14.41,14.41,110,3.5484,6 个月 · 全平台 · 全量 SKU · 2026-07-09,published
DJ504065_5,EU DC 悬浮床 BXF-02L 床头槽灯菱形扣款-HQ108 灰色麻布 160*200,ALL,TIKTOK,C,T99,0.0000,0.0000,0.0000,0.00,0.00,0.00,1,0.0323,6 个月 · 全平台 · 全量 SKU · 2026-07-09,published
DJ504065_5,EU DC 悬浮床 BXF-02L 床头槽灯菱形扣款-HQ108 灰色麻布 160*200,ALL,UNKNOWN,C,T99,0.0000,0.0000,0.0000,0.00,0.00,0.00,2,0.0645,6 个月 · 全平台 · 全量 SKU · 2026-07-09,published
DJ504066_1,EU FR板竹浴室窄高柜 上下单开门 一个一箱 颜色->白色,ALL,AMAZON,C,T4B,2.8799,1.1750,1.1750,89.28,36.43,36.43,107,3.4516,6 个月 · 全平台 · 全量 SKU · 2026-07-09,published
DJ504067_1,EU VD板竹上下双开门浴室高柜 一个一箱  颜色->白色,ALL,AMAZON,B,T3,5.9350,6.0901,6.0901,183.99,188.79,188.79,185,5.9677,6 个月 · 全平台 · 全量 SKU · 2026-07-09,published
DJ504068_3,"EU BW悬浮床BXF-Q01床头两层+灯带+插排HQ602灰色麻布+火烧色一件两箱,140*190",ALL,AMAZON,B,T3,3.9804,4.0122,4.0122,123.39,124.38,124.38,2,0.0645,6 个月 · 全平台 · 全量 SKU · 2026-07-09,published
DJ504068_5,"EU BW悬浮床BXF-Q01床头两层+灯带+插排HQ602灰色麻布+火烧色一件两箱,160*200",ALL,AMAZON,C,T4B,1.5557,0.6347,0.6347,48.23,19.68,19.68,71,2.2903,6 个月 · 全平台 · 全量 SKU · 2026-07-09,published
DJ504068_51,EU BW 悬浮床BXF-Q01床头两层+灯带+插排HQ602白色麻布+原木色一件两箱140*190,ALL,AMAZON,C,T4B,0.8770,0.4210,0.4210,27.19,13.05,13.05,107,3.4516,6 个月 · 全平台 · 全量 SKU · 2026-07-09,published
DJ504068_52,EU BW悬浮床BXF-Q01床头两层+灯带+插排HQ602白色麻布+原木色 一件两箱140*200,ALL,AMAZON,C,T4B,0.5945,0.2854,0.2854,18.43,8.85,8.85,87,2.8065,6 个月 · 全平台 · 全量 SKU · 2026-07-09,published
DJ504068_53,EU BW 悬浮床BXF-Q01床头两层+灯带+插排HQ602白色麻布+原木色一件两箱160*200,ALL,AMAZON,C,T4B,0.8441,0.4051,0.4051,26.17,12.56,12.56,52,1.6774,6 个月 · 全平台 · 全量 SKU · 2026-07-09,published
DJ504068_54,EU BW 悬浮床BXF-Q01床头两层+灯带+插排HQ602白色麻布+原木色一件两箱180*200,ALL,AMAZON,C,T4B,1.1620,0.5578,0.5578,36.02,17.29,17.29,52,1.6774,6 个月 · 全平台 · 全量 SKU · 2026-07-09,published
DJ504068_6,"EU BW悬浮床BXF-Q01床头两层+灯带+插排HQ602灰色麻布+火烧色一件两箱,180*200",ALL,AMAZON,B,T3,4.1741,4.3828,4.3828,129.40,135.87,135.87,78,2.5161,6 个月 · 全平台 · 全量 SKU · 2026-07-09,published
DJ504072_1,"US AG 2x2+3藤编交叉腿储物柜 一件一箱 尺码->#1,木色",ALL,UNKNOWN,C,T99,0.0000,0.0000,0.0000,0.00,0.00,0.00,0,0.0000,6 个月 · 全平台 · 全量 SKU · 2026-07-09,published
DJ504073_1,US L型桌带X字抽储物文件柜  一件一箱   颜色->橡木棕+白,ALL,AMAZON,B,T2,8.0221,6.2572,6.2572,248.69,193.97,193.97,214,6.9032,6 个月 · 全平台 · 全量 SKU · 2026-07-09,published
DJ504073_1_WF,US L型桌带X字抽储物文件柜  一件一箱   颜色->橡木棕+白,ALL,UNKNOWN,D,T99,0.0000,0.0000,0.0000,0.00,0.00,0.00,48,1.5484,6 个月 · 全平台 · 全量 SKU · 2026-07-09,published
DJ504073_1_WF,US L型桌带X字抽储物文件柜  一件一箱   颜色->橡木棕+白,ALL,WALMART,D,T99,0.0000,0.0000,0.0000,0.00,0.00,0.00,0,0.0000,6 个月 · 全平台 · 全量 SKU · 2026-07-09,published
DJ504073_2,US L型桌带X字抽储物文件柜  一件一箱   颜色->橡木棕+黑,ALL,TEMU,C,T99,0.0000,0.0000,0.0000,0.00,0.00,0.00,6,0.1935,6 个月 · 全平台 · 全量 SKU · 2026-07-09,published
DJ504073_2,US L型桌带X字抽储物文件柜  一件一箱   颜色->橡木棕+黑,ALL,WALMART,C,T99,0.0000,0.0000,0.0000,0.00,0.00,0.00,11,0.3548,6 个月 · 全平台 · 全量 SKU · 2026-07-09,published
DJ504073_2_WF,US L型桌带X字抽储物文件柜  一件一箱   颜色->橡木棕+黑,ALL,UNKNOWN,D,T99,0.0000,0.0000,0.0000,0.00,0.00,0.00,44,1.4194,6 个月 · 全平台 · 全量 SKU · 2026-07-09,published
DJ504073_3_WF,US L型桌带X字抽储物文件柜  一件一箱   颜色->黑+白,ALL,UNKNOWN,D,T99,0.0000,0.0000,0.0000,0.00,0.00,0.00,43,1.3871,6 个月 · 全平台 · 全量 SKU · 2026-07-09,published
DJ504076_1,EU 好莱坞灯大镜面梳妆台三抽两柜 一件两箱 颜色->白色,ALL,AMAZON,C,T99,0.0000,0.0000,0.0000,0.00,0.00,0.00,0,0.0000,6 个月 · 全平台 · 全量 SKU · 2026-07-09,published
DJ504078_1,US DC 铁木床 CBF-04L 方管铁木角落床带抽 128 黑色 T 一件一箱,ALL,AMAZON,B,T3,7.0694,5.9313,5.9313,219.15,183.87,183.87,184,5.9355,6 个月 · 全平台 · 全量 SKU · 2026-07-09,published
DJ504078_1,US DC 铁木床 CBF-04L 方管铁木角落床带抽 128 黑色 T 一件一箱,ALL,TIKTOK,B,T99,0.0000,0.0000,0.0000,0.00,0.00,0.00,0,0.0000,6 个月 · 全平台 · 全量 SKU · 2026-07-09,published
DJ504078_2,US DC 铁木床 CBF-04L 方管铁木角落床带抽 128 黑色 TXL 一件一箱,ALL,AMAZON,C,T4B,3.4754,1.4180,1.4180,107.74,43.96,43.96,69,2.2258,6 个月 · 全平台 · 全量 SKU · 2026-07-09,published
DJ504078_3,US DC 铁木床 CBF-04L 方管铁木角落床带抽 128 黑色 F 一件一箱,ALL,AMAZON,B,T3,7.5817,6.2170,6.2170,235.03,192.73,192.73,138,4.4516,6 个月 · 全平台 · 全量 SKU · 2026-07-09,published
DJ504078_3,US DC 铁木床 CBF-04L 方管铁木角落床带抽 128 黑色 F 一件一箱,ALL,WALMART,B,T4B,0.5854,0.2810,0.2810,18.15,8.71,8.71,18,0.5806,6 个月 · 全平台 · 全量 SKU · 2026-07-09,published
DJ504078_3_WF,US DC 铁木床 CBF-04L 方管铁木角落床带抽 128 黑色 F 一件一箱,ALL,UNKNOWN,D,T99,0.0000,0.0000,0.0000,0.00,0.00,0.00,1,0.0323,6 个月 · 全平台 · 全量 SKU · 2026-07-09,published
DJ504081_1,US DC 铁木床 CBF-04L 方管铁木角落床带抽 128 橡木灰 T 一件一箱,ALL,AMAZON,B,T3,5.1674,4.2373,4.2373,160.19,131.36,131.36,59,1.9032,6 个月 · 全平台 · 全量 SKU · 2026-07-09,published
DJ504081_1,US DC 铁木床 CBF-04L 方管铁木角落床带抽 128 橡木灰 T 一件一箱,ALL,WALMART,B,T4B,0.7056,0.3387,0.3387,21.87,10.50,10.50,12,0.3871,6 个月 · 全平台 · 全量 SKU · 2026-07-09,published
DJ504081_3,US DC 铁木床 CBF-04L 方管铁木角落床带抽 128 橡木灰 F 一件一箱,ALL,TIKTOK,C,T99,0.0000,0.0000,0.0000,0.00,0.00,0.00,0,0.0000,6 个月 · 全平台 · 全量 SKU · 2026-07-09,published
DJ504081_3_WF,US DC 铁木床 CBF-04L 方管铁木角落床带抽 128 橡木灰 F 一件一箱,ALL,UNKNOWN,D,T99,0.0000,0.0000,0.0000,0.00,0.00,0.00,0,0.0000,6 个月 · 全平台 · 全量 SKU · 2026-07-09,published
DJ504085_1,US 单人L高桌5布抽低价款 一件一箱 颜色->火烧云,ALL,AMAZON,B,T2,7.8367,5.6793,5.6793,242.94,176.06,176.06,261,8.4194,6 个月 · 全平台 · 全量 SKU · 2026-07-09,published
DJ504085_1,US 单人L高桌5布抽低价款 一件一箱 颜色->火烧云,ALL,WALMART,B,T4B,0.3454,0.1757,0.1757,10.71,5.45,5.45,14,0.4516,6 个月 · 全平台 · 全量 SKU · 2026-07-09,published
DJ504085_2,US 单人L高桌5布抽低价款 一件一箱 颜色->黑麻,ALL,AMAZON,B,T2,11.7877,8.5427,8.5427,365.42,264.82,264.82,308,9.9355,6 个月 · 全平台 · 全量 SKU · 2026-07-09,published
DJ504085_2,US 单人L高桌5布抽低价款 一件一箱 颜色->黑麻,ALL,TEMU,B,T4B,2.3541,1.2656,1.2656,72.98,39.23,39.23,80,2.5806,6 个月 · 全平台 · 全量 SKU · 2026-07-09,published
DJ504085_2,US 单人L高桌5布抽低价款 一件一箱 颜色->黑麻,ALL,UNKNOWN,B,T4B,0.3445,0.1852,0.1852,10.68,5.74,5.74,18,0.5806,6 个月 · 全平台 · 全量 SKU · 2026-07-09,published
DJ504085_2,US 单人L高桌5布抽低价款 一件一箱 颜色->黑麻,ALL,WALMART,B,T4B,1.1343,0.6098,0.6098,35.16,18.90,18.90,70,2.2581,6 个月 · 全平台 · 全量 SKU · 2026-07-09,published
DJ504085_3,US 单人L高桌5布抽低价款 一件一箱 颜色->白麻,ALL,AMAZON,B,T3,5.8625,5.3429,5.3429,181.74,165.63,165.63,186,6.0000,6 个月 · 全平台 · 全量 SKU · 2026-07-09,published
DJ504085_3,US 单人L高桌5布抽低价款 一件一箱 颜色->白麻,ALL,TEMU,B,T4B,2.0438,0.8339,0.8339,63.36,25.85,25.85,61,1.9677,6 个月 · 全平台 · 全量 SKU · 2026-07-09,published
DJ504085_3,US 单人L高桌5布抽低价款 一件一箱 颜色->白麻,ALL,UNKNOWN,B,T4B,0.5808,0.2788,0.2788,18.00,8.64,8.64,21,0.6774,6 个月 · 全平台 · 全量 SKU · 2026-07-09,published
DJ504085_3,US 单人L高桌5布抽低价款 一件一箱 颜色->白麻,ALL,WALMART,B,T4B,0.2570,0.1308,0.1308,7.97,4.05,4.05,12,0.3871,6 个月 · 全平台 · 全量 SKU · 2026-07-09,published
DJ504086,US BF 书柜 NT20 实木风三抽波浪纹带侧面储物一件一箱,ALL,WALMART,C,T99,0.0000,0.0000,0.0000,0.00,0.00,0.00,0,0.0000,6 个月 · 全平台 · 全量 SKU · 2026-07-09,published
DJ504088_1,VD10转角镜子开门梳妆台带凳子 一件一箱 颜色->白色,ALL,TIKTOK,B,T4B,0.3239,0.1648,0.1648,10.04,5.11,5.11,59,1.9032,6 个月 · 全平台 · 全量 SKU · 2026-07-09,published
DJ504088_1,VD10转角镜子开门梳妆台带凳子 一件一箱 颜色->白色,ALL,UNKNOWN,B,T99,0.0000,0.0000,0.0000,0.00,0.00,0.00,14,0.4516,6 个月 · 全平台 · 全量 SKU · 2026-07-09,published
DJ504088_1_WF,VD10转角镜子开门梳妆台带凳子 一件一箱 颜色->白色,ALL,UNKNOWN,D,T99,0.0000,0.0000,0.0000,0.00,0.00,0.00,0,0.0000,6 个月 · 全平台 · 全量 SKU · 2026-07-09,published
DJ504088_2,VD10转角镜子开门梳妆台带凳子 一件一箱 颜色->黑色,ALL,AMAZON,B,T4B,3.6474,1.4881,1.4881,113.07,46.13,46.13,100,3.2258,6 个月 · 全平台 · 全量 SKU · 2026-07-09,published
DJ504088_2,VD10转角镜子开门梳妆台带凳子 一件一箱 颜色->黑色,ALL,TIKTOK,B,T4B,0.3581,0.1925,0.1925,11.10,5.97,5.97,23,0.7419,6 个月 · 全平台 · 全量 SKU · 2026-07-09,published
DJ504088_4,"VD10转角镜子开门梳妆台带凳子 一件一箱 颜色->#4,原木色",ALL,TIKTOK,C,T4B,0.4214,0.2266,0.2266,13.06,7.02,7.02,58,1.8710,6 个月 · 全平台 · 全量 SKU · 2026-07-09,published
DJ504091_1,EU AG 2抽斜封边抽面边桌 排插灯带 一件一箱 颜色->黑色,ALL,AMAZON,C,T3,4.5242,4.1613,4.1613,140.25,129.00,129.00,201,6.4839,6 个月 · 全平台 · 全量 SKU · 2026-07-09,published
DJ504091_2,EU AG 2抽斜封边抽面边桌 排插灯带 一件一箱 颜色->白色,ALL,AMAZON,C,T4A,3.7108,1.7218,1.7218,115.03,53.38,53.38,214,6.9032,6 个月 · 全平台 · 全量 SKU · 2026-07-09,published
DJ504092_1,"US AG 两抽波浪凹槽抽面边桌 一件一箱 尺码->#1,黑色",ALL,WALMART,C,T99,0.0000,0.0000,0.0000,0.00,0.00,0.00,1,0.0323,6 个月 · 全平台 · 全量 SKU · 2026-07-09,published
DJ504092_2,"US AG 两抽波浪凹槽抽面边桌 一件一箱 尺码->#2,木色",ALL,AMAZON,C,T3,9.3894,7.6993,7.6993,291.07,238.68,238.68,204,6.5806,6 个月 · 全平台 · 全量 SKU · 2026-07-09,published
DJ504093_1,"US AG 谷仓门乡村风灯泡书桌 一件一箱 尺码->#1,仿古白",ALL,AMAZON,B,T3,5.9874,5.3887,5.3887,185.61,167.05,167.05,171,5.5161,6 个月 · 全平台 · 全量 SKU · 2026-07-09,published
DJ504093_2,"US AG 谷仓门乡村风灯泡书桌 一件一箱 尺码->#2,仿古橡木",ALL,TIKTOK,C,T4B,0.2095,0.1006,0.1006,6.49,3.12,3.12,1,0.0323,6 个月 · 全平台 · 全量 SKU · 2026-07-09,published
DJ504093_2,"US AG 谷仓门乡村风灯泡书桌 一件一箱 尺码->#2,仿古橡木",ALL,WALMART,C,T99,0.0000,0.0000,0.0000,0.00,0.00,0.00,1,0.0323,6 个月 · 全平台 · 全量 SKU · 2026-07-09,published
DJ504094_1,"US AG 大款谷仓门乡村风LED镜书桌 一件一箱 尺码->#1,仿古白",ALL,AMAZON,B,T3,4.1044,3.6288,3.6288,127.24,112.49,112.49,108,3.4839,6 个月 · 全平台 · 全量 SKU · 2026-07-09,published
DJ504094_1,"US AG 大款谷仓门乡村风LED镜书桌 一件一箱 尺码->#1,仿古白",ALL,TIKTOK,B,T99,0.0000,0.0000,0.0000,0.00,0.00,0.00,2,0.0645,6 个月 · 全平台 · 全量 SKU · 2026-07-09,published
DJ504094_1,"US AG 大款谷仓门乡村风LED镜书桌 一件一箱 尺码->#1,仿古白",ALL,WALMART,B,T99,0.0000,0.0000,0.0000,0.00,0.00,0.00,2,0.0645,6 个月 · 全平台 · 全量 SKU · 2026-07-09,published
DJ504094_2,"US AG 大款谷仓门乡村风LED镜书桌 一件一箱 尺码->#2,仿古橡木",ALL,AMAZON,C,T4A,2.9155,1.3528,1.3528,90.38,41.94,41.94,97,3.1290,6 个月 · 全平台 · 全量 SKU · 2026-07-09,published
DJ504101_1,EU AG 铁木软包床 火烧云置物层 欧标USB排插 灯带 1.4*1.9m 一件一箱 颜色->深灰色,ALL,AMAZON,C,T4B,3.0553,1.2466,1.2466,94.71,38.64,38.64,192,6.1935,6 个月 · 全平台 · 全量 SKU · 2026-07-09,published
DJ504103_1,EU AG 铁木软包床 火烧云置物层 欧标USB排插 灯带 1.6*2m 一件一箱 颜色->深灰色,ALL,AMAZON,C,T4B,1.1976,0.4886,0.4886,37.13,15.15,15.15,126,4.0645,6 个月 · 全平台 · 全量 SKU · 2026-07-09,published
DJ504104_1,"US 床BJS-592T布抽日间床含灯带、插盘99*190 颜色->#1,黑色+火烧云",ALL,AMAZON,C,T4B,1.8409,0.7511,0.7511,57.07,23.28,23.28,22,0.7097,6 个月 · 全平台 · 全量 SKU · 2026-07-09,published
DJ504104_1,"US 床BJS-592T布抽日间床含灯带、插盘99*190 颜色->#1,黑色+火烧云",ALL,TEMU,C,T99,0.0000,0.0000,0.0000,0.00,0.00,0.00,10,0.3226,6 个月 · 全平台 · 全量 SKU · 2026-07-09,published
DJ504104_1,"US 床BJS-592T布抽日间床含灯带、插盘99*190 颜色->#1,黑色+火烧云",ALL,WALMART,C,T99,0.0000,0.0000,0.0000,0.00,0.00,0.00,1,0.0323,6 个月 · 全平台 · 全量 SKU · 2026-07-09,published
DJ504104_2,"US 床BJS-592T布抽日间床含灯带插盘99*190 颜色->#2,纯白",ALL,AMAZON,C,T4B,1.8113,0.7390,0.7390,56.15,22.91,22.91,53,1.7097,6 个月 · 全平台 · 全量 SKU · 2026-07-09,published
DJ504104_2,"US 床BJS-592T布抽日间床含灯带插盘99*190 颜色->#2,纯白",ALL,UNKNOWN,C,T99,0.0000,0.0000,0.0000,0.00,0.00,0.00,0,0.0000,6 个月 · 全平台 · 全量 SKU · 2026-07-09,published
DJ504104_3,"US 床BJS-592T布抽日间床含灯带、插盘99*190 颜色->#3,火烧云",ALL,WALMART,C,T99,0.0000,0.0000,0.0000,0.00,0.00,0.00,6,0.1935,6 个月 · 全平台 · 全量 SKU · 2026-07-09,published
DJ504105_1,"US 床BJS-593T软包菱格日间床含灯带插盘99*190 颜色->#1,黑色PU",ALL,AMAZON,C,T4B,2.1065,1.0718,1.0718,65.30,33.23,33.23,19,0.6129,6 个月 · 全平台 · 全量 SKU · 2026-07-09,published
DJ504105_1,"US 床BJS-593T软包菱格日间床含灯带插盘99*190 颜色->#1,黑色PU",ALL,TIKTOK,C,T99,0.0000,0.0000,0.0000,0.00,0.00,0.00,0,0.0000,6 个月 · 全平台 · 全量 SKU · 2026-07-09,published
DJ504105_1,"US 床BJS-593T软包菱格日间床含灯带插盘99*190 颜色->#1,黑色PU",ALL,UNKNOWN,C,T4B,0.1704,0.0867,0.0867,5.28,2.69,2.69,4,0.1290,6 个月 · 全平台 · 全量 SKU · 2026-07-09,published
DJ504105_2,"US 床BJS-593T软包菱格日间床含灯带插盘99*190 颜色->#2,白铁+白色绒布+浅木色",ALL,AMAZON,C,T4B,1.7204,0.8258,0.8258,53.33,25.60,25.60,16,0.5161,6 个月 · 全平台 · 全量 SKU · 2026-07-09,published
DJ504105_2,"US 床BJS-593T软包菱格日间床含灯带插盘99*190 颜色->#2,白铁+白色绒布+浅木色",ALL,TEMU,C,T99,0.0000,0.0000,0.0000,0.00,0.00,0.00,2,0.0645,6 个月 · 全平台 · 全量 SKU · 2026-07-09,published
DJ504105_3,"US 床BJS-593T软包菱格日间床含灯带插盘99*190 颜色->#3,黑铁+灰色麻布+火烧云",ALL,TEMU,D,T99,0.0000,0.0000,0.0000,0.00,0.00,0.00,0,0.0000,6 个月 · 全平台 · 全量 SKU · 2026-07-09,published
DJ504105_3,"US 床BJS-593T软包菱格日间床含灯带插盘99*190 颜色->#3,黑铁+灰色麻布+火烧云",ALL,UNKNOWN,D,T99,0.0000,0.0000,0.0000,0.00,0.00,0.00,0,0.0000,6 个月 · 全平台 · 全量 SKU · 2026-07-09,published
DJ504105_3,"US 床BJS-593T软包菱格日间床含灯带插盘99*190 颜色->#3,黑铁+灰色麻布+火烧云",ALL,WALMART,D,T99,0.0000,0.0000,0.0000,0.00,0.00,0.00,0,0.0000,6 个月 · 全平台 · 全量 SKU · 2026-07-09,published
DJ504106_1,EU AG 悬浮床 软包床头 铁框架 灯带 USB插排 1.4*1.9m 一件一箱 颜色->深灰色,ALL,AMAZON,B,T4B,2.9678,1.2109,1.2109,92.00,37.54,37.54,156,5.0323,6 个月 · 全平台 · 全量 SKU · 2026-07-09,published
DJ504106_2,EU AG 悬浮床 软包床头 铁框架 灯带 USB插排 1.4*1.9m 一件一箱 颜色->白色,ALL,AMAZON,C,T4B,1.3713,0.5595,0.5595,42.51,17.34,17.34,38,1.2258,6 个月 · 全平台 · 全量 SKU · 2026-07-09,published
DJ504106_3,EU AG 悬浮床 软包床头 铁框架 灯带 USB插排 1.4*1.9m 一件一箱 颜色->米白,ALL,AMAZON,C,T4B,0.8094,0.3302,0.3302,25.09,10.24,10.24,29,0.9355,6 个月 · 全平台 · 全量 SKU · 2026-07-09,published
DJ504106_3,EU AG 悬浮床 软包床头 铁框架 灯带 USB插排 1.4*1.9m 一件一箱 颜色->米白,ALL,UNKNOWN,C,T99,0.0000,0.0000,0.0000,0.00,0.00,0.00,1,0.0323,6 个月 · 全平台 · 全量 SKU · 2026-07-09,published
DJ504107_1,EU AG 悬浮床 软包床头 铁框架 灯带 USB插排 1.4*2m 一件一箱 颜色->深灰色,ALL,TIKTOK,C,T99,0.0000,0.0000,0.0000,0.00,0.00,0.00,0,0.0000,6 个月 · 全平台 · 全量 SKU · 2026-07-09,published
DJ504107_1,EU AG 悬浮床 软包床头 铁框架 灯带 USB插排 1.4*2m 一件一箱 颜色->深灰色,ALL,UNKNOWN,C,T4B,1.9726,0.9468,0.9468,61.15,29.35,29.35,52,1.6774,6 个月 · 全平台 · 全量 SKU · 2026-07-09,published
DJ504107_2,EU AG 悬浮床 软包床头 铁框架 灯带 USB插排 1.4*2m 一件一箱 颜色->白色,ALL,AMAZON,C,T4B,1.1839,0.4830,0.4830,36.70,14.97,14.97,82,2.6452,6 个月 · 全平台 · 全量 SKU · 2026-07-09,published
DJ504107_3,EU AG 悬浮床 软包床头 铁框架 灯带 USB插排 1.4*2m 一件一箱 颜色->米白,ALL,AMAZON,C,T4B,0.6152,0.2510,0.2510,19.07,7.78,7.78,38,1.2258,6 个月 · 全平台 · 全量 SKU · 2026-07-09,published
DJ504107_3,EU AG 悬浮床 软包床头 铁框架 灯带 USB插排 1.4*2m 一件一箱 颜色->米白,ALL,UNKNOWN,C,T4B,0.3467,0.1864,0.1864,10.75,5.78,5.78,18,0.5806,6 个月 · 全平台 · 全量 SKU · 2026-07-09,published
DJ504108_1,EU AG 悬浮床 软包床头 铁框架 灯带 USB插排 1.6*2m 一件一箱 颜色->深灰色,ALL,UNKNOWN,C,T4B,0.6241,0.2546,0.2546,19.35,7.89,7.89,20,0.6452,6 个月 · 全平台 · 全量 SKU · 2026-07-09,published
DJ504108_2,EU AG 悬浮床 软包床头 铁框架 灯带 USB插排 1.6*2m 一件一箱 颜色->白色,ALL,AMAZON,C,T4B,0.7908,0.4251,0.4251,24.51,13.18,13.18,38,1.2258,6 个月 · 全平台 · 全量 SKU · 2026-07-09,published
DJ504108_2,EU AG 悬浮床 软包床头 铁框架 灯带 USB插排 1.6*2m 一件一箱 颜色->白色,ALL,UNKNOWN,C,T99,0.0000,0.0000,0.0000,0.00,0.00,0.00,3,0.0968,6 个月 · 全平台 · 全量 SKU · 2026-07-09,published
DJ504114_1,EU BW 铁木床IW-01带灯带欧标插排 HQ 黑色火烧云 90*200 一件一箱,ALL,AMAZON,D,T99,0.0000,0.0000,0.0000,0.00,0.00,0.00,0,0.0000,6 个月 · 全平台 · 全量 SKU · 2026-07-09,published
DJ504114_3,EU BW 铁木床IW-01带灯带欧标插排 HQ 黑色火烧云 140*190 一件一箱,ALL,AMAZON,D,T99,0.0000,0.0000,0.0000,0.00,0.00,0.00,0,0.0000,6 个月 · 全平台 · 全量 SKU · 2026-07-09,published
DJ504115_1,EU DC 铁木床IW-01带灯带欧标插排 HQ 黑色火烧云 90*200 一件一箱,ALL,AMAZON,D,T99,0.0000,0.0000,0.0000,0.00,0.00,0.00,0,0.0000,6 个月 · 全平台 · 全量 SKU · 2026-07-09,published
DJ504115_3,EU DC 铁木床IW-01带灯带欧标插排 HQ 黑色火烧云 140*190 一件一箱,ALL,AMAZON,D,T99,0.0000,0.0000,0.0000,0.00,0.00,0.00,0,0.0000,6 个月 · 全平台 · 全量 SKU · 2026-07-09,published
DJ504115_3,EU DC 铁木床IW-01带灯带欧标插排 HQ 黑色火烧云 140*190 一件一箱,ALL,TIKTOK,D,T99,0.0000,0.0000,0.0000,0.00,0.00,0.00,0,0.0000,6 个月 · 全平台 · 全量 SKU · 2026-07-09,published
DJ504115_4,EU DC 铁木床IW-01带灯带欧标插排 HQ 黑色火烧云 140*200 一件一箱,ALL,AMAZON,D,T99,0.0000,0.0000,0.0000,0.00,0.00,0.00,0,0.0000,6 个月 · 全平台 · 全量 SKU · 2026-07-09,published
DJ504118_1,US床T-B715F床头置物软包床前后铝材灯带四抽含垫137*193 颜色黑色PU,ALL,TIKTOK,C,T99,0.0000,0.0000,0.0000,0.00,0.00,0.00,4,0.1290,6 个月 · 全平台 · 全量 SKU · 2026-07-09,published
DJ504118_1,US床T-B715F床头置物软包床前后铝材灯带四抽含垫137*193 颜色黑色PU,ALL,UNKNOWN,C,T4B,0.4402,0.1796,0.1796,13.65,5.57,5.57,19,0.6129,6 个月 · 全平台 · 全量 SKU · 2026-07-09,published
DJ504118_1,US床T-B715F床头置物软包床前后铝材灯带四抽含垫137*193 颜色黑色PU,ALL,WALMART,C,T99,0.0000,0.0000,0.0000,0.00,0.00,0.00,0,0.0000,6 个月 · 全平台 · 全量 SKU · 2026-07-09,published
DJ504119_1,US床T-B715T床头置物软包床前后铝材灯带四抽含垫99*190 颜色黑色PU,ALL,AMAZON,C,T4B,1.3160,0.5369,0.5369,40.80,16.64,16.64,18,0.5806,6 个月 · 全平台 · 全量 SKU · 2026-07-09,published
DJ504119_1,US床T-B715T床头置物软包床前后铝材灯带四抽含垫99*190 颜色黑色PU,ALL,TIKTOK,C,T4B,0.3104,0.1669,0.1669,9.62,5.17,5.17,5,0.1613,6 个月 · 全平台 · 全量 SKU · 2026-07-09,published
DJ504119_1,US床T-B715T床头置物软包床前后铝材灯带四抽含垫99*190 颜色黑色PU,ALL,UNKNOWN,C,T4B,0.2395,0.1150,0.1150,7.42,3.57,3.57,1,0.0323,6 个月 · 全平台 · 全量 SKU · 2026-07-09,published
DJ504119_1,US床T-B715T床头置物软包床前后铝材灯带四抽含垫99*190 颜色黑色PU,ALL,WALMART,C,T99,0.0000,0.0000,0.0000,0.00,0.00,0.00,0,0.0000,6 个月 · 全平台 · 全量 SKU · 2026-07-09,published
DJ504124_2,US 1.5米两抽带亚克力门文件柜 一件一箱 颜色->白色,ALL,AMAZON,D,T99,0.0000,0.0000,0.0000,0.00,0.00,0.00,0,0.0000,6 个月 · 全平台 · 全量 SKU · 2026-07-09,published
DJ504125_1,US DC 悬浮床BXF-01L 铁管全拆 HQ -75改 黑色 F 一件一箱,ALL,AMAZON,C,T99,0.0000,0.0000,0.0000,0.00,0.00,0.00,6,0.1935,6 个月 · 全平台 · 全量 SKU · 2026-07-09,published
DJ504125_1,US DC 悬浮床BXF-01L 铁管全拆 HQ -75改 黑色 F 一件一箱,ALL,UNKNOWN,C,T4B,0.4176,0.2245,0.2245,12.95,6.96,6.96,10,0.3226,6 个月 · 全平台 · 全量 SKU · 2026-07-09,published
DJ504125_1,US DC 悬浮床BXF-01L 铁管全拆 HQ -75改 黑色 F 一件一箱,ALL,WALMART,C,T4B,1.1907,0.5715,0.5715,36.91,17.72,17.72,59,1.9032,6 个月 · 全平台 · 全量 SKU · 2026-07-09,published
DJ504125_2,US DC 悬浮床BXF-01L 铁管全拆 HQ -75改 黑色 Q 一件一箱,ALL,UNKNOWN,B,T4B,1.5337,0.7803,0.7803,47.54,24.19,24.19,3,0.0968,6 个月 · 全平台 · 全量 SKU · 2026-07-09,published
DJ504125_2,US DC 悬浮床BXF-01L 铁管全拆 HQ -75改 黑色 Q 一件一箱,ALL,WALMART,B,T3P,11.3281,9.6289,9.6289,351.17,298.50,298.50,12,0.3871,6 个月 · 全平台 · 全量 SKU · 2026-07-09,published
DJ504125_3,US DC 悬浮床BXF-01L 铁管全拆 HQ -75改 黑色 K 一件一箱,ALL,TEMU,C,T99,0.0000,0.0000,0.0000,0.00,0.00,0.00,0,0.0000,6 个月 · 全平台 · 全量 SKU · 2026-07-09,published
DJ504125_4,US DC 悬浮床BXF-01L 铁管全拆 HQ -75改 黑色 CK 一件一箱,ALL,AMAZON,C,T4B,3.4046,1.4733,1.4733,105.54,45.67,45.67,27,0.8710,6 个月 · 全平台 · 全量 SKU · 2026-07-09,published
DJ504125_4,US DC 悬浮床BXF-01L 铁管全拆 HQ -75改 黑色 CK 一件一箱,ALL,WALMART,C,T4B,1.0508,0.4287,0.4287,32.57,13.29,13.29,21,0.6774,6 个月 · 全平台 · 全量 SKU · 2026-07-09,published
DJ504125_5,US DC 悬浮床BXF-01L 铁管全拆 HQ -75改 黑色 T 一件一箱,ALL,AMAZON,C,T99,0.0000,0.0000,0.0000,0.00,0.00,0.00,1,0.0323,6 个月 · 全平台 · 全量 SKU · 2026-07-09,published
DJ504125_5,US DC 悬浮床BXF-01L 铁管全拆 HQ -75改 黑色 T 一件一箱,ALL,TIKTOK,C,T99,0.0000,0.0000,0.0000,0.00,0.00,0.00,10,0.3226,6 个月 · 全平台 · 全量 SKU · 2026-07-09,published
DJ504125_6,US DC 悬浮床BXF-01L 铁管全拆 HQ -75改 黑色 TXL 一件一箱,ALL,WALMART,C,T4B,0.7777,0.3733,0.3733,24.11,11.57,11.57,20,0.6452,6 个月 · 全平台 · 全量 SKU · 2026-07-09,published
DJ504128_3,US 1.4米三抽L桌高桌带置物架 一件一箱 颜色->火烧云,ALL,AMAZON,D,T99,0.0000,0.0000,0.0000,0.00,0.00,0.00,0,0.0000,6 个月 · 全平台 · 全量 SKU · 2026-07-09,published
DJ504128_3,US 1.4米三抽L桌高桌带置物架 一件一箱 颜色->火烧云,ALL,UNKNOWN,D,T99,0.0000,0.0000,0.0000,0.00,0.00,0.00,0,0.0000,6 个月 · 全平台 · 全量 SKU · 2026-07-09,published
DJ504129_1,US 轻奢风吸塑1m文件柜 一件一箱 颜色->原木色,ALL,AMAZON,B,T3,4.2437,3.8193,3.8193,131.55,118.40,118.40,156,5.0323,6 个月 · 全平台 · 全量 SKU · 2026-07-09,published
DJ504129_1,US 轻奢风吸塑1m文件柜 一件一箱 颜色->原木色,ALL,UNKNOWN,B,T4B,1.0868,0.5530,0.5530,33.69,17.14,17.14,27,0.8710,6 个月 · 全平台 · 全量 SKU · 2026-07-09,published
DJ504129_1,US 轻奢风吸塑1m文件柜 一件一箱 颜色->原木色,ALL,WALMART,B,T99,0.0000,0.0000,0.0000,0.00,0.00,0.00,2,0.0645,6 个月 · 全平台 · 全量 SKU · 2026-07-09,published
DJ504129_2,US 轻奢风吸塑1m文件柜 一件一箱 颜色->黑色,ALL,AMAZON,C,T4B,2.2532,0.9193,0.9193,69.85,28.50,28.50,81,2.6129,6 个月 · 全平台 · 全量 SKU · 2026-07-09,published
DJ504129_2,US 轻奢风吸塑1m文件柜 一件一箱 颜色->黑色,ALL,UNKNOWN,C,T4B,1.4991,0.8059,0.8059,46.47,24.98,24.98,39,1.2581,6 个月 · 全平台 · 全量 SKU · 2026-07-09,published
DJ504129_2,US 轻奢风吸塑1m文件柜 一件一箱 颜色->黑色,ALL,WALMART,C,T99,0.0000,0.0000,0.0000,0.00,0.00,0.00,2,0.0645,6 个月 · 全平台 · 全量 SKU · 2026-07-09,published
DJ504129_3,US 轻奢风吸塑1m文件柜 一件一箱 颜色->棕色,ALL,AMAZON,C,T4A,2.6369,1.2235,1.2235,81.74,37.93,37.93,85,2.7419,6 个月 · 全平台 · 全量 SKU · 2026-07-09,published
DJ504129_3,US 轻奢风吸塑1m文件柜 一件一箱 颜色->棕色,ALL,TEMU,C,T99,0.0000,0.0000,0.0000,0.00,0.00,0.00,0,0.0000,6 个月 · 全平台 · 全量 SKU · 2026-07-09,published
DJ504129_3,US 轻奢风吸塑1m文件柜 一件一箱 颜色->棕色,ALL,UNKNOWN,C,T4B,1.3612,0.6926,0.6926,42.20,21.47,21.47,61,1.9677,6 个月 · 全平台 · 全量 SKU · 2026-07-09,published
DJ504130_1,EU AG 铁木悬浮床 2侧托盘 欧标USB排插 灯带 床垫1.4*1.9m 一件一箱 颜色->黑色,ALL,AMAZON,B,T3,5.4500,5.5670,5.5670,168.95,172.58,172.58,171,5.5161,6 个月 · 全平台 · 全量 SKU · 2026-07-09,published
DJ504130_2,EU AG 铁木悬浮床 2侧托盘 欧标USB排插 灯带 床垫1.4*1.9m 一件一箱 颜色->白色,ALL,AMAZON,C,T4B,1.8374,0.8819,0.8819,56.96,27.34,27.34,125,4.0323,6 个月 · 全平台 · 全量 SKU · 2026-07-09,published
DJ504131_1,EU AG 铁木悬浮床 2侧托盘 欧标USB排插 灯带 床垫1.4*2m 一件一箱 颜色->黑色,ALL,AMAZON,C,T4A,2.2187,1.0912,1.0912,68.78,33.83,33.83,126,4.0645,6 个月 · 全平台 · 全量 SKU · 2026-07-09,published
DJ504131_2,EU AG 铁木悬浮床 2侧托盘 欧标USB排插 灯带 床垫1.4*2m 一件一箱 颜色->白色,ALL,AMAZON,C,T4B,1.2714,0.6103,0.6103,39.41,18.92,18.92,51,1.6452,6 个月 · 全平台 · 全量 SKU · 2026-07-09,published
DJ504132_1,EU AG 铁木悬浮床 2侧托盘 欧标USB排插 灯带 床垫1.6*2m 一件一箱 颜色->黑色,ALL,AMAZON,C,T4B,2.5949,1.0587,1.0587,80.44,32.82,32.82,100,3.2258,6 个月 · 全平台 · 全量 SKU · 2026-07-09,published
DJ504132_2,EU AG 铁木悬浮床 2侧托盘 欧标USB排插 灯带 床垫1.6*2m 一件一箱 颜色->白色,ALL,AMAZON,C,T4B,1.2330,0.6273,0.6273,38.22,19.45,19.45,69,2.2258,6 个月 · 全平台 · 全量 SKU · 2026-07-09,published
DJ504133_1,EU AG 铁木悬浮床 2侧托盘 欧标USB排插 灯带 床垫1.8*2m 一件一箱 颜色->黑色,ALL,AMAZON,C,T4B,3.1625,1.2903,1.2903,98.04,40.00,40.00,85,2.7419,6 个月 · 全平台 · 全量 SKU · 2026-07-09,published
DJ504134_5,EU BW铁木软包床LIWS-01 床头两层板+灯带+插排WS黑色pu+黑色一件一箱160*200,ALL,AMAZON,D,T99,0.0000,0.0000,0.0000,0.00,0.00,0.00,0,0.0000,6 个月 · 全平台 · 全量 SKU · 2026-07-09,published
DJ504135_3,EU BW铁木软包床LIWS-01 床头两层板+灯带+插排WS 白色+原木色 一件一箱140*190,ALL,AMAZON,D,T99,0.0000,0.0000,0.0000,0.00,0.00,0.00,0,0.0000,6 个月 · 全平台 · 全量 SKU · 2026-07-09,published
DJ504135_5,EU BW铁木软包床LIWS-01 床头两层板+灯带+插排WS 白色+原木色 一件一箱160*200,ALL,AMAZON,D,T99,0.0000,0.0000,0.0000,0.00,0.00,0.00,0,0.0000,6 个月 · 全平台 · 全量 SKU · 2026-07-09,published
DJ504146_1,US DC 铁木床 BFH-01 方管X谷仓吊轨推拉门置物格款- 胡桃白 901TXL 一件一箱,ALL,AMAZON,C,T4B,1.5478,0.7429,0.7429,47.98,23.03,23.03,48,1.5484,6 个月 · 全平台 · 全量 SKU · 2026-07-09,published
DJ504146_1,US DC 铁木床 BFH-01 方管X谷仓吊轨推拉门置物格款- 胡桃白 901TXL 一件一箱,ALL,TIKTOK,C,T99,0.0000,0.0000,0.0000,0.00,0.00,0.00,1,0.0323,6 个月 · 全平台 · 全量 SKU · 2026-07-09,published
DJ504146_1,US DC 铁木床 BFH-01 方管X谷仓吊轨推拉门置物格款- 胡桃白 901TXL 一件一箱,ALL,UNKNOWN,C,T4B,0.3079,0.1567,0.1567,9.54,4.86,4.86,2,0.0645,6 个月 · 全平台 · 全量 SKU · 2026-07-09,published
DJ504146_1,US DC 铁木床 BFH-01 方管X谷仓吊轨推拉门置物格款- 胡桃白 901TXL 一件一箱,ALL,WALMART,C,T4B,0.3198,0.1627,0.1627,9.91,5.04,5.04,13,0.4194,6 个月 · 全平台 · 全量 SKU · 2026-07-09,published
DJ504146_2,US DC 铁木床 BFH-01 方管X谷仓吊轨推拉门置物格款- 橡木灰 901TXL 一件一箱,ALL,UNKNOWN,B,T99,0.0000,0.0000,0.0000,0.00,0.00,0.00,5,0.1613,6 个月 · 全平台 · 全量 SKU · 2026-07-09,published
DJ504149_1,US 单人书架桌配5布抽 一件一箱 颜色->火烧云,ALL,TIKTOK,C,T99,0.0000,0.0000,0.0000,0.00,0.00,0.00,3,0.0968,6 个月 · 全平台 · 全量 SKU · 2026-07-09,published
DJ504149_1,US 单人书架桌配5布抽 一件一箱 颜色->火烧云,ALL,UNKNOWN,C,T4B,1.8558,0.7572,0.7572,57.53,23.47,23.47,130,4.1935,6 个月 · 全平台 · 全量 SKU · 2026-07-09,published
DJ504149_3,US 单人书架桌配5布抽 一件一箱 颜色->白色,ALL,UNKNOWN,C,T4B,2.3132,0.9438,0.9438,71.71,29.26,29.26,112,3.6129,6 个月 · 全平台 · 全量 SKU · 2026-07-09,published
DJ504149_3,US 单人书架桌配5布抽 一件一箱 颜色->白色,ALL,WALMART,C,T4B,0.1993,0.0957,0.0957,6.18,2.97,2.97,22,0.7097,6 个月 · 全平台 · 全量 SKU · 2026-07-09,published
DJ504156_2,EU MJ LED木质镜柜三开门内开90*16*60 白色 一件一箱,ALL,AMAZON,D,T99,0.0000,0.0000,0.0000,0.00,0.00,0.00,0,0.0000,6 个月 · 全平台 · 全量 SKU · 2026-07-09,published
DJ504156_3,EU MJ LED木质镜柜三开门内开100*16*60 白色 一件一箱,ALL,AMAZON,D,T99,0.0000,0.0000,0.0000,0.00,0.00,0.00,0,0.0000,6 个月 · 全平台 · 全量 SKU · 2026-07-09,published
DJ504164_1,US TA 左侧置物1米三抽衣帽架 一件一箱 颜色->火烧云,ALL,AMAZON,B,T3,5.0883,4.7077,4.7077,157.74,145.94,145.94,151,4.8710,6 个月 · 全平台 · 全量 SKU · 2026-07-09,published
DJ504164_1,US TA 左侧置物1米三抽衣帽架 一件一箱 颜色->火烧云,ALL,TIKTOK,B,T99,0.0000,0.0000,0.0000,0.00,0.00,0.00,2,0.0645,6 个月 · 全平台 · 全量 SKU · 2026-07-09,published
DJ504164_1,US TA 左侧置物1米三抽衣帽架 一件一箱 颜色->火烧云,ALL,UNKNOWN,B,T4B,0.5297,0.2349,0.2349,16.42,7.28,7.28,18,0.5806,6 个月 · 全平台 · 全量 SKU · 2026-07-09,published
DJ504164_2,US TA 左侧置物1米三抽衣帽架 一件一箱 颜色->浅象牙灰,ALL,AMAZON,C,T3,4.4034,4.2920,4.2920,136.51,133.05,133.05,114,3.6774,6 个月 · 全平台 · 全量 SKU · 2026-07-09,published
DJ504164_2,US TA 左侧置物1米三抽衣帽架 一件一箱 颜色->浅象牙灰,ALL,TIKTOK,C,T99,0.0000,0.0000,0.0000,0.00,0.00,0.00,1,0.0323,6 个月 · 全平台 · 全量 SKU · 2026-07-09,published
DJ504164_2,US TA 左侧置物1米三抽衣帽架 一件一箱 颜色->浅象牙灰,ALL,UNKNOWN,C,T4B,0.3622,0.1739,0.1739,11.23,5.39,5.39,17,0.5484,6 个月 · 全平台 · 全量 SKU · 2026-07-09,published
DJ504165_3,"EU KM 软包-带床头-悬浮床 一箱一个  尺码->XXL,200*160;颜色->白色,pu-白",ALL,UNKNOWN,D,T99,0.0000,0.0000,0.0000,0.00,0.00,0.00,0,0.0000,6 个月 · 全平台 · 全量 SKU · 2026-07-09,published
DJ504166_1,"EU KM 软包-带床头-悬浮床 一箱一个 尺码->L,190*140;颜色->灰色,亚麻-灰",ALL,TIKTOK,C,T99,0.0000,0.0000,0.0000,0.00,0.00,0.00,0,0.0000,6 个月 · 全平台 · 全量 SKU · 2026-07-09,published
DJ504166_2,"EU KM 软包-带床头-悬浮床 一箱一个 尺码->L,190*140;颜色->白色,PU-白",ALL,AMAZON,B,T4B,1.2357,0.6287,0.6287,38.31,19.49,19.49,84,2.7097,6 个月 · 全平台 · 全量 SKU · 2026-07-09,published
DJ504166_2,"EU KM 软包-带床头-悬浮床 一箱一个 尺码->L,190*140;颜色->白色,PU-白",ALL,UNKNOWN,B,T99,0.0000,0.0000,0.0000,0.00,0.00,0.00,0,0.0000,6 个月 · 全平台 · 全量 SKU · 2026-07-09,published
DJ504170_1,"EU AG 板式边桌 编藤双抽+单隔层+排插灯带 一件一箱 尺码->#1,木色",ALL,AMAZON,C,T4A,3.0955,1.4363,1.4363,95.96,44.53,44.53,93,3.0000,6 个月 · 全平台 · 全量 SKU · 2026-07-09,published
DJ504172_1,EU DC 铁木床 CBF-01L 方管软包角落床带抽篮-131 90*200  灰色 一件一箱,ALL,AMAZON,B,T3,4.4053,4.2026,4.2026,136.56,130.28,130.28,195,6.2903,6 个月 · 全平台 · 全量 SKU · 2026-07-09,published
DJ504172_1,EU DC 铁木床 CBF-01L 方管软包角落床带抽篮-131 90*200  灰色 一件一箱,ALL,UNKNOWN,B,T99,0.0000,0.0000,0.0000,0.00,0.00,0.00,0,0.0000,6 个月 · 全平台 · 全量 SKU · 2026-07-09,published
DJ504172_2,EU DC 铁木床 CBF-01L 方管软包角落床带抽篮-131 90*190  灰色 一件一箱,ALL,UNKNOWN,B,T99,0.0000,0.0000,0.0000,0.00,0.00,0.00,0,0.0000,6 个月 · 全平台 · 全量 SKU · 2026-07-09,published
DJ504173_26,"EU KM 铁木-带床头-悬浮床 一箱一个 尺码->XL,140*200;颜色->白色,原木白",ALL,AMAZON,C,T4B,0.7138,0.3632,0.3632,22.13,11.26,11.26,78,2.5161,6 个月 · 全平台 · 全量 SKU · 2026-07-09,published
DJ504174_1,"EU KM 铁木-铁木床带尾抽 双箱包 尺码->L,140*190;颜色->白色,白+原木色",ALL,TIKTOK,C,T99,0.0000,0.0000,0.0000,0.00,0.00,0.00,2,0.0645,6 个月 · 全平台 · 全量 SKU · 2026-07-09,published
DJ504174_1,"EU KM 铁木-铁木床带尾抽 双箱包 尺码->L,140*190;颜色->白色,白+原木色",ALL,UNKNOWN,C,T99,0.0000,0.0000,0.0000,0.00,0.00,0.00,0,0.0000,6 个月 · 全平台 · 全量 SKU · 2026-07-09,published
DJ504174_3,"EU KM 铁木-铁木床带尾抽 双箱包 尺码->XXL,160*200;颜色->白色,白+原木色",ALL,TEMU,C,T99,0.0000,0.0000,0.0000,0.00,0.00,0.00,9,0.2903,6 个月 · 全平台 · 全量 SKU · 2026-07-09,published
DJ504174_4,"EU KM 铁木-铁木床带尾抽 双箱包 尺码->L,140*190;颜色->火烧云,黑+火烧云",ALL,AMAZON,D,T99,0.0000,0.0000,0.0000,0.00,0.00,0.00,0,0.0000,6 个月 · 全平台 · 全量 SKU · 2026-07-09,published
DJ504174_4,"EU KM 铁木-铁木床带尾抽 双箱包 尺码->L,140*190;颜色->火烧云,黑+火烧云",ALL,UNKNOWN,D,T99,0.0000,0.0000,0.0000,0.00,0.00,0.00,0,0.0000,6 个月 · 全平台 · 全量 SKU · 2026-07-09,published
DJ504175_1,"US UA 高款拱顶书柜 铣型门板 一件一箱 颜色->黑色,浮雕黑",ALL,AMAZON,A,T2,8.4878,6.1512,6.1512,263.12,190.69,190.69,217,7.0000,6 个月 · 全平台 · 全量 SKU · 2026-07-09,published
DJ504175_1,"US UA 高款拱顶书柜 铣型门板 一件一箱 颜色->黑色,浮雕黑",ALL,TIKTOK,A,T99,0.0000,0.0000,0.0000,0.00,0.00,0.00,5,0.1613,6 个月 · 全平台 · 全量 SKU · 2026-07-09,published
DJ504175_1,"US UA 高款拱顶书柜 铣型门板 一件一箱 颜色->黑色,浮雕黑",ALL,UNKNOWN,A,T4B,6.7209,3.2260,3.2260,208.35,100.01,100.01,189,6.0968,6 个月 · 全平台 · 全量 SKU · 2026-07-09,published
DJ504175_1,"US UA 高款拱顶书柜 铣型门板 一件一箱 颜色->黑色,浮雕黑",ALL,WALMART,A,T4B,1.2589,0.6043,0.6043,39.03,18.73,18.73,37,1.1935,6 个月 · 全平台 · 全量 SKU · 2026-07-09,published
DJ504175_2,US UA 高款拱顶书柜 铣型门板 一件一箱 颜色->棕色G29024I全贴纸,ALL,AMAZON,A,T3,6.8910,6.4404,6.4404,213.62,199.65,199.65,117,3.7742,6 个月 · 全平台 · 全量 SKU · 2026-07-09,published
DJ504175_2,US UA 高款拱顶书柜 铣型门板 一件一箱 颜色->棕色G29024I全贴纸,ALL,TIKTOK,A,T99,0.0000,0.0000,0.0000,0.00,0.00,0.00,7,0.2258,6 个月 · 全平台 · 全量 SKU · 2026-07-09,published
DJ504175_2,US UA 高款拱顶书柜 铣型门板 一件一箱 颜色->棕色G29024I全贴纸,ALL,UNKNOWN,A,T4B,3.9518,2.0107,2.0107,122.51,62.33,62.33,161,5.1935,6 个月 · 全平台 · 全量 SKU · 2026-07-09,published
DJ504175_2,US UA 高款拱顶书柜 铣型门板 一件一箱 颜色->棕色G29024I全贴纸,ALL,WALMART,A,T4B,0.6878,0.3500,0.3500,21.32,10.85,10.85,27,0.8710,6 个月 · 全平台 · 全量 SKU · 2026-07-09,published
DJ504175_3,US UA 高款拱顶书柜 铣型门板 一件一箱 颜色->复古白G05256,ALL,AMAZON,D,T99,0.0000,0.0000,0.0000,0.00,0.00,0.00,60,1.9355,6 个月 · 全平台 · 全量 SKU · 2026-07-09,published
DJ504175_3,US UA 高款拱顶书柜 铣型门板 一件一箱 颜色->复古白G05256,ALL,UNKNOWN,D,T99,0.0000,0.0000,0.0000,0.00,0.00,0.00,64,2.0645,6 个月 · 全平台 · 全量 SKU · 2026-07-09,published
DJ504175_4,US UA 高款拱顶书柜 铣型门板 一件一箱 颜色->咖啡胡桃浮雕+H65074K,ALL,AMAZON,D,T4B,0.7857,0.3771,0.3771,24.36,11.69,11.69,109,3.5161,6 个月 · 全平台 · 全量 SKU · 2026-07-09,published
DJ504175_4,US UA 高款拱顶书柜 铣型门板 一件一箱 颜色->咖啡胡桃浮雕+H65074K,ALL,UNKNOWN,D,T99,0.0000,0.0000,0.0000,0.00,0.00,0.00,29,0.9355,6 个月 · 全平台 · 全量 SKU · 2026-07-09,published
DJ504175_4,US UA 高款拱顶书柜 铣型门板 一件一箱 颜色->咖啡胡桃浮雕+H65074K,ALL,WALMART,D,T99,0.0000,0.0000,0.0000,0.00,0.00,0.00,2,0.0645,6 个月 · 全平台 · 全量 SKU · 2026-07-09,published
DJ504176_1,"US UA 高款拱顶书柜 藤编门板 一件一箱 颜色->黄色,木色手抓纹",ALL,AMAZON,B,T3,4.2662,4.0025,4.0025,132.25,124.08,124.08,122,3.9355,6 个月 · 全平台 · 全量 SKU · 2026-07-09,published
DJ504176_1,"US UA 高款拱顶书柜 藤编门板 一件一箱 颜色->黄色,木色手抓纹",ALL,TIKTOK,B,T99,0.0000,0.0000,0.0000,0.00,0.00,0.00,6,0.1935,6 个月 · 全平台 · 全量 SKU · 2026-07-09,published
DJ504176_1,"US UA 高款拱顶书柜 藤编门板 一件一箱 颜色->黄色,木色手抓纹",ALL,UNKNOWN,B,T4B,3.7021,1.7770,1.7770,114.77,55.09,55.09,135,4.3548,6 个月 · 全平台 · 全量 SKU · 2026-07-09,published
DJ504176_1,"US UA 高款拱顶书柜 藤编门板 一件一箱 颜色->黄色,木色手抓纹",ALL,WALMART,B,T4B,0.7856,0.3771,0.3771,24.35,11.69,11.69,7,0.2258,6 个月 · 全平台 · 全量 SKU · 2026-07-09,published
DJ504176_2,US UA 高款拱顶书柜 藤编门板 一件一箱 颜色->黑色,ALL,AMAZON,C,T4A,2.2963,1.0655,1.0655,71.19,33.03,33.03,53,1.7097,6 个月 · 全平台 · 全量 SKU · 2026-07-09,published
DJ504176_2,US UA 高款拱顶书柜 藤编门板 一件一箱 颜色->黑色,ALL,TEMU,C,T99,0.0000,0.0000,0.0000,0.00,0.00,0.00,1,0.0323,6 个月 · 全平台 · 全量 SKU · 2026-07-09,published
DJ504176_2,US UA 高款拱顶书柜 藤编门板 一件一箱 颜色->黑色,ALL,UNKNOWN,C,T4B,0.4494,0.1834,0.1834,13.93,5.69,5.69,27,0.8710,6 个月 · 全平台 · 全量 SKU · 2026-07-09,published
DJ504177_1,EU AG JYH208 棉麻软包气杆床 三灯带 140*190cm 一件两箱 颜色->深灰色,ALL,UNKNOWN,A,T4B,0.1786,0.0857,0.0857,5.54,2.66,2.66,9,0.2903,6 个月 · 全平台 · 全量 SKU · 2026-07-09,published
DJ504177_2,EU AG JYH208 棉麻软包气杆床 三灯带 140*190cm 一件两箱 颜色->米白,ALL,AMAZON,B,T4B,1.4114,0.7181,0.7181,43.75,22.26,22.26,57,1.8387,6 个月 · 全平台 · 全量 SKU · 2026-07-09,published
DJ504178_1,EU AG JYH208 棉麻软包气杆床 三灯带 140*200cm 一件两箱 颜色->深灰色,ALL,UNKNOWN,B,T4B,1.2552,0.6748,0.6748,38.91,20.92,20.92,33,1.0645,6 个月 · 全平台 · 全量 SKU · 2026-07-09,published
DJ504178_2,EU AG JYH208 棉麻软包气杆床 三灯带 140*200cm 一件两箱 颜色->米白,ALL,AMAZON,C,T4B,1.1389,0.5467,0.5467,35.31,16.95,16.95,24,0.7742,6 个月 · 全平台 · 全量 SKU · 2026-07-09,published
DJ504178_2,EU AG JYH208 棉麻软包气杆床 三灯带 140*200cm 一件两箱 颜色->米白,ALL,UNKNOWN,C,T4B,0.7093,0.3813,0.3813,21.99,11.82,11.82,12,0.3871,6 个月 · 全平台 · 全量 SKU · 2026-07-09,published
DJ504179_1,EU AG JYH208 棉麻软包气杆床 三灯带 160*200cm 一件两箱 颜色->深灰色,ALL,UNKNOWN,C,T4B,0.3500,0.1680,0.1680,10.85,5.21,5.21,9,0.2903,6 个月 · 全平台 · 全量 SKU · 2026-07-09,published
DJ504179_2,EU AG JYH208 棉麻软包气杆床 三灯带 160*200cm 一件两箱 颜色->米白,ALL,UNKNOWN,C,T99,0.0000,0.0000,0.0000,0.00,0.00,0.00,0,0.0000,6 个月 · 全平台 · 全量 SKU · 2026-07-09,published
DJ504180_1,"EU KM 铁木-带床头-悬浮床 单箱装 尺码->L,190*140;颜色->灰色,黑灰色",ALL,UNKNOWN,C,T99,0.0000,0.0000,0.0000,0.00,0.00,0.00,0,0.0000,6 个月 · 全平台 · 全量 SKU · 2026-07-09,published
DJ504180_4,"EU KM 铁木-带床头-悬浮床  单箱装  尺码->M,90*200;颜色->白色,原木白",ALL,UNKNOWN,C,T99,0.0000,0.0000,0.0000,0.00,0.00,0.00,0,0.0000,6 个月 · 全平台 · 全量 SKU · 2026-07-09,published
DJ504183_1,"US UA 拱顶壁柜铣型门板 一件一箱 颜色->黑色,黑浮雕",ALL,AMAZON,B,T3,3.8675,4.0609,4.0609,119.89,125.89,125.89,169,5.4516,6 个月 · 全平台 · 全量 SKU · 2026-07-09,published
DJ504183_1,"US UA 拱顶壁柜铣型门板 一件一箱 颜色->黑色,黑浮雕",ALL,TIKTOK,B,T99,0.0000,0.0000,0.0000,0.00,0.00,0.00,7,0.2258,6 个月 · 全平台 · 全量 SKU · 2026-07-09,published
DJ504183_1,"US UA 拱顶壁柜铣型门板 一件一箱 颜色->黑色,黑浮雕",ALL,UNKNOWN,B,T3P,3.9377,5.3429,5.3429,122.07,165.63,165.63,147,4.7419,6 个月 · 全平台 · 全量 SKU · 2026-07-09,published
DJ504183_1,"US UA 拱顶壁柜铣型门板 一件一箱 颜色->黑色,黑浮雕",ALL,WALMART,B,T99,0.0000,0.0000,0.0000,0.00,0.00,0.00,12,0.3871,6 个月 · 全平台 · 全量 SKU · 2026-07-09,published
DJ504183_2,"US UA 拱顶壁柜铣型门板 一件一箱 颜色->黄色,木色手抓纹",ALL,TIKTOK,C,T99,0.0000,0.0000,0.0000,0.00,0.00,0.00,6,0.1935,6 个月 · 全平台 · 全量 SKU · 2026-07-09,published
DJ504183_2,"US UA 拱顶壁柜铣型门板 一件一箱 颜色->黄色,木色手抓纹",ALL,UNKNOWN,C,T4B,2.1438,1.0290,1.0290,66.46,31.90,31.90,98,3.1613,6 个月 · 全平台 · 全量 SKU · 2026-07-09,published
DJ504194_1,"US AG 收纳储物书桌 K字玻璃灯带柜门 LED镜门 凳子 一件一箱 尺码->#1,仿古白",ALL,AMAZON,C,T4B,1.3486,0.5502,0.5502,41.81,17.06,17.06,51,1.6452,6 个月 · 全平台 · 全量 SKU · 2026-07-09,published
DJ504194_1,"US AG 收纳储物书桌 K字玻璃灯带柜门 LED镜门 凳子 一件一箱 尺码->#1,仿古白",ALL,UNKNOWN,C,T4B,0.7367,0.3006,0.3006,22.84,9.32,9.32,11,0.3548,6 个月 · 全平台 · 全量 SKU · 2026-07-09,published
DJ504194_2,"US AG 收纳储物书桌 K字玻璃灯带柜门 LED镜门 凳子 一件一箱 尺码->#2,仿古橡木",ALL,AMAZON,C,T4B,1.8314,0.8791,0.8791,56.77,27.25,27.25,35,1.1290,6 个月 · 全平台 · 全量 SKU · 2026-07-09,published
DJ504194_2,"US AG 收纳储物书桌 K字玻璃灯带柜门 LED镜门 凳子 一件一箱 尺码->#2,仿古橡木",ALL,TIKTOK,C,T99,0.0000,0.0000,0.0000,0.00,0.00,0.00,0,0.0000,6 个月 · 全平台 · 全量 SKU · 2026-07-09,published
DJ504196_1,US TS03 六抽悬浮电视柜桌面下和底带灯光 颜色->黑色,ALL,WALMART,C,T99,0.0000,0.0000,0.0000,0.00,0.00,0.00,1,0.0323,6 个月 · 全平台 · 全量 SKU · 2026-07-09,published
DJ504196_2,US TS03 六抽悬浮电视柜桌面下和底带灯光 颜色->白色,ALL,AMAZON,C,T99,0.0000,0.0000,0.0000,0.00,0.00,0.00,8,0.2581,6 个月 · 全平台 · 全量 SKU · 2026-07-09,published
DJ504196_2,US TS03 六抽悬浮电视柜桌面下和底带灯光 颜色->白色,ALL,TIKTOK,C,T99,0.0000,0.0000,0.0000,0.00,0.00,0.00,44,1.4194,6 个月 · 全平台 · 全量 SKU · 2026-07-09,published
DJ504196_2,US TS03 六抽悬浮电视柜桌面下和底带灯光 颜色->白色,ALL,UNKNOWN,C,T99,0.0000,0.0000,0.0000,0.00,0.00,0.00,28,0.9032,6 个月 · 全平台 · 全量 SKU · 2026-07-09,published
DJ504196_2,US TS03 六抽悬浮电视柜桌面下和底带灯光 颜色->白色,ALL,WALMART,C,T99,0.0000,0.0000,0.0000,0.00,0.00,0.00,6,0.1935,6 个月 · 全平台 · 全量 SKU · 2026-07-09,published
DJ504197_1,EU BW 边柜NSD-04 欧标插排 3抽 两件一箱 颜色->黑色,ALL,AMAZON,C,T4B,1.8076,0.9718,0.9718,56.04,30.13,30.13,0,0.0000,6 个月 · 全平台 · 全量 SKU · 2026-07-09,published
DJ504197_2,EU BW 边柜NSD-04 欧标插排 3抽 两件一箱 颜色->白色,ALL,AMAZON,C,T4B,1.3545,0.7282,0.7282,41.99,22.57,22.57,14,0.4516,6 个月 · 全平台 · 全量 SKU · 2026-07-09,published
DJ504202_1,EU AG 板式床 软包掀盖靠背 4抽 欧洲床垫1.4*2m 一件两箱 颜色->白色,ALL,AMAZON,C,T4B,1.2262,0.6239,0.6239,38.01,19.34,19.34,70,2.2581,6 个月 · 全平台 · 全量 SKU · 2026-07-09,published
DJ504202_2,EU AG 板式床 软包掀盖靠背 4抽 欧洲床垫1.4*2m 一件两箱 颜色->火烧云,ALL,AMAZON,C,T99,0.0000,0.0000,0.0000,0.00,0.00,0.00,0,0.0000,6 个月 · 全平台 · 全量 SKU · 2026-07-09,published
DJ504202_3,"EU AG 板式床 软包掀盖靠背 4抽 1.4*2m床垫 一件两箱 颜色->#1,白色+浅灰",ALL,AMAZON,C,T4B,0.4187,0.2251,0.2251,12.98,6.98,6.98,27,0.8710,6 个月 · 全平台 · 全量 SKU · 2026-07-09,published
DJ504204_1,EU AG 铁木软包悬浮床 双层置物 USB插排 灯带 床垫1.4*1.9m 一件一箱 颜色->深灰色,ALL,AMAZON,B,T2,7.4484,5.3979,5.3979,230.90,167.33,167.33,149,4.8065,6 个月 · 全平台 · 全量 SKU · 2026-07-09,published
DJ504204_1,EU AG 铁木软包悬浮床 双层置物 USB插排 灯带 床垫1.4*1.9m 一件一箱 颜色->深灰色,ALL,TIKTOK,B,T99,0.0000,0.0000,0.0000,0.00,0.00,0.00,0,0.0000,6 个月 · 全平台 · 全量 SKU · 2026-07-09,published
DJ504204_2,EU AG 铁木软包悬浮床 双层置物 USB插排 灯带 床垫1.4*1.9m 一件一箱 颜色->白色,ALL,AMAZON,B,T99,0.0000,0.0000,0.0000,0.00,0.00,0.00,106,3.4194,6 个月 · 全平台 · 全量 SKU · 2026-07-09,published
DJ504205_1,EU AG 铁木软包悬浮床 双层置物 USB插排 灯带 床垫1.4*2m 一件一箱 颜色->深灰色,ALL,UNKNOWN,C,T99,0.0000,0.0000,0.0000,0.00,0.00,0.00,1,0.0323,6 个月 · 全平台 · 全量 SKU · 2026-07-09,published
DJ504206_1,EU AG 铁木软包悬浮床 双层置物 USB插排 灯带 床垫1.6*2m 一件一箱 颜色->深灰色,ALL,AMAZON,B,T4B,1.1942,0.5732,0.5732,37.02,17.77,17.77,45,1.4516,6 个月 · 全平台 · 全量 SKU · 2026-07-09,published
DJ504216_2,"US HA 书桌 VT03 11抽铁木无纺布菱形格双列置物架款 颜色->#2,黑色麻面+黑皮",ALL,AMAZON,C,T4A,2.1191,0.9833,0.9833,65.69,30.48,30.48,74,2.3871,6 个月 · 全平台 · 全量 SKU · 2026-07-09,published
DJ504216_3,US HA 书桌 VT03 11抽铁木无纺布菱形格双列置物架款 颜色 粉色+粉皮,ALL,AMAZON,C,T4B,1.2668,0.6445,0.6445,39.27,19.98,19.98,36,1.1613,6 个月 · 全平台 · 全量 SKU · 2026-07-09,published
DJ504216_3,US HA 书桌 VT03 11抽铁木无纺布菱形格双列置物架款 颜色 粉色+粉皮,ALL,TIKTOK,C,T4B,0.4022,0.2046,0.2046,12.47,6.34,6.34,48,1.5484,6 个月 · 全平台 · 全量 SKU · 2026-07-09,published
DJ504221_1,US TS04 6抽1米8电视柜带灯带插排 颜色->火烧云,ALL,AMAZON,C,T4B,2.2364,0.9125,0.9125,69.33,28.29,28.29,80,2.5806,6 个月 · 全平台 · 全量 SKU · 2026-07-09,published
DJ504223_1,US SD 1.6米复古X字门L桌  一件一箱 颜色->火烧云,ALL,AMAZON,D,T99,0.0000,0.0000,0.0000,0.00,0.00,0.00,0,0.0000,6 个月 · 全平台 · 全量 SKU · 2026-07-09,published
DJ504223_2,US SD 1.6米复古X字门L桌  一件一箱 颜色->灰橡木,ALL,AMAZON,D,T99,0.0000,0.0000,0.0000,0.00,0.00,0.00,0,0.0000,6 个月 · 全平台 · 全量 SKU · 2026-07-09,published
DJ504223_2,US SD 1.6米复古X字门L桌  一件一箱 颜色->灰橡木,ALL,TEMU,D,T99,0.0000,0.0000,0.0000,0.00,0.00,0.00,0,0.0000,6 个月 · 全平台 · 全量 SKU · 2026-07-09,published
DJ504223_2,US SD 1.6米复古X字门L桌  一件一箱 颜色->灰橡木,ALL,UNKNOWN,D,T99,0.0000,0.0000,0.0000,0.00,0.00,0.00,0,0.0000,6 个月 · 全平台 · 全量 SKU · 2026-07-09,published
DJ504223_3,US SD 1.6米复古X字门L桌  一件一箱 颜色->顶棕+主体白,ALL,AMAZON,D,T99,0.0000,0.0000,0.0000,0.00,0.00,0.00,0,0.0000,6 个月 · 全平台 · 全量 SKU · 2026-07-09,published
DJ504223_3,US SD 1.6米复古X字门L桌  一件一箱 颜色->顶棕+主体白,ALL,TEMU,D,T99,0.0000,0.0000,0.0000,0.00,0.00,0.00,0,0.0000,6 个月 · 全平台 · 全量 SKU · 2026-07-09,published
DJ504223_3,US SD 1.6米复古X字门L桌  一件一箱 颜色->顶棕+主体白,ALL,UNKNOWN,D,T99,0.0000,0.0000,0.0000,0.00,0.00,0.00,0,0.0000,6 个月 · 全平台 · 全量 SKU · 2026-07-09,published
DJ504223_3,US SD 1.6米复古X字门L桌  一件一箱 颜色->顶棕+主体白,ALL,WALMART,D,T99,0.0000,0.0000,0.0000,0.00,0.00,0.00,0,0.0000,6 个月 · 全平台 · 全量 SKU · 2026-07-09,published
DJ504227_1,US SD 1.3米L桌高桌带置物架  一件一箱 颜色->火烧云,ALL,TEMU,C,T99,0.0000,0.0000,0.0000,0.00,0.00,0.00,0,0.0000,6 个月 · 全平台 · 全量 SKU · 2026-07-09,published
DJ504227_1,US SD 1.3米L桌高桌带置物架  一件一箱 颜色->火烧云,ALL,TIKTOK,C,T99,0.0000,0.0000,0.0000,0.00,0.00,0.00,0,0.0000,6 个月 · 全平台 · 全量 SKU · 2026-07-09,published
DJ504227_1,US SD 1.3米L桌高桌带置物架  一件一箱 颜色->火烧云,ALL,UNKNOWN,C,T99,0.0000,0.0000,0.0000,0.00,0.00,0.00,0,0.0000,6 个月 · 全平台 · 全量 SKU · 2026-07-09,published
DJ504227_1,US SD 1.3米L桌高桌带置物架  一件一箱 颜色->火烧云,ALL,WALMART,C,T99,0.0000,0.0000,0.0000,0.00,0.00,0.00,0,0.0000,6 个月 · 全平台 · 全量 SKU · 2026-07-09,published
DJ504227_2,US SD 1.3米L桌高桌带置物架  一件一箱 颜色->黑浮雕,ALL,AMAZON,C,T4A,2.7656,1.2832,1.2832,85.73,39.78,39.78,0,0.0000,6 个月 · 全平台 · 全量 SKU · 2026-07-09,published
DJ504227_2,US SD 1.3米L桌高桌带置物架  一件一箱 颜色->黑浮雕,ALL,UNKNOWN,C,T99,0.0000,0.0000,0.0000,0.00,0.00,0.00,0,0.0000,6 个月 · 全平台 · 全量 SKU · 2026-07-09,published
DJ504227_3,US SD 1.3米L桌高桌带置物架  一件一箱 颜色->989-3灰色,ALL,AMAZON,C,T4B,1.3695,0.6574,0.6574,42.45,20.38,20.38,5,0.1613,6 个月 · 全平台 · 全量 SKU · 2026-07-09,published
DJ504227_3,US SD 1.3米L桌高桌带置物架  一件一箱 颜色->989-3灰色,ALL,UNKNOWN,C,T4B,0.2564,0.1046,0.1046,7.95,3.24,3.24,0,0.0000,6 个月 · 全平台 · 全量 SKU · 2026-07-09,published
DJ504243_1,US UA 带推车侧架马桶柜（扩色） 一件一箱 颜色->黑色,ALL,UNKNOWN,C,T4B,0.6093,0.2486,0.2486,18.89,7.71,7.71,26,0.8387,6 个月 · 全平台 · 全量 SKU · 2026-07-09,published
DJ504243_1,US UA 带推车侧架马桶柜（扩色） 一件一箱 颜色->黑色,ALL,WALMART,C,T4B,0.4920,0.2361,0.2361,15.25,7.32,7.32,9,0.2903,6 个月 · 全平台 · 全量 SKU · 2026-07-09,published
DJ504258_1,"US BF 书架  BC04 8抽7层双列书架（不可转角） 颜色->#3,黑色+黑pu",ALL,AMAZON,C,T4B,1.0810,0.4410,0.4410,33.51,13.67,13.67,36,1.1613,6 个月 · 全平台 · 全量 SKU · 2026-07-09,published
DJ504258_2,"US BF 书架  BC04 8抽7层双列书架（不可转角） 颜色->#1,火烧云",ALL,AMAZON,C,T4B,3.1444,1.2829,1.2829,97.48,39.77,39.77,31,1.0000,6 个月 · 全平台 · 全量 SKU · 2026-07-09,published
DJ504258_3,"US BF 书架  BC04 8抽7层双列书架（不可转角） 颜色->#2,灰色",ALL,AMAZON,C,T4B,0.6300,0.2570,0.2570,19.53,7.97,7.97,14,0.4516,6 个月 · 全平台 · 全量 SKU · 2026-07-09,published
DJ504258_3,"US BF 书架  BC04 8抽7层双列书架（不可转角） 颜色->#2,灰色",ALL,WALMART,C,T99,0.0000,0.0000,0.0000,0.00,0.00,0.00,0,0.0000,6 个月 · 全平台 · 全量 SKU · 2026-07-09,published
DJ504259_1,US SD 2.4米双人八抽电脑桌  一件一箱 颜色->火烧云,ALL,AMAZON,B,T3,5.9145,5.3230,5.3230,183.35,165.01,165.01,174,5.6129,6 个月 · 全平台 · 全量 SKU · 2026-07-09,published
DJ504259_1,US SD 2.4米双人八抽电脑桌  一件一箱 颜色->火烧云,ALL,TIKTOK,B,T99,0.0000,0.0000,0.0000,0.00,0.00,0.00,13,0.4194,6 个月 · 全平台 · 全量 SKU · 2026-07-09,published
DJ504259_1,US SD 2.4米双人八抽电脑桌  一件一箱 颜色->火烧云,ALL,UNKNOWN,B,T4B,0.7007,0.2859,0.2859,21.72,8.86,8.86,18,0.5806,6 个月 · 全平台 · 全量 SKU · 2026-07-09,published
DJ504259_2,US SD 2.4米双人八抽电脑桌  一件一箱 颜色->黑色,ALL,AMAZON,B,T2,8.9615,7.6406,7.6406,277.81,236.86,236.86,257,8.2903,6 个月 · 全平台 · 全量 SKU · 2026-07-09,published
DJ504259_2,US SD 2.4米双人八抽电脑桌  一件一箱 颜色->黑色,ALL,TIKTOK,B,T99,0.0000,0.0000,0.0000,0.00,0.00,0.00,0,0.0000,6 个月 · 全平台 · 全量 SKU · 2026-07-09,published
DJ504259_2,US SD 2.4米双人八抽电脑桌  一件一箱 颜色->黑色,ALL,UNKNOWN,B,T4B,1.1840,0.6024,0.6024,36.70,18.67,18.67,35,1.1290,6 个月 · 全平台 · 全量 SKU · 2026-07-09,published
DJ504259_2,US SD 2.4米双人八抽电脑桌  一件一箱 颜色->黑色,ALL,WALMART,B,T4B,0.3089,0.1661,0.1661,9.58,5.15,5.15,20,0.6452,6 个月 · 全平台 · 全量 SKU · 2026-07-09,published
DJ504259_3,US SD 2.4米双人八抽电脑桌  一件一箱 颜色->灰色989-3,ALL,AMAZON,B,T3,5.2280,4.7052,4.7052,162.07,145.86,145.86,177,5.7097,6 个月 · 全平台 · 全量 SKU · 2026-07-09,published
DJ504259_4,US SD 2.4米双人八抽电脑桌  一件一箱 颜色->棕色+白色,ALL,AMAZON,C,T4B,0.8143,0.3909,0.3909,25.24,12.12,12.12,88,2.8387,6 个月 · 全平台 · 全量 SKU · 2026-07-09,published
DJ504261_1,"EU AG 板式边桌 编藤双抽+单隔层+灯带 无排插款 一件一箱 尺码->#1,木色",ALL,AMAZON,C,T4B,2.4648,1.3251,1.3251,76.41,41.08,41.08,114,3.6774,6 个月 · 全平台 · 全量 SKU · 2026-07-09,published
DJ504264,US UA 天鹅绒软包床 一件一箱 米白色软包+白色铁架  F尺寸,ALL,TEMU,C,T99,0.0000,0.0000,0.0000,0.00,0.00,0.00,0,0.0000,6 个月 · 全平台 · 全量 SKU · 2026-07-09,published
DJ504264,US UA 天鹅绒软包床 一件一箱 米白色软包+白色铁架  F尺寸,ALL,UNKNOWN,C,T99,0.0000,0.0000,0.0000,0.00,0.00,0.00,0,0.0000,6 个月 · 全平台 · 全量 SKU · 2026-07-09,published
DJ504264,US UA 天鹅绒软包床 一件一箱 米白色软包+白色铁架  F尺寸,ALL,WALMART,C,T99,0.0000,0.0000,0.0000,0.00,0.00,0.00,0,0.0000,6 个月 · 全平台 · 全量 SKU · 2026-07-09,published
DJ504265,US UA 天鹅绒软包床 一件一箱 米白色软包+白色铁架  T尺寸,ALL,AMAZON,C,T4B,0.8668,0.3915,0.3915,26.87,12.14,12.14,34,1.0968,6 个月 · 全平台 · 全量 SKU · 2026-07-09,published
DJ504265,US UA 天鹅绒软包床 一件一箱 米白色软包+白色铁架  T尺寸,ALL,TEMU,C,T99,0.0000,0.0000,0.0000,0.00,0.00,0.00,0,0.0000,6 个月 · 全平台 · 全量 SKU · 2026-07-09,published
DJ504265,US UA 天鹅绒软包床 一件一箱 米白色软包+白色铁架  T尺寸,ALL,WALMART,C,T99,0.0000,0.0000,0.0000,0.00,0.00,0.00,0,0.0000,6 个月 · 全平台 · 全量 SKU · 2026-07-09,published
DJ504269_1,EU AG JYH210 棉麻软包气杆床 靠背2档调节 双灯带 140*190cm 一件两箱 颜色->深灰色,ALL,UNKNOWN,C,T4B,0.2801,0.1506,0.1506,8.68,4.67,4.67,20,0.6452,6 个月 · 全平台 · 全量 SKU · 2026-07-09,published
DJ504270_1,EU AG JYH210 棉麻软包气杆床 靠背2档调节 双灯带 140*200cm 一件两箱 颜色->深灰色,ALL,AMAZON,C,T3,3.9943,3.8997,3.8997,123.82,120.89,120.89,51,1.6452,6 个月 · 全平台 · 全量 SKU · 2026-07-09,published
DJ504270_1,EU AG JYH210 棉麻软包气杆床 靠背2档调节 双灯带 140*200cm 一件两箱 颜色->深灰色,ALL,UNKNOWN,C,T4B,1.7337,0.8821,0.8821,53.74,27.35,27.35,131,4.2258,6 个月 · 全平台 · 全量 SKU · 2026-07-09,published
DJ504270_2,EU AG JYH210 棉麻软包气杆床 靠背2档调节 双灯带 140*200cm 一件两箱 颜色->米白,ALL,UNKNOWN,C,T4B,0.5662,0.2881,0.2881,17.55,8.93,8.93,33,1.0645,6 个月 · 全平台 · 全量 SKU · 2026-07-09,published
DJ504271_1,EU AG JYH210 棉麻软包气杆床 靠背2档调节 双灯带 160*200cm 一件两箱 颜色->深灰色,ALL,UNKNOWN,C,T4B,0.3214,0.1635,0.1635,9.96,5.07,5.07,21,0.6774,6 个月 · 全平台 · 全量 SKU · 2026-07-09,published
DJ504271_2,EU AG JYH210 棉麻软包气杆床 靠背2档调节 双灯带 160*200cm 一件两箱 颜色->米白,ALL,AMAZON,C,T4B,0.7060,0.3592,0.3592,21.89,11.14,11.14,51,1.6452,6 个月 · 全平台 · 全量 SKU · 2026-07-09,published
DJ504277_2,US DC 铁木床 BFH-02 X谷仓造型床尾部换鞋箱款- 902 T 一件一箱 颜色->橡木灰,ALL,UNKNOWN,C,T99,0.0000,0.0000,0.0000,0.00,0.00,0.00,1,0.0323,6 个月 · 全平台 · 全量 SKU · 2026-07-09,published
DJ504283_1,US AG 绒布软包皇冠公主床 T 一件一箱 颜色->粉色,ALL,AMAZON,C,T4A,3.6216,1.4284,1.4284,112.27,44.28,44.28,73,2.3548,6 个月 · 全平台 · 全量 SKU · 2026-07-09,published
DJ504283_1,US AG 绒布软包皇冠公主床 T 一件一箱 颜色->粉色,ALL,UNKNOWN,C,T99,0.0000,0.0000,0.0000,0.00,0.00,0.00,10,0.3226,6 个月 · 全平台 · 全量 SKU · 2026-07-09,published
DJ504283_1,US AG 绒布软包皇冠公主床 T 一件一箱 颜色->粉色,ALL,WALMART,C,T4B,0.7328,0.2990,0.2990,22.72,9.27,9.27,10,0.3226,6 个月 · 全平台 · 全量 SKU · 2026-07-09,published
DJ504284_1,US AG 绒布软包皇冠公主床 F 一件一箱 颜色->粉色,ALL,UNKNOWN,C,T4B,0.3119,0.1497,0.1497,9.67,4.64,4.64,7,0.2258,6 个月 · 全平台 · 全量 SKU · 2026-07-09,published
DJ504284_2,US AG 绒布软包皇冠公主床 F 一件一箱 颜色->白色,ALL,AMAZON,C,T99,0.0000,0.0000,0.0000,0.00,0.00,0.00,7,0.2258,6 个月 · 全平台 · 全量 SKU · 2026-07-09,published
DJ504285_1,US TS05 五抽悬浮电视柜带电视支架 颜色->黑色,ALL,AMAZON,B,T3,6.5073,5.8566,5.8566,201.73,181.55,181.55,267,8.6129,6 个月 · 全平台 · 全量 SKU · 2026-07-09,published
DJ504285_1,US TS05 五抽悬浮电视柜带电视支架 颜色->黑色,ALL,UNKNOWN,B,T4B,1.2900,0.6564,0.6564,39.99,20.35,20.35,29,0.9355,6 个月 · 全平台 · 全量 SKU · 2026-07-09,published
DJ504285_2,US TS05 五抽悬浮电视柜带电视支架 颜色->白色,ALL,AMAZON,C,T4B,2.3090,1.1748,1.1748,71.58,36.42,36.42,95,3.0645,6 个月 · 全平台 · 全量 SKU · 2026-07-09,published
DJ504285_3,US TS05 五抽悬浮电视柜带电视支架 颜色->火烧云,ALL,AMAZON,C,T4A,2.3455,1.0883,1.0883,72.71,33.74,33.74,76,2.4516,6 个月 · 全平台 · 全量 SKU · 2026-07-09,published
DJ504285_3,US TS05 五抽悬浮电视柜带电视支架 颜色->火烧云,ALL,UNKNOWN,C,T99,0.0000,0.0000,0.0000,0.00,0.00,0.00,50,1.6129,6 个月 · 全平台 · 全量 SKU · 2026-07-09,published
DJ504285_3,US TS05 五抽悬浮电视柜带电视支架 颜色->火烧云,ALL,WALMART,C,T99,0.0000,0.0000,0.0000,0.00,0.00,0.00,13,0.4194,6 个月 · 全平台 · 全量 SKU · 2026-07-09,published
DJ504287_1,US TA 1.2米4抽2玻璃门铁木厨房置物架 一件一箱 颜色->火烧云,ALL,AMAZON,C,T4A,2.3675,1.0985,1.0985,73.39,34.05,34.05,74,2.3871,6 个月 · 全平台 · 全量 SKU · 2026-07-09,published
DJ504287_1,US TA 1.2米4抽2玻璃门铁木厨房置物架 一件一箱 颜色->火烧云,ALL,WALMART,C,T99,0.0000,0.0000,0.0000,0.00,0.00,0.00,3,0.0968,6 个月 · 全平台 · 全量 SKU · 2026-07-09,published
DJ504287_2,US TA 1.2米4抽2玻璃门铁木厨房置物架 一件一箱 颜色->黑色,ALL,AMAZON,C,T4B,1.5465,0.6310,0.6310,47.94,19.56,19.56,31,1.0000,6 个月 · 全平台 · 全量 SKU · 2026-07-09,published
DJ504288_2,"US 床T-B731T前后围栏四抽水晶扣含插盘灯带99*190 颜色->#2,2024-17粉色绒布+白色铁",ALL,AMAZON,B,T3,3.3784,3.5473,3.5473,104.73,109.97,109.97,68,2.1935,6 个月 · 全平台 · 全量 SKU · 2026-07-09,published
DJ504294_1,"US 床GJ-006上F下T床8抽含灯带 颜色->#1,黑铁+火烧云板",ALL,AMAZON,D,T99,0.0000,0.0000,0.0000,0.00,0.00,0.00,0,0.0000,6 个月 · 全平台 · 全量 SKU · 2026-07-09,published
DJ504295_2,US TS06 现代简约风1米6两布袋6抽电视柜带灯带插排 颜色->白色,ALL,UNKNOWN,D,T99,0.0000,0.0000,0.0000,0.00,0.00,0.00,0,0.0000,6 个月 · 全平台 · 全量 SKU · 2026-07-09,published
DJ504295_2,US TS06 现代简约风1米6两布袋6抽电视柜带灯带插排 颜色->白色,ALL,WALMART,D,T99,0.0000,0.0000,0.0000,0.00,0.00,0.00,0,0.0000,6 个月 · 全平台 · 全量 SKU · 2026-07-09,published
DJ504295_3,US TS06 现代简约风1米6两布袋6抽电视柜带灯带插排 颜色->火烧云,ALL,AMAZON,D,T4B,1.7722,0.8507,0.8507,54.94,26.37,26.37,0,0.0000,6 个月 · 全平台 · 全量 SKU · 2026-07-09,published
DJ504295_3,US TS06 现代简约风1米6两布袋6抽电视柜带灯带插排 颜色->火烧云,ALL,UNKNOWN,D,T99,0.0000,0.0000,0.0000,0.00,0.00,0.00,0,0.0000,6 个月 · 全平台 · 全量 SKU · 2026-07-09,published
DJ504296_1,"US BF 储物柜 DT24 6抽无拉手悬浮顶带灯带一件一箱 颜色->#1,黑色麻面",ALL,AMAZON,B,T3,5.8521,5.8659,5.8659,181.42,181.84,181.84,54,1.7419,6 个月 · 全平台 · 全量 SKU · 2026-07-09,published
DJ504296_1_WF,"US BF 储物柜 DT24 6抽无拉手悬浮顶带灯带一件一箱 颜色->#1,黑色麻面",ALL,UNKNOWN,D,T99,0.0000,0.0000,0.0000,0.00,0.00,0.00,0,0.0000,6 个月 · 全平台 · 全量 SKU · 2026-07-09,published
DJ504296_2,"US BF 储物柜 DT24 6抽无拉手悬浮顶带灯带一件一箱 颜色->#2,白色麻面",ALL,AMAZON,C,T3,3.4573,3.5588,3.5588,107.18,110.32,110.32,66,2.1290,6 个月 · 全平台 · 全量 SKU · 2026-07-09,published
DJ504296_2,"US BF 储物柜 DT24 6抽无拉手悬浮顶带灯带一件一箱 颜色->#2,白色麻面",ALL,TIKTOK,C,T4B,0.1786,0.0857,0.0857,5.54,2.66,2.66,2,0.0645,6 个月 · 全平台 · 全量 SKU · 2026-07-09,published
DJ504296_2,"US BF 储物柜 DT24 6抽无拉手悬浮顶带灯带一件一箱 颜色->#2,白色麻面",ALL,WALMART,C,T99,0.0000,0.0000,0.0000,0.00,0.00,0.00,0,0.0000,6 个月 · 全平台 · 全量 SKU · 2026-07-09,published
DJ504297_1,"US BF 储物柜 DT25 7抽无拉手悬浮顶带灯带一件一箱 颜色->#1,黑色麻面",ALL,AMAZON,B,T3,4.7023,4.8478,4.8478,145.77,150.28,150.28,3,0.0968,6 个月 · 全平台 · 全量 SKU · 2026-07-09,published
DJ504297_1,"US BF 储物柜 DT25 7抽无拉手悬浮顶带灯带一件一箱 颜色->#1,黑色麻面",ALL,UNKNOWN,B,T4B,1.3522,0.7269,0.7269,41.92,22.53,22.53,0,0.0000,6 个月 · 全平台 · 全量 SKU · 2026-07-09,published
DJ504297_2,"US BF 储物柜 DT25 7抽无拉手悬浮顶带灯带一件一箱 颜色->#2,白色麻面",ALL,AMAZON,C,T4A,3.2558,1.5107,1.5107,100.93,46.83,46.83,85,2.7419,6 个月 · 全平台 · 全量 SKU · 2026-07-09,published
DJ504297_2,"US BF 储物柜 DT25 7抽无拉手悬浮顶带灯带一件一箱 颜色->#2,白色麻面",ALL,UNKNOWN,C,T4B,0.5595,0.3008,0.3008,17.34,9.32,9.32,10,0.3226,6 个月 · 全平台 · 全量 SKU · 2026-07-09,published
DJ504298_1,"US BF 储物柜 DT26 8抽凹槽无把手高柜一件一箱 颜色->#1,黑色麻面",ALL,TIKTOK,A,T99,0.0000,0.0000,0.0000,0.00,0.00,0.00,3,0.0968,6 个月 · 全平台 · 全量 SKU · 2026-07-09,published
DJ504298_1,"US BF 储物柜 DT26 8抽凹槽无把手高柜一件一箱 颜色->#1,黑色麻面",ALL,UNKNOWN,A,T4B,1.8648,0.7500,0.7500,57.81,23.25,23.25,37,1.1935,6 个月 · 全平台 · 全量 SKU · 2026-07-09,published
DJ504302_1,US AG 压缩靠垫大软包四抽床 T 一件一箱 颜色->黑色,ALL,AMAZON,D,T99,0.0000,0.0000,0.0000,0.00,0.00,0.00,0,0.0000,6 个月 · 全平台 · 全量 SKU · 2026-07-09,published
DJ504303_1,US AG 压缩靠垫大软包四抽床 F 一件一箱 颜色->黑色,ALL,AMAZON,D,T99,0.0000,0.0000,0.0000,0.00,0.00,0.00,0,0.0000,6 个月 · 全平台 · 全量 SKU · 2026-07-09,published
DJ504305_1,US AG 压缩靠垫大软包悬浮床 T 一件一箱 颜色->黑色,ALL,AMAZON,D,T99,0.0000,0.0000,0.0000,0.00,0.00,0.00,0,0.0000,6 个月 · 全平台 · 全量 SKU · 2026-07-09,published
DJ504308_1,EU DC铁木床LIW-02 床头一层板+交叉造型+灯带插排 ZY 火烧色 一件一箱 90*200,ALL,AMAZON,C,T4B,1.0339,0.5558,0.5558,32.05,17.23,17.23,69,2.2258,6 个月 · 全平台 · 全量 SKU · 2026-07-09,published
DJ504308_1,EU DC铁木床LIW-02 床头一层板+交叉造型+灯带插排 ZY 火烧色 一件一箱 90*200,ALL,UNKNOWN,C,T4B,0.6794,0.3457,0.3457,21.06,10.72,10.72,27,0.8710,6 个月 · 全平台 · 全量 SKU · 2026-07-09,published
DJ504308_3,EU DC铁木床LIW-02 床头一层板+交叉造型+灯带插排 ZY 火烧色 一件一箱 140*190,ALL,AMAZON,C,T4B,1.4343,0.6885,0.6885,44.46,21.34,21.34,89,2.8710,6 个月 · 全平台 · 全量 SKU · 2026-07-09,published
DJ504308_5,EU DC铁木床LIW-02 床头一层板+交叉造型+灯带插排 ZY 火烧色 一件一箱 160*200,ALL,AMAZON,C,T4B,1.3202,0.7097,0.7097,40.93,22.00,22.00,62,2.0000,6 个月 · 全平台 · 全量 SKU · 2026-07-09,published
DJ504308_5,EU DC铁木床LIW-02 床头一层板+交叉造型+灯带插排 ZY 火烧色 一件一箱 160*200,ALL,UNKNOWN,C,T4B,0.3382,0.1623,0.1623,10.48,5.03,5.03,10,0.3226,6 个月 · 全平台 · 全量 SKU · 2026-07-09,published
DJ504308_6,EU DC铁木床LIW-02 床头一层板+交叉造型+灯带插排 ZY 火烧色 一件一箱 180*200,ALL,AMAZON,B,T4B,1.0596,0.5696,0.5696,32.85,17.66,17.66,18,0.5806,6 个月 · 全平台 · 全量 SKU · 2026-07-09,published
DJ504308_6,EU DC铁木床LIW-02 床头一层板+交叉造型+灯带插排 ZY 火烧色 一件一箱 180*200,ALL,UNKNOWN,B,T4B,0.9302,0.4733,0.4733,28.84,14.67,14.67,56,1.8065,6 个月 · 全平台 · 全量 SKU · 2026-07-09,published
DJ504309_1,EU BW铁木床DIW-02 床头一层板+几何造型+灯带插排 ZY 火烧色 一件一箱 90*200,ALL,AMAZON,B,T4A,2.2947,1.1925,1.1925,71.14,36.97,36.97,15,0.4839,6 个月 · 全平台 · 全量 SKU · 2026-07-09,published
DJ504309_3,EU BW铁木床DIW-02 床头一层板+几何造型+灯带插排 ZY 火烧色 一件一箱 140*190,ALL,AMAZON,C,T4B,1.5643,0.7959,0.7959,48.49,24.67,24.67,34,1.0968,6 个月 · 全平台 · 全量 SKU · 2026-07-09,published
DJ504309_4,EU BW铁木床DIW-02 床头一层板+几何造型+灯带插排 ZY 火烧色 一件一箱 140*200,ALL,AMAZON,C,T4B,1.5586,0.6359,0.6359,48.32,19.71,19.71,12,0.3871,6 个月 · 全平台 · 全量 SKU · 2026-07-09,published
DJ504309_5,EU BW铁木床DIW-02 床头一层板+几何造型+灯带插排 ZY 火烧色 一件一箱 160*200,ALL,AMAZON,C,T4B,1.2454,0.6336,0.6336,38.61,19.64,19.64,19,0.6129,6 个月 · 全平台 · 全量 SKU · 2026-07-09,published
DJ504309_6,EU BW铁木床DIW-02 床头一层板+几何造型+灯带插排 ZY 火烧色 一件一箱180*200,ALL,AMAZON,C,T4B,1.1932,0.5727,0.5727,36.99,17.75,17.75,42,1.3548,6 个月 · 全平台 · 全量 SKU · 2026-07-09,published
DJ504317_1,"US UA一型行政电脑桌 一件一箱 麻面黑+胡桃色 颜色->#1,麻面黑+胡桃色",ALL,AMAZON,C,T4B,2.7937,1.3410,1.3410,86.60,41.57,41.57,73,2.3548,6 个月 · 全平台 · 全量 SKU · 2026-07-09,published
DJ504317_1,"US UA一型行政电脑桌 一件一箱 麻面黑+胡桃色 颜色->#1,麻面黑+胡桃色",ALL,UNKNOWN,C,T4B,0.8042,0.4092,0.4092,24.93,12.69,12.69,34,1.0968,6 个月 · 全平台 · 全量 SKU · 2026-07-09,published
DJ504317_1,"US UA一型行政电脑桌 一件一箱 麻面黑+胡桃色 颜色->#1,麻面黑+胡桃色",ALL,WALMART,C,T99,0.0000,0.0000,0.0000,0.00,0.00,0.00,1,0.0323,6 个月 · 全平台 · 全量 SKU · 2026-07-09,published
DJ504317_2,"US UA一型行政电脑桌 一件一箱 麻面黑+灰色 颜色->#2,麻面黑+灰色",ALL,AMAZON,C,T4B,1.1827,0.5677,0.5677,36.66,17.60,17.60,33,1.0645,6 个月 · 全平台 · 全量 SKU · 2026-07-09,published
DJ504317_2,"US UA一型行政电脑桌 一件一箱 麻面黑+灰色 颜色->#2,麻面黑+灰色",ALL,TEMU,C,T99,0.0000,0.0000,0.0000,0.00,0.00,0.00,12,0.3871,6 个月 · 全平台 · 全量 SKU · 2026-07-09,published
DJ504318_1,US 床T-B732T带屋顶软包床带护边含插盘灯带99*190 颜色米白绒布+白色铁,ALL,UNKNOWN,C,T99,0.0000,0.0000,0.0000,0.00,0.00,0.00,12,0.3871,6 个月 · 全平台 · 全量 SKU · 2026-07-09,published
DJ504318_2,US 床T-B732T带屋顶软包床带护边含插盘灯带99*190 颜色粉色绒布+白色铁,ALL,AMAZON,A,T3,4.6860,4.3527,4.3527,145.27,134.93,134.93,115,3.7097,6 个月 · 全平台 · 全量 SKU · 2026-07-09,published
DJ504318_2,US 床T-B732T带屋顶软包床带护边含插盘灯带99*190 颜色粉色绒布+白色铁,ALL,TIKTOK,A,T4B,0.3143,0.1509,0.1509,9.74,4.68,4.68,55,1.7742,6 个月 · 全平台 · 全量 SKU · 2026-07-09,published
DJ504318_2,US 床T-B732T带屋顶软包床带护边含插盘灯带99*190 颜色粉色绒布+白色铁,ALL,UNKNOWN,A,T4B,0.4800,0.2580,0.2580,14.88,8.00,8.00,30,0.9677,6 个月 · 全平台 · 全量 SKU · 2026-07-09,published
DJ504318_2,US 床T-B732T带屋顶软包床带护边含插盘灯带99*190 颜色粉色绒布+白色铁,ALL,WALMART,A,T4B,0.4104,0.1970,0.1970,12.72,6.11,6.11,17,0.5484,6 个月 · 全平台 · 全量 SKU · 2026-07-09,published
DJ504318_3,US 床T-B732T带屋顶软包床带护边含插盘灯带99*190 颜色深灰绒布+黑色铁,ALL,AMAZON,C,T4B,0.6286,0.3017,0.3017,19.49,9.35,9.35,2,0.0645,6 个月 · 全平台 · 全量 SKU · 2026-07-09,published
DJ504330_1,EU FR 双开门LED灯光铁木浴室镜柜 欧标插座2插孔+1U1T 一件一箱 颜色->白色,ALL,AMAZON,C,T4A,3.4521,1.6018,1.6018,107.02,49.66,49.66,103,3.3226,6 个月 · 全平台 · 全量 SKU · 2026-07-09,published
DJ504330_1,EU FR 双开门LED灯光铁木浴室镜柜 欧标插座2插孔+1U1T 一件一箱 颜色->白色,ALL,UNKNOWN,C,T99,0.0000,0.0000,0.0000,0.00,0.00,0.00,51,1.6452,6 个月 · 全平台 · 全量 SKU · 2026-07-09,published
DJ504331_1,EU FR 三开门LED灯光铁木浴室镜柜 欧标插座2插孔+1U1T 一件一箱 颜色->白色,ALL,AMAZON,C,T4A,2.8159,1.1106,1.1106,87.29,34.43,34.43,70,2.2581,6 个月 · 全平台 · 全量 SKU · 2026-07-09,published
DJ504331_1,EU FR 三开门LED灯光铁木浴室镜柜 欧标插座2插孔+1U1T 一件一箱 颜色->白色,ALL,UNKNOWN,C,T99,0.0000,0.0000,0.0000,0.00,0.00,0.00,70,2.2581,6 个月 · 全平台 · 全量 SKU · 2026-07-09,published
DJ504336_1,EU AG JYH213 泰迪绒软包气杆床 圆弧靠背掀盖 双灯带 140*200m 一件两箱 颜色->米白,ALL,UNKNOWN,C,T4B,0.4319,0.2073,0.2073,13.39,6.43,6.43,15,0.4839,6 个月 · 全平台 · 全量 SKU · 2026-07-09,published
DJ504340_1,"US AG 乡村风高款边桌 一件一箱 尺码->#10,胡桃木色",ALL,AMAZON,C,T4A,2.3851,1.1067,1.1067,73.94,34.31,34.31,83,2.6774,6 个月 · 全平台 · 全量 SKU · 2026-07-09,published
DJ504340_1,"US AG 乡村风高款边桌 一件一箱 尺码->#10,胡桃木色",ALL,TIKTOK,C,T99,0.0000,0.0000,0.0000,0.00,0.00,0.00,1,0.0323,6 个月 · 全平台 · 全量 SKU · 2026-07-09,published
DJ504340_2,"US AG 乡村风高款边桌 一件一箱 尺码->#11,仿古白+棕色橡木",ALL,AMAZON,C,T4A,3.3700,1.5637,1.5637,104.47,48.47,48.47,156,5.0323,6 个月 · 全平台 · 全量 SKU · 2026-07-09,published
DJ504340_2,"US AG 乡村风高款边桌 一件一箱 尺码->#11,仿古白+棕色橡木",ALL,TIKTOK,C,T99,0.0000,0.0000,0.0000,0.00,0.00,0.00,2,0.0645,6 个月 · 全平台 · 全量 SKU · 2026-07-09,published
DJ504340_2,"US AG 乡村风高款边桌 一件一箱 尺码->#11,仿古白+棕色橡木",ALL,UNKNOWN,C,T4B,0.7351,0.3529,0.3529,22.79,10.94,10.94,9,0.2903,6 个月 · 全平台 · 全量 SKU · 2026-07-09,published
DJ504340_3,US AG 乡村风高款边桌 一件一箱 颜色->木色,ALL,AMAZON,C,T4B,1.1447,0.5824,0.5824,35.49,18.05,18.05,58,1.8710,6 个月 · 全平台 · 全量 SKU · 2026-07-09,published
DJ504340_4,US AG 乡村风高款边桌 一件一箱 颜色->灰色,ALL,AMAZON,C,T4B,1.8291,0.9307,0.9307,56.70,28.85,28.85,93,3.0000,6 个月 · 全平台 · 全量 SKU · 2026-07-09,published
DJ504340_4,US AG 乡村风高款边桌 一件一箱 颜色->灰色,ALL,TIKTOK,C,T99,0.0000,0.0000,0.0000,0.00,0.00,0.00,0,0.0000,6 个月 · 全平台 · 全量 SKU · 2026-07-09,published
DJ504340_4,US AG 乡村风高款边桌 一件一箱 颜色->灰色,ALL,UNKNOWN,C,T4B,0.2027,0.0973,0.0973,6.28,3.02,3.02,7,0.2258,6 个月 · 全平台 · 全量 SKU · 2026-07-09,published
DJ504341_2,US DC 软包床-BCE-01 JQ601 F 圆角软包床头床尾 羊羔绒  白色 一件一箱,ALL,UNKNOWN,C,T99,0.0000,0.0000,0.0000,0.00,0.00,0.00,8,0.2581,6 个月 · 全平台 · 全量 SKU · 2026-07-09,published
DJ504341_2,US DC 软包床-BCE-01 JQ601 F 圆角软包床头床尾 羊羔绒  白色 一件一箱,ALL,WALMART,C,T99,0.0000,0.0000,0.0000,0.00,0.00,0.00,1,0.0323,6 个月 · 全平台 · 全量 SKU · 2026-07-09,published
DJ504342_1,"US 床YW542T儿童双层床+绘本架 含灯带、插盘 颜色->#1,黑铁+黑色大浮雕",ALL,UNKNOWN,B,T4B,1.8686,0.8969,0.8969,57.93,27.80,27.80,0,0.0000,6 个月 · 全平台 · 全量 SKU · 2026-07-09,published
DJ504342_1,"US 床YW542T儿童双层床+绘本架 含灯带、插盘 颜色->#1,黑铁+黑色大浮雕",ALL,WALMART,B,T99,0.0000,0.0000,0.0000,0.00,0.00,0.00,0,0.0000,6 个月 · 全平台 · 全量 SKU · 2026-07-09,published
DJ504342_2,"US 床YW542T儿童双层床+绘本架 含灯带、插盘 颜色->#2,白铁+白色大浮雕",ALL,TIKTOK,B,T99,0.0000,0.0000,0.0000,0.00,0.00,0.00,2,0.0645,6 个月 · 全平台 · 全量 SKU · 2026-07-09,published
DJ504342_2,"US 床YW542T儿童双层床+绘本架 含灯带、插盘 颜色->#2,白铁+白色大浮雕",ALL,WALMART,B,T99,0.0000,0.0000,0.0000,0.00,0.00,0.00,2,0.0645,6 个月 · 全平台 · 全量 SKU · 2026-07-09,published
DJ504342_3,"US 床YW542T儿童双层床+绘本架 含灯带、插盘 颜色->#3,粉色",ALL,TIKTOK,C,T99,0.0000,0.0000,0.0000,0.00,0.00,0.00,0,0.0000,6 个月 · 全平台 · 全量 SKU · 2026-07-09,published
DJ504342_3,"US 床YW542T儿童双层床+绘本架 含灯带、插盘 颜色->#3,粉色",ALL,WALMART,C,T4B,0.1615,0.0775,0.0775,5.01,2.40,2.40,2,0.0645,6 个月 · 全平台 · 全量 SKU · 2026-07-09,published
DJ504345_1,EU BW铁木床LIWS-02 高床头储物+倾斜靠背+灯带插排 ZY 火烧色 一件一箱 90*200,ALL,AMAZON,C,T4B,1.1992,0.4893,0.4893,37.18,15.17,15.17,73,2.3548,6 个月 · 全平台 · 全量 SKU · 2026-07-09,published
DJ504345_2,EU BW铁木床LIWS-02 高床头储物+倾斜靠背+灯带插排 ZY火烧色 一件一箱 120*200,ALL,AMAZON,C,T4B,1.4286,0.6857,0.6857,44.29,21.26,21.26,65,2.0968,6 个月 · 全平台 · 全量 SKU · 2026-07-09,published
DJ504345_3,EU BW铁木床LIWS-02 高床头储物+倾斜靠背+灯带插排 ZY火烧色一件一箱 140*190,ALL,AMAZON,C,T4B,1.3449,0.6843,0.6843,41.69,21.21,21.21,103,3.3226,6 个月 · 全平台 · 全量 SKU · 2026-07-09,published
DJ504345_4,EU BW铁木床LIWS-02 高床头储物+倾斜靠背+灯带插排 ZY火烧色一件一箱 140*200,ALL,AMAZON,C,T4B,0.9114,0.3719,0.3719,28.25,11.53,11.53,35,1.1290,6 个月 · 全平台 · 全量 SKU · 2026-07-09,published
DJ504348_1,"US 床RL-76T低阁楼床下8抽4空格含灯带99*190 颜色->#1,白色铁+白色PU布抽面",ALL,AMAZON,A,T2,6.8960,5.2967,5.2967,213.78,164.20,164.20,138,4.4516,6 个月 · 全平台 · 全量 SKU · 2026-07-09,published
DJ504348_1,"US 床RL-76T低阁楼床下8抽4空格含灯带99*190 颜色->#1,白色铁+白色PU布抽面",ALL,TIKTOK,A,T4B,1.3714,0.6583,0.6583,42.51,20.41,20.41,199,6.4194,6 个月 · 全平台 · 全量 SKU · 2026-07-09,published
DJ504348_1,"US 床RL-76T低阁楼床下8抽4空格含灯带99*190 颜色->#1,白色铁+白色PU布抽面",ALL,UNKNOWN,A,T4B,3.6049,1.9380,1.9380,111.75,60.08,60.08,130,4.1935,6 个月 · 全平台 · 全量 SKU · 2026-07-09,published
DJ504348_1,"US 床RL-76T低阁楼床下8抽4空格含灯带99*190 颜色->#1,白色铁+白色PU布抽面",ALL,WALMART,A,T4B,0.5633,0.2704,0.2704,17.46,8.38,8.38,11,0.3548,6 个月 · 全平台 · 全量 SKU · 2026-07-09,published
DJ504348_1_WF,"US 床RL-76T低阁楼床下8抽4空格含灯带99*190 颜色->#1,白色铁+白色PU布抽面",ALL,UNKNOWN,D,T99,0.0000,0.0000,0.0000,0.00,0.00,0.00,35,1.1290,6 个月 · 全平台 · 全量 SKU · 2026-07-09,published
DJ504348_2,"US 床RL-76T低阁楼床下8抽4空格含灯带99*190 颜色->#20,黑色铁+浅咖色抽面",ALL,AMAZON,B,T3,3.7832,3.4934,3.4934,117.28,108.30,108.30,37,1.1935,6 个月 · 全平台 · 全量 SKU · 2026-07-09,published
DJ504348_2,"US 床RL-76T低阁楼床下8抽4空格含灯带99*190 颜色->#20,黑色铁+浅咖色抽面",ALL,TIKTOK,B,T4B,0.1929,0.0926,0.0926,5.98,2.87,2.87,31,1.0000,6 个月 · 全平台 · 全量 SKU · 2026-07-09,published
DJ504348_2_WF,"US 床RL-76T低阁楼床下8抽4空格含灯带99*190 颜色->#20,黑色铁+浅咖色抽面",ALL,UNKNOWN,D,T4B,0.9198,0.4945,0.4945,28.51,15.33,15.33,46,1.4839,6 个月 · 全平台 · 全量 SKU · 2026-07-09,published
DJ504348_3,US 床RL-76T低阁楼床下8抽4空格含灯带99*190 颜色黑铁+PU黑抽面,ALL,TIKTOK,A,T4B,0.9357,0.4491,0.4491,29.01,13.92,13.92,125,4.0323,6 个月 · 全平台 · 全量 SKU · 2026-07-09,published
DJ504348_3,US 床RL-76T低阁楼床下8抽4空格含灯带99*190 颜色黑铁+PU黑抽面,ALL,UNKNOWN,A,T4B,1.8874,1.0146,1.0146,58.51,31.45,31.45,56,1.8065,6 个月 · 全平台 · 全量 SKU · 2026-07-09,published
DJ504348_4,US 床RL-76T低阁楼床下8抽4空格含灯带99*190 颜色粉铁+粉麻板+PU粉抽面,ALL,AMAZON,C,T4B,1.1357,0.5451,0.5451,35.21,16.90,16.90,35,1.1290,6 个月 · 全平台 · 全量 SKU · 2026-07-09,published
DJ504348_4,US 床RL-76T低阁楼床下8抽4空格含灯带99*190 颜色粉铁+粉麻板+PU粉抽面,ALL,TIKTOK,C,T4B,0.4929,0.2366,0.2366,15.28,7.33,7.33,103,3.3226,6 个月 · 全平台 · 全量 SKU · 2026-07-09,published
DJ504348_4,US 床RL-76T低阁楼床下8抽4空格含灯带99*190 颜色粉铁+粉麻板+PU粉抽面,ALL,UNKNOWN,C,T4B,0.1286,0.0617,0.0617,3.99,1.91,1.91,27,0.8710,6 个月 · 全平台 · 全量 SKU · 2026-07-09,published
DJ504348_4,US 床RL-76T低阁楼床下8抽4空格含灯带99*190 颜色粉铁+粉麻板+PU粉抽面,ALL,WALMART,C,T99,0.0000,0.0000,0.0000,0.00,0.00,0.00,6,0.1935,6 个月 · 全平台 · 全量 SKU · 2026-07-09,published
DJ504351_1,EU AG 铁木洞洞板床 欧标USB排插 床垫1.4*1.9m 火烧云 一件一箱 颜色->火烧云,ALL,AMAZON,C,T99,0.0000,0.0000,0.0000,0.00,0.00,0.00,124,4.0000,6 个月 · 全平台 · 全量 SKU · 2026-07-09,published
DJ504354_2,US TA 双顶布抽层架带灯咖啡桌 一件一箱 颜色->黑+棕,ALL,AMAZON,B,T3,3.1708,3.0310,3.0310,98.29,93.96,93.96,73,2.3548,6 个月 · 全平台 · 全量 SKU · 2026-07-09,published
DJ504354_2,US TA 双顶布抽层架带灯咖啡桌 一件一箱 颜色->黑+棕,ALL,UNKNOWN,B,T4B,0.5233,0.2663,0.2663,16.22,8.26,8.26,38,1.2258,6 个月 · 全平台 · 全量 SKU · 2026-07-09,published
DJ504354_4,US TA 双顶布抽层架带灯咖啡桌 一件一箱 颜色->淡雅胡桃,ALL,AMAZON,C,T4B,1.0375,0.4233,0.4233,32.16,13.12,13.12,22,0.7097,6 个月 · 全平台 · 全量 SKU · 2026-07-09,published
DJ504354_4,US TA 双顶布抽层架带灯咖啡桌 一件一箱 颜色->淡雅胡桃,ALL,TEMU,C,T4B,0.2974,0.1513,0.1513,9.22,4.69,4.69,14,0.4516,6 个月 · 全平台 · 全量 SKU · 2026-07-09,published
DJ504354_4,US TA 双顶布抽层架带灯咖啡桌 一件一箱 颜色->淡雅胡桃,ALL,WALMART,C,T99,0.0000,0.0000,0.0000,0.00,0.00,0.00,0,0.0000,6 个月 · 全平台 · 全量 SKU · 2026-07-09,published
DJ504355_2,US TA 7层带生长灯花架 两件一箱 颜色->白色,ALL,AMAZON,D,T99,0.0000,0.0000,0.0000,0.00,0.00,0.00,0,0.0000,6 个月 · 全平台 · 全量 SKU · 2026-07-09,published
DJ504355_2,US TA 7层带生长灯花架 两件一箱 颜色->白色,ALL,UNKNOWN,D,T99,0.0000,0.0000,0.0000,0.00,0.00,0.00,0,0.0000,6 个月 · 全平台 · 全量 SKU · 2026-07-09,published
DJ504356_1,EU KM 板式鞋柜 80cm单排2门1抽 一箱一个 颜色->白色,ALL,AMAZON,C,T99,0.0000,0.0000,0.0000,0.00,0.00,0.00,0,0.0000,6 个月 · 全平台 · 全量 SKU · 2026-07-09,published
DJ504358_1,EU VD 板式面盆柜 双开门 单抽 一件一箱 颜色->白色,ALL,AMAZON,B,T3,4.7670,4.7170,4.7170,147.78,146.23,146.23,127,4.0968,6 个月 · 全平台 · 全量 SKU · 2026-07-09,published
DJ504358_1,EU VD 板式面盆柜 双开门 单抽 一件一箱 颜色->白色,ALL,UNKNOWN,B,T4B,0.2361,0.1133,0.1133,7.32,3.51,3.51,6,0.1935,6 个月 · 全平台 · 全量 SKU · 2026-07-09,published
DJ504360_1_WF,US VD 低高架床 步梯 9布抽 T 一件一箱 颜色->白色,ALL,UNKNOWN,D,T99,0.0000,0.0000,0.0000,0.00,0.00,0.00,8,0.2581,6 个月 · 全平台 · 全量 SKU · 2026-07-09,published
DJ504360_2,US VD 低高架床 步梯 9布抽 T 一件一箱 颜色->灰色,ALL,UNKNOWN,C,T4B,0.6653,0.3193,0.3193,20.62,9.90,9.90,6,0.1935,6 个月 · 全平台 · 全量 SKU · 2026-07-09,published
DJ504360_2_WF,US VD 低高架床 步梯 9布抽 T 一件一箱 颜色->灰色,ALL,UNKNOWN,D,T99,0.0000,0.0000,0.0000,0.00,0.00,0.00,12,0.3871,6 个月 · 全平台 · 全量 SKU · 2026-07-09,published
DJ504364_1,EU KM 喷漆水槽柜80cm两大抽可互换层架 一箱一个 颜色->白色,ALL,UNKNOWN,C,T4B,1.3787,0.5625,0.5625,42.74,17.44,17.44,22,0.7097,6 个月 · 全平台 · 全量 SKU · 2026-07-09,published
DJ504365_1,EU KM 喷漆水槽柜60cm两抽金属底角 一箱一个 颜色->白色,ALL,AMAZON,C,T4B,2.2413,0.9144,0.9144,69.48,28.35,28.35,92,2.9677,6 个月 · 全平台 · 全量 SKU · 2026-07-09,published
DJ504365_1,EU KM 喷漆水槽柜60cm两抽金属底角 一箱一个 颜色->白色,ALL,UNKNOWN,C,T4B,1.9649,0.9432,0.9432,60.91,29.24,29.24,37,1.1935,6 个月 · 全平台 · 全量 SKU · 2026-07-09,published
DJ504366_1,EU KM 喷漆水槽柜80cm两抽金属底角 一箱一个 颜色->白色,ALL,AMAZON,C,T4B,1.6098,0.6568,0.6568,49.90,20.36,20.36,84,2.7097,6 个月 · 全平台 · 全量 SKU · 2026-07-09,published
DJ504367_1,EU KM 板式镜柜LED 白色 一箱一个 颜色->白色,ALL,UNKNOWN,C,T4B,1.6816,0.8556,0.8556,52.13,26.52,26.52,21,0.6774,6 个月 · 全平台 · 全量 SKU · 2026-07-09,published
DJ504371_1,EU KM 板式镜柜LED三门带层架 一箱一个 颜色->白色,ALL,UNKNOWN,C,T4B,0.8464,0.3453,0.3453,26.24,10.70,10.70,11,0.3548,6 个月 · 全平台 · 全量 SKU · 2026-07-09,published
DJ504372_1,"US AG 两抽斜百叶抽面边桌 灯带+排插 一件一箱 尺码->#1,黑+胡桃木色",ALL,AMAZON,C,T4B,1.1586,0.4727,0.4727,35.92,14.65,14.65,12,0.3871,6 个月 · 全平台 · 全量 SKU · 2026-07-09,published
DJ504373_1,"US AG 1x3斜百叶抽面边桌 排插 一件一箱 尺码->#1,黑+胡桃木色",ALL,AMAZON,C,T99,0.0000,0.0000,0.0000,0.00,0.00,0.00,0,0.0000,6 个月 · 全平台 · 全量 SKU · 2026-07-09,published
DJ504373_1,"US AG 1x3斜百叶抽面边桌 排插 一件一箱 尺码->#1,黑+胡桃木色",ALL,WALMART,C,T99,0.0000,0.0000,0.0000,0.00,0.00,0.00,0,0.0000,6 个月 · 全平台 · 全量 SKU · 2026-07-09,published
DJ504373_2,"US AG 1x3斜百叶抽面边桌 排插 一件一箱 尺码->#2,原木色",ALL,AMAZON,C,T99,0.0000,0.0000,0.0000,0.00,0.00,0.00,0,0.0000,6 个月 · 全平台 · 全量 SKU · 2026-07-09,published
DJ504373_2,"US AG 1x3斜百叶抽面边桌 排插 一件一箱 尺码->#2,原木色",ALL,WALMART,C,T99,0.0000,0.0000,0.0000,0.00,0.00,0.00,0,0.0000,6 个月 · 全平台 · 全量 SKU · 2026-07-09,published
DJ504375_1,"US AG 1x5柔光灯箱储物柜 一件一箱 尺码->#1,黑色",ALL,AMAZON,D,T99,0.0000,0.0000,0.0000,0.00,0.00,0.00,0,0.0000,6 个月 · 全平台 · 全量 SKU · 2026-07-09,published
DJ504375_1,"US AG 1x5柔光灯箱储物柜 一件一箱 尺码->#1,黑色",ALL,WALMART,D,T99,0.0000,0.0000,0.0000,0.00,0.00,0.00,0,0.0000,6 个月 · 全平台 · 全量 SKU · 2026-07-09,published
DJ504376_1,"US AG 2x3柔光灯箱储物柜 一件一箱 尺码->#1,黑色",ALL,AMAZON,D,T99,0.0000,0.0000,0.0000,0.00,0.00,0.00,0,0.0000,6 个月 · 全平台 · 全量 SKU · 2026-07-09,published
DJ504377_1,"US AG 大镜面柔光灯箱书桌 含排插 一件一箱 尺码->#1,白色",ALL,AMAZON,C,T4B,0.8842,0.4753,0.4753,27.41,14.73,14.73,8,0.2581,6 个月 · 全平台 · 全量 SKU · 2026-07-09,published
DJ504377_1,"US AG 大镜面柔光灯箱书桌 含排插 一件一箱 尺码->#1,白色",ALL,TIKTOK,C,T99,0.0000,0.0000,0.0000,0.00,0.00,0.00,5,0.1613,6 个月 · 全平台 · 全量 SKU · 2026-07-09,published
DJ504378_1,"EU KM 板式餐边柜矮款两抽谷仓门 一箱一个 颜色->白色,麻面白",ALL,AMAZON,D,T99,0.0000,0.0000,0.0000,0.00,0.00,0.00,0,0.0000,6 个月 · 全平台 · 全量 SKU · 2026-07-09,published
DJ504378_1,"EU KM 板式餐边柜矮款两抽谷仓门 一箱一个 颜色->白色,麻面白",ALL,UNKNOWN,D,T99,0.0000,0.0000,0.0000,0.00,0.00,0.00,0,0.0000,6 个月 · 全平台 · 全量 SKU · 2026-07-09,published
DJ504379_1,"EU KM 板式餐边柜大款三抽谷仓门 两箱一件 颜色->白色,麻面白",ALL,AMAZON,C,T4B,1.1759,0.5983,0.5983,36.45,18.55,18.55,29,0.9355,6 个月 · 全平台 · 全量 SKU · 2026-07-09,published
DJ504380_1,"EU KM 板式餐边柜大款玻璃单抽三柜门 两箱一件 颜色->白色,磨砂白",ALL,UNKNOWN,C,T4B,0.5429,0.2762,0.2762,16.83,8.56,8.56,5,0.1613,6 个月 · 全平台 · 全量 SKU · 2026-07-09,published
DJ504380_2,"EU KM 板式餐边柜大款玻璃单抽三柜门 两箱一件 颜色->黑色,浮雕黑",ALL,UNKNOWN,C,T99,0.0000,0.0000,0.0000,0.00,0.00,0.00,0,0.0000,6 个月 · 全平台 · 全量 SKU · 2026-07-09,published
DJ504381_1,"EU KM 板式梳妆台120cm带电带玻璃 两箱一件 颜色->白色,麻面白",ALL,AMAZON,C,T4B,0.6740,0.3235,0.3235,20.89,10.03,10.03,47,1.5161,6 个月 · 全平台 · 全量 SKU · 2026-07-09,published
DJ504386_1,EU BW铁木软包床LIWS-01 床尾两抽屉 黑色+火烧色 一件一箱140*190,ALL,AMAZON,D,T99,0.0000,0.0000,0.0000,0.00,0.00,0.00,0,0.0000,6 个月 · 全平台 · 全量 SKU · 2026-07-09,published
DJ504386_2,EU BW铁木软包床LIWS-01 床尾两抽屉 黑色+火烧色 一件一箱140*200,ALL,AMAZON,D,T99,0.0000,0.0000,0.0000,0.00,0.00,0.00,0,0.0000,6 个月 · 全平台 · 全量 SKU · 2026-07-09,published
DJ504391_1,US 床TB-2324Q 5抽床+床头2布抽 含灯带、插盘 153*203 颜色->#1米白绒布,ALL,AMAZON,D,T99,0.0000,0.0000,0.0000,0.00,0.00,0.00,0,0.0000,6 个月 · 全平台 · 全量 SKU · 2026-07-09,published
DJ504395_1,EU BW铁木软包床LIWS-01 床尾两抽屉 白色+原木色 一件一箱140*190,ALL,AMAZON,C,T4B,1.7938,0.8610,0.8610,55.61,26.69,26.69,24,0.7742,6 个月 · 全平台 · 全量 SKU · 2026-07-09,published
DJ504395_2,EU BW铁木软包床LIWS-01 床尾两抽屉 白色+原木色 一件一箱140*200,ALL,AMAZON,C,T4B,0.9495,0.4558,0.4558,29.43,14.13,14.13,4,0.1290,6 个月 · 全平台 · 全量 SKU · 2026-07-09,published
DJ504396_1,"EU KM 板式鞋柜 80cm单排3门鞋柜 单包 颜色->白色,麻面白",ALL,AMAZON,C,T4B,0.8240,0.3362,0.3362,25.54,10.42,10.42,15,0.4839,6 个月 · 全平台 · 全量 SKU · 2026-07-09,published
DJ504396_1,"EU KM 板式鞋柜 80cm单排3门鞋柜 单包 颜色->白色,麻面白",ALL,TEMU,C,T99,0.0000,0.0000,0.0000,0.00,0.00,0.00,45,1.4516,6 个月 · 全平台 · 全量 SKU · 2026-07-09,published
DJ504396_1,"EU KM 板式鞋柜 80cm单排3门鞋柜 单包 颜色->白色,麻面白",ALL,UNKNOWN,C,T4B,0.6492,0.3116,0.3116,20.13,9.66,9.66,17,0.5484,6 个月 · 全平台 · 全量 SKU · 2026-07-09,published
DJ504396_2,"EU KM 板式鞋柜 80cm单排3门鞋柜 单包  颜色->黑色,山纹黑",ALL,TEMU,C,T99,0.0000,0.0000,0.0000,0.00,0.00,0.00,29,0.9355,6 个月 · 全平台 · 全量 SKU · 2026-07-09,published
DJ504396_2,"EU KM 板式鞋柜 80cm单排3门鞋柜 单包  颜色->黑色,山纹黑",ALL,UNKNOWN,C,T4B,0.8710,0.3554,0.3554,27.00,11.02,11.02,22,0.7097,6 个月 · 全平台 · 全量 SKU · 2026-07-09,published
DJ504397_1,"EU KM 板式鞋柜 100m双排4门2抽鞋柜  单包 颜色->白色,麻面白",ALL,AMAZON,C,T4B,1.4688,0.7050,0.7050,45.53,21.86,21.86,38,1.2258,6 个月 · 全平台 · 全量 SKU · 2026-07-09,published
DJ504398_1,"US BF 书柜 NT23 两抽波浪纹加高床头柜一件一箱 颜色->#3,原木色",ALL,WALMART,C,T99,0.0000,0.0000,0.0000,0.00,0.00,0.00,8,0.2581,6 个月 · 全平台 · 全量 SKU · 2026-07-09,published
DJ504398_2,"US BF 书柜 NT23 两抽波浪纹加高床头柜一件一箱 颜色->#1,黑色",ALL,TIKTOK,C,T99,0.0000,0.0000,0.0000,0.00,0.00,0.00,0,0.0000,6 个月 · 全平台 · 全量 SKU · 2026-07-09,published
DJ504398_2,"US BF 书柜 NT23 两抽波浪纹加高床头柜一件一箱 颜色->#1,黑色",ALL,WALMART,C,T99,0.0000,0.0000,0.0000,0.00,0.00,0.00,6,0.1935,6 个月 · 全平台 · 全量 SKU · 2026-07-09,published
DJ504398_3,"US BF 书柜 NT23 两抽波浪纹加高床头柜一件一箱 颜色->#2,白色",ALL,WALMART,C,T99,0.0000,0.0000,0.0000,0.00,0.00,0.00,12,0.3871,6 个月 · 全平台 · 全量 SKU · 2026-07-09,published
DJ504399_1,"US AE 书柜 NT24 两抽悬浮滑盖加灯带插排 颜色->#1,黑色麻面",ALL,TIKTOK,C,T4B,1.1278,0.6063,0.6063,34.96,18.80,18.80,65,2.0968,6 个月 · 全平台 · 全量 SKU · 2026-07-09,published
DJ504399_1,"US AE 书柜 NT24 两抽悬浮滑盖加灯带插排 颜色->#1,黑色麻面",ALL,WALMART,C,T99,0.0000,0.0000,0.0000,0.00,0.00,0.00,5,0.1613,6 个月 · 全平台 · 全量 SKU · 2026-07-09,published
DJ504399_2,"US AE 书柜 NT24 两抽悬浮滑盖加灯带插排 颜色->#2,白色麻面",ALL,TIKTOK,C,T4B,0.3082,0.1657,0.1657,9.55,5.14,5.14,17,0.5484,6 个月 · 全平台 · 全量 SKU · 2026-07-09,published
DJ504399_2,"US AE 书柜 NT24 两抽悬浮滑盖加灯带插排 颜色->#2,白色麻面",ALL,WALMART,C,T99,0.0000,0.0000,0.0000,0.00,0.00,0.00,3,0.0968,6 个月 · 全平台 · 全量 SKU · 2026-07-09,published
DJ504399_3,US AE 书柜 NT24 两抽悬浮滑盖加灯带插排 颜色->#3,ALL,UNKNOWN,C,T99,0.0000,0.0000,0.0000,0.00,0.00,0.00,2,0.0645,6 个月 · 全平台 · 全量 SKU · 2026-07-09,published
DJ504400_1,"US AE 书柜 NT25 四抽悬浮滑盖加灯带插排 颜色->#1,黑色麻面",ALL,AMAZON,A,T2,9.1082,6.6008,6.6008,282.35,204.62,204.62,270,8.7097,6 个月 · 全平台 · 全量 SKU · 2026-07-09,published
DJ504400_1,"US AE 书柜 NT25 四抽悬浮滑盖加灯带插排 颜色->#1,黑色麻面",ALL,TIKTOK,A,T4B,0.5593,0.3007,0.3007,17.34,9.32,9.32,53,1.7097,6 个月 · 全平台 · 全量 SKU · 2026-07-09,published
DJ504400_1,"US AE 书柜 NT25 四抽悬浮滑盖加灯带插排 颜色->#1,黑色麻面",ALL,UNKNOWN,A,T4B,1.1990,0.6446,0.6446,37.17,19.98,19.98,98,3.1613,6 个月 · 全平台 · 全量 SKU · 2026-07-09,published
DJ504400_1,"US AE 书柜 NT25 四抽悬浮滑盖加灯带插排 颜色->#1,黑色麻面",ALL,WALMART,A,T4B,0.2080,0.0998,0.0998,6.45,3.09,3.09,6,0.1935,6 个月 · 全平台 · 全量 SKU · 2026-07-09,published
DJ504400_2,"US AE 书柜 NT25 四抽悬浮滑盖加灯带插排 颜色->#2,白色麻面",ALL,AMAZON,B,T3,4.3357,4.2313,4.2313,134.41,131.17,131.17,168,5.4194,6 个月 · 全平台 · 全量 SKU · 2026-07-09,published
DJ504400_2,"US AE 书柜 NT25 四抽悬浮滑盖加灯带插排 颜色->#2,白色麻面",ALL,TIKTOK,B,T4B,0.4714,0.2534,0.2534,14.61,7.86,7.86,19,0.6129,6 个月 · 全平台 · 全量 SKU · 2026-07-09,published
DJ504400_3,US AE 书柜 NT25 四抽悬浮滑盖加灯带插排 颜色->#3,ALL,AMAZON,C,T4B,1.6731,0.8031,0.8031,51.87,24.90,24.90,49,1.5806,6 个月 · 全平台 · 全量 SKU · 2026-07-09,published
DJ504400_3,US AE 书柜 NT25 四抽悬浮滑盖加灯带插排 颜色->#3,ALL,WALMART,C,T99,0.0000,0.0000,0.0000,0.00,0.00,0.00,4,0.1290,6 个月 · 全平台 · 全量 SKU · 2026-07-09,published
DJ504401_1,"US BF 储物柜 DT29 6抽大容量储物抽屉 颜色->#1,黑色麻面",ALL,UNKNOWN,B,T99,0.0000,0.0000,0.0000,0.00,0.00,0.00,3,0.0968,6 个月 · 全平台 · 全量 SKU · 2026-07-09,published
DJ504401_1_WF,"US BF 储物柜 DT29 6抽大容量储物抽屉 颜色->#1,黑色麻面",ALL,UNKNOWN,D,T99,0.0000,0.0000,0.0000,0.00,0.00,0.00,4,0.1290,6 个月 · 全平台 · 全量 SKU · 2026-07-09,published
DJ504401_2,"US BF 储物柜 DT29 6抽大容量储物抽屉 颜色->#2,白色麻面",ALL,UNKNOWN,B,T99,0.0000,0.0000,0.0000,0.00,0.00,0.00,4,0.1290,6 个月 · 全平台 · 全量 SKU · 2026-07-09,published
DJ504401_2,"US BF 储物柜 DT29 6抽大容量储物抽屉 颜色->#2,白色麻面",ALL,WALMART,B,T99,0.0000,0.0000,0.0000,0.00,0.00,0.00,1,0.0323,6 个月 · 全平台 · 全量 SKU · 2026-07-09,published
DJ504401_2_WF,"US BF 储物柜 DT29 6抽大容量储物抽屉 颜色->#2,白色麻面",ALL,UNKNOWN,D,T99,0.0000,0.0000,0.0000,0.00,0.00,0.00,1,0.0323,6 个月 · 全平台 · 全量 SKU · 2026-07-09,published
DJ504403,US HS 梳妆台 MFL-VDNF-05 农舍风吊轨门 三抽二门 好莱坞灯串 一件一箱,ALL,UNKNOWN,C,T4B,0.7372,0.3538,0.3538,22.85,10.97,10.97,31,1.0000,6 个月 · 全平台 · 全量 SKU · 2026-07-09,published
DJ504405_1,US TS01 12抽悬浮顶电视柜带插排一拖二灯带 一件一箱 颜色->黑色,ALL,AMAZON,A,T4B,5.5005,2.7987,2.7987,170.52,86.76,86.76,256,8.2581,6 个月 · 全平台 · 全量 SKU · 2026-07-09,published
DJ504405_1,US TS01 12抽悬浮顶电视柜带插排一拖二灯带 一件一箱 颜色->黑色,ALL,TIKTOK,A,T99,0.0000,0.0000,0.0000,0.00,0.00,0.00,2,0.0645,6 个月 · 全平台 · 全量 SKU · 2026-07-09,published
DJ504405_1,US TS01 12抽悬浮顶电视柜带插排一拖二灯带 一件一箱 颜色->黑色,ALL,UNKNOWN,A,T4B,0.4654,0.2502,0.2502,14.43,7.76,7.76,21,0.6774,6 个月 · 全平台 · 全量 SKU · 2026-07-09,published
DJ504405_2,US TS01 12抽悬浮顶电视柜带插排一拖二灯带 一件一箱 颜色->火烧云,ALL,AMAZON,B,T3,3.9667,3.5700,3.5700,122.97,110.67,110.67,115,3.7097,6 个月 · 全平台 · 全量 SKU · 2026-07-09,published
DJ504405_2,US TS01 12抽悬浮顶电视柜带插排一拖二灯带 一件一箱 颜色->火烧云,ALL,TEMU,B,T4B,0.4703,0.2528,0.2528,14.58,7.84,7.84,0,0.0000,6 个月 · 全平台 · 全量 SKU · 2026-07-09,published
DJ504405_2,US TS01 12抽悬浮顶电视柜带插排一拖二灯带 一件一箱 颜色->火烧云,ALL,UNKNOWN,B,T4B,0.7335,0.2993,0.2993,22.74,9.28,9.28,21,0.6774,6 个月 · 全平台 · 全量 SKU · 2026-07-09,published
DJ504405_2,US TS01 12抽悬浮顶电视柜带插排一拖二灯带 一件一箱 颜色->火烧云,ALL,WALMART,B,T99,0.0000,0.0000,0.0000,0.00,0.00,0.00,1,0.0323,6 个月 · 全平台 · 全量 SKU · 2026-07-09,published
DJ504405_3,US TS01 12抽悬浮顶电视柜带插排一拖二灯带 一件一箱 颜色->白色,ALL,AMAZON,B,T3,4.4862,4.2799,4.2799,139.07,132.68,132.68,102,3.2903,6 个月 · 全平台 · 全量 SKU · 2026-07-09,published
DJ504405_3,US TS01 12抽悬浮顶电视柜带插排一拖二灯带 一件一箱 颜色->白色,ALL,TIKTOK,B,T99,0.0000,0.0000,0.0000,0.00,0.00,0.00,10,0.3226,6 个月 · 全平台 · 全量 SKU · 2026-07-09,published
DJ504405_3,US TS01 12抽悬浮顶电视柜带插排一拖二灯带 一件一箱 颜色->白色,ALL,UNKNOWN,B,T4B,0.3511,0.1888,0.1888,10.88,5.85,5.85,22,0.7097,6 个月 · 全平台 · 全量 SKU · 2026-07-09,published
DJ504405_4,US TS01 12抽悬浮顶电视柜带插排一拖二灯带 一件一箱 颜色->灰色,ALL,AMAZON,B,T3,4.6813,4.1005,4.1005,145.12,127.12,127.12,115,3.7097,6 个月 · 全平台 · 全量 SKU · 2026-07-09,published
DJ504405_4,US TS01 12抽悬浮顶电视柜带插排一拖二灯带 一件一箱 颜色->灰色,ALL,TIKTOK,B,T99,0.0000,0.0000,0.0000,0.00,0.00,0.00,3,0.0968,6 个月 · 全平台 · 全量 SKU · 2026-07-09,published
DJ504405_4,US TS01 12抽悬浮顶电视柜带插排一拖二灯带 一件一箱 颜色->灰色,ALL,UNKNOWN,B,T4B,0.5101,0.2448,0.2448,15.81,7.59,7.59,14,0.4516,6 个月 · 全平台 · 全量 SKU · 2026-07-09,published
DJ504405_4,US TS01 12抽悬浮顶电视柜带插排一拖二灯带 一件一箱 颜色->灰色,ALL,WALMART,B,T99,0.0000,0.0000,0.0000,0.00,0.00,0.00,4,0.1290,6 个月 · 全平台 · 全量 SKU · 2026-07-09,published
DJ504406_1,EU AG转角床 深灰棉麻 床头可互换1.4*2m 2灯带 欧规2AC+2USB 一件两箱 颜色->火烧云,ALL,AMAZON,B,T4A,2.5543,1.1852,1.1852,79.18,36.74,36.74,86,2.7742,6 个月 · 全平台 · 全量 SKU · 2026-07-09,published
DJ504406_2,EU AG转角床 浅灰棉麻 床头可互换1.4*2m 2灯带 欧规2AC+2USB 一件两箱 颜色->白色,ALL,AMAZON,C,T4B,2.1887,0.8930,0.8930,67.85,27.68,27.68,70,2.2581,6 个月 · 全平台 · 全量 SKU · 2026-07-09,published
DJ504406_2,EU AG转角床 浅灰棉麻 床头可互换1.4*2m 2灯带 欧规2AC+2USB 一件两箱 颜色->白色,ALL,UNKNOWN,C,T99,0.0000,0.0000,0.0000,0.00,0.00,0.00,1,0.0323,6 个月 · 全平台 · 全量 SKU · 2026-07-09,published
DJ504407_1,"EU-KM-90cm水槽柜 斜切拉手款 单包 颜色->白色,麻面白",ALL,UNKNOWN,C,T4B,4.0605,2.1829,2.1829,125.88,67.67,67.67,221,7.1290,6 个月 · 全平台 · 全量 SKU · 2026-07-09,published
DJ504408_1,"EU KM 80cm4门餐边柜 双包 颜色->白色,麻面白",ALL,UNKNOWN,C,T4B,0.9849,0.5011,0.5011,30.53,15.53,15.53,34,1.0968,6 个月 · 全平台 · 全量 SKU · 2026-07-09,published
DJ504408_2,"EU KM 80cm4门餐边柜 双包 颜色->黑色,浮雕黑",ALL,AMAZON,C,T4B,0.8188,0.3341,0.3341,25.38,10.36,10.36,16,0.5161,6 个月 · 全平台 · 全量 SKU · 2026-07-09,published
DJ504408_2,"EU KM 80cm4门餐边柜 双包 颜色->黑色,浮雕黑",ALL,UNKNOWN,C,T4B,0.7095,0.3405,0.3405,21.99,10.56,10.56,17,0.5484,6 个月 · 全平台 · 全量 SKU · 2026-07-09,published
DJ504409_1,US AG 长虹玻璃书桌 一件一箱 颜色->白色,ALL,UNKNOWN,C,T99,0.0000,0.0000,0.0000,0.00,0.00,0.00,2,0.0645,6 个月 · 全平台 · 全量 SKU · 2026-07-09,published
DJ504409_1,US AG 长虹玻璃书桌 一件一箱 颜色->白色,ALL,WALMART,C,T99,0.0000,0.0000,0.0000,0.00,0.00,0.00,0,0.0000,6 个月 · 全平台 · 全量 SKU · 2026-07-09,published
DJ504411_1,US UA 悬浮款单列五层斗柜 一个一箱 颜色-->黑色 山纹黑,ALL,AMAZON,C,T99,0.0000,0.0000,0.0000,0.00,0.00,0.00,0,0.0000,6 个月 · 全平台 · 全量 SKU · 2026-07-09,published
DJ504411_1,US UA 悬浮款单列五层斗柜 一个一箱 颜色-->黑色 山纹黑,ALL,UNKNOWN,C,T4B,1.0467,0.5627,0.5627,32.45,17.44,17.44,90,2.9032,6 个月 · 全平台 · 全量 SKU · 2026-07-09,published
DJ504411_1,US UA 悬浮款单列五层斗柜 一个一箱 颜色-->黑色 山纹黑,ALL,WALMART,C,T4B,0.4698,0.2255,0.2255,14.56,6.99,6.99,28,0.9032,6 个月 · 全平台 · 全量 SKU · 2026-07-09,published
DJ504412_1,US UA 悬浮款双列四层斗柜 一个一箱 颜色-->黑色 山纹黑,ALL,TIKTOK,C,T99,0.0000,0.0000,0.0000,0.00,0.00,0.00,0,0.0000,6 个月 · 全平台 · 全量 SKU · 2026-07-09,published
DJ504414_1,US UA 悬浮款单列六层斗柜 一个一箱 颜色-->黑色 山纹黑,ALL,AMAZON,C,T99,0.0000,0.0000,0.0000,0.00,0.00,0.00,7,0.2258,6 个月 · 全平台 · 全量 SKU · 2026-07-09,published
DJ504414_1,US UA 悬浮款单列六层斗柜 一个一箱 颜色-->黑色 山纹黑,ALL,TEMU,C,T99,0.0000,0.0000,0.0000,0.00,0.00,0.00,0,0.0000,6 个月 · 全平台 · 全量 SKU · 2026-07-09,published
DJ504414_1,US UA 悬浮款单列六层斗柜 一个一箱 颜色-->黑色 山纹黑,ALL,WALMART,C,T4B,0.1982,0.1066,0.1066,6.14,3.30,3.30,23,0.7419,6 个月 · 全平台 · 全量 SKU · 2026-07-09,published
DJ504414_2,US UA 悬浮款单列六层斗柜 一个一箱 颜色-->白色 浮雕白,ALL,AMAZON,D,T99,0.0000,0.0000,0.0000,0.00,0.00,0.00,0,0.0000,6 个月 · 全平台 · 全量 SKU · 2026-07-09,published
DJ504416_1,"US AG 斜百叶抽面板式抽屉床 T 一件一箱 尺码->#1,黑+胡桃木色",ALL,AMAZON,D,T99,0.0000,0.0000,0.0000,0.00,0.00,0.00,0,0.0000,6 个月 · 全平台 · 全量 SKU · 2026-07-09,published
DJ504416_1,"US AG 斜百叶抽面板式抽屉床 T 一件一箱 尺码->#1,黑+胡桃木色",ALL,UNKNOWN,D,T99,0.0000,0.0000,0.0000,0.00,0.00,0.00,0,0.0000,6 个月 · 全平台 · 全量 SKU · 2026-07-09,published
DJ504416_2,"US AG 斜百叶抽面板式抽屉床 T 一件一箱 尺码->#2,原木色",ALL,AMAZON,D,T99,0.0000,0.0000,0.0000,0.00,0.00,0.00,0,0.0000,6 个月 · 全平台 · 全量 SKU · 2026-07-09,published
DJ504416_2,"US AG 斜百叶抽面板式抽屉床 T 一件一箱 尺码->#2,原木色",ALL,UNKNOWN,D,T99,0.0000,0.0000,0.0000,0.00,0.00,0.00,0,0.0000,6 个月 · 全平台 · 全量 SKU · 2026-07-09,published
DJ504417_1,"US AG 斜百叶抽面板式抽屉床 F 一件一箱 尺码->#1,黑+胡桃木色",ALL,AMAZON,D,T99,0.0000,0.0000,0.0000,0.00,0.00,0.00,0,0.0000,6 个月 · 全平台 · 全量 SKU · 2026-07-09,published
DJ504417_1,"US AG 斜百叶抽面板式抽屉床 F 一件一箱 尺码->#1,黑+胡桃木色",ALL,UNKNOWN,D,T99,0.0000,0.0000,0.0000,0.00,0.00,0.00,0,0.0000,6 个月 · 全平台 · 全量 SKU · 2026-07-09,published
DJ504418_1,"US AG 斜百叶抽面板式抽屉床 Q 一件一箱 尺码->#1,黑+胡桃木色",ALL,AMAZON,D,T99,0.0000,0.0000,0.0000,0.00,0.00,0.00,0,0.0000,6 个月 · 全平台 · 全量 SKU · 2026-07-09,published
DJ504420_1,"US AG 柔光灯箱板式抽屉床 F 一件一箱 尺码->#1,黑色",ALL,AMAZON,D,T99,0.0000,0.0000,0.0000,0.00,0.00,0.00,0,0.0000,6 个月 · 全平台 · 全量 SKU · 2026-07-09,published
DJ504420_1,"US AG 柔光灯箱板式抽屉床 F 一件一箱 尺码->#1,黑色",ALL,UNKNOWN,D,T99,0.0000,0.0000,0.0000,0.00,0.00,0.00,0,0.0000,6 个月 · 全平台 · 全量 SKU · 2026-07-09,published
DJ504424_1,US VD31 书桌 大镜子双门6抽平板抽面 一件一箱 颜色->白色,ALL,TIKTOK,C,T99,0.0000,0.0000,0.0000,0.00,0.00,0.00,1,0.0323,6 个月 · 全平台 · 全量 SKU · 2026-07-09,published
DJ504425_2,US VD31W 书桌 大镜子双门6抽波浪纹抽面霓虹玻璃 一件一箱 颜色->白色,ALL,AMAZON,C,T99,0.0000,0.0000,0.0000,0.00,0.00,0.00,1,0.0323,6 个月 · 全平台 · 全量 SKU · 2026-07-09,published
DJ504425_2,US VD31W 书桌 大镜子双门6抽波浪纹抽面霓虹玻璃 一件一箱 颜色->白色,ALL,TIKTOK,C,T99,0.0000,0.0000,0.0000,0.00,0.00,0.00,0,0.0000,6 个月 · 全平台 · 全量 SKU · 2026-07-09,published
DJ504425_2_WF,US VD31W 书桌 大镜子双门6抽波浪纹抽面霓虹玻璃 一件一箱 颜色->白色,ALL,UNKNOWN,D,T99,0.0000,0.0000,0.0000,0.00,0.00,0.00,44,1.4194,6 个月 · 全平台 · 全量 SKU · 2026-07-09,published
DJ504429_3,US 斜腿错层行政桌 一件一箱 颜色->胡桃色,ALL,AMAZON,C,T99,0.0000,0.0000,0.0000,0.00,0.00,0.00,0,0.0000,6 个月 · 全平台 · 全量 SKU · 2026-07-09,published
DJ504436_1,"EU KM 板式鞋柜 100cm2斗1抽1柜鞋柜-3层翻斗  单包 颜色->白色,麻面白",ALL,AMAZON,C,T4B,1.3561,0.5533,0.5533,42.04,17.15,17.15,51,1.6452,6 个月 · 全平台 · 全量 SKU · 2026-07-09,published
DJ504436_1,"EU KM 板式鞋柜 100cm2斗1抽1柜鞋柜-3层翻斗  单包 颜色->白色,麻面白",ALL,UNKNOWN,C,T99,0.0000,0.0000,0.0000,0.00,0.00,0.00,14,0.4516,6 个月 · 全平台 · 全量 SKU · 2026-07-09,published
DJ504436_2,"EU KM 板式鞋柜 100cm2斗1抽1柜鞋柜-3层翻斗  单包  颜色->黑色,山纹黑",ALL,UNKNOWN,C,T99,0.0000,0.0000,0.0000,0.00,0.00,0.00,7,0.2258,6 个月 · 全平台 · 全量 SKU · 2026-07-09,published
DJ504439_1,US SR ARD-01 万象跑环 底座 2×4 8抽抽屉柜 一件两箱 颜色->黑色,ALL,AMAZON,C,T99,0.0000,0.0000,0.0000,0.00,0.00,0.00,0,0.0000,6 个月 · 全平台 · 全量 SKU · 2026-07-09,published
DJ504439_2,US SR ARD-01 万象跑环 底座 2×4 8抽抽屉柜 一件两箱 颜色->白色,ALL,AMAZON,C,T99,0.0000,0.0000,0.0000,0.00,0.00,0.00,0,0.0000,6 个月 · 全平台 · 全量 SKU · 2026-07-09,published
DJ504439_3,US SR ARD-01 万象跑环 底座 2×4 8抽抽屉柜 一件两箱 颜色->橡木棕,ALL,AMAZON,C,T99,0.0000,0.0000,0.0000,0.00,0.00,0.00,0,0.0000,6 个月 · 全平台 · 全量 SKU · 2026-07-09,published
DJ504440_2,US SR ARBC-01 万象跑环 底座 2门餐边柜 一件一箱 颜色->白色,ALL,AMAZON,D,T99,0.0000,0.0000,0.0000,0.00,0.00,0.00,0,0.0000,6 个月 · 全平台 · 全量 SKU · 2026-07-09,published
DJ504452_1,US UA 带推车侧架马桶柜 三七分布局 一件一箱 颜色->白色,ALL,AMAZON,C,T4B,1.9154,0.9194,0.9194,59.38,28.50,28.50,24,0.7742,6 个月 · 全平台 · 全量 SKU · 2026-07-09,published
DJ504453_1,"US UA 带推车侧架马桶柜 农舍风撞色 一件一箱 颜色->白色,做旧白+胡桃木",ALL,AMAZON,B,T4A,3.5595,1.4039,1.4039,110.34,43.52,43.52,83,2.6774,6 个月 · 全平台 · 全量 SKU · 2026-07-09,published
DJ504453_1,"US UA 带推车侧架马桶柜 农舍风撞色 一件一箱 颜色->白色,做旧白+胡桃木",ALL,TEMU,B,T4B,0.6180,0.2967,0.2967,19.16,9.20,9.20,20,0.6452,6 个月 · 全平台 · 全量 SKU · 2026-07-09,published
DJ504453_1,"US UA 带推车侧架马桶柜 农舍风撞色 一件一箱 颜色->白色,做旧白+胡桃木",ALL,UNKNOWN,B,T4B,0.7847,0.3202,0.3202,24.33,9.93,9.93,14,0.4516,6 个月 · 全平台 · 全量 SKU · 2026-07-09,published
DJ504454_1,US UA 带推车侧架马桶柜 十字贴条雾面玻璃柜门 一件一箱 颜色->白色,ALL,AMAZON,C,T4B,1.8809,0.7674,0.7674,58.31,23.79,23.79,20,0.6452,6 个月 · 全平台 · 全量 SKU · 2026-07-09,published
DJ504458_1,EU VD 板竹浴室镜柜 LED打砂镜 三开门 一件一箱 颜色->白色,ALL,AMAZON,C,T4B,1.4017,0.6728,0.6728,43.45,20.86,20.86,100,3.2258,6 个月 · 全平台 · 全量 SKU · 2026-07-09,published
DJ504467_1,US SR ARN-01 万象跑环 底座 3抽床头柜 一件一箱  颜色->黑色,ALL,UNKNOWN,C,T99,0.0000,0.0000,0.0000,0.00,0.00,0.00,0,0.0000,6 个月 · 全平台 · 全量 SKU · 2026-07-09,published
DJ504467_2,US SR ARN-01 万象跑环 底座 3抽床头柜 一件一箱  颜色->白色,ALL,UNKNOWN,C,T99,0.0000,0.0000,0.0000,0.00,0.00,0.00,0,0.0000,6 个月 · 全平台 · 全量 SKU · 2026-07-09,published
DJ504469_1,US TA 1.1米衣帽架带鞋架层架 一件一箱 颜色->白+棕,ALL,AMAZON,B,T3,4.0713,4.2749,4.2749,126.21,132.52,132.52,86,2.7742,6 个月 · 全平台 · 全量 SKU · 2026-07-09,published
DJ504469_1,US TA 1.1米衣帽架带鞋架层架 一件一箱 颜色->白+棕,ALL,TEMU,B,T4B,0.3022,0.1625,0.1625,9.37,5.04,5.04,10,0.3226,6 个月 · 全平台 · 全量 SKU · 2026-07-09,published
DJ504469_1,US TA 1.1米衣帽架带鞋架层架 一件一箱 颜色->白+棕,ALL,UNKNOWN,B,T4B,1.2053,0.6480,0.6480,37.36,20.09,20.09,44,1.4194,6 个月 · 全平台 · 全量 SKU · 2026-07-09,published
DJ504469_1_WF,US TA 1.1米衣帽架带鞋架层架 一件一箱 颜色->白+棕,ALL,UNKNOWN,C,T4B,1.9544,1.0507,1.0507,60.59,32.57,32.57,127,4.0968,6 个月 · 全平台 · 全量 SKU · 2026-07-09,published
DJ504469_2,US TA 1.1米衣帽架带鞋架层架 一件一箱 颜色->黑色,ALL,AMAZON,B,T3,3.1645,3.3227,3.3227,98.10,103.00,103.00,87,2.8065,6 个月 · 全平台 · 全量 SKU · 2026-07-09,published
DJ504469_2,US TA 1.1米衣帽架带鞋架层架 一件一箱 颜色->黑色,ALL,TEMU,B,T4B,0.2929,0.1406,0.1406,9.08,4.36,4.36,10,0.3226,6 个月 · 全平台 · 全量 SKU · 2026-07-09,published
DJ504469_2_WF,US TA 1.1米衣帽架带鞋架层架 一件一箱 颜色->黑色,ALL,UNKNOWN,C,T4B,1.1247,0.6047,0.6047,34.87,18.75,18.75,43,1.3871,6 个月 · 全平台 · 全量 SKU · 2026-07-09,published
DJ504469_3,US TA 1.1米衣帽架带鞋架层架 一件一箱 颜色->火烧云,ALL,AMAZON,B,T3,2.7400,2.8770,2.8770,84.94,89.19,89.19,64,2.0645,6 个月 · 全平台 · 全量 SKU · 2026-07-09,published
DJ504469_3,US TA 1.1米衣帽架带鞋架层架 一件一箱 颜色->火烧云,ALL,TEMU,B,T4B,0.4071,0.1954,0.1954,12.62,6.06,6.06,12,0.3871,6 个月 · 全平台 · 全量 SKU · 2026-07-09,published
DJ504469_3_WF,US TA 1.1米衣帽架带鞋架层架 一件一箱 颜色->火烧云,ALL,UNKNOWN,C,T4B,0.9896,0.5320,0.5320,30.68,16.49,16.49,44,1.4194,6 个月 · 全平台 · 全量 SKU · 2026-07-09,published
DJ504469_4,US TA 1.1米衣帽架带鞋架层架 一件一箱 颜色->灰古木,ALL,AMAZON,D,T99,0.0000,0.0000,0.0000,0.00,0.00,0.00,36,1.1613,6 个月 · 全平台 · 全量 SKU · 2026-07-09,published
DJ504469_4,US TA 1.1米衣帽架带鞋架层架 一件一箱 颜色->灰古木,ALL,UNKNOWN,D,T99,0.0000,0.0000,0.0000,0.00,0.00,0.00,46,1.4839,6 个月 · 全平台 · 全量 SKU · 2026-07-09,published
DJ504473_1,"US UA 长款两抽谷仓门换鞋凳 一件一箱 颜色->白色,做旧白+胡桃木",ALL,AMAZON,C,T4A,4.2591,1.9762,1.9762,132.03,61.26,61.26,57,1.8387,6 个月 · 全平台 · 全量 SKU · 2026-07-09,published
DJ504473_1,"US UA 长款两抽谷仓门换鞋凳 一件一箱 颜色->白色,做旧白+胡桃木",ALL,UNKNOWN,C,T99,0.0000,0.0000,0.0000,0.00,0.00,0.00,9,0.2903,6 个月 · 全平台 · 全量 SKU · 2026-07-09,published
DJ504475_1,US 床T-B737T拱形中间翻门水晶扣围栏含插盘灯带99*190 颜色白铁+粉色绒布+白板+白脚,ALL,AMAZON,C,T4B,1.0037,0.4818,0.4818,31.11,14.94,14.94,37,1.1935,6 个月 · 全平台 · 全量 SKU · 2026-07-09,published
DJ504475_1,US 床T-B737T拱形中间翻门水晶扣围栏含插盘灯带99*190 颜色白铁+粉色绒布+白板+白脚,ALL,TIKTOK,C,T4B,0.2000,0.0960,0.0960,6.20,2.98,2.98,2,0.0645,6 个月 · 全平台 · 全量 SKU · 2026-07-09,published
DJ504475_2,US 床T-B737T拱形中间翻门水晶扣围栏含插盘灯带99*190颜色-白色铁+米白绒布+白板+白脚,ALL,TIKTOK,C,T99,0.0000,0.0000,0.0000,0.00,0.00,0.00,0,0.0000,6 个月 · 全平台 · 全量 SKU · 2026-07-09,published
DJ504476_2,US 床T-B737Q拱形中间翻门水晶扣围栏含插盘灯带153*203 颜色白铁+米白绒布+白板+白脚,ALL,UNKNOWN,C,T4B,0.2323,0.1182,0.1182,7.20,3.66,3.66,13,0.4194,6 个月 · 全平台 · 全量 SKU · 2026-07-09,published
DJ504477_1,US 床T-B737F拱形中间翻门水晶扣围栏含插盘灯带137*190 颜色白铁+粉色绒布+白板+白脚,ALL,TIKTOK,C,T4B,0.1071,0.0514,0.0514,3.32,1.59,1.59,16,0.5161,6 个月 · 全平台 · 全量 SKU · 2026-07-09,published
DJ504477_1,US 床T-B737F拱形中间翻门水晶扣围栏含插盘灯带137*190 颜色白铁+粉色绒布+白板+白脚,ALL,UNKNOWN,C,T4B,0.3350,0.1704,0.1704,10.39,5.28,5.28,32,1.0323,6 个月 · 全平台 · 全量 SKU · 2026-07-09,published
DJ504477_1,US 床T-B737F拱形中间翻门水晶扣围栏含插盘灯带137*190 颜色白铁+粉色绒布+白板+白脚,ALL,WALMART,C,T99,0.0000,0.0000,0.0000,0.00,0.00,0.00,0,0.0000,6 个月 · 全平台 · 全量 SKU · 2026-07-09,published
DJ504477_2,US 床T-B737F拱形中间翻门水晶扣围栏含插盘灯带137*190 颜色白铁+米白绒布+白板+白脚,ALL,UNKNOWN,C,T4B,0.5467,0.2782,0.2782,16.95,8.62,8.62,38,1.2258,6 个月 · 全平台 · 全量 SKU · 2026-07-09,published
DJ504477_2,US 床T-B737F拱形中间翻门水晶扣围栏含插盘灯带137*190 颜色白铁+米白绒布+白板+白脚,ALL,WALMART,C,T99,0.0000,0.0000,0.0000,0.00,0.00,0.00,2,0.0645,6 个月 · 全平台 · 全量 SKU · 2026-07-09,published
DJ504484_1,"US AG 双层下翻浮雕门鞋柜 一件一箱 尺码->#1,黑色",ALL,UNKNOWN,C,T4B,0.7813,0.3750,0.3750,24.22,11.63,11.63,6,0.1935,6 个月 · 全平台 · 全量 SKU · 2026-07-09,published
DJ504484_1,"US AG 双层下翻浮雕门鞋柜 一件一箱 尺码->#1,黑色",ALL,WALMART,C,T99,0.0000,0.0000,0.0000,0.00,0.00,0.00,0,0.0000,6 个月 · 全平台 · 全量 SKU · 2026-07-09,published
DJ504486_1,US TS07 1米6长9抽悬浮顶电视柜带灯带插排 颜色->黑色,ALL,UNKNOWN,C,T99,0.0000,0.0000,0.0000,0.00,0.00,0.00,0,0.0000,6 个月 · 全平台 · 全量 SKU · 2026-07-09,published
DJ504490_1,"US UA 梯形柜门置物现代板式行政桌 一件一箱 浮雕黑 颜色->黑色,浮雕黑",ALL,AMAZON,C,T4B,2.9254,1.1936,1.1936,90.69,37.00,37.00,90,2.9032,6 个月 · 全平台 · 全量 SKU · 2026-07-09,published
DJ504490_1,"US UA 梯形柜门置物现代板式行政桌 一件一箱 浮雕黑 颜色->黑色,浮雕黑",ALL,UNKNOWN,C,T4B,1.5845,0.7606,0.7606,49.12,23.58,23.58,88,2.8387,6 个月 · 全平台 · 全量 SKU · 2026-07-09,published
DJ504490_1,"US UA 梯形柜门置物现代板式行政桌 一件一箱 浮雕黑 颜色->黑色,浮雕黑",ALL,WALMART,C,T4B,0.4176,0.2004,0.2004,12.95,6.21,6.21,8,0.2581,6 个月 · 全平台 · 全量 SKU · 2026-07-09,published
DJ504490_2,"US UA 梯形柜门置物现代板式行政桌 一件一箱 颜色->#1,原木色",ALL,AMAZON,C,T3,3.9256,3.5331,3.5331,121.69,109.53,109.53,137,4.4194,6 个月 · 全平台 · 全量 SKU · 2026-07-09,published
DJ504490_2,"US UA 梯形柜门置物现代板式行政桌 一件一箱 颜色->#1,原木色",ALL,UNKNOWN,C,T99,0.0000,0.0000,0.0000,0.00,0.00,0.00,31,1.0000,6 个月 · 全平台 · 全量 SKU · 2026-07-09,published
DJ504492_1,US UA 厚抽底菱形拼色单列四斗柜 一件一箱 颜色->黑色,ALL,AMAZON,C,T99,0.0000,0.0000,0.0000,0.00,0.00,0.00,0,0.0000,6 个月 · 全平台 · 全量 SKU · 2026-07-09,published
DJ504492_1,US UA 厚抽底菱形拼色单列四斗柜 一件一箱 颜色->黑色,ALL,TEMU,C,T99,0.0000,0.0000,0.0000,0.00,0.00,0.00,0,0.0000,6 个月 · 全平台 · 全量 SKU · 2026-07-09,published
DJ504492_1,US UA 厚抽底菱形拼色单列四斗柜 一件一箱 颜色->黑色,ALL,WALMART,C,T4B,0.4612,0.2480,0.2480,14.30,7.69,7.69,12,0.3871,6 个月 · 全平台 · 全量 SKU · 2026-07-09,published
DJ504493_1,US UA 厚抽底菱形拼色单列五斗柜 一件一箱 颜色->黑色,ALL,AMAZON,C,T99,0.0000,0.0000,0.0000,0.00,0.00,0.00,0,0.0000,6 个月 · 全平台 · 全量 SKU · 2026-07-09,published
DJ504493_1,US UA 厚抽底菱形拼色单列五斗柜 一件一箱 颜色->黑色,ALL,UNKNOWN,C,T4B,0.3119,0.1677,0.1677,9.67,5.20,5.20,8,0.2581,6 个月 · 全平台 · 全量 SKU · 2026-07-09,published
DJ504493_1,US UA 厚抽底菱形拼色单列五斗柜 一件一箱 颜色->黑色,ALL,WALMART,C,T4B,0.1939,0.1042,0.1042,6.01,3.23,3.23,22,0.7097,6 个月 · 全平台 · 全量 SKU · 2026-07-09,published
DJ504494_1,EU KM 布兜款咖啡桌 一件一箱 颜色->白色+米黄色布兜,ALL,AMAZON,C,T4B,0.8876,0.4260,0.4260,27.52,13.21,13.21,17,0.5484,6 个月 · 全平台 · 全量 SKU · 2026-07-09,published
DJ504494_1,EU KM 布兜款咖啡桌 一件一箱 颜色->白色+米黄色布兜,ALL,UNKNOWN,C,T4B,0.5228,0.2509,0.2509,16.21,7.78,7.78,15,0.4839,6 个月 · 全平台 · 全量 SKU · 2026-07-09,published
DJ504494_2,EU KM 布兜款咖啡桌 一件一箱 颜色->黑色+深灰色布兜,ALL,AMAZON,C,T4B,0.7577,0.3091,0.3091,23.49,9.58,9.58,13,0.4194,6 个月 · 全平台 · 全量 SKU · 2026-07-09,published
DJ504495_1,EU KM双侧储物梳妆台 一件两箱 颜色->白色,ALL,AMAZON,C,T4B,0.8198,0.3345,0.3345,25.41,10.37,10.37,20,0.6452,6 个月 · 全平台 · 全量 SKU · 2026-07-09,published
DJ504501_2,US 铣槽移动柜行政桌 一件一箱 颜色->989-3+黑麻,ALL,AMAZON,C,T99,0.0000,0.0000,0.0000,0.00,0.00,0.00,0,0.0000,6 个月 · 全平台 · 全量 SKU · 2026-07-09,published
DJ504502_1,"US AG 一格两门餐边柜 浮雕门吸塑 含灯带 一件一箱 尺码->#1,黑色",ALL,AMAZON,C,T4B,0.4976,0.2675,0.2675,15.43,8.29,8.29,0,0.0000,6 个月 · 全平台 · 全量 SKU · 2026-07-09,published
DJ504502_1,"US AG 一格两门餐边柜 浮雕门吸塑 含灯带 一件一箱 尺码->#1,黑色",ALL,UNKNOWN,C,T99,0.0000,0.0000,0.0000,0.00,0.00,0.00,0,0.0000,6 个月 · 全平台 · 全量 SKU · 2026-07-09,published
DJ504503_1,"US AG 一抽两门餐边柜 浮雕门吸塑 一件一箱 尺码->#1,黑色",ALL,AMAZON,C,T99,0.0000,0.0000,0.0000,0.00,0.00,0.00,0,0.0000,6 个月 · 全平台 · 全量 SKU · 2026-07-09,published
DJ504503_1,"US AG 一抽两门餐边柜 浮雕门吸塑 一件一箱 尺码->#1,黑色",ALL,UNKNOWN,C,T99,0.0000,0.0000,0.0000,0.00,0.00,0.00,0,0.0000,6 个月 · 全平台 · 全量 SKU · 2026-07-09,published
DJ504510_1,EU FR 拼色浴室面盆柜单开门+左三层开放格 一件一箱 颜色->白色,ALL,AMAZON,C,T4B,2.0675,1.0519,1.0519,64.09,32.61,32.61,67,2.1613,6 个月 · 全平台 · 全量 SKU · 2026-07-09,published
DJ504510_1,EU FR 拼色浴室面盆柜单开门+左三层开放格 一件一箱 颜色->白色,ALL,UNKNOWN,C,T4B,0.2786,0.1498,0.1498,8.64,4.64,4.64,14,0.4516,6 个月 · 全平台 · 全量 SKU · 2026-07-09,published
DJ504511_1,EU FR 拼色浴室镜柜LED灯光镜+下开放格 一件一箱 颜色->白色,ALL,UNKNOWN,C,T4B,1.3268,0.7133,0.7133,41.13,22.11,22.11,51,1.6452,6 个月 · 全平台 · 全量 SKU · 2026-07-09,published
DJ504512_1,EU FR 拼色浴室高柜一抽+上下单开门 一件一箱 颜色->白色,ALL,AMAZON,C,T4B,1.4196,0.7632,0.7632,44.01,23.66,23.66,75,2.4194,6 个月 · 全平台 · 全量 SKU · 2026-07-09,published
DJ504513,EU BW铁木床LIWS-02 高床头储物+倾斜靠背+灯带插排 ZY火烧色一件两箱 160*200,ALL,AMAZON,C,T4B,0.9946,0.4774,0.4774,30.83,14.80,14.80,65,2.0968,6 个月 · 全平台 · 全量 SKU · 2026-07-09,published
DJ504514,EU BW铁木床LIWS-02 高床头储物+倾斜靠背+灯带插排 ZY火烧色一件两箱 180*200,ALL,AMAZON,C,T4B,1.2970,0.5292,0.5292,40.21,16.41,16.41,74,2.3871,6 个月 · 全平台 · 全量 SKU · 2026-07-09,published
DJ504515_2,"US 床GJ-006上T下T床8抽含灯带 颜色->#2,白铁+白山纹板",ALL,AMAZON,D,T99,0.0000,0.0000,0.0000,0.00,0.00,0.00,0,0.0000,6 个月 · 全平台 · 全量 SKU · 2026-07-09,published
DJ504519,EU BW 沙发凳折叠床 10cm厚床垫*3 90*200 颜色黑色 一件一箱,ALL,AMAZON,C,T4B,1.0410,0.4997,0.4997,32.27,15.49,15.49,32,1.0323,6 个月 · 全平台 · 全量 SKU · 2026-07-09,published
DJ504520_1,US 160cm单人板材电脑桌 一件一箱 颜色->白木纹柜体+黑桌面,ALL,AMAZON,C,T3,4.5565,4.1519,4.1519,141.25,128.71,128.71,83,2.6774,6 个月 · 全平台 · 全量 SKU · 2026-07-09,published
DJ504520_1,US 160cm单人板材电脑桌 一件一箱 颜色->白木纹柜体+黑桌面,ALL,TIKTOK,C,T99,0.0000,0.0000,0.0000,0.00,0.00,0.00,2,0.0645,6 个月 · 全平台 · 全量 SKU · 2026-07-09,published
DJ504520_2,US 160cm单人板材电脑桌 一件一箱 颜色->灰古木-40三胺,ALL,AMAZON,C,T4A,3.1955,1.2603,1.2603,99.06,39.07,39.07,84,2.7097,6 个月 · 全平台 · 全量 SKU · 2026-07-09,published
DJ504520_2,US 160cm单人板材电脑桌 一件一箱 颜色->灰古木-40三胺,ALL,TIKTOK,C,T99,0.0000,0.0000,0.0000,0.00,0.00,0.00,2,0.0645,6 个月 · 全平台 · 全量 SKU · 2026-07-09,published
DJ504520_2,US 160cm单人板材电脑桌 一件一箱 颜色->灰古木-40三胺,ALL,UNKNOWN,C,T4B,1.7608,0.7184,0.7184,54.58,22.27,22.27,41,1.3226,6 个月 · 全平台 · 全量 SKU · 2026-07-09,published
DJ504522_1,EU AG JYH215 棉麻软包气杆床 火烧云板 靠背掀盖 双灯带 90*200cm 一件两箱 颜色->深灰色,ALL,AMAZON,C,T4B,1.8653,0.7610,0.7610,57.82,23.59,23.59,58,1.8710,6 个月 · 全平台 · 全量 SKU · 2026-07-09,published
DJ504522_1,EU AG JYH215 棉麻软包气杆床 火烧云板 靠背掀盖 双灯带 90*200cm 一件两箱 颜色->深灰色,ALL,UNKNOWN,C,T4B,1.4271,0.7672,0.7672,44.24,23.78,23.78,47,1.5161,6 个月 · 全平台 · 全量 SKU · 2026-07-09,published
DJ504522_2,EU AG JYH215 棉麻软包气杆床 灰色板 靠背掀盖 双灯带 90*200cm 一件两箱 颜色->米白,ALL,AMAZON,C,T4B,1.3833,0.5644,0.5644,42.88,17.50,17.50,52,1.6774,6 个月 · 全平台 · 全量 SKU · 2026-07-09,published
DJ504522_2,EU AG JYH215 棉麻软包气杆床 灰色板 靠背掀盖 双灯带 90*200cm 一件两箱 颜色->米白,ALL,UNKNOWN,C,T4B,0.3505,0.1885,0.1885,10.87,5.84,5.84,14,0.4516,6 个月 · 全平台 · 全量 SKU · 2026-07-09,published
DJ504524_1,EU AG JYH215 绒布软包气杆床 型号2027板 靠背掀盖 双灯带 140*200cm 一件两箱 颜色->深灰色,ALL,AMAZON,C,T99,0.0000,0.0000,0.0000,0.00,0.00,0.00,5,0.1613,6 个月 · 全平台 · 全量 SKU · 2026-07-09,published
DJ504525_1,US VD JYH216 PU软包4抽床 火烧云板 靠背掀盖 双灯带 T 一件一箱 颜色->黑色,ALL,AMAZON,D,T99,0.0000,0.0000,0.0000,0.00,0.00,0.00,0,0.0000,6 个月 · 全平台 · 全量 SKU · 2026-07-09,published
DJ504525_1,US VD JYH216 PU软包4抽床 火烧云板 靠背掀盖 双灯带 T 一件一箱 颜色->黑色,ALL,UNKNOWN,D,T99,0.0000,0.0000,0.0000,0.00,0.00,0.00,0,0.0000,6 个月 · 全平台 · 全量 SKU · 2026-07-09,published
DJ504528_1,"US UA 四腿双顶四推拉门咖啡桌 一件一箱 颜色->白色,做旧白+栗棕木",ALL,AMAZON,C,T4B,2.0305,0.8284,0.8284,62.95,25.68,25.68,46,1.4839,6 个月 · 全平台 · 全量 SKU · 2026-07-09,published
DJ504528_1,"US UA 四腿双顶四推拉门咖啡桌 一件一箱 颜色->白色,做旧白+栗棕木",ALL,UNKNOWN,C,T99,0.0000,0.0000,0.0000,0.00,0.00,0.00,0,0.0000,6 个月 · 全平台 · 全量 SKU · 2026-07-09,published
DJ504531_1,US SD L桌带文件抽桌面宽470mm 一件一箱 颜色->火烧云,ALL,AMAZON,C,T3,4.4686,4.6921,4.6921,138.53,145.46,145.46,0,0.0000,6 个月 · 全平台 · 全量 SKU · 2026-07-09,published
DJ504531_1,US SD L桌带文件抽桌面宽470mm 一件一箱 颜色->火烧云,ALL,TEMU,C,T99,0.0000,0.0000,0.0000,0.00,0.00,0.00,0,0.0000,6 个月 · 全平台 · 全量 SKU · 2026-07-09,published
DJ504531_1,US SD L桌带文件抽桌面宽470mm 一件一箱 颜色->火烧云,ALL,TIKTOK,C,T99,0.0000,0.0000,0.0000,0.00,0.00,0.00,0,0.0000,6 个月 · 全平台 · 全量 SKU · 2026-07-09,published
DJ504531_1,US SD L桌带文件抽桌面宽470mm 一件一箱 颜色->火烧云,ALL,UNKNOWN,C,T99,0.0000,0.0000,0.0000,0.00,0.00,0.00,0,0.0000,6 个月 · 全平台 · 全量 SKU · 2026-07-09,published
DJ504531_1,US SD L桌带文件抽桌面宽470mm 一件一箱 颜色->火烧云,ALL,WALMART,C,T99,0.0000,0.0000,0.0000,0.00,0.00,0.00,0,0.0000,6 个月 · 全平台 · 全量 SKU · 2026-07-09,published
DJ504531_2,US SD L桌带文件抽桌面宽470mm 一件一箱 颜色->黑色,ALL,AMAZON,D,T99,0.0000,0.0000,0.0000,0.00,0.00,0.00,0,0.0000,6 个月 · 全平台 · 全量 SKU · 2026-07-09,published
DJ504531_2_WF,US SD L桌带文件抽桌面宽470mm 一件一箱 颜色->黑色,ALL,TEMU,C,T99,0.0000,0.0000,0.0000,0.00,0.00,0.00,0,0.0000,6 个月 · 全平台 · 全量 SKU · 2026-07-09,published
DJ504531_2_WF,US SD L桌带文件抽桌面宽470mm 一件一箱 颜色->黑色,ALL,UNKNOWN,C,T99,0.0000,0.0000,0.0000,0.00,0.00,0.00,0,0.0000,6 个月 · 全平台 · 全量 SKU · 2026-07-09,published
DJ504531_3,US SD L桌带文件抽桌面宽470mm 一件一箱 颜色->白色,ALL,AMAZON,D,T99,0.0000,0.0000,0.0000,0.00,0.00,0.00,0,0.0000,6 个月 · 全平台 · 全量 SKU · 2026-07-09,published
DJ504531_3,US SD L桌带文件抽桌面宽470mm 一件一箱 颜色->白色,ALL,TEMU,D,T99,0.0000,0.0000,0.0000,0.00,0.00,0.00,0,0.0000,6 个月 · 全平台 · 全量 SKU · 2026-07-09,published
DJ504531_3,US SD L桌带文件抽桌面宽470mm 一件一箱 颜色->白色,ALL,TIKTOK,D,T99,0.0000,0.0000,0.0000,0.00,0.00,0.00,0,0.0000,6 个月 · 全平台 · 全量 SKU · 2026-07-09,published
DJ504531_3,US SD L桌带文件抽桌面宽470mm 一件一箱 颜色->白色,ALL,UNKNOWN,D,T99,0.0000,0.0000,0.0000,0.00,0.00,0.00,0,0.0000,6 个月 · 全平台 · 全量 SKU · 2026-07-09,published
DJ504531_3_WF,US SD L桌带文件抽桌面宽470mm 一件一箱 颜色->白色,ALL,UNKNOWN,C,T99,0.0000,0.0000,0.0000,0.00,0.00,0.00,0,0.0000,6 个月 · 全平台 · 全量 SKU · 2026-07-09,published
DJ504531_4,US SD L桌带文件抽桌面宽470mm 一件一箱 颜色->989-3,ALL,AMAZON,B,T2,10.4306,8.8931,8.8931,323.35,275.69,275.69,0,0.0000,6 个月 · 全平台 · 全量 SKU · 2026-07-09,published
DJ504531_5,US SD L桌带文件抽桌面宽470mm 一件一箱 颜色->989-2,ALL,AMAZON,D,T99,0.0000,0.0000,0.0000,0.00,0.00,0.00,0,0.0000,6 个月 · 全平台 · 全量 SKU · 2026-07-09,published
DJ504531_5,US SD L桌带文件抽桌面宽470mm 一件一箱 颜色->989-2,ALL,TEMU,D,T99,0.0000,0.0000,0.0000,0.00,0.00,0.00,0,0.0000,6 个月 · 全平台 · 全量 SKU · 2026-07-09,published
DJ504531_5,US SD L桌带文件抽桌面宽470mm 一件一箱 颜色->989-2,ALL,TIKTOK,D,T99,0.0000,0.0000,0.0000,0.00,0.00,0.00,0,0.0000,6 个月 · 全平台 · 全量 SKU · 2026-07-09,published
DJ504531_5,US SD L桌带文件抽桌面宽470mm 一件一箱 颜色->989-2,ALL,UNKNOWN,D,T99,0.0000,0.0000,0.0000,0.00,0.00,0.00,0,0.0000,6 个月 · 全平台 · 全量 SKU · 2026-07-09,published
DJ504532_1,EU VD 角落气杆软包床 2层置物 欧标床垫1.4*2m 一件两箱 颜色->深灰色,ALL,AMAZON,B,T4A,2.5965,1.2770,1.2770,80.49,39.59,39.59,99,3.1935,6 个月 · 全平台 · 全量 SKU · 2026-07-09,published
DJ504532_1,EU VD 角落气杆软包床 2层置物 欧标床垫1.4*2m 一件两箱 颜色->深灰色,ALL,UNKNOWN,B,T4B,0.7907,0.4023,0.4023,24.51,12.47,12.47,76,2.4516,6 个月 · 全平台 · 全量 SKU · 2026-07-09,published
DJ504532_2,EU VD 角落气杆软包床 2层置物 欧标床垫1.4*2m 一件两箱 颜色->米白,ALL,AMAZON,C,T4B,0.9573,0.4595,0.4595,29.68,14.24,14.24,62,2.0000,6 个月 · 全平台 · 全量 SKU · 2026-07-09,published
DJ504532_2,EU VD 角落气杆软包床 2层置物 欧标床垫1.4*2m 一件两箱 颜色->米白,ALL,UNKNOWN,C,T4B,0.9610,0.5166,0.5166,29.79,16.01,16.01,87,2.8065,6 个月 · 全平台 · 全量 SKU · 2026-07-09,published
DJ504532_3,"EU VD 角落气杆软包床 2层置物 欧标床垫1.4*2m 绒布 一件两箱 颜色->#1,米白",ALL,AMAZON,B,T4B,1.5445,0.8303,0.8303,47.88,25.74,25.74,110,3.5484,6 个月 · 全平台 · 全量 SKU · 2026-07-09,published
DJ504535_1,"EU KM 软包液压床 假悬浮  双包 尺码->L,190*140;颜色->白色,PU白",ALL,AMAZON,C,T4B,0.9175,0.4933,0.4933,28.44,15.29,15.29,0,0.0000,6 个月 · 全平台 · 全量 SKU · 2026-07-09,published
DJ504535_1,"EU KM 软包液压床 假悬浮  双包 尺码->L,190*140;颜色->白色,PU白",ALL,UNKNOWN,C,T99,0.0000,0.0000,0.0000,0.00,0.00,0.00,0,0.0000,6 个月 · 全平台 · 全量 SKU · 2026-07-09,published
DJ504535_2,"EU KM 软包液压床 假悬浮  双包 尺码->L,190*140;颜色->灰色,亚麻灰",ALL,AMAZON,C,T4B,0.7814,0.3976,0.3976,24.22,12.33,12.33,11,0.3548,6 个月 · 全平台 · 全量 SKU · 2026-07-09,published
DJ504535_2,"EU KM 软包液压床 假悬浮  双包 尺码->L,190*140;颜色->灰色,亚麻灰",ALL,UNKNOWN,C,T99,0.0000,0.0000,0.0000,0.00,0.00,0.00,0,0.0000,6 个月 · 全平台 · 全量 SKU · 2026-07-09,published
DJ504535_3,"EU KM 软包液压床 假悬浮  双包 尺码->XL,200*140;颜色->白色,PU白",ALL,AMAZON,C,T4B,0.6987,0.3756,0.3756,21.66,11.64,11.64,0,0.0000,6 个月 · 全平台 · 全量 SKU · 2026-07-09,published
DJ504535_3,"EU KM 软包液压床 假悬浮  双包 尺码->XL,200*140;颜色->白色,PU白",ALL,UNKNOWN,C,T99,0.0000,0.0000,0.0000,0.00,0.00,0.00,0,0.0000,6 个月 · 全平台 · 全量 SKU · 2026-07-09,published
DJ504535_4,"EU KM 软包液压床 假悬浮 双包  尺码->XL,200*140;颜色->灰色,亚麻灰",ALL,AMAZON,C,T4B,0.6212,0.2982,0.2982,19.26,9.24,9.24,1,0.0323,6 个月 · 全平台 · 全量 SKU · 2026-07-09,published
DJ504535_5,"EU KM 软包液压床 假悬浮 双包  尺码->XXL,200*160;颜色->白色,PU白",ALL,AMAZON,C,T4B,0.7763,0.4173,0.4173,24.07,12.94,12.94,0,0.0000,6 个月 · 全平台 · 全量 SKU · 2026-07-09,published
DJ504535_5,"EU KM 软包液压床 假悬浮 双包  尺码->XXL,200*160;颜色->白色,PU白",ALL,TIKTOK,C,T99,0.0000,0.0000,0.0000,0.00,0.00,0.00,0,0.0000,6 个月 · 全平台 · 全量 SKU · 2026-07-09,published
DJ504535_5,"EU KM 软包液压床 假悬浮 双包  尺码->XXL,200*160;颜色->白色,PU白",ALL,UNKNOWN,C,T99,0.0000,0.0000,0.0000,0.00,0.00,0.00,0,0.0000,6 个月 · 全平台 · 全量 SKU · 2026-07-09,published
DJ504535_6,"EU KM 软包液压床 假悬浮  双包 尺码->XXL,200*160;颜色->灰色,亚麻灰",ALL,TIKTOK,C,T99,0.0000,0.0000,0.0000,0.00,0.00,0.00,0,0.0000,6 个月 · 全平台 · 全量 SKU · 2026-07-09,published
DJ504538_1,US K腿6抽单人游戏桌 一件一箱 颜色->黑色碳纤维,ALL,AMAZON,B,T3,3.2923,3.4569,3.4569,102.06,107.16,107.16,92,2.9677,6 个月 · 全平台 · 全量 SKU · 2026-07-09,published
DJ504538_1,US K腿6抽单人游戏桌 一件一箱 颜色->黑色碳纤维,ALL,UNKNOWN,B,T4B,0.7453,0.3792,0.3792,23.10,11.76,11.76,43,1.3871,6 个月 · 全平台 · 全量 SKU · 2026-07-09,published
DJ504538_2,US K腿6抽单人游戏桌 一件一箱 颜色->白色碳纤维,ALL,AMAZON,C,T4B,1.1221,0.5709,0.5709,34.79,17.70,17.70,50,1.6129,6 个月 · 全平台 · 全量 SKU · 2026-07-09,published
DJ504538_2,US K腿6抽单人游戏桌 一件一箱 颜色->白色碳纤维,ALL,TEMU,C,T99,0.0000,0.0000,0.0000,0.00,0.00,0.00,10,0.3226,6 个月 · 全平台 · 全量 SKU · 2026-07-09,published
DJ504538_2,US K腿6抽单人游戏桌 一件一箱 颜色->白色碳纤维,ALL,WALMART,C,T99,0.0000,0.0000,0.0000,0.00,0.00,0.00,0,0.0000,6 个月 · 全平台 · 全量 SKU · 2026-07-09,published
DJ504539_1,EU VD 悬浮床 软包床头 铁框架 灯带 USB插排 1.8*2m 一件一箱 颜色->深灰色,ALL,AMAZON,C,T4B,1.0086,0.5422,0.5422,31.27,16.81,16.81,46,1.4839,6 个月 · 全平台 · 全量 SKU · 2026-07-09,published
DJ504539_1,EU VD 悬浮床 软包床头 铁框架 灯带 USB插排 1.8*2m 一件一箱 颜色->深灰色,ALL,UNKNOWN,C,T99,0.0000,0.0000,0.0000,0.00,0.00,0.00,27,0.8710,6 个月 · 全平台 · 全量 SKU · 2026-07-09,published
DJ504542_2,US 梳妆台-VDRM-01圆弧镜玻璃桌面 一件一箱  颜色->白色,ALL,AMAZON,C,T4B,0.7717,0.3704,0.3704,23.92,11.48,11.48,26,0.8387,6 个月 · 全平台 · 全量 SKU · 2026-07-09,published
DJ504542_2,US 梳妆台-VDRM-01圆弧镜玻璃桌面 一件一箱  颜色->白色,ALL,TEMU,C,T99,0.0000,0.0000,0.0000,0.00,0.00,0.00,0,0.0000,6 个月 · 全平台 · 全量 SKU · 2026-07-09,published
DJ504542_2,US 梳妆台-VDRM-01圆弧镜玻璃桌面 一件一箱  颜色->白色,ALL,TIKTOK,C,T99,0.0000,0.0000,0.0000,0.00,0.00,0.00,0,0.0000,6 个月 · 全平台 · 全量 SKU · 2026-07-09,published
DJ504543_1,US TS08 1米6长11抽悬浮顶电视柜带灯带插排 一件一箱 颜色->黑色,ALL,AMAZON,C,T4A,2.0298,0.9418,0.9418,62.92,29.20,29.20,63,2.0323,6 个月 · 全平台 · 全量 SKU · 2026-07-09,published
DJ504543_1,US TS08 1米6长11抽悬浮顶电视柜带灯带插排 一件一箱 颜色->黑色,ALL,UNKNOWN,C,T4B,0.2647,0.1423,0.1423,8.21,4.41,4.41,9,0.2903,6 个月 · 全平台 · 全量 SKU · 2026-07-09,published
DJ504543_2,US TS08 1米6长11抽悬浮顶电视柜带灯带插排 一件一箱 颜色->火烧云,ALL,AMAZON,C,T4B,1.2735,0.6480,0.6480,39.48,20.09,20.09,81,2.6129,6 个月 · 全平台 · 全量 SKU · 2026-07-09,published
DJ504543_2,US TS08 1米6长11抽悬浮顶电视柜带灯带插排 一件一箱 颜色->火烧云,ALL,TIKTOK,C,T99,0.0000,0.0000,0.0000,0.00,0.00,0.00,2,0.0645,6 个月 · 全平台 · 全量 SKU · 2026-07-09,published
DJ504543_2,US TS08 1米6长11抽悬浮顶电视柜带灯带插排 一件一箱 颜色->火烧云,ALL,UNKNOWN,C,T4B,0.1933,0.0984,0.0984,5.99,3.05,3.05,6,0.1935,6 个月 · 全平台 · 全量 SKU · 2026-07-09,published
DJ504546_1,"US 床YL-544T布抽儿童床含灯带、含插盘99*190 颜色->#1,白色",ALL,AMAZON,A,T4A,3.2952,1.5290,1.5290,102.15,47.40,47.40,111,3.5806,6 个月 · 全平台 · 全量 SKU · 2026-07-09,published
DJ504546_1,"US 床YL-544T布抽儿童床含灯带、含插盘99*190 颜色->#1,白色",ALL,UNKNOWN,A,T4B,3.1686,1.7034,1.7034,98.23,52.81,52.81,36,1.1613,6 个月 · 全平台 · 全量 SKU · 2026-07-09,published
DJ504546_2,"US 床YL-544T布抽儿童床含灯带、含插盘99*190 颜色->#2,黑色",ALL,AMAZON,B,T3,3.7136,3.3907,3.3907,115.12,105.11,105.11,111,3.5806,6 个月 · 全平台 · 全量 SKU · 2026-07-09,published
DJ504546_2,"US 床YL-544T布抽儿童床含灯带、含插盘99*190 颜色->#2,黑色",ALL,TIKTOK,B,T99,0.0000,0.0000,0.0000,0.00,0.00,0.00,3,0.0968,6 个月 · 全平台 · 全量 SKU · 2026-07-09,published
DJ504548_1,US AG 侧边灯带抽屉床 PU软包F 一件一箱 颜色->黑色,ALL,AMAZON,D,T99,0.0000,0.0000,0.0000,0.00,0.00,0.00,0,0.0000,6 个月 · 全平台 · 全量 SKU · 2026-07-09,published
DJ504548_1,US AG 侧边灯带抽屉床 PU软包F 一件一箱 颜色->黑色,ALL,WALMART,D,T99,0.0000,0.0000,0.0000,0.00,0.00,0.00,0,0.0000,6 个月 · 全平台 · 全量 SKU · 2026-07-09,published
DJ504549_1,US AG 侧边灯带抽屉床 PU软包Q 一件一箱 颜色->黑色,ALL,TIKTOK,C,T99,0.0000,0.0000,0.0000,0.00,0.00,0.00,1,0.0323,6 个月 · 全平台 · 全量 SKU · 2026-07-09,published
DJ504549_2,US AG 侧边灯带抽屉床 PU软包Q 一件一箱 颜色->米白,ALL,AMAZON,D,T99,0.0000,0.0000,0.0000,0.00,0.00,0.00,0,0.0000,6 个月 · 全平台 · 全量 SKU · 2026-07-09,published
DJ504553_1,EU FR 板竹上下双开门128高浴室柜 一个一箱 颜色->白色,ALL,AMAZON,C,T4B,2.3244,0.9483,0.9483,72.06,29.40,29.40,112,3.6129,6 个月 · 全平台 · 全量 SKU · 2026-07-09,published
DJ504554_3,"US AG 1x5斜拼竖纹复古储物柜 一件一箱 尺码->#3,深胡桃木色",ALL,AMAZON,D,T99,0.0000,0.0000,0.0000,0.00,0.00,0.00,0,0.0000,6 个月 · 全平台 · 全量 SKU · 2026-07-09,published
DJ504558_2,US 床TB-742T圈圈绒床尾2抽床含插盘99*190 颜色->#2 粉色,ALL,AMAZON,D,T99,0.0000,0.0000,0.0000,0.00,0.00,0.00,0,0.0000,6 个月 · 全平台 · 全量 SKU · 2026-07-09,published
DJ504558_2,US 床TB-742T圈圈绒床尾2抽床含插盘99*190 颜色->#2 粉色,ALL,UNKNOWN,D,T99,0.0000,0.0000,0.0000,0.00,0.00,0.00,0,0.0000,6 个月 · 全平台 · 全量 SKU · 2026-07-09,published
DJ504558_2,US 床TB-742T圈圈绒床尾2抽床含插盘99*190 颜色->#2 粉色,ALL,WALMART,D,T99,0.0000,0.0000,0.0000,0.00,0.00,0.00,0,0.0000,6 个月 · 全平台 · 全量 SKU · 2026-07-09,published
DJ504561_1,EU AG门厅衣帽架 板式全开放格顶部置物 一件两箱  颜色->白色,ALL,AMAZON,C,T4B,0.8420,0.4042,0.4042,26.10,12.53,12.53,89,2.8710,6 个月 · 全平台 · 全量 SKU · 2026-07-09,published
DJ504565_1,"US 床YL545 T板式5抽布抽床+集成书柜 灯带+插盘99*190 颜色->#1,白板+白铁",ALL,AMAZON,B,T4A,2.8263,1.3114,1.3114,87.62,40.65,40.65,67,2.1613,6 个月 · 全平台 · 全量 SKU · 2026-07-09,published
DJ504565_1,"US 床YL545 T板式5抽布抽床+集成书柜 灯带+插盘99*190 颜色->#1,白板+白铁",ALL,UNKNOWN,B,T4B,1.0891,0.5228,0.5228,33.76,16.21,16.21,54,1.7419,6 个月 · 全平台 · 全量 SKU · 2026-07-09,published
DJ504565_2,"US 床YL545 T板式5抽布抽床+集成书柜 灯带+插盘99*190 颜色->#2,灰板+黑铁",ALL,TIKTOK,C,T99,0.0000,0.0000,0.0000,0.00,0.00,0.00,0,0.0000,6 个月 · 全平台 · 全量 SKU · 2026-07-09,published
DJ504565_2,"US 床YL545 T板式5抽布抽床+集成书柜 灯带+插盘99*190 颜色->#2,灰板+黑铁",ALL,UNKNOWN,C,T4B,0.8164,0.3331,0.3331,25.31,10.33,10.33,21,0.6774,6 个月 · 全平台 · 全量 SKU · 2026-07-09,published
DJ504565_2,"US 床YL545 T板式5抽布抽床+集成书柜 灯带+插盘99*190 颜色->#2,灰板+黑铁",ALL,WALMART,C,T99,0.0000,0.0000,0.0000,0.00,0.00,0.00,0,0.0000,6 个月 · 全平台 · 全量 SKU · 2026-07-09,published
DJ504565_3,"US 床YL545 T板式5抽布抽床+集成书柜 灯带+插盘99*190 颜色->#3,黑板+黑铁",ALL,AMAZON,D,T4B,0.4500,0.2160,0.2160,13.95,6.70,6.70,29,0.9355,6 个月 · 全平台 · 全量 SKU · 2026-07-09,published
DJ504565_3,"US 床YL545 T板式5抽布抽床+集成书柜 灯带+插盘99*190 颜色->#3,黑板+黑铁",ALL,TIKTOK,D,T99,0.0000,0.0000,0.0000,0.00,0.00,0.00,0,0.0000,6 个月 · 全平台 · 全量 SKU · 2026-07-09,published
DJ504565_3,"US 床YL545 T板式5抽布抽床+集成书柜 灯带+插盘99*190 颜色->#3,黑板+黑铁",ALL,WALMART,D,T99,0.0000,0.0000,0.0000,0.00,0.00,0.00,0,0.0000,6 个月 · 全平台 · 全量 SKU · 2026-07-09,published
DJ504567,EU BW SCJC-01鞋柜2翻盖4隔板+冷轧钢翻转  白色 一件一箱,ALL,AMAZON,B,T99,0.0000,0.0000,0.0000,0.00,0.00,0.00,0,0.0000,6 个月 · 全平台 · 全量 SKU · 2026-07-09,published
DJ504570_1,"EU KM 铁木床拐角床头软包带柜门 90*200 一件两箱 颜色->白色,小浮雕白板灰白色床头",ALL,UNKNOWN,B,T99,0.0000,0.0000,0.0000,0.00,0.00,0.00,0,0.0000,6 个月 · 全平台 · 全量 SKU · 2026-07-09,published
DJ504570_2,"EU KM 铁木床拐角床头软包带柜门 90*200 一件两箱 颜色->黑色,小浮雕黑板灰色床头",ALL,AMAZON,B,T3,3.6468,3.4327,3.4327,113.05,106.41,106.41,150,4.8387,6 个月 · 全平台 · 全量 SKU · 2026-07-09,published
DJ504570_2,"EU KM 铁木床拐角床头软包带柜门 90*200 一件两箱 颜色->黑色,小浮雕黑板灰色床头",ALL,UNKNOWN,B,T4B,4.1858,2.0092,2.0092,129.76,62.29,62.29,110,3.5484,6 个月 · 全平台 · 全量 SKU · 2026-07-09,published
DJ504570_3,"EU KM 铁木床拐角床头软包带柜门 90*190 一件两箱 颜色->黑色,小浮雕黑板灰色床头",ALL,AMAZON,C,T4B,1.6593,0.7965,0.7965,51.44,24.69,24.69,71,2.2903,6 个月 · 全平台 · 全量 SKU · 2026-07-09,published
DJ504570_3,"EU KM 铁木床拐角床头软包带柜门 90*190 一件两箱 颜色->黑色,小浮雕黑板灰色床头",ALL,TIKTOK,C,T99,0.0000,0.0000,0.0000,0.00,0.00,0.00,4,0.1290,6 个月 · 全平台 · 全量 SKU · 2026-07-09,published
DJ504570_3,"EU KM 铁木床拐角床头软包带柜门 90*190 一件两箱 颜色->黑色,小浮雕黑板灰色床头",ALL,UNKNOWN,C,T4B,0.5676,0.2316,0.2316,17.60,7.18,7.18,20,0.6452,6 个月 · 全平台 · 全量 SKU · 2026-07-09,published
DJ504572_1,US 1.4mX字腿错层板材单人桌 一件一箱 颜色->棕顶+白,ALL,AMAZON,C,T4B,0.8859,0.4252,0.4252,27.46,13.18,13.18,67,2.1613,6 个月 · 全平台 · 全量 SKU · 2026-07-09,published
DJ504572_1,US 1.4mX字腿错层板材单人桌 一件一箱 颜色->棕顶+白,ALL,UNKNOWN,C,T4B,0.9165,0.3739,0.3739,28.41,11.59,11.59,39,1.2581,6 个月 · 全平台 · 全量 SKU · 2026-07-09,published
DJ504572_2,US 1.4mX字腿错层板材单人桌 一件一箱 颜色->棕顶+黑,ALL,TEMU,C,T99,0.0000,0.0000,0.0000,0.00,0.00,0.00,3,0.0968,6 个月 · 全平台 · 全量 SKU · 2026-07-09,published
DJ504572_2,US 1.4mX字腿错层板材单人桌 一件一箱 颜色->棕顶+黑,ALL,UNKNOWN,C,T4B,1.0308,0.5541,0.5541,31.95,17.18,17.18,66,2.1290,6 个月 · 全平台 · 全量 SKU · 2026-07-09,published
DJ504577_1,"US BF 储物柜 DT30 7抽凹槽无把手高柜一件一箱 颜色->#1,黑色小麻",ALL,AMAZON,C,T4B,2.0211,0.8246,0.8246,62.65,25.56,25.56,6,0.1935,6 个月 · 全平台 · 全量 SKU · 2026-07-09,published
DJ504577_1,"US BF 储物柜 DT30 7抽凹槽无把手高柜一件一箱 颜色->#1,黑色小麻",ALL,TIKTOK,C,T99,0.0000,0.0000,0.0000,0.00,0.00,0.00,0,0.0000,6 个月 · 全平台 · 全量 SKU · 2026-07-09,published
DJ504577_2,"US BF 储物柜 DT30 7抽凹槽无把手高柜一件一箱 颜色->#2,白色小麻",ALL,AMAZON,C,T4A,1.8229,0.8458,0.8458,56.51,26.22,26.22,41,1.3226,6 个月 · 全平台 · 全量 SKU · 2026-07-09,published
DJ504577_2,"US BF 储物柜 DT30 7抽凹槽无把手高柜一件一箱 颜色->#2,白色小麻",ALL,TIKTOK,C,T99,0.0000,0.0000,0.0000,0.00,0.00,0.00,1,0.0323,6 个月 · 全平台 · 全量 SKU · 2026-07-09,published
DJ504577_2_WF,"US BF 储物柜 DT30 7抽凹槽无把手高柜一件一箱 颜色->#2,白色小麻",ALL,UNKNOWN,D,T99,0.0000,0.0000,0.0000,0.00,0.00,0.00,0,0.0000,6 个月 · 全平台 · 全量 SKU · 2026-07-09,published
DJ504578_1,"US 床YL546T儿童树屋low bunk bed+地板床 灯带+插盘99*190 颜色->#1,黑铁+火烧云",ALL,AMAZON,C,T99,0.0000,0.0000,0.0000,0.00,0.00,0.00,14,0.4516,6 个月 · 全平台 · 全量 SKU · 2026-07-09,published
DJ504580_1,EU DC气动床BQD-01床头两层+灯带+插排HQ603白色麻面+原木色 一件两箱90*190,ALL,UNKNOWN,C,T99,0.0000,0.0000,0.0000,0.00,0.00,0.00,0,0.0000,6 个月 · 全平台 · 全量 SKU · 2026-07-09,published
DJ504580_2,EU DC气动床BQD-01床头两层+灯带+插排HQ603白色麻面+原木色 一件两箱90*200,ALL,AMAZON,C,T4B,0.4365,0.2346,0.2346,13.53,7.27,7.27,14,0.4516,6 个月 · 全平台 · 全量 SKU · 2026-07-09,published
DJ504580_2,EU DC气动床BQD-01床头两层+灯带+插排HQ603白色麻面+原木色 一件两箱90*200,ALL,TIKTOK,C,T99,0.0000,0.0000,0.0000,0.00,0.00,0.00,0,0.0000,6 个月 · 全平台 · 全量 SKU · 2026-07-09,published
DJ504580_2,EU DC气动床BQD-01床头两层+灯带+插排HQ603白色麻面+原木色 一件两箱90*200,ALL,UNKNOWN,C,T99,0.0000,0.0000,0.0000,0.00,0.00,0.00,0,0.0000,6 个月 · 全平台 · 全量 SKU · 2026-07-09,published
DJ504580_3,EU DC气动床BQD-01床头两层+灯带+插排HQ603白色麻面+原木色 一件两箱140*190,ALL,AMAZON,C,T4B,1.1472,0.6167,0.6167,35.56,19.12,19.12,18,0.5806,6 个月 · 全平台 · 全量 SKU · 2026-07-09,published
DJ504580_3,EU DC气动床BQD-01床头两层+灯带+插排HQ603白色麻面+原木色 一件两箱140*190,ALL,TIKTOK,C,T99,0.0000,0.0000,0.0000,0.00,0.00,0.00,1,0.0323,6 个月 · 全平台 · 全量 SKU · 2026-07-09,published
DJ504580_5,EU DC气动床BQD-01床头两层+灯带+插排HQ603白色麻面+原木色 一件两箱160*200,ALL,AMAZON,C,T4B,1.0120,0.5441,0.5441,31.37,16.87,16.87,29,0.9355,6 个月 · 全平台 · 全量 SKU · 2026-07-09,published
DJ504580_5,EU DC气动床BQD-01床头两层+灯带+插排HQ603白色麻面+原木色 一件两箱160*200,ALL,UNKNOWN,C,T99,0.0000,0.0000,0.0000,0.00,0.00,0.00,1,0.0323,6 个月 · 全平台 · 全量 SKU · 2026-07-09,published
DJ504588_1,"US 床T-B2336T蝴蝶结造型翻盖含插盘灯带99*190 颜色->#1,黑铁+粉色绒布+黑脚",ALL,AMAZON,D,T99,0.0000,0.0000,0.0000,0.00,0.00,0.00,0,0.0000,6 个月 · 全平台 · 全量 SKU · 2026-07-09,published
DJ504588_2,"US 床T-B2336T蝴蝶结造型翻盖含插盘灯带99*190 颜色->#2,黑铁+米白绒布+黑脚",ALL,AMAZON,D,T99,0.0000,0.0000,0.0000,0.00,0.00,0.00,0,0.0000,6 个月 · 全平台 · 全量 SKU · 2026-07-09,published
DJ504592_2,US DC 公主床 BCG-01 2369T 云朵弧形软包床 天鹅绒 灯带+抽屉 T 一件一箱 粉色,ALL,AMAZON,D,T99,0.0000,0.0000,0.0000,0.00,0.00,0.00,0,0.0000,6 个月 · 全平台 · 全量 SKU · 2026-07-09,published
DJ504596_2,US DC 高架床 LLB-01  YL 床+阅读角 T 尺寸 一件一箱 颜色->白色,ALL,UNKNOWN,C,T4B,0.5875,0.2397,0.2397,18.21,7.43,7.43,16,0.5161,6 个月 · 全平台 · 全量 SKU · 2026-07-09,published
DJ504596_3,US DC 高架床 LLB-01  YL 床+阅读角 T 尺寸 一件一箱 颜色->粉色,ALL,AMAZON,C,T4B,1.6309,0.6654,0.6654,50.56,20.63,20.63,36,1.1613,6 个月 · 全平台 · 全量 SKU · 2026-07-09,published
DJ504597_1,US UA 145cm农场风大容量翻转换鞋凳 颜色-->#1，麻面白色+灰色软包,ALL,TIKTOK,C,T99,0.0000,0.0000,0.0000,0.00,0.00,0.00,0,0.0000,6 个月 · 全平台 · 全量 SKU · 2026-07-09,published
DJ504597_1,US UA 145cm农场风大容量翻转换鞋凳 颜色-->#1，麻面白色+灰色软包,ALL,WALMART,C,T99,0.0000,0.0000,0.0000,0.00,0.00,0.00,1,0.0323,6 个月 · 全平台 · 全量 SKU · 2026-07-09,published
DJ504609_1,US VD 板式悬浮床 掀盖软包靠背 T 一件一箱 颜色->黑色,ALL,AMAZON,C,T4B,0.8679,0.4666,0.4666,26.90,14.46,14.46,45,1.4516,6 个月 · 全平台 · 全量 SKU · 2026-07-09,published
DJ504610_1,US VD 板式悬浮床 掀盖软包靠背 F 一件一箱 颜色->黑色,ALL,AMAZON,C,T4B,1.5507,0.8337,0.8337,48.07,25.84,25.84,112,3.6129,6 个月 · 全平台 · 全量 SKU · 2026-07-09,published
DJ504610_1,US VD 板式悬浮床 掀盖软包靠背 F 一件一箱 颜色->黑色,ALL,WALMART,C,T99,0.0000,0.0000,0.0000,0.00,0.00,0.00,4,0.1290,6 个月 · 全平台 · 全量 SKU · 2026-07-09,published
DJ504610_2,US VD 板式悬浮床 掀盖软包靠背 F 一件一箱 颜色->白色,ALL,AMAZON,C,T4B,1.0348,0.5265,0.5265,32.08,16.32,16.32,67,2.1613,6 个月 · 全平台 · 全量 SKU · 2026-07-09,published
DJ504611_1,US VD 板式悬浮床 掀盖软包靠背 Q 一件一箱 颜色->黑色,ALL,TIKTOK,B,T99,0.0000,0.0000,0.0000,0.00,0.00,0.00,7,0.2258,6 个月 · 全平台 · 全量 SKU · 2026-07-09,published
DJ504611_2,US VD 板式悬浮床 掀盖软包靠背 Q 一件一箱 颜色->白色,ALL,AMAZON,C,T4B,1.0664,0.5426,0.5426,33.06,16.82,16.82,54,1.7419,6 个月 · 全平台 · 全量 SKU · 2026-07-09,published
DJ504612_1,US DC 铁木床 CBF-02L 方管铁木角落床带抽篮-113  白 T 一件一箱,ALL,AMAZON,B,T3,6.0764,5.4970,5.4970,188.37,170.41,170.41,154,4.9677,6 个月 · 全平台 · 全量 SKU · 2026-07-09,published
DJ504612_1,US DC 铁木床 CBF-02L 方管铁木角落床带抽篮-113  白 T 一件一箱,ALL,TIKTOK,B,T99,0.0000,0.0000,0.0000,0.00,0.00,0.00,3,0.0968,6 个月 · 全平台 · 全量 SKU · 2026-07-09,published
DJ504613_1,EU DC 铁木床 CBF-11L 方管铁木角落床带抽篮-138 白 90×190 一件两箱,ALL,AMAZON,C,T99,0.0000,0.0000,0.0000,0.00,0.00,0.00,0,0.0000,6 个月 · 全平台 · 全量 SKU · 2026-07-09,published
DJ504613_1,EU DC 铁木床 CBF-11L 方管铁木角落床带抽篮-138 白 90×190 一件两箱,ALL,UNKNOWN,C,T99,0.0000,0.0000,0.0000,0.00,0.00,0.00,0,0.0000,6 个月 · 全平台 · 全量 SKU · 2026-07-09,published
DJ504613_2,EU DC 铁木床 CBF-11L 方管铁木角落床带抽篮-138 白 90×200 一件两箱,ALL,AMAZON,C,T4B,0.8920,0.4538,0.4538,27.65,14.07,14.07,0,0.0000,6 个月 · 全平台 · 全量 SKU · 2026-07-09,published
DJ504613_2,EU DC 铁木床 CBF-11L 方管铁木角落床带抽篮-138 白 90×200 一件两箱,ALL,UNKNOWN,C,T99,0.0000,0.0000,0.0000,0.00,0.00,0.00,0,0.0000,6 个月 · 全平台 · 全量 SKU · 2026-07-09,published
DJ504613_3,EU DC 铁木床 CBF-11L 方管铁木角落床带抽篮-138G 白 140×190 一件两箱,ALL,AMAZON,C,T99,0.0000,0.0000,0.0000,0.00,0.00,0.00,8,0.2581,6 个月 · 全平台 · 全量 SKU · 2026-07-09,published
DJ504613_4,EU DC 铁木床 CBF-11L 方管铁木角落床带抽篮-138G 白 140×200 一件两箱,ALL,UNKNOWN,C,T99,0.0000,0.0000,0.0000,0.00,0.00,0.00,0,0.0000,6 个月 · 全平台 · 全量 SKU · 2026-07-09,published
DJ504614_2,EU DC 铁木床 CBF-11L 方管铁木角落床带抽篮-138  灰 90×200 一件两箱,ALL,AMAZON,C,T99,0.0000,0.0000,0.0000,0.00,0.00,0.00,0,0.0000,6 个月 · 全平台 · 全量 SKU · 2026-07-09,published
DJ504614_2,EU DC 铁木床 CBF-11L 方管铁木角落床带抽篮-138  灰 90×200 一件两箱,ALL,UNKNOWN,C,T99,0.0000,0.0000,0.0000,0.00,0.00,0.00,0,0.0000,6 个月 · 全平台 · 全量 SKU · 2026-07-09,published
DJ504614_3,EU DC 铁木床 CBF-11L 方管铁木角落床带抽篮-138G  灰 140×190 一件两箱,ALL,AMAZON,C,T99,0.0000,0.0000,0.0000,0.00,0.00,0.00,29,0.9355,6 个月 · 全平台 · 全量 SKU · 2026-07-09,published
DJ504614_4,EU DC 铁木床 CBF-11L 方管铁木角落床带抽篮-138G  灰 140×200 一件两箱,ALL,AMAZON,C,T99,0.0000,0.0000,0.0000,0.00,0.00,0.00,36,1.1613,6 个月 · 全平台 · 全量 SKU · 2026-07-09,published
DJ504614_4,EU DC 铁木床 CBF-11L 方管铁木角落床带抽篮-138G  灰 140×200 一件两箱,ALL,UNKNOWN,C,T99,0.0000,0.0000,0.0000,0.00,0.00,0.00,3,0.0968,6 个月 · 全平台 · 全量 SKU · 2026-07-09,published
DJ504615,EU BW BSS-01 床头软包倾斜靠背+灯带+插排BD 灰色+火烧色 一件一箱 90*200,ALL,AMAZON,C,T4B,0.7380,0.3755,0.3755,22.88,11.64,11.64,36,1.1613,6 个月 · 全平台 · 全量 SKU · 2026-07-09,published
DJ504616,EU BW BSS-02 床头软包倾斜靠背+灯带+插排BD 灰色+火烧色 一件两箱 90*200,ALL,AMAZON,C,T4B,1.4381,0.6903,0.6903,44.58,21.40,21.40,54,1.7419,6 个月 · 全平台 · 全量 SKU · 2026-07-09,published
DJ504620_1,"EU KM 软包床-床头斜线绗缝 单包装 基础款 尺码->L,140*190;颜色->白色,PU-白",ALL,AMAZON,C,T4A,2.8469,1.1228,1.1228,88.25,34.81,34.81,48,1.5484,6 个月 · 全平台 · 全量 SKU · 2026-07-09,published
DJ504620_2,"EU KM 软包床-床头斜线绗缝 单包装 基础款 尺码->XL,140*200;颜色>白色,PU-白",ALL,AMAZON,C,T4B,0.7401,0.3020,0.3020,22.94,9.36,9.36,71,2.2903,6 个月 · 全平台 · 全量 SKU · 2026-07-09,published
DJ504620_2,"EU KM 软包床-床头斜线绗缝 单包装 基础款 尺码->XL,140*200;颜色>白色,PU-白",ALL,UNKNOWN,C,T99,0.0000,0.0000,0.0000,0.00,0.00,0.00,0,0.0000,6 个月 · 全平台 · 全量 SKU · 2026-07-09,published
DJ504620_3,"EU KM 软包床-床头斜线绗缝-单包装基础款 尺码->XXL,160*200;颜色>白色,PU-白",ALL,TIKTOK,C,T99,0.0000,0.0000,0.0000,0.00,0.00,0.00,0,0.0000,6 个月 · 全平台 · 全量 SKU · 2026-07-09,published
DJ504621_1,US TS04s 6抽1米6电视柜带灯带插排 颜色->火烧云,ALL,AMAZON,D,T99,0.0000,0.0000,0.0000,0.00,0.00,0.00,0,0.0000,6 个月 · 全平台 · 全量 SKU · 2026-07-09,published
DJ504621_1,US TS04s 6抽1米6电视柜带灯带插排 颜色->火烧云,ALL,WALMART,D,T99,0.0000,0.0000,0.0000,0.00,0.00,0.00,0,0.0000,6 个月 · 全平台 · 全量 SKU · 2026-07-09,published
DJ504621_2,US TS04s 6抽1米6电视柜带灯带插排 颜色->黑色,ALL,AMAZON,D,T99,0.0000,0.0000,0.0000,0.00,0.00,0.00,0,0.0000,6 个月 · 全平台 · 全量 SKU · 2026-07-09,published
DJ504621_2,US TS04s 6抽1米6电视柜带灯带插排 颜色->黑色,ALL,WALMART,D,T99,0.0000,0.0000,0.0000,0.00,0.00,0.00,0,0.0000,6 个月 · 全平台 · 全量 SKU · 2026-07-09,published
DJ504621_3,US TS04s 6抽1米6电视柜带灯带插排 颜色->白色,ALL,AMAZON,D,T4B,0.7562,0.3847,0.3847,23.44,11.93,11.93,0,0.0000,6 个月 · 全平台 · 全量 SKU · 2026-07-09,published
DJ504622_1,US VD 板式床 掀盖软包靠背 双灯带 4抽 T款 一件一箱 颜色->黑色,ALL,AMAZON,B,T4B,1.5374,0.7822,0.7822,47.66,24.25,24.25,55,1.7742,6 个月 · 全平台 · 全量 SKU · 2026-07-09,published
DJ504622_1,US VD 板式床 掀盖软包靠背 双灯带 4抽 T款 一件一箱 颜色->黑色,ALL,TIKTOK,B,T4B,0.3445,0.1654,0.1654,10.68,5.13,5.13,18,0.5806,6 个月 · 全平台 · 全量 SKU · 2026-07-09,published
DJ504622_1,US VD 板式床 掀盖软包靠背 双灯带 4抽 T款 一件一箱 颜色->黑色,ALL,UNKNOWN,B,T4B,0.7841,0.4215,0.4215,24.31,13.07,13.07,34,1.0968,6 个月 · 全平台 · 全量 SKU · 2026-07-09,published
DJ504622_2,US VD 板式床 掀盖软包靠背 双灯带 4抽 T款 一件一箱 颜色->白色,ALL,AMAZON,C,T4B,1.4362,0.5860,0.5860,44.52,18.17,18.17,19,0.6129,6 个月 · 全平台 · 全量 SKU · 2026-07-09,published
DJ504622_2,US VD 板式床 掀盖软包靠背 双灯带 4抽 T款 一件一箱 颜色->白色,ALL,UNKNOWN,C,T4B,0.6748,0.3239,0.3239,20.92,10.04,10.04,2,0.0645,6 个月 · 全平台 · 全量 SKU · 2026-07-09,published
DJ504625_1,US 6抽错层亚克力柜门L高桌 一件一箱 颜色->火烧云,ALL,AMAZON,C,T3,4.0353,3.7549,3.7549,125.09,116.40,116.40,118,3.8065,6 个月 · 全平台 · 全量 SKU · 2026-07-09,published
DJ504625_2,US 6抽错层亚克力柜门L高桌 一件一箱 颜色->黑色,ALL,AMAZON,C,T3,5.3407,5.2168,5.2168,165.56,161.72,161.72,194,6.2581,6 个月 · 全平台 · 全量 SKU · 2026-07-09,published
DJ504625_2,US 6抽错层亚克力柜门L高桌 一件一箱 颜色->黑色,ALL,UNKNOWN,C,T4B,0.2737,0.1472,0.1472,8.48,4.56,4.56,24,0.7742,6 个月 · 全平台 · 全量 SKU · 2026-07-09,published
DJ504625_3,US 6抽错层亚克力柜门L高桌 一件一箱 颜色->白色,ALL,AMAZON,C,T4B,0.6071,0.2914,0.2914,18.82,9.03,9.03,75,2.4194,6 个月 · 全平台 · 全量 SKU · 2026-07-09,published
DJ504625_3,US 6抽错层亚克力柜门L高桌 一件一箱 颜色->白色,ALL,UNKNOWN,C,T99,0.0000,0.0000,0.0000,0.00,0.00,0.00,2,0.0645,6 个月 · 全平台 · 全量 SKU · 2026-07-09,published
DJ504625_3,US 6抽错层亚克力柜门L高桌 一件一箱 颜色->白色,ALL,WALMART,C,T99,0.0000,0.0000,0.0000,0.00,0.00,0.00,1,0.0323,6 个月 · 全平台 · 全量 SKU · 2026-07-09,published
DJ504625_4,US 6抽错层亚克力柜门L高桌 一件一箱 颜色->989-3浅灰色,ALL,AMAZON,C,T4B,0.8071,0.3874,0.3874,25.02,12.01,12.01,72,2.3226,6 个月 · 全平台 · 全量 SKU · 2026-07-09,published
DJ504625_4,US 6抽错层亚克力柜门L高桌 一件一箱 颜色->989-3浅灰色,ALL,TEMU,C,T99,0.0000,0.0000,0.0000,0.00,0.00,0.00,0,0.0000,6 个月 · 全平台 · 全量 SKU · 2026-07-09,published
DJ504631_1,US AG JYH218 绒布软包4抽床 郁金香花瓣 F 一件一箱 颜色->米白,ALL,UNKNOWN,D,T99,0.0000,0.0000,0.0000,0.00,0.00,0.00,0,0.0000,6 个月 · 全平台 · 全量 SKU · 2026-07-09,published
DJ504632_1,US SD L桌四抽带一组亚克力门  一件一箱 颜色-火烧云,ALL,AMAZON,C,T99,0.0000,0.0000,0.0000,0.00,0.00,0.00,9,0.2903,6 个月 · 全平台 · 全量 SKU · 2026-07-09,published
DJ504632_1,US SD L桌四抽带一组亚克力门  一件一箱 颜色-火烧云,ALL,TEMU,C,T99,0.0000,0.0000,0.0000,0.00,0.00,0.00,0,0.0000,6 个月 · 全平台 · 全量 SKU · 2026-07-09,published
DJ504632_1,US SD L桌四抽带一组亚克力门  一件一箱 颜色-火烧云,ALL,TIKTOK,C,T99,0.0000,0.0000,0.0000,0.00,0.00,0.00,0,0.0000,6 个月 · 全平台 · 全量 SKU · 2026-07-09,published
DJ504632_1,US SD L桌四抽带一组亚克力门  一件一箱 颜色-火烧云,ALL,UNKNOWN,C,T99,0.0000,0.0000,0.0000,0.00,0.00,0.00,0,0.0000,6 个月 · 全平台 · 全量 SKU · 2026-07-09,published
DJ504632_1,US SD L桌四抽带一组亚克力门  一件一箱 颜色-火烧云,ALL,WALMART,C,T99,0.0000,0.0000,0.0000,0.00,0.00,0.00,0,0.0000,6 个月 · 全平台 · 全量 SKU · 2026-07-09,published
DJ504632_2,US SD L桌四抽带一组亚克力门  一件一箱 颜色->白麻,ALL,AMAZON,C,T99,0.0000,0.0000,0.0000,0.00,0.00,0.00,4,0.1290,6 个月 · 全平台 · 全量 SKU · 2026-07-09,published
DJ504632_2,US SD L桌四抽带一组亚克力门  一件一箱 颜色->白麻,ALL,TEMU,C,T99,0.0000,0.0000,0.0000,0.00,0.00,0.00,0,0.0000,6 个月 · 全平台 · 全量 SKU · 2026-07-09,published
DJ504632_2,US SD L桌四抽带一组亚克力门  一件一箱 颜色->白麻,ALL,TIKTOK,C,T99,0.0000,0.0000,0.0000,0.00,0.00,0.00,0,0.0000,6 个月 · 全平台 · 全量 SKU · 2026-07-09,published
DJ504632_2,US SD L桌四抽带一组亚克力门  一件一箱 颜色->白麻,ALL,UNKNOWN,C,T99,0.0000,0.0000,0.0000,0.00,0.00,0.00,0,0.0000,6 个月 · 全平台 · 全量 SKU · 2026-07-09,published
DJ504632_2,US SD L桌四抽带一组亚克力门  一件一箱 颜色->白麻,ALL,WALMART,C,T99,0.0000,0.0000,0.0000,0.00,0.00,0.00,0,0.0000,6 个月 · 全平台 · 全量 SKU · 2026-07-09,published
DJ504632_3,US SD L桌四抽带一组亚克力门  一件一箱 颜色->黑麻,ALL,AMAZON,C,T4B,3.2580,1.3293,1.3293,101.00,41.21,41.21,184,5.9355,6 个月 · 全平台 · 全量 SKU · 2026-07-09,published
DJ504632_3,US SD L桌四抽带一组亚克力门  一件一箱 颜色->黑麻,ALL,TEMU,C,T99,0.0000,0.0000,0.0000,0.00,0.00,0.00,5,0.1613,6 个月 · 全平台 · 全量 SKU · 2026-07-09,published
DJ504632_3,US SD L桌四抽带一组亚克力门  一件一箱 颜色->黑麻,ALL,UNKNOWN,C,T99,0.0000,0.0000,0.0000,0.00,0.00,0.00,16,0.5161,6 个月 · 全平台 · 全量 SKU · 2026-07-09,published
DJ504632_3,US SD L桌四抽带一组亚克力门  一件一箱 颜色->黑麻,ALL,WALMART,C,T99,0.0000,0.0000,0.0000,0.00,0.00,0.00,9,0.2903,6 个月 · 全平台 · 全量 SKU · 2026-07-09,published
DJ504636_2,"EU KM 铁木床洞洞板基础款 一箱一件 尺码->L,140*190;颜色->棕色,复古色",ALL,AMAZON,C,T4B,2.0791,1.1177,1.1177,64.45,34.65,34.65,2,0.0645,6 个月 · 全平台 · 全量 SKU · 2026-07-09,published
DJ504636_2,"EU KM 铁木床洞洞板基础款 一箱一件 尺码->L,140*190;颜色->棕色,复古色",ALL,UNKNOWN,C,T99,0.0000,0.0000,0.0000,0.00,0.00,0.00,0,0.0000,6 个月 · 全平台 · 全量 SKU · 2026-07-09,published
DJ504636_4,"EU KM 铁木床洞洞板基础款 一箱一件 尺码->XL,140*200;颜色->棕色,复古色",ALL,AMAZON,C,T4B,0.5725,0.3078,0.3078,17.75,9.54,9.54,164,5.2903,6 个月 · 全平台 · 全量 SKU · 2026-07-09,published
DJ504636_4,"EU KM 铁木床洞洞板基础款 一箱一件 尺码->XL,140*200;颜色->棕色,复古色",ALL,UNKNOWN,C,T4B,0.1451,0.0780,0.0780,4.50,2.42,2.42,4,0.1290,6 个月 · 全平台 · 全量 SKU · 2026-07-09,published
DJ504636_8,"EU KM 铁木床洞洞板基础款 一箱一件 尺码->XXL,160*200;颜色->棕色,复古色",ALL,AMAZON,C,T4B,0.3093,0.1663,0.1663,9.59,5.16,5.16,119,3.8387,6 个月 · 全平台 · 全量 SKU · 2026-07-09,published
DJ504642_1,US SD 2米L桌带亚克力门文件柜  一件一箱 颜色->火烧云,ALL,AMAZON,C,T4A,2.1748,1.0091,1.0091,67.42,31.28,31.28,91,2.9355,6 个月 · 全平台 · 全量 SKU · 2026-07-09,published
DJ504642_1,US SD 2米L桌带亚克力门文件柜  一件一箱 颜色->火烧云,ALL,TEMU,C,T99,0.0000,0.0000,0.0000,0.00,0.00,0.00,0,0.0000,6 个月 · 全平台 · 全量 SKU · 2026-07-09,published
DJ504642_1,US SD 2米L桌带亚克力门文件柜  一件一箱 颜色->火烧云,ALL,TIKTOK,C,T99,0.0000,0.0000,0.0000,0.00,0.00,0.00,2,0.0645,6 个月 · 全平台 · 全量 SKU · 2026-07-09,published
DJ504642_1,US SD 2米L桌带亚克力门文件柜  一件一箱 颜色->火烧云,ALL,UNKNOWN,C,T4B,0.3133,0.1504,0.1504,9.71,4.66,4.66,10,0.3226,6 个月 · 全平台 · 全量 SKU · 2026-07-09,published
DJ504642_2,US SD 2米L桌带亚克力门文件柜  一件一箱 颜色->黑麻,ALL,AMAZON,C,T3,4.9286,4.5442,4.5442,152.79,140.87,140.87,189,6.0968,6 个月 · 全平台 · 全量 SKU · 2026-07-09,published
DJ504642_2,US SD 2米L桌带亚克力门文件柜  一件一箱 颜色->黑麻,ALL,TIKTOK,C,T99,0.0000,0.0000,0.0000,0.00,0.00,0.00,6,0.1935,6 个月 · 全平台 · 全量 SKU · 2026-07-09,published
DJ504642_3,US SD 2米L桌带亚克力门文件柜  一件一箱 颜色->白麻,ALL,AMAZON,C,T4B,1.8897,0.9071,0.9071,58.58,28.12,28.12,65,2.0968,6 个月 · 全平台 · 全量 SKU · 2026-07-09,published
DJ504642_3,US SD 2米L桌带亚克力门文件柜  一件一箱 颜色->白麻,ALL,TIKTOK,C,T99,0.0000,0.0000,0.0000,0.00,0.00,0.00,2,0.0645,6 个月 · 全平台 · 全量 SKU · 2026-07-09,published
DJ504644_1,"EU KM 板式展示柜玻璃带灯 一箱一个 颜色->白色,麻面白",ALL,AMAZON,C,T4B,1.4940,0.6096,0.6096,46.31,18.90,18.90,36,1.1613,6 个月 · 全平台 · 全量 SKU · 2026-07-09,published
DJ504644_1,"EU KM 板式展示柜玻璃带灯 一箱一个 颜色->白色,麻面白",ALL,UNKNOWN,C,T4B,0.7065,0.3391,0.3391,21.90,10.51,10.51,10,0.3226,6 个月 · 全平台 · 全量 SKU · 2026-07-09,published
DJ504645_1,UK DC铁木软包床LIWS-01  WS 灰色+火烧色 一件一箱 90*190,ALL,AMAZON,D,T99,0.0000,0.0000,0.0000,0.00,0.00,0.00,0,0.0000,6 个月 · 全平台 · 全量 SKU · 2026-07-09,published
DJ504647_1,UK DC 悬浮床BXF-Q01 602 HQ 灰色麻布+火烧色 一件两箱135*190,ALL,AMAZON,C,T4B,1.6091,0.8187,0.8187,49.88,25.38,25.38,77,2.4839,6 个月 · 全平台 · 全量 SKU · 2026-07-09,published
DJ504647_2,UK DC 悬浮床BXF-Q01 602 HQ 灰色麻布+火烧色 一件两箱 150*200,ALL,AMAZON,C,T4B,1.2187,0.5850,0.5850,37.78,18.14,18.14,65,2.0968,6 个月 · 全平台 · 全量 SKU · 2026-07-09,published
DJ504648_1,"UK DC气动床BQD-01 603 HQ 灰色麻布+火烧色一件两箱,90*190",ALL,AMAZON,B,T3,4.2006,4.2342,4.2342,130.22,131.26,131.26,150,4.8387,6 个月 · 全平台 · 全量 SKU · 2026-07-09,published
DJ504648_2,UK DC气动床BQD-01 603 HQ 灰色麻布+火烧色一件两箱 135*190,ALL,AMAZON,B,T4A,2.9258,1.5205,1.5205,90.70,47.14,47.14,69,2.2258,6 个月 · 全平台 · 全量 SKU · 2026-07-09,published
DJ504648_3,UK DC气动床BQD-01 603 HQ 灰色麻布+火烧色一件两箱 150*200,ALL,AMAZON,C,T4A,2.4635,1.2802,1.2802,76.37,39.69,39.69,96,3.0968,6 个月 · 全平台 · 全量 SKU · 2026-07-09,published
DJ504648_4,"UK DC气动床BQD-01 603 灰色麻布+火烧色一件两箱,120*190",ALL,AMAZON,D,T4B,1.0857,0.5211,0.5211,33.66,16.15,16.15,88,2.8387,6 个月 · 全平台 · 全量 SKU · 2026-07-09,published
DJ504649_1,US YW01 7抽帐篷低阁楼床带2条灯带床头置物袋 颜色->白色,ALL,AMAZON,A,T3,6.5461,6.1462,6.1462,202.93,190.53,190.53,90,2.9032,6 个月 · 全平台 · 全量 SKU · 2026-07-09,published
DJ504649_2,US YW01 7抽帐篷低阁楼床带2条灯带床头置物袋 颜色->黑色,ALL,AMAZON,A,T3,10.5606,11.0886,11.0886,327.38,343.75,343.75,206,6.6452,6 个月 · 全平台 · 全量 SKU · 2026-07-09,published
DJ504649_2,US YW01 7抽帐篷低阁楼床带2条灯带床头置物袋 颜色->黑色,ALL,WALMART,A,T4B,0.5862,0.2392,0.2392,18.17,7.42,7.42,14,0.4516,6 个月 · 全平台 · 全量 SKU · 2026-07-09,published
DJ504649_3,US YW01 7抽帐篷低阁楼床带2条灯带床头置物袋 颜色->粉色,ALL,AMAZON,A,T2,12.7336,9.9322,9.9322,394.74,307.90,307.90,145,4.6774,6 个月 · 全平台 · 全量 SKU · 2026-07-09,published
DJ504649_3,US YW01 7抽帐篷低阁楼床带2条灯带床头置物袋 颜色->粉色,ALL,TIKTOK,A,T4B,1.1198,0.6020,0.6020,34.71,18.66,18.66,51,1.6452,6 个月 · 全平台 · 全量 SKU · 2026-07-09,published
DJ504649_3,US YW01 7抽帐篷低阁楼床带2条灯带床头置物袋 颜色->粉色,ALL,UNKNOWN,A,T4B,1.5151,0.6182,0.6182,46.97,19.16,19.16,65,2.0968,6 个月 · 全平台 · 全量 SKU · 2026-07-09,published
DJ504652_1,US VD 板式床 乡村风掀盖米字拼框 5抽 T款 一件一箱 颜色->白色,ALL,AMAZON,C,T4B,1.0235,0.5502,0.5502,31.73,17.06,17.06,116,3.7419,6 个月 · 全平台 · 全量 SKU · 2026-07-09,published
DJ504652_1,US VD 板式床 乡村风掀盖米字拼框 5抽 T款 一件一箱 颜色->白色,ALL,UNKNOWN,C,T99,0.0000,0.0000,0.0000,0.00,0.00,0.00,23,0.7419,6 个月 · 全平台 · 全量 SKU · 2026-07-09,published
DJ504652_2,US VD 板式床 乡村风掀盖米字拼框 5抽 T款 一件一箱 颜色->棕色,ALL,AMAZON,C,T4B,0.4357,0.2091,0.2091,13.51,6.48,6.48,17,0.5484,6 个月 · 全平台 · 全量 SKU · 2026-07-09,published
DJ504656_3,EU MS 猫爬架 1吊床1猫屋2平台 150cm 一件一箱 颜色->浅灰色,ALL,AMAZON,B,T3,4.4029,4.6231,4.6231,136.49,143.32,143.32,105,3.3871,6 个月 · 全平台 · 全量 SKU · 2026-07-09,published
DJ504657_1,"US HA 书桌 VT05 5抽单压波浪纹加高梳妆台玻璃柜+七彩流光灯+插座 颜色->#1,原木色",ALL,AMAZON,C,T4B,1.3231,0.7113,0.7113,41.02,22.05,22.05,70,2.2581,6 个月 · 全平台 · 全量 SKU · 2026-07-09,published
DJ504657_1,"US HA 书桌 VT05 5抽单压波浪纹加高梳妆台玻璃柜+七彩流光灯+插座 颜色->#1,原木色",ALL,UNKNOWN,C,T4B,0.2824,0.1518,0.1518,8.75,4.71,4.71,18,0.5806,6 个月 · 全平台 · 全量 SKU · 2026-07-09,published
DJ504657_1,"US HA 书桌 VT05 5抽单压波浪纹加高梳妆台玻璃柜+七彩流光灯+插座 颜色->#1,原木色",ALL,WALMART,C,T99,0.0000,0.0000,0.0000,0.00,0.00,0.00,0,0.0000,6 个月 · 全平台 · 全量 SKU · 2026-07-09,published
DJ504657_2,"US HA 书桌 VT05 5抽单压波浪纹加高梳妆台玻璃柜+七彩流光灯+插座 颜色->#2,白色麻点",ALL,AMAZON,D,T4B,1.0241,0.5505,0.5505,31.75,17.07,17.07,0,0.0000,6 个月 · 全平台 · 全量 SKU · 2026-07-09,published
DJ504657_2,"US HA 书桌 VT05 5抽单压波浪纹加高梳妆台玻璃柜+七彩流光灯+插座 颜色->#2,白色麻点",ALL,TIKTOK,D,T4B,0.1406,0.0756,0.0756,4.36,2.34,2.34,0,0.0000,6 个月 · 全平台 · 全量 SKU · 2026-07-09,published
DJ504657_2,"US HA 书桌 VT05 5抽单压波浪纹加高梳妆台玻璃柜+七彩流光灯+插座 颜色->#2,白色麻点",ALL,UNKNOWN,D,T4B,0.3637,0.1955,0.1955,11.27,6.06,6.06,0,0.0000,6 个月 · 全平台 · 全量 SKU · 2026-07-09,published
DJ504659_1,"EU KM 铁木 床头拼板3灯带 单包 尺码->L,140*190;颜色->黑色,包覆-麻面黑",ALL,AMAZON,C,T4B,1.9286,1.0368,1.0368,59.79,32.14,32.14,17,0.5484,6 个月 · 全平台 · 全量 SKU · 2026-07-09,published
DJ504659_1,"EU KM 铁木 床头拼板3灯带 单包 尺码->L,140*190;颜色->黑色,包覆-麻面黑",ALL,UNKNOWN,C,T99,0.0000,0.0000,0.0000,0.00,0.00,0.00,0,0.0000,6 个月 · 全平台 · 全量 SKU · 2026-07-09,published
DJ504659_2,"EU KM 铁木 床头拼板3灯带 单包 尺码->XL,140*200;颜色->黑色,包覆-麻面黑",ALL,AMAZON,C,T4B,0.5460,0.2778,0.2778,16.93,8.61,8.61,45,1.4516,6 个月 · 全平台 · 全量 SKU · 2026-07-09,published
DJ504659_2,"EU KM 铁木 床头拼板3灯带 单包 尺码->XL,140*200;颜色->黑色,包覆-麻面黑",ALL,UNKNOWN,C,T99,0.0000,0.0000,0.0000,0.00,0.00,0.00,0,0.0000,6 个月 · 全平台 · 全量 SKU · 2026-07-09,published
DJ504660_1,US DC 高架床 TB-01  YL 床尾二抽 三T床上桌款 一件两箱 颜色->黑色,ALL,AMAZON,B,T3,4.0735,3.8063,3.8063,126.28,118.00,118.00,119,3.8387,6 个月 · 全平台 · 全量 SKU · 2026-07-09,published
DJ504660_1,US DC 高架床 TB-01  YL 床尾二抽 三T床上桌款 一件两箱 颜色->黑色,ALL,UNKNOWN,B,T4B,1.5077,0.8105,0.8105,46.74,25.13,25.13,72,2.3226,6 个月 · 全平台 · 全量 SKU · 2026-07-09,published
DJ504660_2,US DC 高架床 TB-01  YL 床尾二抽 三T床上桌款 一件两箱 颜色->白色,ALL,AMAZON,C,T4B,2.3779,0.9702,0.9702,73.71,30.08,30.08,68,2.1935,6 个月 · 全平台 · 全量 SKU · 2026-07-09,published
DJ504660_2,US DC 高架床 TB-01  YL 床尾二抽 三T床上桌款 一件两箱 颜色->白色,ALL,UNKNOWN,C,T4B,0.4297,0.2310,0.2310,13.32,7.16,7.16,30,0.9677,6 个月 · 全平台 · 全量 SKU · 2026-07-09,published
DJ504668_1,"US 床BJS-547CK 床头布抽4抽床 含灯带、插盘 一件两箱 颜色->#1,黑色PU",ALL,UNKNOWN,B,T99,0.0000,0.0000,0.0000,0.00,0.00,0.00,3,0.0968,6 个月 · 全平台 · 全量 SKU · 2026-07-09,published
DJ504668_2,US 床BJS-547CK 床头布抽4抽床 含灯带、插盘 182*213 颜色->#2 米白绒布,ALL,AMAZON,D,T99,0.0000,0.0000,0.0000,0.00,0.00,0.00,17,0.5484,6 个月 · 全平台 · 全量 SKU · 2026-07-09,published
DJ504669_2,US 床BJS-547K 床头布抽4抽床 含灯带、插盘193*203 颜色->#2 米白绒布,ALL,AMAZON,D,T99,0.0000,0.0000,0.0000,0.00,0.00,0.00,28,0.9032,6 个月 · 全平台 · 全量 SKU · 2026-07-09,published
DJ504671_1,US TS10 板式四抽悬浮顶电视柜带电视支架 颜色->黑色,ALL,TIKTOK,C,T99,0.0000,0.0000,0.0000,0.00,0.00,0.00,0,0.0000,6 个月 · 全平台 · 全量 SKU · 2026-07-09,published
DJ504671_1,US TS10 板式四抽悬浮顶电视柜带电视支架 颜色->黑色,ALL,WALMART,C,T99,0.0000,0.0000,0.0000,0.00,0.00,0.00,0,0.0000,6 个月 · 全平台 · 全量 SKU · 2026-07-09,published
DJ504672_1,US TS11 板式六抽圆柱支撑顶电视柜带电视支架 颜色->黑色,ALL,TIKTOK,C,T99,0.0000,0.0000,0.0000,0.00,0.00,0.00,2,0.0645,6 个月 · 全平台 · 全量 SKU · 2026-07-09,published
DJ504672_1,US TS11 板式六抽圆柱支撑顶电视柜带电视支架 颜色->黑色,ALL,UNKNOWN,C,T4B,0.5810,0.3124,0.3124,18.01,9.68,9.68,36,1.1613,6 个月 · 全平台 · 全量 SKU · 2026-07-09,published
DJ504672_1,US TS11 板式六抽圆柱支撑顶电视柜带电视支架 颜色->黑色,ALL,WALMART,C,T99,0.0000,0.0000,0.0000,0.00,0.00,0.00,5,0.1613,6 个月 · 全平台 · 全量 SKU · 2026-07-09,published
DJ504672_2,US TS11 板式六抽圆柱支撑顶电视柜带电视支架 颜色->白色,ALL,AMAZON,C,T4B,1.0620,0.5097,0.5097,32.92,15.80,15.80,64,2.0645,6 个月 · 全平台 · 全量 SKU · 2026-07-09,published
DJ504672_2,US TS11 板式六抽圆柱支撑顶电视柜带电视支架 颜色->白色,ALL,TIKTOK,C,T99,0.0000,0.0000,0.0000,0.00,0.00,0.00,0,0.0000,6 个月 · 全平台 · 全量 SKU · 2026-07-09,published
DJ504672_2,US TS11 板式六抽圆柱支撑顶电视柜带电视支架 颜色->白色,ALL,UNKNOWN,C,T4B,0.4193,0.2254,0.2254,13.00,6.99,6.99,12,0.3871,6 个月 · 全平台 · 全量 SKU · 2026-07-09,published
DJ504673_1,UK AG好莱坞灯镜面梳妆台三抽两柜 一件两箱 颜色->白色,ALL,AMAZON,C,T99,0.0000,0.0000,0.0000,0.00,0.00,0.00,0,0.0000,6 个月 · 全平台 · 全量 SKU · 2026-07-09,published
DJ504675_1,UK AG拼色浴室镜柜LED灯光镜+下开放格 一件一箱  颜色->白色,ALL,AMAZON,C,T99,0.0000,0.0000,0.0000,0.00,0.00,0.00,0,0.0000,6 个月 · 全平台 · 全量 SKU · 2026-07-09,published
DJ504676_1,"US UA 拱顶带灯狭缝柜 一件一箱 颜色->黑色,山纹黑",ALL,AMAZON,C,T4A,2.1871,1.0148,1.0148,67.80,31.46,31.46,81,2.6129,6 个月 · 全平台 · 全量 SKU · 2026-07-09,published
DJ504676_1,"US UA 拱顶带灯狭缝柜 一件一箱 颜色->黑色,山纹黑",ALL,TIKTOK,C,T99,0.0000,0.0000,0.0000,0.00,0.00,0.00,4,0.1290,6 个月 · 全平台 · 全量 SKU · 2026-07-09,published
DJ504676_1,"US UA 拱顶带灯狭缝柜 一件一箱 颜色->黑色,山纹黑",ALL,UNKNOWN,C,T4B,0.8355,0.4011,0.4011,25.90,12.43,12.43,24,0.7742,6 个月 · 全平台 · 全量 SKU · 2026-07-09,published
DJ504676_2,"US UA 拱顶带灯狭缝柜 一件一箱 颜色->黄色,橡木黄",ALL,AMAZON,C,T4B,1.5872,0.7618,0.7618,49.20,23.62,23.62,86,2.7742,6 个月 · 全平台 · 全量 SKU · 2026-07-09,published
DJ504676_2,"US UA 拱顶带灯狭缝柜 一件一箱 颜色->黄色,橡木黄",ALL,TIKTOK,C,T99,0.0000,0.0000,0.0000,0.00,0.00,0.00,2,0.0645,6 个月 · 全平台 · 全量 SKU · 2026-07-09,published
DJ504676_2,"US UA 拱顶带灯狭缝柜 一件一箱 颜色->黄色,橡木黄",ALL,UNKNOWN,C,T4B,0.6230,0.3170,0.3170,19.31,9.83,9.83,36,1.1613,6 个月 · 全平台 · 全量 SKU · 2026-07-09,published
DJ504680_2,"EU KM 软包床-双灯带液压床 双包  尺码->XL,140*200;颜色->白色,pu-白",ALL,AMAZON,C,T99,0.0000,0.0000,0.0000,0.00,0.00,0.00,2,0.0645,6 个月 · 全平台 · 全量 SKU · 2026-07-09,published
DJ504680_9,EU KM 软包床-双灯带液压床 尺码->XXL 160*200 ;颜色->深灰色 亚麻,ALL,AMAZON,C,T4B,0.1357,0.0651,0.0651,4.21,2.02,2.02,4,0.1290,6 个月 · 全平台 · 全量 SKU · 2026-07-09,published
DJ504681_1,US UA  麻面黑色悬浮窄款边桌  一件一箱 颜色->黑色,ALL,AMAZON,C,T99,0.0000,0.0000,0.0000,0.00,0.00,0.00,5,0.1613,6 个月 · 全平台 · 全量 SKU · 2026-07-09,published
DJ504681_1,US UA  麻面黑色悬浮窄款边桌  一件一箱 颜色->黑色,ALL,TEMU,C,T99,0.0000,0.0000,0.0000,0.00,0.00,0.00,16,0.5161,6 个月 · 全平台 · 全量 SKU · 2026-07-09,published
DJ504681_1,US UA  麻面黑色悬浮窄款边桌  一件一箱 颜色->黑色,ALL,TIKTOK,C,T99,0.0000,0.0000,0.0000,0.00,0.00,0.00,3,0.0968,6 个月 · 全平台 · 全量 SKU · 2026-07-09,published
DJ504681_1,US UA  麻面黑色悬浮窄款边桌  一件一箱 颜色->黑色,ALL,UNKNOWN,C,T99,0.0000,0.0000,0.0000,0.00,0.00,0.00,42,1.3548,6 个月 · 全平台 · 全量 SKU · 2026-07-09,published
DJ504681_1,US UA  麻面黑色悬浮窄款边桌  一件一箱 颜色->黑色,ALL,WALMART,C,T99,0.0000,0.0000,0.0000,0.00,0.00,0.00,4,0.1290,6 个月 · 全平台 · 全量 SKU · 2026-07-09,published
DJ504682_1,UK AG 铁木床 洞洞板 英标排插 灯带 床垫90*190cm 一件一箱 颜色->火烧云,ALL,AMAZON,B,T99,0.0000,0.0000,0.0000,0.00,0.00,0.00,1,0.0323,6 个月 · 全平台 · 全量 SKU · 2026-07-09,published
DJ504683_1,UK AG 铁木床 洞洞板 英标排插 灯带 床垫135*190cm 一件一箱 颜色->火烧云,ALL,AMAZON,B,T99,0.0000,0.0000,0.0000,0.00,0.00,0.00,0,0.0000,6 个月 · 全平台 · 全量 SKU · 2026-07-09,published
DJ504684_1,UK AG 铁木床 洞洞板 英标排插 灯带 床垫150*200cm 一件一箱 颜色->火烧云,ALL,UNKNOWN,C,T99,0.0000,0.0000,0.0000,0.00,0.00,0.00,0,0.0000,6 个月 · 全平台 · 全量 SKU · 2026-07-09,published
DJ504685_1,UK AG 铁木软包床 英标排插 灯带 床垫90*190cm 一件一箱 颜色->深灰色,ALL,AMAZON,C,T99,0.0000,0.0000,0.0000,0.00,0.00,0.00,0,0.0000,6 个月 · 全平台 · 全量 SKU · 2026-07-09,published
DJ504685_1,UK AG 铁木软包床 英标排插 灯带 床垫90*190cm 一件一箱 颜色->深灰色,ALL,UNKNOWN,C,T99,0.0000,0.0000,0.0000,0.00,0.00,0.00,0,0.0000,6 个月 · 全平台 · 全量 SKU · 2026-07-09,published
DJ504686_1,UK AG 铁木软包床 英标排插 灯带 床垫135*190cm 一件一箱 颜色->深灰色,ALL,AMAZON,B,T99,0.0000,0.0000,0.0000,0.00,0.00,0.00,0,0.0000,6 个月 · 全平台 · 全量 SKU · 2026-07-09,published
DJ504687_1,UK AG 铁木软包床 英标排插 灯带 床垫150*200cm 一件一箱 颜色->深灰色,ALL,AMAZON,C,T4B,1.0683,0.5435,0.5435,33.12,16.85,16.85,0,0.0000,6 个月 · 全平台 · 全量 SKU · 2026-07-09,published
DJ504688_1,UK AG 悬浮床 软包床头 铁框架 英标排插 灯带 床垫135*190cm 一件一箱 颜色->深灰色,ALL,AMAZON,C,T4B,0.9308,0.5004,0.5004,28.85,15.51,15.51,99,3.1935,6 个月 · 全平台 · 全量 SKU · 2026-07-09,published
DJ504688_1,UK AG 悬浮床 软包床头 铁框架 英标排插 灯带 床垫135*190cm 一件一箱 颜色->深灰色,ALL,UNKNOWN,C,T4B,0.4143,0.1989,0.1989,12.84,6.17,6.17,78,2.5161,6 个月 · 全平台 · 全量 SKU · 2026-07-09,published
DJ504688_2,UK AG 悬浮床 软包床头 铁框架 英标排插 灯带 床垫135*190cm 一件一箱 颜色->米白,ALL,AMAZON,C,T4B,0.2214,0.1063,0.1063,6.86,3.30,3.30,14,0.4516,6 个月 · 全平台 · 全量 SKU · 2026-07-09,published
DJ504688_2,UK AG 悬浮床 软包床头 铁框架 英标排插 灯带 床垫135*190cm 一件一箱 颜色->米白,ALL,UNKNOWN,C,T4B,0.1143,0.0549,0.0549,3.54,1.70,1.70,20,0.6452,6 个月 · 全平台 · 全量 SKU · 2026-07-09,published
DJ504689_1,UK AG 悬浮床 软包床头 铁框架 英标排插 灯带 床垫150*200cm 一件一箱 颜色->深灰色,ALL,AMAZON,C,T4B,0.4109,0.1677,0.1677,12.74,5.20,5.20,12,0.3871,6 个月 · 全平台 · 全量 SKU · 2026-07-09,published
DJ504689_1,UK AG 悬浮床 软包床头 铁框架 英标排插 灯带 床垫150*200cm 一件一箱 颜色->深灰色,ALL,UNKNOWN,C,T4B,0.1286,0.0617,0.0617,3.99,1.91,1.91,15,0.4839,6 个月 · 全平台 · 全量 SKU · 2026-07-09,published
DJ504690_1,UK AG 悬浮床 侧边托盘 英标排插 灯带 床垫135*190cm 一件一箱 颜色->黑色,ALL,AMAZON,C,T99,0.0000,0.0000,0.0000,0.00,0.00,0.00,1,0.0323,6 个月 · 全平台 · 全量 SKU · 2026-07-09,published
DJ504691_1,UK AG 悬浮床 侧边托盘 英标排插 灯带 床垫150*200cm 一件一箱 颜色->黑色,ALL,AMAZON,C,T4B,1.1958,0.6084,0.6084,37.07,18.86,18.86,4,0.1290,6 个月 · 全平台 · 全量 SKU · 2026-07-09,published
DJ504692_1,UK AG JYH210A 棉麻软包气杆床 靠背2档调节 双灯带 135*190cm 一件两箱 颜色->深灰色,ALL,UNKNOWN,B,T4B,0.2857,0.1371,0.1371,8.86,4.25,4.25,66,2.1290,6 个月 · 全平台 · 全量 SKU · 2026-07-09,published
DJ504692_2,UK AG JYH210A 棉麻软包气杆床 靠背2档调节 双灯带 135*190cm 一件两箱 颜色->米白,ALL,UNKNOWN,C,T4B,0.3000,0.1440,0.1440,9.30,4.46,4.46,24,0.7742,6 个月 · 全平台 · 全量 SKU · 2026-07-09,published
DJ504693_1,UK AG JYH210A 棉麻软包气杆床 靠背2档调节 双灯带 150*200cm 一件两箱 颜色->深灰色,ALL,AMAZON,C,T4B,1.6560,0.8425,0.8425,51.34,26.12,26.12,62,2.0000,6 个月 · 全平台 · 全量 SKU · 2026-07-09,published
DJ504693_1,UK AG JYH210A 棉麻软包气杆床 靠背2档调节 双灯带 150*200cm 一件两箱 颜色->深灰色,ALL,UNKNOWN,C,T4B,0.2286,0.1097,0.1097,7.09,3.40,3.40,23,0.7419,6 个月 · 全平台 · 全量 SKU · 2026-07-09,published
DJ504693_2,UK AG JYH210A 棉麻软包气杆床 靠背2档调节 双灯带 150*200cm 一件两箱 颜色->米白,ALL,AMAZON,C,T4B,0.4082,0.2195,0.2195,12.65,6.80,6.80,28,0.9032,6 个月 · 全平台 · 全量 SKU · 2026-07-09,published
DJ504695_1,"UK AG 板式编藤双抽床头柜 +单隔层+英规排插款+灯带 一件一箱 尺码->#1,木色",ALL,AMAZON,C,T99,0.0000,0.0000,0.0000,0.00,0.00,0.00,0,0.0000,6 个月 · 全平台 · 全量 SKU · 2026-07-09,published
DJ504701_1,EU AG灯芯绒 床围环绕灯带 1.4*1.9m气杆床 2AC+1U1T插孔 一件两箱 颜色->米白,ALL,AMAZON,C,T4B,1.3044,0.7012,0.7012,40.44,21.74,21.74,121,3.9032,6 个月 · 全平台 · 全量 SKU · 2026-07-09,published
DJ504701_2,EU AG灯芯绒床围环绕灯带 1.4*1.9m气杆床 2AC+1U1T插孔 一件两箱 颜色->深灰色,ALL,AMAZON,C,T4B,0.4500,0.2160,0.2160,13.95,6.70,6.70,62,2.0000,6 个月 · 全平台 · 全量 SKU · 2026-07-09,published
DJ504702_1,EU AG灯芯绒 床围环绕灯带 1.4*2m气杆床 2AC+1U1T插孔 一件两箱 颜色->米白,ALL,AMAZON,C,T4B,0.6687,0.3595,0.3595,20.73,11.14,11.14,57,1.8387,6 个月 · 全平台 · 全量 SKU · 2026-07-09,published
DJ504702_1,EU AG灯芯绒 床围环绕灯带 1.4*2m气杆床 2AC+1U1T插孔 一件两箱 颜色->米白,ALL,UNKNOWN,C,T4B,0.1830,0.0984,0.0984,5.67,3.05,3.05,5,0.1613,6 个月 · 全平台 · 全量 SKU · 2026-07-09,published
DJ504702_2,EU AG灯芯绒 床围环绕灯带 1.4*2m气杆床 2AC+1U1T插孔 一件两箱 颜色->深灰色,ALL,AMAZON,C,T4B,1.4379,0.7730,0.7730,44.57,23.96,23.96,105,3.3871,6 个月 · 全平台 · 全量 SKU · 2026-07-09,published
DJ504702_2,EU AG灯芯绒 床围环绕灯带 1.4*2m气杆床 2AC+1U1T插孔 一件两箱 颜色->深灰色,ALL,UNKNOWN,C,T4B,0.3192,0.1716,0.1716,9.90,5.32,5.32,16,0.5161,6 个月 · 全平台 · 全量 SKU · 2026-07-09,published
DJ504703_1,US DC 高架床 LB-07Pro  AF BB+短桌+床头柜款 T尺寸  一件一箱 颜色->黑色,ALL,TEMU,B,T99,0.0000,0.0000,0.0000,0.00,0.00,0.00,0,0.0000,6 个月 · 全平台 · 全量 SKU · 2026-07-09,published
DJ504703_3,US DC 高架床 LB-07Pro  AF BB+短桌+床头柜款 T尺寸  一件一箱 颜色->粉色,ALL,TEMU,C,T99,0.0000,0.0000,0.0000,0.00,0.00,0.00,0,0.0000,6 个月 · 全平台 · 全量 SKU · 2026-07-09,published
DJ504705_1,"US UA 高款罗马柱床头柜带灯带插排 一件一箱 颜色->白色,做旧白+刀砍纹棕",ALL,AMAZON,C,T4B,0.2714,0.1303,0.1303,8.41,4.04,4.04,10,0.3226,6 个月 · 全平台 · 全量 SKU · 2026-07-09,published
DJ504705_1,"US UA 高款罗马柱床头柜带灯带插排 一件一箱 颜色->白色,做旧白+刀砍纹棕",ALL,TIKTOK,C,T99,0.0000,0.0000,0.0000,0.00,0.00,0.00,3,0.0968,6 个月 · 全平台 · 全量 SKU · 2026-07-09,published
DJ504705_1,"US UA 高款罗马柱床头柜带灯带插排 一件一箱 颜色->白色,做旧白+刀砍纹棕",ALL,WALMART,C,T4B,0.2929,0.1406,0.1406,9.08,4.36,4.36,18,0.5806,6 个月 · 全平台 · 全量 SKU · 2026-07-09,published
DJ504705_2,"US UA 高款罗马柱床头柜带灯带插排 一件一箱 颜色->棕色,刀砍纹棕",ALL,AMAZON,C,T4B,0.7402,0.3553,0.3553,22.95,11.01,11.01,37,1.1935,6 个月 · 全平台 · 全量 SKU · 2026-07-09,published
DJ504705_2,"US UA 高款罗马柱床头柜带灯带插排 一件一箱 颜色->棕色,刀砍纹棕",ALL,TIKTOK,C,T99,0.0000,0.0000,0.0000,0.00,0.00,0.00,3,0.0968,6 个月 · 全平台 · 全量 SKU · 2026-07-09,published
DJ504705_2,"US UA 高款罗马柱床头柜带灯带插排 一件一箱 颜色->棕色,刀砍纹棕",ALL,WALMART,C,T4B,0.2780,0.1495,0.1495,8.62,4.63,4.63,23,0.7419,6 个月 · 全平台 · 全量 SKU · 2026-07-09,published
DJ504707_1,US 板式带玻璃门升降咖啡桌 一件一箱 颜色->白色,ALL,AMAZON,C,T4B,0.4357,0.2091,0.2091,13.51,6.48,6.48,18,0.5806,6 个月 · 全平台 · 全量 SKU · 2026-07-09,published
DJ504707_1,US 板式带玻璃门升降咖啡桌 一件一箱 颜色->白色,ALL,TEMU,C,T99,0.0000,0.0000,0.0000,0.00,0.00,0.00,10,0.3226,6 个月 · 全平台 · 全量 SKU · 2026-07-09,published
DJ504707_2,US 板式带玻璃门升降咖啡桌 一件一箱 颜色->黑色,ALL,AMAZON,C,T4A,2.0065,0.7914,0.7914,62.20,24.53,24.53,113,3.6452,6 个月 · 全平台 · 全量 SKU · 2026-07-09,published
DJ504707_2,US 板式带玻璃门升降咖啡桌 一件一箱 颜色->黑色,ALL,TEMU,C,T99,0.0000,0.0000,0.0000,0.00,0.00,0.00,35,1.1290,6 个月 · 全平台 · 全量 SKU · 2026-07-09,published
DJ504707_2,US 板式带玻璃门升降咖啡桌 一件一箱 颜色->黑色,ALL,WALMART,C,T99,0.0000,0.0000,0.0000,0.00,0.00,0.00,2,0.0645,6 个月 · 全平台 · 全量 SKU · 2026-07-09,published
DJ504717_1,US 单人升降桌带竖条凹槽腿 一件一箱 颜色->棕色,ALL,AMAZON,C,T4B,0.9516,0.5116,0.5116,29.50,15.86,15.86,19,0.6129,6 个月 · 全平台 · 全量 SKU · 2026-07-09,published
DJ504717_1,US 单人升降桌带竖条凹槽腿 一件一箱 颜色->棕色,ALL,UNKNOWN,C,T99,0.0000,0.0000,0.0000,0.00,0.00,0.00,0,0.0000,6 个月 · 全平台 · 全量 SKU · 2026-07-09,published
DJ504717_2,US 单人升降桌带竖条凹槽腿 一件一箱 颜色->棕色+白色,ALL,AMAZON,C,T4B,0.3709,0.1994,0.1994,11.50,6.18,6.18,26,0.8387,6 个月 · 全平台 · 全量 SKU · 2026-07-09,published
DJ504717_2,US 单人升降桌带竖条凹槽腿 一件一箱 颜色->棕色+白色,ALL,TEMU,C,T4B,0.2544,0.1368,0.1368,7.89,4.24,4.24,24,0.7742,6 个月 · 全平台 · 全量 SKU · 2026-07-09,published
DJ504717_2,US 单人升降桌带竖条凹槽腿 一件一箱 颜色->棕色+白色,ALL,UNKNOWN,C,T4B,0.1786,0.0857,0.0857,5.54,2.66,2.66,5,0.1613,6 个月 · 全平台 · 全量 SKU · 2026-07-09,published
DJ504717_2,US 单人升降桌带竖条凹槽腿 一件一箱 颜色->棕色+白色,ALL,WALMART,C,T4B,0.3808,0.2047,0.2047,11.80,6.35,6.35,14,0.4516,6 个月 · 全平台 · 全量 SKU · 2026-07-09,published
DJ504717_3,US 单人升降桌带竖条凹槽腿 一件一箱 颜色->白色,ALL,AMAZON,C,T4B,0.3599,0.1935,0.1935,11.16,6.00,6.00,29,0.9355,6 个月 · 全平台 · 全量 SKU · 2026-07-09,published
DJ504717_3,US 单人升降桌带竖条凹槽腿 一件一箱 颜色->白色,ALL,TEMU,C,T4B,0.3137,0.1687,0.1687,9.72,5.23,5.23,23,0.7419,6 个月 · 全平台 · 全量 SKU · 2026-07-09,published
DJ504717_3,US 单人升降桌带竖条凹槽腿 一件一箱 颜色->白色,ALL,WALMART,C,T4B,0.3808,0.2047,0.2047,11.80,6.35,6.35,5,0.1613,6 个月 · 全平台 · 全量 SKU · 2026-07-09,published
DJ504718_1,US 1.4米单人6抽升降桌 一件一箱 颜色->棕色+白色,ALL,AMAZON,C,T99,0.0000,0.0000,0.0000,0.00,0.00,0.00,0,0.0000,6 个月 · 全平台 · 全量 SKU · 2026-07-09,published
DJ504719_1,UK KM 喷漆水槽柜60cm两抽金属底脚 一箱一个 颜色->白色,ALL,AMAZON,C,T4B,0.8099,0.4354,0.4354,25.11,13.50,13.50,17,0.5484,6 个月 · 全平台 · 全量 SKU · 2026-07-09,published
DJ504720_1,UK KM 喷漆水槽柜60cm一抽两门带层架 一箱一个 颜色->白色,ALL,AMAZON,C,T99,0.0000,0.0000,0.0000,0.00,0.00,0.00,0,0.0000,6 个月 · 全平台 · 全量 SKU · 2026-07-09,published
DJ504720_1,UK KM 喷漆水槽柜60cm一抽两门带层架 一箱一个 颜色->白色,ALL,UNKNOWN,C,T99,0.0000,0.0000,0.0000,0.00,0.00,0.00,0,0.0000,6 个月 · 全平台 · 全量 SKU · 2026-07-09,published
DJ504721_1,UK KM 板式镜柜LED对开门 一箱一个 颜色->白色,ALL,UNKNOWN,C,T99,0.0000,0.0000,0.0000,0.00,0.00,0.00,0,0.0000,6 个月 · 全平台 · 全量 SKU · 2026-07-09,published
DJ504722_2,"UK KM 铁木床洞洞板基础款 一箱一件 尺码->#11,英标135*190;颜色->棕色,复古色",ALL,AMAZON,C,T4B,1.9588,1.0530,1.0530,60.72,32.64,32.64,67,2.1613,6 个月 · 全平台 · 全量 SKU · 2026-07-09,published
DJ504725_1,US 竖条纹美式铁木L桌 一件一箱 颜色->棕顶+白,ALL,AMAZON,C,T99,0.0000,0.0000,0.0000,0.00,0.00,0.00,0,0.0000,6 个月 · 全平台 · 全量 SKU · 2026-07-09,published
DJ504725_1,US 竖条纹美式铁木L桌 一件一箱 颜色->棕顶+白,ALL,TEMU,C,T99,0.0000,0.0000,0.0000,0.00,0.00,0.00,0,0.0000,6 个月 · 全平台 · 全量 SKU · 2026-07-09,published
DJ504725_1,US 竖条纹美式铁木L桌 一件一箱 颜色->棕顶+白,ALL,UNKNOWN,C,T99,0.0000,0.0000,0.0000,0.00,0.00,0.00,0,0.0000,6 个月 · 全平台 · 全量 SKU · 2026-07-09,published
DJ504725_1,US 竖条纹美式铁木L桌 一件一箱 颜色->棕顶+白,ALL,WALMART,C,T99,0.0000,0.0000,0.0000,0.00,0.00,0.00,0,0.0000,6 个月 · 全平台 · 全量 SKU · 2026-07-09,published
DJ504725_2,US 竖条纹美式铁木L桌 一件一箱 颜色->棕顶+黑,ALL,AMAZON,D,T99,0.0000,0.0000,0.0000,0.00,0.00,0.00,0,0.0000,6 个月 · 全平台 · 全量 SKU · 2026-07-09,published
DJ504725_3,US 竖条纹美式铁木L桌 一件一箱 颜色->浅灰色+黑管,ALL,AMAZON,D,T99,0.0000,0.0000,0.0000,0.00,0.00,0.00,0,0.0000,6 个月 · 全平台 · 全量 SKU · 2026-07-09,published
DJ504730_1,"US AG 1x5极简风弧角浮雕门储物柜 一件一箱 尺码->#1,黑色",ALL,AMAZON,D,T99,0.0000,0.0000,0.0000,0.00,0.00,0.00,0,0.0000,6 个月 · 全平台 · 全量 SKU · 2026-07-09,published
DJ504733_2,"US AG 极简风弧角浮雕门抽屉床 T 一件一箱 尺码->#2,浅榨木色",ALL,AMAZON,D,T99,0.0000,0.0000,0.0000,0.00,0.00,0.00,0,0.0000,6 个月 · 全平台 · 全量 SKU · 2026-07-09,published
DJ504742_1,US SD L桌带抽屉六抽款 一件一箱 颜色->黑色,ALL,AMAZON,D,T99,0.0000,0.0000,0.0000,0.00,0.00,0.00,0,0.0000,6 个月 · 全平台 · 全量 SKU · 2026-07-09,published
DJ504742_1,US SD L桌带抽屉六抽款 一件一箱 颜色->黑色,ALL,TEMU,D,T99,0.0000,0.0000,0.0000,0.00,0.00,0.00,0,0.0000,6 个月 · 全平台 · 全量 SKU · 2026-07-09,published
DJ504742_1,US SD L桌带抽屉六抽款 一件一箱 颜色->黑色,ALL,TIKTOK,D,T99,0.0000,0.0000,0.0000,0.00,0.00,0.00,0,0.0000,6 个月 · 全平台 · 全量 SKU · 2026-07-09,published
DJ504742_1,US SD L桌带抽屉六抽款 一件一箱 颜色->黑色,ALL,UNKNOWN,D,T99,0.0000,0.0000,0.0000,0.00,0.00,0.00,0,0.0000,6 个月 · 全平台 · 全量 SKU · 2026-07-09,published
DJ504742_1,US SD L桌带抽屉六抽款 一件一箱 颜色->黑色,ALL,WALMART,D,T99,0.0000,0.0000,0.0000,0.00,0.00,0.00,0,0.0000,6 个月 · 全平台 · 全量 SKU · 2026-07-09,published
DJ504742_2,US SD L桌带抽屉六抽款 一件一箱 颜色->白色,ALL,TIKTOK,C,T99,0.0000,0.0000,0.0000,0.00,0.00,0.00,0,0.0000,6 个月 · 全平台 · 全量 SKU · 2026-07-09,published
DJ504742_2,US SD L桌带抽屉六抽款 一件一箱 颜色->白色,ALL,WALMART,C,T99,0.0000,0.0000,0.0000,0.00,0.00,0.00,0,0.0000,6 个月 · 全平台 · 全量 SKU · 2026-07-09,published
DJ504742_3,US SD L桌带抽屉六抽款 一件一箱 颜色->989-3灰色,ALL,AMAZON,C,T4A,2.5781,1.1962,1.1962,79.92,37.08,37.08,30,0.9677,6 个月 · 全平台 · 全量 SKU · 2026-07-09,published
DJ504742_3,US SD L桌带抽屉六抽款 一件一箱 颜色->989-3灰色,ALL,TIKTOK,C,T99,0.0000,0.0000,0.0000,0.00,0.00,0.00,1,0.0323,6 个月 · 全平台 · 全量 SKU · 2026-07-09,published
DJ504742_4,US SD L桌带抽屉六抽款 一件一箱 颜色->火烧云,ALL,AMAZON,D,T99,0.0000,0.0000,0.0000,0.00,0.00,0.00,0,0.0000,6 个月 · 全平台 · 全量 SKU · 2026-07-09,published
DJ504742_4,US SD L桌带抽屉六抽款 一件一箱 颜色->火烧云,ALL,TEMU,D,T99,0.0000,0.0000,0.0000,0.00,0.00,0.00,0,0.0000,6 个月 · 全平台 · 全量 SKU · 2026-07-09,published
DJ504742_4,US SD L桌带抽屉六抽款 一件一箱 颜色->火烧云,ALL,TIKTOK,D,T99,0.0000,0.0000,0.0000,0.00,0.00,0.00,0,0.0000,6 个月 · 全平台 · 全量 SKU · 2026-07-09,published
DJ504742_4,US SD L桌带抽屉六抽款 一件一箱 颜色->火烧云,ALL,UNKNOWN,D,T99,0.0000,0.0000,0.0000,0.00,0.00,0.00,0,0.0000,6 个月 · 全平台 · 全量 SKU · 2026-07-09,published
DJ504742_4,US SD L桌带抽屉六抽款 一件一箱 颜色->火烧云,ALL,WALMART,D,T99,0.0000,0.0000,0.0000,0.00,0.00,0.00,0,0.0000,6 个月 · 全平台 · 全量 SKU · 2026-07-09,published
DJ504743_1,US 双高架K腿L高桌 一件一箱 颜色->火烧云,ALL,AMAZON,C,T3,5.1956,4.9566,4.9566,161.06,153.65,153.65,200,6.4516,6 个月 · 全平台 · 全量 SKU · 2026-07-09,published
DJ504743_2,US 双高架K腿L高桌 一件一箱 颜色->黑色,ALL,AMAZON,B,T2,9.4070,8.0204,8.0204,291.62,248.63,248.63,238,7.6774,6 个月 · 全平台 · 全量 SKU · 2026-07-09,published
DJ504743_3,US 双高架K腿L高桌 一件一箱 颜色->白色,ALL,AMAZON,C,T3,4.7431,4.5249,4.5249,147.04,140.27,140.27,98,3.1613,6 个月 · 全平台 · 全量 SKU · 2026-07-09,published
DJ504743_3,US 双高架K腿L高桌 一件一箱 颜色->白色,ALL,TIKTOK,C,T99,0.0000,0.0000,0.0000,0.00,0.00,0.00,1,0.0323,6 个月 · 全平台 · 全量 SKU · 2026-07-09,published
DJ504743_4,US 双高架K腿L高桌 一件一箱 颜色->白+棕顶,ALL,AMAZON,D,T99,0.0000,0.0000,0.0000,0.00,0.00,0.00,73,2.3548,6 个月 · 全平台 · 全量 SKU · 2026-07-09,published
DJ504744_1,US SD 1.6m5抽L桌带排插 一件一箱  颜色->黑色,ALL,AMAZON,C,T4B,1.8269,0.9295,0.9295,56.63,28.81,28.81,62,2.0000,6 个月 · 全平台 · 全量 SKU · 2026-07-09,published
DJ504744_1,US SD 1.6m5抽L桌带排插 一件一箱  颜色->黑色,ALL,TIKTOK,C,T99,0.0000,0.0000,0.0000,0.00,0.00,0.00,0,0.0000,6 个月 · 全平台 · 全量 SKU · 2026-07-09,published
DJ504744_1,US SD 1.6m5抽L桌带排插 一件一箱  颜色->黑色,ALL,WALMART,C,T4B,0.4203,0.2139,0.2139,13.03,6.63,6.63,5,0.1613,6 个月 · 全平台 · 全量 SKU · 2026-07-09,published
DJ504744_2,US SD 1.6m5抽L桌带排插 一件一箱  颜色->火烧云,ALL,AMAZON,C,T4A,2.5693,1.3352,1.3352,79.65,41.39,41.39,50,1.6129,6 个月 · 全平台 · 全量 SKU · 2026-07-09,published
DJ504744_2,US SD 1.6m5抽L桌带排插 一件一箱  颜色->火烧云,ALL,TEMU,C,T4B,0.1357,0.0651,0.0651,4.21,2.02,2.02,3,0.0968,6 个月 · 全平台 · 全量 SKU · 2026-07-09,published
DJ504744_2,US SD 1.6m5抽L桌带排插 一件一箱  颜色->火烧云,ALL,TIKTOK,C,T99,0.0000,0.0000,0.0000,0.00,0.00,0.00,0,0.0000,6 个月 · 全平台 · 全量 SKU · 2026-07-09,published
DJ504744_2,US SD 1.6m5抽L桌带排插 一件一箱  颜色->火烧云,ALL,UNKNOWN,C,T99,0.0000,0.0000,0.0000,0.00,0.00,0.00,0,0.0000,6 个月 · 全平台 · 全量 SKU · 2026-07-09,published
DJ504744_2,US SD 1.6m5抽L桌带排插 一件一箱  颜色->火烧云,ALL,WALMART,C,T99,0.0000,0.0000,0.0000,0.00,0.00,0.00,0,0.0000,6 个月 · 全平台 · 全量 SKU · 2026-07-09,published
DJ504745_3,US SD 1.7米L桌X字两抽  一件一箱  颜色->黑色,ALL,AMAZON,D,T99,0.0000,0.0000,0.0000,0.00,0.00,0.00,0,0.0000,6 个月 · 全平台 · 全量 SKU · 2026-07-09,published
DJ504747_2,US DC 软包床 BCE-02 JQ605 圆角软包床 羊羔绒+海绵 K 白色 一件两箱,ALL,AMAZON,C,T99,0.0000,0.0000,0.0000,0.00,0.00,0.00,0,0.0000,6 个月 · 全平台 · 全量 SKU · 2026-07-09,published
DJ504747_2,US DC 软包床 BCE-02 JQ605 圆角软包床 羊羔绒+海绵 K 白色 一件两箱,ALL,WALMART,C,T99,0.0000,0.0000,0.0000,0.00,0.00,0.00,0,0.0000,6 个月 · 全平台 · 全量 SKU · 2026-07-09,published
DJ504748,US DC 软包床 BCE-02 JQ605 圆角软包床 羊羔绒+海绵 Q 白色 一件一箱,ALL,AMAZON,B,T99,0.0000,0.0000,0.0000,0.00,0.00,0.00,0,0.0000,6 个月 · 全平台 · 全量 SKU · 2026-07-09,published
DJ504748,US DC 软包床 BCE-02 JQ605 圆角软包床 羊羔绒+海绵 Q 白色 一件一箱,ALL,WALMART,B,T99,0.0000,0.0000,0.0000,0.00,0.00,0.00,0,0.0000,6 个月 · 全平台 · 全量 SKU · 2026-07-09,published
DJ504751_1,US GS01 8抽转角铁床可左右换装含插排灯带床沿挡片 一件一箱 颜色->黑色,ALL,UNKNOWN,C,T4B,1.0515,0.4290,0.4290,32.60,13.30,13.30,40,1.2903,6 个月 · 全平台 · 全量 SKU · 2026-07-09,published
DJ504757,US DC 软包床 BCE-03 JQ607 高床头软包床 雪尼尔+海绵 Q 白 一件一箱,ALL,AMAZON,D,T99,0.0000,0.0000,0.0000,0.00,0.00,0.00,0,0.0000,6 个月 · 全平台 · 全量 SKU · 2026-07-09,published
DJ504757,US DC 软包床 BCE-03 JQ607 高床头软包床 雪尼尔+海绵 Q 白 一件一箱,ALL,WALMART,D,T99,0.0000,0.0000,0.0000,0.00,0.00,0.00,0,0.0000,6 个月 · 全平台 · 全量 SKU · 2026-07-09,published
DJ504759_1,US SD 1.7米五抽单人桌  一件一箱 颜色->火烧云,ALL,AMAZON,D,T99,0.0000,0.0000,0.0000,0.00,0.00,0.00,0,0.0000,6 个月 · 全平台 · 全量 SKU · 2026-07-09,published
DJ504759_1,US SD 1.7米五抽单人桌  一件一箱 颜色->火烧云,ALL,TEMU,D,T99,0.0000,0.0000,0.0000,0.00,0.00,0.00,0,0.0000,6 个月 · 全平台 · 全量 SKU · 2026-07-09,published
DJ504759_1,US SD 1.7米五抽单人桌  一件一箱 颜色->火烧云,ALL,UNKNOWN,D,T99,0.0000,0.0000,0.0000,0.00,0.00,0.00,0,0.0000,6 个月 · 全平台 · 全量 SKU · 2026-07-09,published
DJ504759_1,US SD 1.7米五抽单人桌  一件一箱 颜色->火烧云,ALL,WALMART,D,T99,0.0000,0.0000,0.0000,0.00,0.00,0.00,0,0.0000,6 个月 · 全平台 · 全量 SKU · 2026-07-09,published
DJ504759_2,US SD 1.7米五抽单人桌  一件一箱  颜色->黑色,ALL,TEMU,C,T99,0.0000,0.0000,0.0000,0.00,0.00,0.00,3,0.0968,6 个月 · 全平台 · 全量 SKU · 2026-07-09,published
DJ504759_3,US SD 1.7米五抽单人桌  一件一箱  颜色->白色,ALL,AMAZON,C,T4B,1.5451,0.7861,0.7861,47.90,24.37,24.37,14,0.4516,6 个月 · 全平台 · 全量 SKU · 2026-07-09,published
DJ504759_3,US SD 1.7米五抽单人桌  一件一箱  颜色->白色,ALL,TEMU,C,T99,0.0000,0.0000,0.0000,0.00,0.00,0.00,0,0.0000,6 个月 · 全平台 · 全量 SKU · 2026-07-09,published
DJ504759_4,US SD 1.7米五抽单人桌  一件一箱  颜色->989-3灰色,ALL,TEMU,C,T99,0.0000,0.0000,0.0000,0.00,0.00,0.00,0,0.0000,6 个月 · 全平台 · 全量 SKU · 2026-07-09,published
DJ504760_3,US SD 1.9M五抽单人桌  一件一箱  颜色->白色,ALL,TEMU,C,T99,0.0000,0.0000,0.0000,0.00,0.00,0.00,0,0.0000,6 个月 · 全平台 · 全量 SKU · 2026-07-09,published
DJ504760_3,US SD 1.9M五抽单人桌  一件一箱  颜色->白色,ALL,TIKTOK,C,T99,0.0000,0.0000,0.0000,0.00,0.00,0.00,0,0.0000,6 个月 · 全平台 · 全量 SKU · 2026-07-09,published
DJ504760_3,US SD 1.9M五抽单人桌  一件一箱  颜色->白色,ALL,UNKNOWN,C,T99,0.0000,0.0000,0.0000,0.00,0.00,0.00,0,0.0000,6 个月 · 全平台 · 全量 SKU · 2026-07-09,published
DJ504760_3,US SD 1.9M五抽单人桌  一件一箱  颜色->白色,ALL,WALMART,C,T99,0.0000,0.0000,0.0000,0.00,0.00,0.00,0,0.0000,6 个月 · 全平台 · 全量 SKU · 2026-07-09,published
DJ504762_1,US SD T字双人桌 一件一箱  颜色->黑色,ALL,AMAZON,C,T4B,2.5835,1.0541,1.0541,80.09,32.68,32.68,107,3.4516,6 个月 · 全平台 · 全量 SKU · 2026-07-09,published
DJ504762_1,US SD T字双人桌 一件一箱  颜色->黑色,ALL,TEMU,C,T99,0.0000,0.0000,0.0000,0.00,0.00,0.00,2,0.0645,6 个月 · 全平台 · 全量 SKU · 2026-07-09,published
DJ504762_1,US SD T字双人桌 一件一箱  颜色->黑色,ALL,UNKNOWN,C,T99,0.0000,0.0000,0.0000,0.00,0.00,0.00,2,0.0645,6 个月 · 全平台 · 全量 SKU · 2026-07-09,published
DJ504762_1,US SD T字双人桌 一件一箱  颜色->黑色,ALL,WALMART,C,T99,0.0000,0.0000,0.0000,0.00,0.00,0.00,5,0.1613,6 个月 · 全平台 · 全量 SKU · 2026-07-09,published
DJ504762_2,US SD T字双人桌 一件一箱  颜色->火烧云,ALL,AMAZON,C,T4A,2.6364,1.2233,1.2233,81.73,37.92,37.92,68,2.1935,6 个月 · 全平台 · 全量 SKU · 2026-07-09,published
DJ504762_2,US SD T字双人桌 一件一箱  颜色->火烧云,ALL,WALMART,C,T99,0.0000,0.0000,0.0000,0.00,0.00,0.00,1,0.0323,6 个月 · 全平台 · 全量 SKU · 2026-07-09,published
DJ504762_2_WF,US SD T字双人桌 一件一箱  颜色->火烧云,ALL,UNKNOWN,C,T4B,0.9358,0.4761,0.4761,29.01,14.76,14.76,40,1.2903,6 个月 · 全平台 · 全量 SKU · 2026-07-09,published
DJ504762_3,US SD T字双人桌 一件一箱  颜色->白色,ALL,AMAZON,C,T4B,1.0511,0.4288,0.4288,32.58,13.29,13.29,27,0.8710,6 个月 · 全平台 · 全量 SKU · 2026-07-09,published
DJ504762_3,US SD T字双人桌 一件一箱  颜色->白色,ALL,TEMU,C,T99,0.0000,0.0000,0.0000,0.00,0.00,0.00,0,0.0000,6 个月 · 全平台 · 全量 SKU · 2026-07-09,published
DJ504762_3,US SD T字双人桌 一件一箱  颜色->白色,ALL,TIKTOK,C,T99,0.0000,0.0000,0.0000,0.00,0.00,0.00,1,0.0323,6 个月 · 全平台 · 全量 SKU · 2026-07-09,published
DJ504762_3,US SD T字双人桌 一件一箱  颜色->白色,ALL,UNKNOWN,C,T4B,0.2022,0.0825,0.0825,6.27,2.56,2.56,16,0.5161,6 个月 · 全平台 · 全量 SKU · 2026-07-09,published
DJ504762_3,US SD T字双人桌 一件一箱  颜色->白色,ALL,WALMART,C,T99,0.0000,0.0000,0.0000,0.00,0.00,0.00,0,0.0000,6 个月 · 全平台 · 全量 SKU · 2026-07-09,published
DJ504762_4,US SD T字双人桌 一件一箱  颜色->碳纤维黑色,ALL,AMAZON,C,T4B,1.5366,0.7376,0.7376,47.63,22.87,22.87,35,1.1290,6 个月 · 全平台 · 全量 SKU · 2026-07-09,published
DJ504762_4,US SD T字双人桌 一件一箱  颜色->碳纤维黑色,ALL,TEMU,C,T99,0.0000,0.0000,0.0000,0.00,0.00,0.00,0,0.0000,6 个月 · 全平台 · 全量 SKU · 2026-07-09,published
DJ504762_4,US SD T字双人桌 一件一箱  颜色->碳纤维黑色,ALL,UNKNOWN,C,T99,0.0000,0.0000,0.0000,0.00,0.00,0.00,6,0.1935,6 个月 · 全平台 · 全量 SKU · 2026-07-09,published
DJ504762_4,US SD T字双人桌 一件一箱  颜色->碳纤维黑色,ALL,WALMART,C,T99,0.0000,0.0000,0.0000,0.00,0.00,0.00,5,0.1613,6 个月 · 全平台 · 全量 SKU · 2026-07-09,published
DJ504764_1,"US 床YL-412T 柜体沙发床+桌面 含灯带、插盘99*190 颜色->#1,白色",ALL,AMAZON,A,T4A,3.0783,1.4283,1.4283,95.43,44.28,44.28,96,3.0968,6 个月 · 全平台 · 全量 SKU · 2026-07-09,published
DJ504764_2,"US 床YL-412T 柜体沙发床+桌面 含灯带、插盘99*190 颜色->#2,黑铁+灰板",ALL,AMAZON,A,T4B,2.3873,1.1459,1.1459,74.01,35.52,35.52,40,1.2903,6 个月 · 全平台 · 全量 SKU · 2026-07-09,published
DJ504764_2,"US 床YL-412T 柜体沙发床+桌面 含灯带、插盘99*190 颜色->#2,黑铁+灰板",ALL,TIKTOK,A,T99,0.0000,0.0000,0.0000,0.00,0.00,0.00,7,0.2258,6 个月 · 全平台 · 全量 SKU · 2026-07-09,published
DJ504764_2,"US 床YL-412T 柜体沙发床+桌面 含灯带、插盘99*190 颜色->#2,黑铁+灰板",ALL,WALMART,A,T99,0.0000,0.0000,0.0000,0.00,0.00,0.00,10,0.3226,6 个月 · 全平台 · 全量 SKU · 2026-07-09,published
DJ504767_2,US DC 铁木床 CBF-13L 铁木角落床树屋款款- 151 T 颜色->白色 一件一箱,ALL,AMAZON,C,T99,0.0000,0.0000,0.0000,0.00,0.00,0.00,0,0.0000,6 个月 · 全平台 · 全量 SKU · 2026-07-09,published
DJ504767_2,US DC 铁木床 CBF-13L 铁木角落床树屋款款- 151 T 颜色->白色 一件一箱,ALL,UNKNOWN,C,T99,0.0000,0.0000,0.0000,0.00,0.00,0.00,0,0.0000,6 个月 · 全平台 · 全量 SKU · 2026-07-09,published
DJ504767_2,US DC 铁木床 CBF-13L 铁木角落床树屋款款- 151 T 颜色->白色 一件一箱,ALL,WALMART,C,T99,0.0000,0.0000,0.0000,0.00,0.00,0.00,0,0.0000,6 个月 · 全平台 · 全量 SKU · 2026-07-09,published
DJ504770_1,EU MS 猫爬架 2房1吊床2顶窝 175cm 一件一箱 颜色->米白,ALL,AMAZON,C,T4B,0.7877,0.4008,0.4008,24.42,12.42,12.42,55,1.7742,6 个月 · 全平台 · 全量 SKU · 2026-07-09,published
DJ504770_2,EU MS 猫爬架 2房1吊床2顶窝 175cm 一件一箱 颜色->深灰色,ALL,AMAZON,C,T4B,1.4050,0.7149,0.7149,43.56,22.16,22.16,40,1.2903,6 个月 · 全平台 · 全量 SKU · 2026-07-09,published
DJ504770_2,EU MS 猫爬架 2房1吊床2顶窝 175cm 一件一箱 颜色->深灰色,ALL,UNKNOWN,C,T99,0.0000,0.0000,0.0000,0.00,0.00,0.00,0,0.0000,6 个月 · 全平台 · 全量 SKU · 2026-07-09,published
DJ504770_3,EU MS 猫爬架 2房1吊床2顶窝 175cm 一件一箱 颜色->浅灰色,ALL,AMAZON,C,T4B,3.0519,1.2452,1.2452,94.61,38.60,38.60,196,6.3226,6 个月 · 全平台 · 全量 SKU · 2026-07-09,published
DJ504771_1,EU AG 铁艺拼框悬浮床 双层置物 欧标USB插排 灯带 1.4*1.9m床垫 一件一箱 颜色->黑色,ALL,AMAZON,C,T99,0.0000,0.0000,0.0000,0.00,0.00,0.00,0,0.0000,6 个月 · 全平台 · 全量 SKU · 2026-07-09,published
DJ504771_2,EU AG 铁艺拼框悬浮床 双层置物 欧标USB插排 灯带 1.4*1.9m床垫 一件一箱 颜色->白色,ALL,AMAZON,C,T99,0.0000,0.0000,0.0000,0.00,0.00,0.00,0,0.0000,6 个月 · 全平台 · 全量 SKU · 2026-07-09,published
DJ504772_1,EU AG 铁艺拼框悬浮床 双层置物 欧标USB插排 灯带 1.4*2m床垫 一件一箱 颜色->黑色,ALL,AMAZON,C,T99,0.0000,0.0000,0.0000,0.00,0.00,0.00,0,0.0000,6 个月 · 全平台 · 全量 SKU · 2026-07-09,published
DJ504772_2,EU AG 铁艺拼框悬浮床 双层置物 欧标USB插排 灯带 1.4*2m床垫 一件一箱 颜色->白色,ALL,AMAZON,C,T99,0.0000,0.0000,0.0000,0.00,0.00,0.00,0,0.0000,6 个月 · 全平台 · 全量 SKU · 2026-07-09,published
DJ504772_2,EU AG 铁艺拼框悬浮床 双层置物 欧标USB插排 灯带 1.4*2m床垫 一件一箱 颜色->白色,ALL,UNKNOWN,C,T99,0.0000,0.0000,0.0000,0.00,0.00,0.00,0,0.0000,6 个月 · 全平台 · 全量 SKU · 2026-07-09,published
DJ504773_1,EU AG 铁艺拼框悬浮床 双层置物 欧标USB插排 灯带 1.6*2m床垫 一件一箱 颜色->黑色,ALL,AMAZON,B,T99,0.0000,0.0000,0.0000,0.00,0.00,0.00,0,0.0000,6 个月 · 全平台 · 全量 SKU · 2026-07-09,published
DJ504775_1,"US SK 1.5米9抽支架款电视柜 一件一箱 颜色->黑色,黑浮雕",ALL,AMAZON,D,T99,0.0000,0.0000,0.0000,0.00,0.00,0.00,0,0.0000,6 个月 · 全平台 · 全量 SKU · 2026-07-09,published
DJ504777_1,US UA 窄款拱顶书柜 一件一箱 颜色->黑色,ALL,AMAZON,B,T3,4.8362,4.6750,4.6750,149.92,144.93,144.93,224,7.2258,6 个月 · 全平台 · 全量 SKU · 2026-07-09,published
DJ504777_1,US UA 窄款拱顶书柜 一件一箱 颜色->黑色,ALL,UNKNOWN,B,T4B,1.0714,0.5451,0.5451,33.21,16.90,16.90,57,1.8387,6 个月 · 全平台 · 全量 SKU · 2026-07-09,published
DJ504777_1,US UA 窄款拱顶书柜 一件一箱 颜色->黑色,ALL,WALMART,B,T4B,0.6901,0.3710,0.3710,21.39,11.50,11.50,43,1.3871,6 个月 · 全平台 · 全量 SKU · 2026-07-09,published
DJ504777_2,US UA 窄款拱顶书柜 一件一箱 颜色->橡木色,ALL,AMAZON,B,T3,3.5506,3.1992,3.1992,110.07,99.18,99.18,122,3.9355,6 个月 · 全平台 · 全量 SKU · 2026-07-09,published
DJ504777_2,US UA 窄款拱顶书柜 一件一箱 颜色->橡木色,ALL,UNKNOWN,B,T4B,1.7357,0.9331,0.9331,53.81,28.93,28.93,82,2.6452,6 个月 · 全平台 · 全量 SKU · 2026-07-09,published
DJ504777_2,US UA 窄款拱顶书柜 一件一箱 颜色->橡木色,ALL,WALMART,B,T4B,0.7621,0.4097,0.4097,23.63,12.70,12.70,39,1.2581,6 个月 · 全平台 · 全量 SKU · 2026-07-09,published
DJ504777_3,US UA 窄款拱顶书柜 一件一箱 颜色->棕色G29024I,ALL,AMAZON,B,T3,4.0760,4.0725,4.0725,126.36,126.25,126.25,132,4.2581,6 个月 · 全平台 · 全量 SKU · 2026-07-09,published
DJ504777_3,US UA 窄款拱顶书柜 一件一箱 颜色->棕色G29024I,ALL,UNKNOWN,B,T4B,0.8995,0.4835,0.4835,27.88,14.99,14.99,82,2.6452,6 个月 · 全平台 · 全量 SKU · 2026-07-09,published
DJ504777_3,US UA 窄款拱顶书柜 一件一箱 颜色->棕色G29024I,ALL,WALMART,B,T4B,0.4495,0.2157,0.2157,13.93,6.69,6.69,37,1.1935,6 个月 · 全平台 · 全量 SKU · 2026-07-09,published
DJ504777_4,US UA 窄款拱顶书柜 一件一箱 颜色->复古白G05256,ALL,AMAZON,D,T4B,0.5071,0.2434,0.2434,15.72,7.55,7.55,63,2.0323,6 个月 · 全平台 · 全量 SKU · 2026-07-09,published
DJ504777_4,US UA 窄款拱顶书柜 一件一箱 颜色->复古白G05256,ALL,UNKNOWN,D,T99,0.0000,0.0000,0.0000,0.00,0.00,0.00,27,0.8710,6 个月 · 全平台 · 全量 SKU · 2026-07-09,published
DJ504777_4,US UA 窄款拱顶书柜 一件一箱 颜色->复古白G05256,ALL,WALMART,D,T99,0.0000,0.0000,0.0000,0.00,0.00,0.00,17,0.5484,6 个月 · 全平台 · 全量 SKU · 2026-07-09,published
DJ504777_5,US UA 窄款拱顶书柜 一件一箱 颜色->咖啡胡桃浮雕+H65074K,ALL,AMAZON,D,T4B,0.4071,0.1954,0.1954,12.62,6.06,6.06,78,2.5161,6 个月 · 全平台 · 全量 SKU · 2026-07-09,published
DJ504777_5,US UA 窄款拱顶书柜 一件一箱 颜色->咖啡胡桃浮雕+H65074K,ALL,UNKNOWN,D,T99,0.0000,0.0000,0.0000,0.00,0.00,0.00,28,0.9032,6 个月 · 全平台 · 全量 SKU · 2026-07-09,published
DJ504777_5,US UA 窄款拱顶书柜 一件一箱 颜色->咖啡胡桃浮雕+H65074K,ALL,WALMART,D,T99,0.0000,0.0000,0.0000,0.00,0.00,0.00,22,0.7097,6 个月 · 全平台 · 全量 SKU · 2026-07-09,published
DJ504779_1,"US 床TB-748T双层抽屉软包转角床 含灯带 99*190 颜色->#1,黑铁+灰色麻布",ALL,AMAZON,C,T4B,1.2242,0.6581,0.6581,37.95,20.40,20.40,44,1.4194,6 个月 · 全平台 · 全量 SKU · 2026-07-09,published
DJ504779_2,"US 床TB-748T双层抽屉软包转角床 含灯带 99*190 颜色->#2,白铁+白PU",ALL,AMAZON,C,T4B,1.8341,0.9860,0.9860,56.86,30.57,30.57,52,1.6774,6 个月 · 全平台 · 全量 SKU · 2026-07-09,published
DJ504779_2,"US 床TB-748T双层抽屉软包转角床 含灯带 99*190 颜色->#2,白铁+白PU",ALL,TIKTOK,C,T99,0.0000,0.0000,0.0000,0.00,0.00,0.00,0,0.0000,6 个月 · 全平台 · 全量 SKU · 2026-07-09,published
DJ504780_2,US 1.2变1.6米铁木软包餐桌椅套装 一件一箱 颜色->胡桃色,ALL,AMAZON,B,T3,4.5305,4.5115,4.5115,140.45,139.86,139.86,0,0.0000,6 个月 · 全平台 · 全量 SKU · 2026-07-09,published
DJ504780_2,US 1.2变1.6米铁木软包餐桌椅套装 一件一箱 颜色->胡桃色,ALL,TEMU,B,T99,0.0000,0.0000,0.0000,0.00,0.00,0.00,0,0.0000,6 个月 · 全平台 · 全量 SKU · 2026-07-09,published
DJ504780_2,US 1.2变1.6米铁木软包餐桌椅套装 一件一箱 颜色->胡桃色,ALL,UNKNOWN,B,T99,0.0000,0.0000,0.0000,0.00,0.00,0.00,0,0.0000,6 个月 · 全平台 · 全量 SKU · 2026-07-09,published
DJ504780_2,US 1.2变1.6米铁木软包餐桌椅套装 一件一箱 颜色->胡桃色,ALL,WALMART,B,T99,0.0000,0.0000,0.0000,0.00,0.00,0.00,0,0.0000,6 个月 · 全平台 · 全量 SKU · 2026-07-09,published
DJ504780_3,US 1.2变1.6米铁木软包餐桌椅套装 一件一箱 颜色->黑色,ALL,AMAZON,B,T3,3.0805,2.9937,2.9937,95.50,92.80,92.80,49,1.5806,6 个月 · 全平台 · 全量 SKU · 2026-07-09,published
DJ504780_3,US 1.2变1.6米铁木软包餐桌椅套装 一件一箱 颜色->黑色,ALL,WALMART,B,T99,0.0000,0.0000,0.0000,0.00,0.00,0.00,2,0.0645,6 个月 · 全平台 · 全量 SKU · 2026-07-09,published
DJ504781_1,"US BF 储物柜 DT31 5抽圆弧实木风高斗柜 颜色->#1,原木色麻点",ALL,AMAZON,D,T99,0.0000,0.0000,0.0000,0.00,0.00,0.00,0,0.0000,6 个月 · 全平台 · 全量 SKU · 2026-07-09,published
DJ504781_1,"US BF 储物柜 DT31 5抽圆弧实木风高斗柜 颜色->#1,原木色麻点",ALL,UNKNOWN,D,T99,0.0000,0.0000,0.0000,0.00,0.00,0.00,0,0.0000,6 个月 · 全平台 · 全量 SKU · 2026-07-09,published
DJ504784_1,EU AG LED灯光镜九抽 梳妆台 2AC+1U1T插孔 一件两箱 颜色->白色,ALL,AMAZON,C,T99,0.0000,0.0000,0.0000,0.00,0.00,0.00,0,0.0000,6 个月 · 全平台 · 全量 SKU · 2026-07-09,published
DJ504785_1,EU AG 好莱坞灯光镜十一抽 梳妆台 2AC+1U1T插孔 一件两箱 颜色->白色,ALL,AMAZON,C,T99,0.0000,0.0000,0.0000,0.00,0.00,0.00,0,0.0000,6 个月 · 全平台 · 全量 SKU · 2026-07-09,published
DJ504787_1,EU AG 铁木软包床 方块软包 欧标USB排插 灯带 0.9*2m 一件一箱 颜色->深灰色,ALL,AMAZON,C,T4B,0.8170,0.3922,0.3922,25.33,12.16,12.16,59,1.9032,6 个月 · 全平台 · 全量 SKU · 2026-07-09,published
DJ504789_1,EU AG 铁木软包床 方块软包 欧标USB排插 灯带 1.4*2m 一件一箱 颜色->深灰色,ALL,AMAZON,C,T4B,0.5683,0.2891,0.2891,17.62,8.96,8.96,97,3.1290,6 个月 · 全平台 · 全量 SKU · 2026-07-09,published
DJ504789_1,EU AG 铁木软包床 方块软包 欧标USB排插 灯带 1.4*2m 一件一箱 颜色->深灰色,ALL,UNKNOWN,C,T4B,0.2912,0.1398,0.1398,9.03,4.33,4.33,4,0.1290,6 个月 · 全平台 · 全量 SKU · 2026-07-09,published
DJ504790_1,EU AG 铁木软包床 方块软包 欧标USB排插 灯带 1.6*2m 一件一箱 颜色->深灰色,ALL,AMAZON,C,T4B,1.5461,0.7421,0.7421,47.93,23.01,23.01,78,2.5161,6 个月 · 全平台 · 全量 SKU · 2026-07-09,published
DJ504792_1,EU BW 软包气动床BQQ-01 HQ 608 灰色 一件两箱90*190,ALL,AMAZON,C,T4B,0.4571,0.2194,0.2194,14.17,6.80,6.80,14,0.4516,6 个月 · 全平台 · 全量 SKU · 2026-07-09,published
DJ504792_2,EU BW 软包气动床BQQ-01 HQ 608 灰色 一件两箱 90*200,ALL,AMAZON,C,T4B,0.7214,0.3463,0.3463,22.36,10.74,10.74,9,0.2903,6 个月 · 全平台 · 全量 SKU · 2026-07-09,published
DJ504792_3,EU BW 软包气动床BQQ-01 HQ 608 灰色 一件两箱140*190,ALL,AMAZON,C,T4B,0.6210,0.3159,0.3159,19.25,9.79,9.79,25,0.8065,6 个月 · 全平台 · 全量 SKU · 2026-07-09,published
DJ504792_4,EU BW 软包气动床BQQ-01 HQ 608 灰色 一件两箱140*200,ALL,AMAZON,C,T4B,0.5984,0.3217,0.3217,18.55,9.97,9.97,22,0.7097,6 个月 · 全平台 · 全量 SKU · 2026-07-09,published
DJ504792_5,EU BW 软包气动床BQQ-01 HQ 608 灰色 一件两箱 160*200,ALL,AMAZON,C,T4B,0.7062,0.3796,0.3796,21.89,11.77,11.77,18,0.5806,6 个月 · 全平台 · 全量 SKU · 2026-07-09,published
DJ504792_6,EU BW 软包气动床BQQ-01 HQ 608 灰色 一件两箱 180*200,ALL,AMAZON,C,T4B,1.8615,1.0008,1.0008,57.71,31.02,31.02,30,0.9677,6 个月 · 全平台 · 全量 SKU · 2026-07-09,published
DJ504793_1,EU AG 铁木软包床 3置物层 欧标USB排插 灯带 0.9*2m 一件一箱 颜色->黑色,ALL,AMAZON,C,T4B,0.3071,0.1474,0.1474,9.52,4.57,4.57,58,1.8710,6 个月 · 全平台 · 全量 SKU · 2026-07-09,published
DJ504794_1,EU AG 铁木软包床 3置物层 欧标USB排插 灯带 1.4*1.9m 一件一箱 颜色->黑色,ALL,AMAZON,C,T4B,0.5786,0.2777,0.2777,17.94,8.61,8.61,80,2.5806,6 个月 · 全平台 · 全量 SKU · 2026-07-09,published
DJ504795_1,EU AG 铁木软包床 3置物层 欧标USB排插 灯带 1.4*2m 一件一箱 颜色->黑色,ALL,AMAZON,C,T4B,0.3571,0.1714,0.1714,11.07,5.31,5.31,42,1.3548,6 个月 · 全平台 · 全量 SKU · 2026-07-09,published
DJ504796_1,EU AG 床头柜 全板式三抽一格 上下灯带 2AC+1U1T 一件一箱 颜色->白色,ALL,AMAZON,C,T99,0.0000,0.0000,0.0000,0.00,0.00,0.00,0,0.0000,6 个月 · 全平台 · 全量 SKU · 2026-07-09,published
DJ504797_1,HS NSBL-01 边柜 纯木 顶板推拉侧穿带灯 中空双抽 颜色->黑色 一件一箱,ALL,AMAZON,C,T99,0.0000,0.0000,0.0000,0.00,0.00,0.00,33,1.0645,6 个月 · 全平台 · 全量 SKU · 2026-07-09,published
DJ504797_1,HS NSBL-01 边柜 纯木 顶板推拉侧穿带灯 中空双抽 颜色->黑色 一件一箱,ALL,UNKNOWN,C,T99,0.0000,0.0000,0.0000,0.00,0.00,0.00,1,0.0323,6 个月 · 全平台 · 全量 SKU · 2026-07-09,published
DJ504797_2,HS NSBL-01 边柜 纯木 顶板推拉侧穿带灯 中空双抽 颜色->白色 一件一箱,ALL,AMAZON,C,T99,0.0000,0.0000,0.0000,0.00,0.00,0.00,9,0.2903,6 个月 · 全平台 · 全量 SKU · 2026-07-09,published
DJ504799_1,US VD 板式床 掀盖软包靠背 双灯带 4抽 K款 一件两箱 颜色->黑色,ALL,UNKNOWN,C,T4B,0.7168,0.3441,0.3441,22.22,10.67,10.67,34,1.0968,6 个月 · 全平台 · 全量 SKU · 2026-07-09,published
DJ504799_1,US VD 板式床 掀盖软包靠背 双灯带 4抽 K款 一件两箱 颜色->黑色,ALL,WALMART,C,T99,0.0000,0.0000,0.0000,0.00,0.00,0.00,1,0.0323,6 个月 · 全平台 · 全量 SKU · 2026-07-09,published
DJ504799_2,US VD 板式床 掀盖软包靠背 双灯带 4抽 K款 一件两箱 颜色->白色,ALL,AMAZON,C,T4B,0.6553,0.2674,0.2674,20.31,8.29,8.29,28,0.9032,6 个月 · 全平台 · 全量 SKU · 2026-07-09,published
DJ504799_2,US VD 板式床 掀盖软包靠背 双灯带 4抽 K款 一件两箱 颜色->白色,ALL,TIKTOK,C,T99,0.0000,0.0000,0.0000,0.00,0.00,0.00,0,0.0000,6 个月 · 全平台 · 全量 SKU · 2026-07-09,published
DJ504799_2,US VD 板式床 掀盖软包靠背 双灯带 4抽 K款 一件两箱 颜色->白色,ALL,WALMART,C,T99,0.0000,0.0000,0.0000,0.00,0.00,0.00,2,0.0645,6 个月 · 全平台 · 全量 SKU · 2026-07-09,published
DJ504800_1,EU AG软包床 侧边置物 绒布气杆床1.4*1.9m 1灯带+欧标2AC+1U1T 一件两箱 颜色->米白,ALL,AMAZON,C,T4A,2.3207,1.0768,1.0768,71.94,33.38,33.38,107,3.4516,6 个月 · 全平台 · 全量 SKU · 2026-07-09,published
DJ504801_1,EU AG软包床 侧边置物 绒布气杆床1.4*2.0m 1灯带+欧标2AC+1U1T 一件两箱 颜色->米白,ALL,AMAZON,C,T4B,1.1383,0.5464,0.5464,35.29,16.94,16.94,51,1.6452,6 个月 · 全平台 · 全量 SKU · 2026-07-09,published
DJ504802_2,"US 床T-B752T公主皇冠翻盖含插盘灯带99*190 颜色->#2,白铁+米白绒布+白床脚",ALL,AMAZON,D,T99,0.0000,0.0000,0.0000,0.00,0.00,0.00,0,0.0000,6 个月 · 全平台 · 全量 SKU · 2026-07-09,published
DJ504808_1,US AG 乡村风长虹玻璃LED书桌 一件一箱 颜色->白色,ALL,AMAZON,C,T4B,0.5898,0.2831,0.2831,18.28,8.78,8.78,8,0.2581,6 个月 · 全平台 · 全量 SKU · 2026-07-09,published
DJ504808_1,US AG 乡村风长虹玻璃LED书桌 一件一箱 颜色->白色,ALL,UNKNOWN,C,T4B,0.8875,0.4771,0.4771,27.51,14.79,14.79,7,0.2258,6 个月 · 全平台 · 全量 SKU · 2026-07-09,published
DJ504808_1,US AG 乡村风长虹玻璃LED书桌 一件一箱 颜色->白色,ALL,WALMART,C,T99,0.0000,0.0000,0.0000,0.00,0.00,0.00,0,0.0000,6 个月 · 全平台 · 全量 SKU · 2026-07-09,published
DJ504808_2,US AG 乡村风长虹玻璃LED书桌 一件一箱 颜色->灰色,ALL,AMAZON,C,T4B,0.6147,0.2951,0.2951,19.06,9.15,9.15,36,1.1613,6 个月 · 全平台 · 全量 SKU · 2026-07-09,published
DJ504808_2,US AG 乡村风长虹玻璃LED书桌 一件一箱 颜色->灰色,ALL,UNKNOWN,C,T4B,0.4874,0.2339,0.2339,15.11,7.25,7.25,19,0.6129,6 个月 · 全平台 · 全量 SKU · 2026-07-09,published
DJ504809_1,US VD33 书桌 大镜子7抽波浪纹抽面透明玻璃门 一件一箱 颜色->棕色,ALL,AMAZON,C,T4B,0.8923,0.4797,0.4797,27.66,14.87,14.87,73,2.3548,6 个月 · 全平台 · 全量 SKU · 2026-07-09,published
DJ504809_1,US VD33 书桌 大镜子7抽波浪纹抽面透明玻璃门 一件一箱 颜色->棕色,ALL,UNKNOWN,C,T4B,0.5000,0.2400,0.2400,15.50,7.44,7.44,105,3.3871,6 个月 · 全平台 · 全量 SKU · 2026-07-09,published
DJ504809_1,US VD33 书桌 大镜子7抽波浪纹抽面透明玻璃门 一件一箱 颜色->棕色,ALL,WALMART,C,T99,0.0000,0.0000,0.0000,0.00,0.00,0.00,2,0.0645,6 个月 · 全平台 · 全量 SKU · 2026-07-09,published
DJ504809_2,"US VD33 书桌 大镜子7抽波浪纹抽面透明玻璃门 一件一箱 颜色->#1,原木色",ALL,AMAZON,C,T4B,0.3484,0.1772,0.1772,10.80,5.49,5.49,35,1.1290,6 个月 · 全平台 · 全量 SKU · 2026-07-09,published
DJ504809_2,"US VD33 书桌 大镜子7抽波浪纹抽面透明玻璃门 一件一箱 颜色->#1,原木色",ALL,UNKNOWN,C,T4B,0.2236,0.1202,0.1202,6.93,3.73,3.73,71,2.2903,6 个月 · 全平台 · 全量 SKU · 2026-07-09,published
DJ504809_2,"US VD33 书桌 大镜子7抽波浪纹抽面透明玻璃门 一件一箱 颜色->#1,原木色",ALL,WALMART,C,T99,0.0000,0.0000,0.0000,0.00,0.00,0.00,4,0.1290,6 个月 · 全平台 · 全量 SKU · 2026-07-09,published
DJ504811_1,US UA 弧面单列五斗柜 一件一箱 颜色->黑色,ALL,AMAZON,D,T99,0.0000,0.0000,0.0000,0.00,0.00,0.00,0,0.0000,6 个月 · 全平台 · 全量 SKU · 2026-07-09,published
DJ504811_1,US UA 弧面单列五斗柜 一件一箱 颜色->黑色,ALL,UNKNOWN,D,T99,0.0000,0.0000,0.0000,0.00,0.00,0.00,0,0.0000,6 个月 · 全平台 · 全量 SKU · 2026-07-09,published
DJ504811_1,US UA 弧面单列五斗柜 一件一箱 颜色->黑色,ALL,WALMART,D,T99,0.0000,0.0000,0.0000,0.00,0.00,0.00,0,0.0000,6 个月 · 全平台 · 全量 SKU · 2026-07-09,published
DJ504816_1,EU AG软包床 侧边置物 绒布气杆床1.4*2.0m 1灯带+欧标2AC+1U1T一件两箱 颜色->深灰色,ALL,AMAZON,C,T4B,0.7638,0.3666,0.3666,23.68,11.36,11.36,99,3.1935,6 个月 · 全平台 · 全量 SKU · 2026-07-09,published
DJ504816_1,EU AG软包床 侧边置物 绒布气杆床1.4*2.0m 1灯带+欧标2AC+1U1T一件两箱 颜色->深灰色,ALL,UNKNOWN,C,T99,0.0000,0.0000,0.0000,0.00,0.00,0.00,2,0.0645,6 个月 · 全平台 · 全量 SKU · 2026-07-09,published
DJ504817_1,US UA 拱顶壁柜大款带开放格 一件一箱 颜色->黑色,ALL,UNKNOWN,C,T4B,0.2516,0.1280,0.1280,7.80,3.97,3.97,16,0.5161,6 个月 · 全平台 · 全量 SKU · 2026-07-09,published
DJ504824_1,US 3抽农舍风竖条文件柜 一件一箱 颜色->白+棕顶,ALL,AMAZON,C,T4B,1.6264,0.8275,0.8275,50.42,25.65,25.65,49,1.5806,6 个月 · 全平台 · 全量 SKU · 2026-07-09,published
DJ504824_1,US 3抽农舍风竖条文件柜 一件一箱 颜色->白+棕顶,ALL,WALMART,C,T99,0.0000,0.0000,0.0000,0.00,0.00,0.00,2,0.0645,6 个月 · 全平台 · 全量 SKU · 2026-07-09,published
DJ504824_2,US 3抽农舍风竖条文件柜 一件一箱 颜色->棕色,ALL,AMAZON,C,T4B,1.1185,0.5691,0.5691,34.67,17.64,17.64,40,1.2903,6 个月 · 全平台 · 全量 SKU · 2026-07-09,published
DJ504824_3,US 3抽农舍风竖条文件柜 一件一箱 颜色->灰色,ALL,AMAZON,C,T4B,0.8215,0.3943,0.3943,25.47,12.22,12.22,31,1.0000,6 个月 · 全平台 · 全量 SKU · 2026-07-09,published
DJ504824_3,US 3抽农舍风竖条文件柜 一件一箱 颜色->灰色,ALL,UNKNOWN,C,T4B,0.3212,0.1542,0.1542,9.96,4.78,4.78,5,0.1613,6 个月 · 全平台 · 全量 SKU · 2026-07-09,published
DJ504824_3,US 3抽农舍风竖条文件柜 一件一箱 颜色->灰色,ALL,WALMART,C,T99,0.0000,0.0000,0.0000,0.00,0.00,0.00,0,0.0000,6 个月 · 全平台 · 全量 SKU · 2026-07-09,published
DJ504827_3,US SR RWN-01 3抽床头柜 橡胶木贴水曲柳实木皮油漆 一件一箱 颜色->棕色,ALL,AMAZON,D,T99,0.0000,0.0000,0.0000,0.00,0.00,0.00,0,0.0000,6 个月 · 全平台 · 全量 SKU · 2026-07-09,published
DJ504831_1,EU FR 浴室柜 板竹结合马桶柜H80 一件一箱 颜色->白色,ALL,AMAZON,B,T3,5.3853,4.8468,4.8468,166.94,150.25,150.25,199,6.4194,6 个月 · 全平台 · 全量 SKU · 2026-07-09,published
DJ504832_1,EU AG JYH208B 棉麻软包气杆床 掀盖靠背 三灯带 140*190cm 一件两箱 颜色->深灰色,ALL,AMAZON,C,T4A,2.5474,1.2529,1.2529,78.97,38.84,38.84,109,3.5161,6 个月 · 全平台 · 全量 SKU · 2026-07-09,published
DJ504832_1,EU AG JYH208B 棉麻软包气杆床 掀盖靠背 三灯带 140*190cm 一件两箱 颜色->深灰色,ALL,UNKNOWN,C,T99,0.0000,0.0000,0.0000,0.00,0.00,0.00,0,0.0000,6 个月 · 全平台 · 全量 SKU · 2026-07-09,published
DJ504833_1,EU AG JYH208B 棉麻软包气杆床 掀盖靠背 三灯带 140*200cm 一件两箱 颜色->深灰色,ALL,UNKNOWN,C,T99,0.0000,0.0000,0.0000,0.00,0.00,0.00,3,0.0968,6 个月 · 全平台 · 全量 SKU · 2026-07-09,published
DJ504836_1,"US AG 板式床 藤编拼框 4抽 掀盖靠背 T款 一件一箱 颜色->#3,木纹色",ALL,AMAZON,D,T99,0.0000,0.0000,0.0000,0.00,0.00,0.00,0,0.0000,6 个月 · 全平台 · 全量 SKU · 2026-07-09,published
DJ504836_1,"US AG 板式床 藤编拼框 4抽 掀盖靠背 T款 一件一箱 颜色->#3,木纹色",ALL,UNKNOWN,D,T99,0.0000,0.0000,0.0000,0.00,0.00,0.00,0,0.0000,6 个月 · 全平台 · 全量 SKU · 2026-07-09,published
DJ504842_1,US 板材双抽波浪板高文件柜 一件一箱 颜色->原木色,ALL,AMAZON,C,T4A,1.9892,0.9230,0.9230,61.67,28.61,28.61,80,2.5806,6 个月 · 全平台 · 全量 SKU · 2026-07-09,published
DJ504842_1,US 板材双抽波浪板高文件柜 一件一箱 颜色->原木色,ALL,TIKTOK,C,T99,0.0000,0.0000,0.0000,0.00,0.00,0.00,0,0.0000,6 个月 · 全平台 · 全量 SKU · 2026-07-09,published
DJ504846_1,"US 床TB-748F 双层抽屉软包转角床 含灯带 137*190 颜色->#1,黑铁+灰色麻布",ALL,AMAZON,C,T4B,1.5016,0.8073,0.8073,46.55,25.03,25.03,60,1.9355,6 个月 · 全平台 · 全量 SKU · 2026-07-09,published
DJ504846_2,US 床TB-748F 双层抽屉软包转角床 含灯带137*190 颜色->#2 白铁+白PU,ALL,AMAZON,B,T4B,2.1214,1.1405,1.1405,65.76,35.36,35.36,86,2.7742,6 个月 · 全平台 · 全量 SKU · 2026-07-09,published
DJ504848_1,"US UA 移动储物行政桌 一件一箱 颜色->#1,胡桃色+麻面黑",ALL,AMAZON,D,T99,0.0000,0.0000,0.0000,0.00,0.00,0.00,0,0.0000,6 个月 · 全平台 · 全量 SKU · 2026-07-09,published
DJ504848_1,"US UA 移动储物行政桌 一件一箱 颜色->#1,胡桃色+麻面黑",ALL,TEMU,D,T99,0.0000,0.0000,0.0000,0.00,0.00,0.00,0,0.0000,6 个月 · 全平台 · 全量 SKU · 2026-07-09,published
DJ504848_1,"US UA 移动储物行政桌 一件一箱 颜色->#1,胡桃色+麻面黑",ALL,UNKNOWN,D,T99,0.0000,0.0000,0.0000,0.00,0.00,0.00,0,0.0000,6 个月 · 全平台 · 全量 SKU · 2026-07-09,published
DJ504851_1,US AG 绒布皇冠公主床 尾抽 T  颜色->粉色,ALL,AMAZON,C,T4B,1.2679,0.6816,0.6816,39.30,21.13,21.13,65,2.0968,6 个月 · 全平台 · 全量 SKU · 2026-07-09,published
DJ504851_1,US AG 绒布皇冠公主床 尾抽 T  颜色->粉色,ALL,WALMART,C,T4B,0.1418,0.0762,0.0762,4.40,2.36,2.36,0,0.0000,6 个月 · 全平台 · 全量 SKU · 2026-07-09,published
DJ504852_1,US AG 绒布皇冠公主床 尾两抽 F 颜色->粉色,ALL,AMAZON,C,T4B,0.6555,0.3146,0.3146,20.32,9.75,9.75,72,2.3226,6 个月 · 全平台 · 全量 SKU · 2026-07-09,published
DJ504852_1,US AG 绒布皇冠公主床 尾两抽 F 颜色->粉色,ALL,UNKNOWN,C,T4B,0.1258,0.0604,0.0604,3.90,1.87,1.87,0,0.0000,6 个月 · 全平台 · 全量 SKU · 2026-07-09,published
DJ504852_1,US AG 绒布皇冠公主床 尾两抽 F 颜色->粉色,ALL,WALMART,C,T99,0.0000,0.0000,0.0000,0.00,0.00,0.00,0,0.0000,6 个月 · 全平台 · 全量 SKU · 2026-07-09,published
DJ504852_2,US AG 绒布皇冠公主床 尾两抽 F 颜色->白色,ALL,AMAZON,C,T4B,0.3467,0.1415,0.1415,10.75,4.39,4.39,27,0.8710,6 个月 · 全平台 · 全量 SKU · 2026-07-09,published
DJ504852_2,US AG 绒布皇冠公主床 尾两抽 F 颜色->白色,ALL,UNKNOWN,C,T4B,0.2220,0.1193,0.1193,6.88,3.70,3.70,26,0.8387,6 个月 · 全平台 · 全量 SKU · 2026-07-09,published
DJ504857_2,"EU KM 铁木床铁线镂空 EBF-LA01 一箱一件  尺码->L,140*190;颜色->棕色,复古色",ALL,AMAZON,D,T99,0.0000,0.0000,0.0000,0.00,0.00,0.00,0,0.0000,6 个月 · 全平台 · 全量 SKU · 2026-07-09,published
DJ504859_1,"US SK BSC- BS01 80cm 系列化浴室盆 一件两箱 颜色->白色,做旧白",ALL,AMAZON,D,T99,0.0000,0.0000,0.0000,0.00,0.00,0.00,0,0.0000,6 个月 · 全平台 · 全量 SKU · 2026-07-09,published
DJ504859_1,"US SK BSC- BS01 80cm 系列化浴室盆 一件两箱 颜色->白色,做旧白",ALL,WALMART,D,T99,0.0000,0.0000,0.0000,0.00,0.00,0.00,0,0.0000,6 个月 · 全平台 · 全量 SKU · 2026-07-09,published
DJ504860_1,EU AG 铁木软包转角床 0.9*2m 简约款拉网造型 一拖二灯带 欧规3U1T插排 一件一箱 颜色->深灰色,ALL,AMAZON,B,T4B,2.8187,1.5153,1.5153,87.38,46.97,46.97,99,3.1935,6 个月 · 全平台 · 全量 SKU · 2026-07-09,published
DJ504860_1,EU AG 铁木软包转角床 0.9*2m 简约款拉网造型 一拖二灯带 欧规3U1T插排 一件一箱 颜色->深灰色,ALL,UNKNOWN,B,T4B,1.3060,0.7021,0.7021,40.49,21.77,21.77,70,2.2581,6 个月 · 全平台 · 全量 SKU · 2026-07-09,published
DJ504860_2,EU AG 铁木软包转角床 0.9*2m 简约款拉网造型 一拖二灯带 欧规3U1T插排 一件一箱 颜色->米白,ALL,AMAZON,D,T99,0.0000,0.0000,0.0000,0.00,0.00,0.00,46,1.4839,6 个月 · 全平台 · 全量 SKU · 2026-07-09,published
DJ504861_1,US 农舍风1.2m谷仓门文件柜 一件一箱 颜色->棕+白,ALL,AMAZON,C,T4B,0.9357,0.4491,0.4491,29.01,13.92,13.92,52,1.6774,6 个月 · 全平台 · 全量 SKU · 2026-07-09,published
DJ504861_1,US 农舍风1.2m谷仓门文件柜 一件一箱 颜色->棕+白,ALL,UNKNOWN,C,T99,0.0000,0.0000,0.0000,0.00,0.00,0.00,8,0.2581,6 个月 · 全平台 · 全量 SKU · 2026-07-09,published
DJ504861_1,US 农舍风1.2m谷仓门文件柜 一件一箱 颜色->棕+白,ALL,WALMART,C,T99,0.0000,0.0000,0.0000,0.00,0.00,0.00,0,0.0000,6 个月 · 全平台 · 全量 SKU · 2026-07-09,published
DJ504861_2,US 农舍风1.2m谷仓门文件柜 一件一箱 颜色->棕+黑,ALL,AMAZON,C,T4B,0.9286,0.4457,0.4457,28.79,13.82,13.82,90,2.9032,6 个月 · 全平台 · 全量 SKU · 2026-07-09,published
DJ504861_2,US 农舍风1.2m谷仓门文件柜 一件一箱 颜色->棕+黑,ALL,TEMU,C,T99,0.0000,0.0000,0.0000,0.00,0.00,0.00,2,0.0645,6 个月 · 全平台 · 全量 SKU · 2026-07-09,published
DJ504861_2,US 农舍风1.2m谷仓门文件柜 一件一箱 颜色->棕+黑,ALL,TIKTOK,C,T99,0.0000,0.0000,0.0000,0.00,0.00,0.00,0,0.0000,6 个月 · 全平台 · 全量 SKU · 2026-07-09,published
DJ504864_2,US VD 板式床 床头床尾拼框 掀盖靠背 4抽 T款 一件一箱 颜色->灰色,ALL,AMAZON,C,T4B,0.3429,0.1646,0.1646,10.63,5.10,5.10,53,1.7097,6 个月 · 全平台 · 全量 SKU · 2026-07-09,published
DJ504864_2,US VD 板式床 床头床尾拼框 掀盖靠背 4抽 T款 一件一箱 颜色->灰色,ALL,UNKNOWN,C,T99,0.0000,0.0000,0.0000,0.00,0.00,0.00,5,0.1613,6 个月 · 全平台 · 全量 SKU · 2026-07-09,published
DJ504864_2,US VD 板式床 床头床尾拼框 掀盖靠背 4抽 T款 一件一箱 颜色->灰色,ALL,WALMART,C,T4B,0.1571,0.0754,0.0754,4.87,2.34,2.34,10,0.3226,6 个月 · 全平台 · 全量 SKU · 2026-07-09,published
DJ504867_1,US SD U型书架桌带三抽   一件一箱 颜色 颜色->火烧云,ALL,AMAZON,C,T3,5.7685,5.6604,5.6604,178.82,175.47,175.47,164,5.2903,6 个月 · 全平台 · 全量 SKU · 2026-07-09,published
DJ504867_1,US SD U型书架桌带三抽   一件一箱 颜色 颜色->火烧云,ALL,TEMU,C,T99,0.0000,0.0000,0.0000,0.00,0.00,0.00,3,0.0968,6 个月 · 全平台 · 全量 SKU · 2026-07-09,published
DJ504867_1,US SD U型书架桌带三抽   一件一箱 颜色 颜色->火烧云,ALL,TIKTOK,C,T4B,0.1390,0.0747,0.0747,4.31,2.32,2.32,19,0.6129,6 个月 · 全平台 · 全量 SKU · 2026-07-09,published
DJ504867_1,US SD U型书架桌带三抽   一件一箱 颜色 颜色->火烧云,ALL,WALMART,C,T99,0.0000,0.0000,0.0000,0.00,0.00,0.00,3,0.0968,6 个月 · 全平台 · 全量 SKU · 2026-07-09,published
DJ504867_2,US SD U型书架桌带三抽   一件一箱 颜色 颜色->黑色,ALL,AMAZON,B,T2,11.9510,9.3218,9.3218,370.48,288.98,288.98,304,9.8065,6 个月 · 全平台 · 全量 SKU · 2026-07-09,published
DJ504867_2,US SD U型书架桌带三抽   一件一箱 颜色 颜色->黑色,ALL,TEMU,B,T99,0.0000,0.0000,0.0000,0.00,0.00,0.00,5,0.1613,6 个月 · 全平台 · 全量 SKU · 2026-07-09,published
DJ504867_2,US SD U型书架桌带三抽   一件一箱 颜色 颜色->黑色,ALL,TIKTOK,B,T4B,0.8736,0.4445,0.4445,27.08,13.78,13.78,27,0.8710,6 个月 · 全平台 · 全量 SKU · 2026-07-09,published
DJ504867_3,US SD U型书架桌带三抽   一件一箱 颜色 颜色->白色,ALL,TEMU,C,T99,0.0000,0.0000,0.0000,0.00,0.00,0.00,1,0.0323,6 个月 · 全平台 · 全量 SKU · 2026-07-09,published
DJ504867_3,US SD U型书架桌带三抽   一件一箱 颜色 颜色->白色,ALL,WALMART,C,T99,0.0000,0.0000,0.0000,0.00,0.00,0.00,3,0.0968,6 个月 · 全平台 · 全量 SKU · 2026-07-09,published
DJ504867_4,US SD U型书架桌带三抽   一件一箱 颜色 颜色->989-3,ALL,AMAZON,C,T3,4.1584,4.1192,4.1192,128.91,127.70,127.70,128,4.1290,6 个月 · 全平台 · 全量 SKU · 2026-07-09,published
DJ504867_4,US SD U型书架桌带三抽   一件一箱 颜色 颜色->989-3,ALL,TEMU,C,T99,0.0000,0.0000,0.0000,0.00,0.00,0.00,0,0.0000,6 个月 · 全平台 · 全量 SKU · 2026-07-09,published
DJ504867_4,US SD U型书架桌带三抽   一件一箱 颜色 颜色->989-3,ALL,WALMART,C,T99,0.0000,0.0000,0.0000,0.00,0.00,0.00,4,0.1290,6 个月 · 全平台 · 全量 SKU · 2026-07-09,published
DJ504870_1,EU BW SBQ-01 客卧储物款沙发床90*200 黑色+灰色麻布 一件两箱,ALL,AMAZON,C,T99,0.0000,0.0000,0.0000,0.00,0.00,0.00,30,0.9677,6 个月 · 全平台 · 全量 SKU · 2026-07-09,published
DJ504871_1,US UA DS-BL01 单列五斗弧面斗柜 一个一箱 颜色--黑灰色 颜色->深灰色,ALL,AMAZON,D,T99,0.0000,0.0000,0.0000,0.00,0.00,0.00,0,0.0000,6 个月 · 全平台 · 全量 SKU · 2026-07-09,published
DJ504873_1,US UA SB--CC01 150cm长款带除臭换鞋凳 一个一箱 颜色-麻面白+灰色软包 颜色->白色,ALL,AMAZON,C,T4B,1.2247,0.5879,0.5879,37.97,18.22,18.22,73,2.3548,6 个月 · 全平台 · 全量 SKU · 2026-07-09,published
DJ504873_1,US UA SB--CC01 150cm长款带除臭换鞋凳 一个一箱 颜色-麻面白+灰色软包 颜色->白色,ALL,UNKNOWN,C,T4B,0.2951,0.1586,0.1586,9.15,4.92,4.92,32,1.0323,6 个月 · 全平台 · 全量 SKU · 2026-07-09,published
DJ504873_1,US UA SB--CC01 150cm长款带除臭换鞋凳 一个一箱 颜色-麻面白+灰色软包 颜色->白色,ALL,WALMART,C,T99,0.0000,0.0000,0.0000,0.00,0.00,0.00,2,0.0645,6 个月 · 全平台 · 全量 SKU · 2026-07-09,published
DJ504873_3,US UA SB--CC01 150cm长款带除臭换鞋凳 一个一箱 颜色-浅象牙色+灰色软包 颜色->灰橡木,ALL,AMAZON,D,T99,0.0000,0.0000,0.0000,0.00,0.00,0.00,61,1.9677,6 个月 · 全平台 · 全量 SKU · 2026-07-09,published
DJ504873_3,US UA SB--CC01 150cm长款带除臭换鞋凳 一个一箱 颜色-浅象牙色+灰色软包 颜色->灰橡木,ALL,WALMART,D,T99,0.0000,0.0000,0.0000,0.00,0.00,0.00,6,0.1935,6 个月 · 全平台 · 全量 SKU · 2026-07-09,published
DJ504874_1,US 1.2m6抽弧形文件柜 一件一箱 颜色->黑+火烧云,ALL,AMAZON,C,T4B,1.3302,0.7151,0.7151,41.24,22.17,22.17,106,3.4194,6 个月 · 全平台 · 全量 SKU · 2026-07-09,published
DJ504874_1,US 1.2m6抽弧形文件柜 一件一箱 颜色->黑+火烧云,ALL,UNKNOWN,C,T99,0.0000,0.0000,0.0000,0.00,0.00,0.00,12,0.3871,6 个月 · 全平台 · 全量 SKU · 2026-07-09,published
DJ504874_1,US 1.2m6抽弧形文件柜 一件一箱 颜色->黑+火烧云,ALL,WALMART,C,T99,0.0000,0.0000,0.0000,0.00,0.00,0.00,0,0.0000,6 个月 · 全平台 · 全量 SKU · 2026-07-09,published
DJ504874_2,US 1.2m6抽弧形文件柜 一件一箱 颜色->黑色,ALL,AMAZON,C,T4B,2.2687,1.2196,1.2196,70.33,37.81,37.81,184,5.9355,6 个月 · 全平台 · 全量 SKU · 2026-07-09,published
DJ504874_2,US 1.2m6抽弧形文件柜 一件一箱 颜色->黑色,ALL,UNKNOWN,C,T99,0.0000,0.0000,0.0000,0.00,0.00,0.00,12,0.3871,6 个月 · 全平台 · 全量 SKU · 2026-07-09,published
DJ504874_3,US 1.2m6抽弧形文件柜 一件一箱 颜色->白色,ALL,AMAZON,C,T4B,0.7934,0.3808,0.3808,24.60,11.80,11.80,93,3.0000,6 个月 · 全平台 · 全量 SKU · 2026-07-09,published
DJ504874_3,US 1.2m6抽弧形文件柜 一件一箱 颜色->白色,ALL,UNKNOWN,C,T4B,0.3033,0.1543,0.1543,9.40,4.78,4.78,7,0.2258,6 个月 · 全平台 · 全量 SKU · 2026-07-09,published
DJ504875_1,EU FR 浴室镜柜 铁木单开门LED灯 50*60两侧挂篮 一件一箱 颜色->白色,ALL,AMAZON,C,T99,0.0000,0.0000,0.0000,0.00,0.00,0.00,15,0.4839,6 个月 · 全平台 · 全量 SKU · 2026-07-09,published
DJ504875_1,EU FR 浴室镜柜 铁木单开门LED灯 50*60两侧挂篮 一件一箱 颜色->白色,ALL,UNKNOWN,C,T99,0.0000,0.0000,0.0000,0.00,0.00,0.00,8,0.2581,6 个月 · 全平台 · 全量 SKU · 2026-07-09,published
DJ504877_1,EU FR浴室镜柜 铁木双开门LED灯 70*70两侧挂篮 欧标2AC+1U1T 一件一箱 颜色->白色,ALL,AMAZON,C,T4B,1.3324,0.5436,0.5436,41.30,16.85,16.85,60,1.9355,6 个月 · 全平台 · 全量 SKU · 2026-07-09,published
DJ504879_1,EU FR浴室镜柜 铁木三开门LED灯 90*70两侧挂篮 欧标2AC+1U1T 一件一箱 颜色->白色,ALL,AMAZON,C,T99,0.0000,0.0000,0.0000,0.00,0.00,0.00,52,1.6774,6 个月 · 全平台 · 全量 SKU · 2026-07-09,published
DJ504881_1,EU AG 高架床 上下铺 侧边布抽衣帽架 床垫90*200cm 一件两箱 颜色->黑色,ALL,UNKNOWN,C,T4B,0.4341,0.2334,0.2334,13.46,7.24,7.24,43,1.3871,6 个月 · 全平台 · 全量 SKU · 2026-07-09,published
DJ504881_2,EU AG 高架床 上下铺 侧边布抽衣帽架 床垫90*200cm 一件两箱 颜色->白色,ALL,AMAZON,C,T4B,0.6429,0.3086,0.3086,19.93,9.57,9.57,54,1.7419,6 个月 · 全平台 · 全量 SKU · 2026-07-09,published
DJ504887_1,US 低价款5布抽2m电脑桌 一件一箱 颜色->火烧云+黑,ALL,AMAZON,C,T4B,0.6103,0.2929,0.2929,18.92,9.08,9.08,22,0.7097,6 个月 · 全平台 · 全量 SKU · 2026-07-09,published
DJ504887_1,US 低价款5布抽2m电脑桌 一件一箱 颜色->火烧云+黑,ALL,TEMU,C,T99,0.0000,0.0000,0.0000,0.00,0.00,0.00,48,1.5484,6 个月 · 全平台 · 全量 SKU · 2026-07-09,published
DJ504887_1,US 低价款5布抽2m电脑桌 一件一箱 颜色->火烧云+黑,ALL,UNKNOWN,C,T99,0.0000,0.0000,0.0000,0.00,0.00,0.00,2,0.0645,6 个月 · 全平台 · 全量 SKU · 2026-07-09,published
DJ504887_1,US 低价款5布抽2m电脑桌 一件一箱 颜色->火烧云+黑,ALL,WALMART,C,T99,0.0000,0.0000,0.0000,0.00,0.00,0.00,7,0.2258,6 个月 · 全平台 · 全量 SKU · 2026-07-09,published
DJ504887_2,US 低价款5布抽2m电脑桌 一件一箱 颜色->顶板棕+白,ALL,AMAZON,C,T4B,1.6462,0.8850,0.8850,51.03,27.44,27.44,86,2.7742,6 个月 · 全平台 · 全量 SKU · 2026-07-09,published
DJ504887_2,US 低价款5布抽2m电脑桌 一件一箱 颜色->顶板棕+白,ALL,TEMU,C,T99,0.0000,0.0000,0.0000,0.00,0.00,0.00,0,0.0000,6 个月 · 全平台 · 全量 SKU · 2026-07-09,published
DJ504887_2,US 低价款5布抽2m电脑桌 一件一箱 颜色->顶板棕+白,ALL,WALMART,C,T4B,0.4951,0.2661,0.2661,15.35,8.25,8.25,0,0.0000,6 个月 · 全平台 · 全量 SKU · 2026-07-09,published
DJ504887_3,US 低价款5布抽2m电脑桌 一件一箱 颜色->黑色,ALL,AMAZON,C,T4B,0.8011,0.3268,0.3268,24.83,10.13,10.13,23,0.7419,6 个月 · 全平台 · 全量 SKU · 2026-07-09,published
DJ504887_3,US 低价款5布抽2m电脑桌 一件一箱 颜色->黑色,ALL,TEMU,C,T99,0.0000,0.0000,0.0000,0.00,0.00,0.00,35,1.1290,6 个月 · 全平台 · 全量 SKU · 2026-07-09,published
DJ504887_3,US 低价款5布抽2m电脑桌 一件一箱 颜色->黑色,ALL,WALMART,C,T99,0.0000,0.0000,0.0000,0.00,0.00,0.00,5,0.1613,6 个月 · 全平台 · 全量 SKU · 2026-07-09,published
DJ504888_1,US SD L桌X字升降桌带文件柜 一件两箱 颜色->棕+白色,ALL,AMAZON,C,T4B,2.1885,1.1765,1.1765,67.84,36.47,36.47,74,2.3871,6 个月 · 全平台 · 全量 SKU · 2026-07-09,published
DJ504888_1,US SD L桌X字升降桌带文件柜 一件两箱 颜色->棕+白色,ALL,UNKNOWN,C,T99,0.0000,0.0000,0.0000,0.00,0.00,0.00,19,0.6129,6 个月 · 全平台 · 全量 SKU · 2026-07-09,published
DJ504888_1,US SD L桌X字升降桌带文件柜 一件两箱 颜色->棕+白色,ALL,WALMART,C,T99,0.0000,0.0000,0.0000,0.00,0.00,0.00,1,0.0323,6 个月 · 全平台 · 全量 SKU · 2026-07-09,published
DJ504888_2,US SD L桌X字升降桌带文件柜  一件两箱 颜色->棕+黑色,ALL,AMAZON,C,T4B,2.5813,1.3877,1.3877,80.02,43.02,43.02,113,3.6452,6 个月 · 全平台 · 全量 SKU · 2026-07-09,published
DJ504888_2,US SD L桌X字升降桌带文件柜  一件两箱 颜色->棕+黑色,ALL,TEMU,C,T99,0.0000,0.0000,0.0000,0.00,0.00,0.00,7,0.2258,6 个月 · 全平台 · 全量 SKU · 2026-07-09,published
DJ504888_2,US SD L桌X字升降桌带文件柜  一件两箱 颜色->棕+黑色,ALL,UNKNOWN,C,T99,0.0000,0.0000,0.0000,0.00,0.00,0.00,34,1.0968,6 个月 · 全平台 · 全量 SKU · 2026-07-09,published
DJ504888_2,US SD L桌X字升降桌带文件柜  一件两箱 颜色->棕+黑色,ALL,WALMART,C,T99,0.0000,0.0000,0.0000,0.00,0.00,0.00,1,0.0323,6 个月 · 全平台 · 全量 SKU · 2026-07-09,published
DJ504888_3,US SD L桌X字升降桌带文件柜  一件两箱 颜色->原木+白色,ALL,AMAZON,C,T4B,1.6687,0.8971,0.8971,51.73,27.81,27.81,65,2.0968,6 个月 · 全平台 · 全量 SKU · 2026-07-09,published
DJ504888_3,US SD L桌X字升降桌带文件柜  一件两箱 颜色->原木+白色,ALL,TEMU,C,T99,0.0000,0.0000,0.0000,0.00,0.00,0.00,7,0.2258,6 个月 · 全平台 · 全量 SKU · 2026-07-09,published
DJ504888_3,US SD L桌X字升降桌带文件柜  一件两箱 颜色->原木+白色,ALL,UNKNOWN,C,T4B,0.1808,0.0972,0.0972,5.60,3.01,3.01,31,1.0000,6 个月 · 全平台 · 全量 SKU · 2026-07-09,published
DJ504888_3,US SD L桌X字升降桌带文件柜  一件两箱 颜色->原木+白色,ALL,WALMART,C,T99,0.0000,0.0000,0.0000,0.00,0.00,0.00,4,0.1290,6 个月 · 全平台 · 全量 SKU · 2026-07-09,published
DJ504889_1,"US AE 书桌 VT08 玻璃柜两抽玻璃桌面梳妆台带RGB灯带 颜色->#1,白色麻面",ALL,AMAZON,C,T4B,1.1715,0.5623,0.5623,36.32,17.43,17.43,17,0.5484,6 个月 · 全平台 · 全量 SKU · 2026-07-09,published
DJ504889_2,"US AE 书桌 VT08 玻璃柜两抽玻璃桌面梳妆台带RGB灯带 颜色->#2,黑色麻面",ALL,AMAZON,C,T4B,1.0473,0.5630,0.5630,32.47,17.45,17.45,21,0.6774,6 个月 · 全平台 · 全量 SKU · 2026-07-09,published
DJ504889_2,"US AE 书桌 VT08 玻璃柜两抽玻璃桌面梳妆台带RGB灯带 颜色->#2,黑色麻面",ALL,TIKTOK,C,T99,0.0000,0.0000,0.0000,0.00,0.00,0.00,0,0.0000,6 个月 · 全平台 · 全量 SKU · 2026-07-09,published
DJ504889_2,"US AE 书桌 VT08 玻璃柜两抽玻璃桌面梳妆台带RGB灯带 颜色->#2,黑色麻面",ALL,UNKNOWN,C,T4B,0.1786,0.0857,0.0857,5.54,2.66,2.66,39,1.2581,6 个月 · 全平台 · 全量 SKU · 2026-07-09,published
DJ504890_1,US SD L桌商用高桌带洞洞板 一件两箱 颜色->棕色+黑,ALL,AMAZON,C,T4B,2.2429,1.0766,1.0766,69.53,33.37,33.37,126,4.0645,6 个月 · 全平台 · 全量 SKU · 2026-07-09,published
DJ504890_1,US SD L桌商用高桌带洞洞板 一件两箱 颜色->棕色+黑,ALL,TEMU,C,T4B,0.2714,0.1303,0.1303,8.41,4.04,4.04,9,0.2903,6 个月 · 全平台 · 全量 SKU · 2026-07-09,published
DJ504890_1,US SD L桌商用高桌带洞洞板 一件两箱 颜色->棕色+黑,ALL,TIKTOK,C,T99,0.0000,0.0000,0.0000,0.00,0.00,0.00,0,0.0000,6 个月 · 全平台 · 全量 SKU · 2026-07-09,published
DJ504890_1,US SD L桌商用高桌带洞洞板 一件两箱 颜色->棕色+黑,ALL,UNKNOWN,C,T99,0.0000,0.0000,0.0000,0.00,0.00,0.00,23,0.7419,6 个月 · 全平台 · 全量 SKU · 2026-07-09,published
DJ504890_2,US SD L桌商用高桌带洞洞板 一件两箱 颜色->黑色,ALL,AMAZON,C,T4B,1.7214,0.8263,0.8263,53.36,25.62,25.62,95,3.0645,6 个月 · 全平台 · 全量 SKU · 2026-07-09,published
DJ504890_2,US SD L桌商用高桌带洞洞板 一件两箱 颜色->黑色,ALL,WALMART,C,T99,0.0000,0.0000,0.0000,0.00,0.00,0.00,10,0.3226,6 个月 · 全平台 · 全量 SKU · 2026-07-09,published
DJ504890_3,US SD L桌商用高桌带洞洞板 一件两箱 颜色->白色,ALL,AMAZON,C,T4B,0.7093,0.3813,0.3813,21.99,11.82,11.82,39,1.2581,6 个月 · 全平台 · 全量 SKU · 2026-07-09,published
DJ504890_3,US SD L桌商用高桌带洞洞板 一件两箱 颜色->白色,ALL,UNKNOWN,C,T4B,0.2016,0.1084,0.1084,6.25,3.36,3.36,46,1.4839,6 个月 · 全平台 · 全量 SKU · 2026-07-09,published
DJ504890_3,US SD L桌商用高桌带洞洞板 一件两箱 颜色->白色,ALL,WALMART,C,T99,0.0000,0.0000,0.0000,0.00,0.00,0.00,21,0.6774,6 个月 · 全平台 · 全量 SKU · 2026-07-09,published
DJ504891_1,"US SJ02款 T尺寸两布抽铁床 一件一箱,重量不超22kg 颜色->黑色",ALL,AMAZON,B,T3,3.1497,3.0637,3.0637,97.64,94.97,94.97,79,2.5484,6 个月 · 全平台 · 全量 SKU · 2026-07-09,published
DJ504891_1,"US SJ02款 T尺寸两布抽铁床 一件一箱,重量不超22kg 颜色->黑色",ALL,TEMU,B,T99,0.0000,0.0000,0.0000,0.00,0.00,0.00,19,0.6129,6 个月 · 全平台 · 全量 SKU · 2026-07-09,published
DJ504891_1_WF,"US SJ02款 T尺寸两布抽铁床 一件一箱,重量不超22kg 颜色->黑色",ALL,UNKNOWN,D,T4B,1.0643,0.4342,0.4342,32.99,13.46,13.46,9,0.2903,6 个月 · 全平台 · 全量 SKU · 2026-07-09,published
DJ504891_2,"US SJ02款 T尺寸两布抽铁床 一件一箱,重量不超22kg 颜色->白色",ALL,AMAZON,B,T3,3.1891,3.1338,3.1338,98.86,97.15,97.15,96,3.0968,6 个月 · 全平台 · 全量 SKU · 2026-07-09,published
DJ504891_2,"US SJ02款 T尺寸两布抽铁床 一件一箱,重量不超22kg 颜色->白色",ALL,UNKNOWN,B,T4B,1.3217,0.5393,0.5393,40.97,16.72,16.72,53,1.7097,6 个月 · 全平台 · 全量 SKU · 2026-07-09,published
DJ504891_3,"US SJ02款 T尺寸两布抽铁床 一件一箱,重量不超22kg 颜色->粉色",ALL,AMAZON,B,T3,3.6658,3.6802,3.6802,113.64,114.09,114.09,77,2.4839,6 个月 · 全平台 · 全量 SKU · 2026-07-09,published
DJ504893_2,US 90cm板材拱形厨房置物架 一件一箱 颜色->黑+瑞士橡木,ALL,AMAZON,C,T99,0.0000,0.0000,0.0000,0.00,0.00,0.00,21,0.6774,6 个月 · 全平台 · 全量 SKU · 2026-07-09,published
DJ504893_2,US 90cm板材拱形厨房置物架 一件一箱 颜色->黑+瑞士橡木,ALL,UNKNOWN,C,T99,0.0000,0.0000,0.0000,0.00,0.00,0.00,25,0.8065,6 个月 · 全平台 · 全量 SKU · 2026-07-09,published
DJ504893_3,US 90cm板材拱形厨房置物架 一件一箱 颜色->瑞士橡木,ALL,AMAZON,C,T99,0.0000,0.0000,0.0000,0.00,0.00,0.00,18,0.5806,6 个月 · 全平台 · 全量 SKU · 2026-07-09,published
DJ504893_3,US 90cm板材拱形厨房置物架 一件一箱 颜色->瑞士橡木,ALL,UNKNOWN,C,T99,0.0000,0.0000,0.0000,0.00,0.00,0.00,17,0.5484,6 个月 · 全平台 · 全量 SKU · 2026-07-09,published
DJ504894_1,"US AE 书柜 NT29 三抽藤编大圆弧板床头柜 颜色->#1,普林橡木色",ALL,AMAZON,D,T99,0.0000,0.0000,0.0000,0.00,0.00,0.00,0,0.0000,6 个月 · 全平台 · 全量 SKU · 2026-07-09,published
DJ504894_1,"US AE 书柜 NT29 三抽藤编大圆弧板床头柜 颜色->#1,普林橡木色",ALL,UNKNOWN,D,T99,0.0000,0.0000,0.0000,0.00,0.00,0.00,0,0.0000,6 个月 · 全平台 · 全量 SKU · 2026-07-09,published
DJ504894_1,"US AE 书柜 NT29 三抽藤编大圆弧板床头柜 颜色->#1,普林橡木色",ALL,WALMART,D,T99,0.0000,0.0000,0.0000,0.00,0.00,0.00,0,0.0000,6 个月 · 全平台 · 全量 SKU · 2026-07-09,published
DJ504895_1,"US HA 储物柜 DT33 3抽格栅镂空抽面模块化斗柜 一件一箱 颜色->#1,原木橡木色",ALL,AMAZON,C,T4B,0.5253,0.2673,0.2673,16.28,8.29,8.29,0,0.0000,6 个月 · 全平台 · 全量 SKU · 2026-07-09,published
DJ504895_1,"US HA 储物柜 DT33 3抽格栅镂空抽面模块化斗柜 一件一箱 颜色->#1,原木橡木色",ALL,UNKNOWN,C,T4B,0.3857,0.1851,0.1851,11.96,5.74,5.74,0,0.0000,6 个月 · 全平台 · 全量 SKU · 2026-07-09,published
DJ504895_1,"US HA 储物柜 DT33 3抽格栅镂空抽面模块化斗柜 一件一箱 颜色->#1,原木橡木色",ALL,WALMART,C,T99,0.0000,0.0000,0.0000,0.00,0.00,0.00,0,0.0000,6 个月 · 全平台 · 全量 SKU · 2026-07-09,published
DJ504895_2,"US HA 储物柜 DT33 3抽格栅镂空抽面模块化斗柜 一件一箱 颜色->#2,白橡木色",ALL,UNKNOWN,C,T99,0.0000,0.0000,0.0000,0.00,0.00,0.00,2,0.0645,6 个月 · 全平台 · 全量 SKU · 2026-07-09,published
DJ504895_2,"US HA 储物柜 DT33 3抽格栅镂空抽面模块化斗柜 一件一箱 颜色->#2,白橡木色",ALL,WALMART,C,T99,0.0000,0.0000,0.0000,0.00,0.00,0.00,1,0.0323,6 个月 · 全平台 · 全量 SKU · 2026-07-09,published
DJ504896_1,"EU KM BF-TWC01 基础款尾抽床 单箱包 尺码->L,140*190;颜色->白色,白色+原木色",ALL,UNKNOWN,C,T99,0.0000,0.0000,0.0000,0.00,0.00,0.00,0,0.0000,6 个月 · 全平台 · 全量 SKU · 2026-07-09,published
DJ504896_4,"EU KM BF-TWC01 基础款尾抽床 单箱包 尺码->XL,140*200;颜色->黑色,黑色+复古色",ALL,AMAZON,D,T99,0.0000,0.0000,0.0000,0.00,0.00,0.00,0,0.0000,6 个月 · 全平台 · 全量 SKU · 2026-07-09,published
DJ504898_1,"US 床BJS-549T 儿童树屋床+布抽 含灯带 99*190 颜色->#1,白色",ALL,AMAZON,B,T4A,2.0322,0.9430,0.9430,63.00,29.23,29.23,62,2.0000,6 个月 · 全平台 · 全量 SKU · 2026-07-09,published
DJ504898_1,"US 床BJS-549T 儿童树屋床+布抽 含灯带 99*190 颜色->#1,白色",ALL,UNKNOWN,B,T99,0.0000,0.0000,0.0000,0.00,0.00,0.00,34,1.0968,6 个月 · 全平台 · 全量 SKU · 2026-07-09,published
DJ504898_2,US 床BJS-549T 儿童树屋床+布抽 含灯带 99*190 颜色->#2 黑色,ALL,AMAZON,B,T4B,1.0154,0.4874,0.4874,31.48,15.11,15.11,44,1.4194,6 个月 · 全平台 · 全量 SKU · 2026-07-09,published
DJ504898_2,US 床BJS-549T 儿童树屋床+布抽 含灯带 99*190 颜色->#2 黑色,ALL,UNKNOWN,B,T99,0.0000,0.0000,0.0000,0.00,0.00,0.00,6,0.1935,6 个月 · 全平台 · 全量 SKU · 2026-07-09,published
DJ504898_3,US BJS-549 T 儿童树屋床+布抽 含灯带 99*190cm 一件一箱 颜色->粉色,ALL,AMAZON,B,T4B,1.3868,0.7056,0.7056,42.99,21.87,21.87,109,3.5161,6 个月 · 全平台 · 全量 SKU · 2026-07-09,published
DJ504898_3,US BJS-549 T 儿童树屋床+布抽 含灯带 99*190cm 一件一箱 颜色->粉色,ALL,TIKTOK,B,T99,0.0000,0.0000,0.0000,0.00,0.00,0.00,0,0.0000,6 个月 · 全平台 · 全量 SKU · 2026-07-09,published
DJ504898_3,US BJS-549 T 儿童树屋床+布抽 含灯带 99*190cm 一件一箱 颜色->粉色,ALL,UNKNOWN,B,T4B,0.5709,0.3069,0.3069,17.70,9.51,9.51,9,0.2903,6 个月 · 全平台 · 全量 SKU · 2026-07-09,published
DJ504899_1,"US 床TB-2362T FB-儿童床-002  99*190 颜色->#1,米白泰迪绒",ALL,AMAZON,A,T3,5.1360,4.8998,4.8998,159.22,151.89,151.89,235,7.5806,6 个月 · 全平台 · 全量 SKU · 2026-07-09,published
DJ504899_1,"US 床TB-2362T FB-儿童床-002  99*190 颜色->#1,米白泰迪绒",ALL,UNKNOWN,A,T4B,0.1110,0.0597,0.0597,3.44,1.85,1.85,24,0.7742,6 个月 · 全平台 · 全量 SKU · 2026-07-09,published
DJ504899_1,"US 床TB-2362T FB-儿童床-002  99*190 颜色->#1,米白泰迪绒",ALL,WALMART,A,T99,0.0000,0.0000,0.0000,0.00,0.00,0.00,14,0.4516,6 个月 · 全平台 · 全量 SKU · 2026-07-09,published
DJ504899_2,US 床TB-2362T FB-儿童床-002  99*190 颜色->#2灰泰迪绒,ALL,AMAZON,C,T4B,0.5214,0.2503,0.2503,16.16,7.76,7.76,13,0.4194,6 个月 · 全平台 · 全量 SKU · 2026-07-09,published
DJ504899_2,US 床TB-2362T FB-儿童床-002  99*190 颜色->#2灰泰迪绒,ALL,TIKTOK,C,T99,0.0000,0.0000,0.0000,0.00,0.00,0.00,0,0.0000,6 个月 · 全平台 · 全量 SKU · 2026-07-09,published
DJ504899_2,US 床TB-2362T FB-儿童床-002  99*190 颜色->#2灰泰迪绒,ALL,UNKNOWN,C,T99,0.0000,0.0000,0.0000,0.00,0.00,0.00,0,0.0000,6 个月 · 全平台 · 全量 SKU · 2026-07-09,published
DJ504899_3,US 床TB-2362T FB-儿童床-002  99*190 颜色->#3 灰色绒布,ALL,AMAZON,C,T4B,0.5786,0.2777,0.2777,17.94,8.61,8.61,7,0.2258,6 个月 · 全平台 · 全量 SKU · 2026-07-09,published
DJ504899_3,US 床TB-2362T FB-儿童床-002  99*190 颜色->#3 灰色绒布,ALL,TIKTOK,C,T99,0.0000,0.0000,0.0000,0.00,0.00,0.00,0,0.0000,6 个月 · 全平台 · 全量 SKU · 2026-07-09,published
DJ504899_3,US 床TB-2362T FB-儿童床-002  99*190 颜色->#3 灰色绒布,ALL,UNKNOWN,C,T99,0.0000,0.0000,0.0000,0.00,0.00,0.00,0,0.0000,6 个月 · 全平台 · 全量 SKU · 2026-07-09,published
DJ504900_1,"US 床TB-2362F FB-儿童床-002  137*190 颜色->#1,米白色泰迪绒+杨木板",ALL,AMAZON,A,T4A,4.6679,2.4258,2.4258,144.70,75.20,75.20,297,9.5806,6 个月 · 全平台 · 全量 SKU · 2026-07-09,published
DJ504900_1,"US 床TB-2362F FB-儿童床-002  137*190 颜色->#1,米白色泰迪绒+杨木板",ALL,UNKNOWN,A,T4B,0.3758,0.2020,0.2020,11.65,6.26,6.26,58,1.8710,6 个月 · 全平台 · 全量 SKU · 2026-07-09,published
DJ504900_1,"US 床TB-2362F FB-儿童床-002  137*190 颜色->#1,米白色泰迪绒+杨木板",ALL,WALMART,A,T99,0.0000,0.0000,0.0000,0.00,0.00,0.00,24,0.7742,6 个月 · 全平台 · 全量 SKU · 2026-07-09,published
DJ504900_2,US 床TB-2362F FB-儿童床-002  137*190 颜色->#2灰泰迪绒,ALL,AMAZON,C,T4B,0.5357,0.2571,0.2571,16.61,7.97,7.97,3,0.0968,6 个月 · 全平台 · 全量 SKU · 2026-07-09,published
DJ504900_2,US 床TB-2362F FB-儿童床-002  137*190 颜色->#2灰泰迪绒,ALL,UNKNOWN,C,T99,0.0000,0.0000,0.0000,0.00,0.00,0.00,0,0.0000,6 个月 · 全平台 · 全量 SKU · 2026-07-09,published
DJ504900_3,US 床TB-2362F FB-儿童床-002  137*190 颜色->#3 灰色绒布,ALL,AMAZON,C,T4B,0.4714,0.2263,0.2263,14.61,7.02,7.02,0,0.0000,6 个月 · 全平台 · 全量 SKU · 2026-07-09,published
DJ504900_3,US 床TB-2362F FB-儿童床-002  137*190 颜色->#3 灰色绒布,ALL,UNKNOWN,C,T99,0.0000,0.0000,0.0000,0.00,0.00,0.00,0,0.0000,6 个月 · 全平台 · 全量 SKU · 2026-07-09,published
DJ504900_5,US 床TB-2362F FB-儿童床-002  137*190 颜色->#5 苔绿色,ALL,AMAZON,D,T99,0.0000,0.0000,0.0000,0.00,0.00,0.00,56,1.8065,6 个月 · 全平台 · 全量 SKU · 2026-07-09,published
DJ504900_5,US 床TB-2362F FB-儿童床-002  137*190 颜色->#5 苔绿色,ALL,TIKTOK,D,T99,0.0000,0.0000,0.0000,0.00,0.00,0.00,2,0.0645,6 个月 · 全平台 · 全量 SKU · 2026-07-09,published
DJ504901_1,EU DC 铁木床IW-01带灯带欧标插排 HQ G黑色火烧云 90*200 一件一箱,ALL,AMAZON,B,T4A,1.8545,0.9121,0.9121,57.49,28.28,28.28,48,1.5484,6 个月 · 全平台 · 全量 SKU · 2026-07-09,published
DJ504901_2,EU DC 铁木床IW-01带灯带欧标插排 HQ G黑色火烧云 120*200 一件一箱,ALL,AMAZON,B,T4B,1.4413,0.7333,0.7333,44.68,22.73,22.73,62,2.0000,6 个月 · 全平台 · 全量 SKU · 2026-07-09,published
DJ504901_3,EU DC 铁木床IW-01带灯带欧标插排 HQ G黑色火烧云 140*190 一件一箱,ALL,AMAZON,C,T4A,3.0026,1.3932,1.3932,93.08,43.19,43.19,108,3.4839,6 个月 · 全平台 · 全量 SKU · 2026-07-09,published
DJ504901_3,EU DC 铁木床IW-01带灯带欧标插排 HQ G黑色火烧云 140*190 一件一箱,ALL,TIKTOK,C,T99,0.0000,0.0000,0.0000,0.00,0.00,0.00,0,0.0000,6 个月 · 全平台 · 全量 SKU · 2026-07-09,published
DJ504901_4,EU DC 铁木床IW-01带灯带欧标插排 HQ G黑色火烧云 140*200 一件一箱,ALL,AMAZON,B,T4B,1.6049,0.8166,0.8166,49.75,25.31,25.31,20,0.6452,6 个月 · 全平台 · 全量 SKU · 2026-07-09,published
DJ504902_1,EU BW 铁木床IW-01带灯带欧标插排 HQ G黑色火烧云 90*200 一件一箱,ALL,AMAZON,B,T4A,2.3314,1.0818,1.0818,72.27,33.54,33.54,91,2.9355,6 个月 · 全平台 · 全量 SKU · 2026-07-09,published
DJ504903_1,EU BW 铁木床IW-01带灯带欧标插排 HQ G黑色火烧云 160*200  一件一箱,ALL,AMAZON,C,T4B,0.8720,0.3558,0.3558,27.03,11.03,11.03,15,0.4839,6 个月 · 全平台 · 全量 SKU · 2026-07-09,published
DJ504904_1,EU DC 铁木床IW-01带灯带欧标插排 HQ G黑色火烧云 160*200  一件一箱,ALL,AMAZON,C,T4B,1.2034,0.6123,0.6123,37.31,18.98,18.98,53,1.7097,6 个月 · 全平台 · 全量 SKU · 2026-07-09,published
DJ504904_1,EU DC 铁木床IW-01带灯带欧标插排 HQ G黑色火烧云 160*200  一件一箱,ALL,UNKNOWN,C,T99,0.0000,0.0000,0.0000,0.00,0.00,0.00,1,0.0323,6 个月 · 全平台 · 全量 SKU · 2026-07-09,published
DJ504905_2,US 低价款U形电脑桌 一件一箱 颜色->火烧云+黑,ALL,AMAZON,D,T99,0.0000,0.0000,0.0000,0.00,0.00,0.00,0,0.0000,6 个月 · 全平台 · 全量 SKU · 2026-07-09,published
DJ504905_3,US 低价款U形电脑桌 一件一箱 颜色->黑色,ALL,AMAZON,D,T99,0.0000,0.0000,0.0000,0.00,0.00,0.00,0,0.0000,6 个月 · 全平台 · 全量 SKU · 2026-07-09,published
DJ504906_1,US 双抽双门电动升降咖啡桌 一件一箱 颜色->白+棕,ALL,TEMU,C,T99,0.0000,0.0000,0.0000,0.00,0.00,0.00,0,0.0000,6 个月 · 全平台 · 全量 SKU · 2026-07-09,published
DJ504906_2,US 双抽双门电动升降咖啡桌 一件一箱 颜色->棕色,ALL,TIKTOK,C,T99,0.0000,0.0000,0.0000,0.00,0.00,0.00,0,0.0000,6 个月 · 全平台 · 全量 SKU · 2026-07-09,published
DJ504906_3,US 双抽双门电动升降咖啡桌 一件一箱 颜色->黑,ALL,TEMU,C,T99,0.0000,0.0000,0.0000,0.00,0.00,0.00,0,0.0000,6 个月 · 全平台 · 全量 SKU · 2026-07-09,published
DJ504906_3,US 双抽双门电动升降咖啡桌 一件一箱 颜色->黑,ALL,UNKNOWN,C,T99,0.0000,0.0000,0.0000,0.00,0.00,0.00,0,0.0000,6 个月 · 全平台 · 全量 SKU · 2026-07-09,published
DJ504907_1,US DC 炫酷软包床 BFCB-01 PU材质 床头下翻门 灯带插排 黑色 一件一箱 T,ALL,AMAZON,B,T4B,1.9500,0.9360,0.9360,60.45,29.02,29.02,212,6.8387,6 个月 · 全平台 · 全量 SKU · 2026-07-09,published
DJ504907_1,US DC 炫酷软包床 BFCB-01 PU材质 床头下翻门 灯带插排 黑色 一件一箱 T,ALL,UNKNOWN,B,T4B,0.6874,0.3695,0.3695,21.31,11.45,11.45,123,3.9677,6 个月 · 全平台 · 全量 SKU · 2026-07-09,published
DJ504908_2,US DC 公主床 BPS-02 床侧三抽屉-F 粉色 一件一箱,ALL,AMAZON,C,T99,0.0000,0.0000,0.0000,0.00,0.00,0.00,0,0.0000,6 个月 · 全平台 · 全量 SKU · 2026-07-09,published
DJ504909_1,US DC 公主床 BPS-02 床侧三抽屉- T 米白色 一件一箱,ALL,AMAZON,C,T4B,1.0192,0.5479,0.5479,31.60,16.98,16.98,23,0.7419,6 个月 · 全平台 · 全量 SKU · 2026-07-09,published
DJ504909_1,US DC 公主床 BPS-02 床侧三抽屉- T 米白色 一件一箱,ALL,UNKNOWN,C,T99,0.0000,0.0000,0.0000,0.00,0.00,0.00,1,0.0323,6 个月 · 全平台 · 全量 SKU · 2026-07-09,published
DJ504909_2,US DC 公主床 BPS-02 床侧三抽屉-F 米白色 一件一箱,ALL,AMAZON,C,T4B,0.6120,0.2938,0.2938,18.97,9.11,9.11,9,0.2903,6 个月 · 全平台 · 全量 SKU · 2026-07-09,published
DJ504910_2,US DC 铁木床 CBF-01L 方管软包角落床带抽篮-112 米白 TXL 一件一箱,ALL,WALMART,C,T99,0.0000,0.0000,0.0000,0.00,0.00,0.00,0,0.0000,6 个月 · 全平台 · 全量 SKU · 2026-07-09,published
DJ504910_3,US DC 铁木床 CBF-01L 方管软包角落床带抽篮-112 米白 F 一件一箱,ALL,AMAZON,C,T4B,2.6515,1.0818,1.0818,82.20,33.54,33.54,96,3.0968,6 个月 · 全平台 · 全量 SKU · 2026-07-09,published
DJ504910_4,US DC 铁木床 CBF-01L 方管软包角落床带抽篮-112 米白 Q一件一箱,ALL,AMAZON,C,T4A,2.2142,1.0274,1.0274,68.64,31.85,31.85,71,2.2903,6 个月 · 全平台 · 全量 SKU · 2026-07-09,published
DJ504913_1,US VD 板式床 推拉谷仓门 4抽 K款 一件两箱 颜色->白色,ALL,AMAZON,C,T4B,0.6000,0.2448,0.2448,18.60,7.59,7.59,18,0.5806,6 个月 · 全平台 · 全量 SKU · 2026-07-09,published
DJ504913_1,US VD 板式床 推拉谷仓门 4抽 K款 一件两箱 颜色->白色,ALL,WALMART,C,T99,0.0000,0.0000,0.0000,0.00,0.00,0.00,0,0.0000,6 个月 · 全平台 · 全量 SKU · 2026-07-09,published
DJ504913_2,US VD 板式床 推拉谷仓门 4抽 K款 一件两箱 颜色->深灰色,ALL,WALMART,C,T99,0.0000,0.0000,0.0000,0.00,0.00,0.00,0,0.0000,6 个月 · 全平台 · 全量 SKU · 2026-07-09,published
DJ504915_1,EU DC LED木质镜柜三开门内开 HYC 80*16*60 白色 一件一箱,ALL,AMAZON,C,T3,5.3351,4.8016,4.8016,165.39,148.85,148.85,106,3.4194,6 个月 · 全平台 · 全量 SKU · 2026-07-09,published
DJ504915_1,EU DC LED木质镜柜三开门内开 HYC 80*16*60 白色 一件一箱,ALL,TIKTOK,C,T4B,0.5786,0.2777,0.2777,17.94,8.61,8.61,68,2.1935,6 个月 · 全平台 · 全量 SKU · 2026-07-09,published
DJ504915_2,EU DC LED木质镜柜三开门内开 HYC 90*16*60 白色 一件一箱,ALL,AMAZON,C,T4B,1.6560,0.7949,0.7949,51.34,24.64,24.64,35,1.1290,6 个月 · 全平台 · 全量 SKU · 2026-07-09,published
DJ504915_2,EU DC LED木质镜柜三开门内开 HYC 90*16*60 白色 一件一箱,ALL,TIKTOK,C,T99,0.0000,0.0000,0.0000,0.00,0.00,0.00,30,0.9677,6 个月 · 全平台 · 全量 SKU · 2026-07-09,published
DJ504915_2,EU DC LED木质镜柜三开门内开 HYC 90*16*60 白色 一件一箱,ALL,UNKNOWN,C,T99,0.0000,0.0000,0.0000,0.00,0.00,0.00,45,1.4516,6 个月 · 全平台 · 全量 SKU · 2026-07-09,published
DJ504915_3,EU DC LED木质镜柜三开门内开 HYC 100*16*60 白色 一件一箱,ALL,AMAZON,C,T3,4.8934,4.4041,4.4041,151.70,136.53,136.53,64,2.0645,6 个月 · 全平台 · 全量 SKU · 2026-07-09,published
DJ504915_3,EU DC LED木质镜柜三开门内开 HYC 100*16*60 白色 一件一箱,ALL,TIKTOK,C,T4B,0.9429,0.4526,0.4526,29.23,14.03,14.03,118,3.8065,6 个月 · 全平台 · 全量 SKU · 2026-07-09,published
DJ504916_1,EU MJ LED木质镜柜三开门内开 HYC 80*16*60 白色 一件一箱,ALL,AMAZON,C,T3,4.6498,4.5349,4.5349,144.14,140.58,140.58,194,6.2581,6 个月 · 全平台 · 全量 SKU · 2026-07-09,published
DJ504916_2,EU MJ LED木质镜柜三开门内开 HYC 90*16*60 白色 一件一箱,ALL,AMAZON,C,T4B,2.3280,0.9498,0.9498,72.17,29.44,29.44,86,2.7742,6 个月 · 全平台 · 全量 SKU · 2026-07-09,published
DJ504916_3,EU MJ LED木质镜柜三开门内开 HYC 100*16*60 白色 一件一箱,ALL,AMAZON,B,T3,6.8552,6.6179,6.6179,212.51,205.15,205.15,229,7.3871,6 个月 · 全平台 · 全量 SKU · 2026-07-09,published
DJ504917_1,US 谷仓门电动升降咖啡桌 一件一箱 颜色->白+棕,ALL,AMAZON,D,T99,0.0000,0.0000,0.0000,0.00,0.00,0.00,0,0.0000,6 个月 · 全平台 · 全量 SKU · 2026-07-09,published
DJ504919_1,US AG 高架布抽角落床 TXL 一件一箱 颜色->白色铁+灰色板,ALL,WALMART,C,T99,0.0000,0.0000,0.0000,0.00,0.00,0.00,0,0.0000,6 个月 · 全平台 · 全量 SKU · 2026-07-09,published
DJ504919_2,US AG 高架布抽角落床 TXL 一件一箱 颜色->火烧云,ALL,WALMART,C,T99,0.0000,0.0000,0.0000,0.00,0.00,0.00,5,0.1613,6 个月 · 全平台 · 全量 SKU · 2026-07-09,published
DJ504919_3,US AG 高架布抽角落床 TXL 一件一箱 颜色->粉色,ALL,WALMART,C,T99,0.0000,0.0000,0.0000,0.00,0.00,0.00,1,0.0323,6 个月 · 全平台 · 全量 SKU · 2026-07-09,published
DJ504919_4,US AG 高架布抽角落床 TXL 一件一箱 颜色->纯白色,ALL,UNKNOWN,C,T99,0.0000,0.0000,0.0000,0.00,0.00,0.00,10,0.3226,6 个月 · 全平台 · 全量 SKU · 2026-07-09,published
DJ504919_4,US AG 高架布抽角落床 TXL 一件一箱 颜色->纯白色,ALL,WALMART,C,T99,0.0000,0.0000,0.0000,0.00,0.00,0.00,2,0.0645,6 个月 · 全平台 · 全量 SKU · 2026-07-09,published
DJ504920_3,"US AG 1x6斜拼竖纹复古储物柜 一件一箱 尺码->#3,深胡桃木色",ALL,AMAZON,D,T99,0.0000,0.0000,0.0000,0.00,0.00,0.00,0,0.0000,6 个月 · 全平台 · 全量 SKU · 2026-07-09,published
DJ504922_1,"US SK CT-YX01 圆形咖啡桌 一件一箱 颜色->#1,实木色",ALL,AMAZON,C,T4B,1.4061,0.6749,0.6749,43.59,20.92,20.92,68,2.1935,6 个月 · 全平台 · 全量 SKU · 2026-07-09,published
DJ504922_1,"US SK CT-YX01 圆形咖啡桌 一件一箱 颜色->#1,实木色",ALL,TEMU,C,T99,0.0000,0.0000,0.0000,0.00,0.00,0.00,0,0.0000,6 个月 · 全平台 · 全量 SKU · 2026-07-09,published
DJ504922_2,"US SK CT-YX01 圆形咖啡桌 一件一箱 颜色->#2,胡桃木色",ALL,TEMU,C,T4B,0.4223,0.2027,0.2027,13.09,6.28,6.28,0,0.0000,6 个月 · 全平台 · 全量 SKU · 2026-07-09,published
DJ504926_1,EU AG软包床 绒布两抽 1灯带 欧标3U+1T插排 0.9*2m 一件两箱 颜色->米白,ALL,AMAZON,C,T99,0.0000,0.0000,0.0000,0.00,0.00,0.00,0,0.0000,6 个月 · 全平台 · 全量 SKU · 2026-07-09,published
DJ504928_1,"US SK TS-DK01 铁木布抽高款带层架电视柜 一件一箱 颜色->黑色,小浮雕",ALL,AMAZON,C,T4B,0.6357,0.3051,0.3051,19.71,9.46,9.46,98,3.1613,6 个月 · 全平台 · 全量 SKU · 2026-07-09,published
DJ504928_1,"US SK TS-DK01 铁木布抽高款带层架电视柜 一件一箱 颜色->黑色,小浮雕",ALL,UNKNOWN,C,T4B,0.0929,0.0446,0.0446,2.88,1.38,1.38,13,0.4194,6 个月 · 全平台 · 全量 SKU · 2026-07-09,published
DJ504928_1,"US SK TS-DK01 铁木布抽高款带层架电视柜 一件一箱 颜色->黑色,小浮雕",ALL,WALMART,C,T99,0.0000,0.0000,0.0000,0.00,0.00,0.00,1,0.0323,6 个月 · 全平台 · 全量 SKU · 2026-07-09,published
DJ504929_1,US 1.6米农舍L桌 一件一箱 颜色->白+黑,ALL,AMAZON,C,T4B,1.3731,0.7382,0.7382,42.57,22.88,22.88,44,1.4194,6 个月 · 全平台 · 全量 SKU · 2026-07-09,published
DJ504929_1,US 1.6米农舍L桌 一件一箱 颜色->白+黑,ALL,TEMU,C,T99,0.0000,0.0000,0.0000,0.00,0.00,0.00,0,0.0000,6 个月 · 全平台 · 全量 SKU · 2026-07-09,published
DJ504929_1,US 1.6米农舍L桌 一件一箱 颜色->白+黑,ALL,UNKNOWN,C,T4B,0.5687,0.3057,0.3057,17.63,9.48,9.48,25,0.8065,6 个月 · 全平台 · 全量 SKU · 2026-07-09,published
DJ504929_1,US 1.6米农舍L桌 一件一箱 颜色->白+黑,ALL,WALMART,C,T4B,0.2429,0.1166,0.1166,7.53,3.61,3.61,18,0.5806,6 个月 · 全平台 · 全量 SKU · 2026-07-09,published
DJ504929_2,US 1.6米农舍L桌 一件一箱 颜色->灰古木-40三胺,ALL,AMAZON,B,T4A,3.2742,1.7015,1.7015,101.50,52.75,52.75,129,4.1613,6 个月 · 全平台 · 全量 SKU · 2026-07-09,published
DJ504929_2,US 1.6米农舍L桌 一件一箱 颜色->灰古木-40三胺,ALL,TEMU,B,T99,0.0000,0.0000,0.0000,0.00,0.00,0.00,0,0.0000,6 个月 · 全平台 · 全量 SKU · 2026-07-09,published
DJ504929_2,US 1.6米农舍L桌 一件一箱 颜色->灰古木-40三胺,ALL,TIKTOK,B,T99,0.0000,0.0000,0.0000,0.00,0.00,0.00,0,0.0000,6 个月 · 全平台 · 全量 SKU · 2026-07-09,published
DJ504929_3,US 1.6米农舍L桌 一件一箱 颜色->白+棕,ALL,AMAZON,C,T4B,1.9522,1.0495,1.0495,60.52,32.53,32.53,88,2.8387,6 个月 · 全平台 · 全量 SKU · 2026-07-09,published
DJ504929_3,US 1.6米农舍L桌 一件一箱 颜色->白+棕,ALL,TEMU,C,T99,0.0000,0.0000,0.0000,0.00,0.00,0.00,0,0.0000,6 个月 · 全平台 · 全量 SKU · 2026-07-09,published
DJ504929_3,US 1.6米农舍L桌 一件一箱 颜色->白+棕,ALL,UNKNOWN,C,T4B,0.8714,0.4685,0.4685,27.01,14.52,14.52,46,1.4839,6 个月 · 全平台 · 全量 SKU · 2026-07-09,published
DJ504929_3,US 1.6米农舍L桌 一件一箱 颜色->白+棕,ALL,WALMART,C,T4B,0.5137,0.2762,0.2762,15.92,8.56,8.56,86,2.7742,6 个月 · 全平台 · 全量 SKU · 2026-07-09,published
DJ504930_1,"US AE 书桌 VT09 八抽悬浮桌面梳妆台LED灯光镜RGB灯带 颜色->#1,黑色麻点",ALL,AMAZON,C,T4B,0.4115,0.1975,0.1975,12.76,6.12,6.12,44,1.4194,6 个月 · 全平台 · 全量 SKU · 2026-07-09,published
DJ504930_2,"US AE 书桌 VT09 八抽悬浮桌面梳妆台LED灯光镜RGB灯带 颜色->#2,白色麻点",ALL,WALMART,C,T99,0.0000,0.0000,0.0000,0.00,0.00,0.00,3,0.0968,6 个月 · 全平台 · 全量 SKU · 2026-07-09,published
DJ504931_1,"US AE 书柜 NT30（原NT15） 三抽加高款带玻璃柜门加RGB灯带 一件一箱 颜色->#3,灰木纹色麻面",ALL,AMAZON,B,T4B,2.7758,1.1325,1.1325,86.05,35.11,35.11,107,3.4516,6 个月 · 全平台 · 全量 SKU · 2026-07-09,published
DJ504931_2,"US AE 书柜 NT30（原NT15） 三抽加高款带玻璃柜门加RGB灯带 一件一箱 颜色->#1,黑色麻面",ALL,AMAZON,A,T3,7.2618,7.2904,7.2904,225.12,226.00,226.00,199,6.4194,6 个月 · 全平台 · 全量 SKU · 2026-07-09,published
DJ504931_2,"US AE 书柜 NT30（原NT15） 三抽加高款带玻璃柜门加RGB灯带 一件一箱 颜色->#1,黑色麻面",ALL,TIKTOK,A,T4B,0.9143,0.4389,0.4389,28.34,13.61,13.61,70,2.2581,6 个月 · 全平台 · 全量 SKU · 2026-07-09,published
DJ504931_3,"US AE 书柜 NT30（原NT15） 三抽加高款带玻璃柜门加RGB灯带 一件一箱 颜色->#2,白色麻面",ALL,TEMU,B,T99,0.0000,0.0000,0.0000,0.00,0.00,0.00,14,0.4516,6 个月 · 全平台 · 全量 SKU · 2026-07-09,published
DJ504931_3,"US AE 书柜 NT30（原NT15） 三抽加高款带玻璃柜门加RGB灯带 一件一箱 颜色->#2,白色麻面",ALL,TIKTOK,B,T99,0.0000,0.0000,0.0000,0.00,0.00,0.00,34,1.0968,6 个月 · 全平台 · 全量 SKU · 2026-07-09,published
DJ504931_3,"US AE 书柜 NT30（原NT15） 三抽加高款带玻璃柜门加RGB灯带 一件一箱 颜色->#2,白色麻面",ALL,UNKNOWN,B,T99,0.0000,0.0000,0.0000,0.00,0.00,0.00,0,0.0000,6 个月 · 全平台 · 全量 SKU · 2026-07-09,published
DJ504933_1,EU AG JYH210 泰迪绒软包气杆床 靠背2档调节 双灯带 140*200cm 一件两箱 颜色->米白,ALL,AMAZON,C,T99,0.0000,0.0000,0.0000,0.00,0.00,0.00,2,0.0645,6 个月 · 全平台 · 全量 SKU · 2026-07-09,published
DJ504935_1,EU AG JYH208 泰迪绒软包气杆床 三灯带 140*200cm 一件两箱 颜色->米白,ALL,AMAZON,C,T99,0.0000,0.0000,0.0000,0.00,0.00,0.00,4,0.1290,6 个月 · 全平台 · 全量 SKU · 2026-07-09,published
DJ504936_2,EU AG 气杆软包床 圆弧掀盖靠背 双灯带 棉麻 1.4*1.9m 颜色->米白,ALL,AMAZON,C,T4B,1.2319,0.6623,0.6623,38.19,20.53,20.53,70,2.2581,6 个月 · 全平台 · 全量 SKU · 2026-07-09,published
DJ504937_1,EU AG JYH213 棉麻软包气杆床 圆弧靠背掀盖 双灯带 140*200m 一件两箱 颜色->深灰色,ALL,AMAZON,C,T4B,1.5918,0.6494,0.6494,49.35,20.13,20.13,65,2.0968,6 个月 · 全平台 · 全量 SKU · 2026-07-09,published
DJ504937_1,EU AG JYH213 棉麻软包气杆床 圆弧靠背掀盖 双灯带 140*200m 一件两箱 颜色->深灰色,ALL,UNKNOWN,C,T4B,0.5110,0.2453,0.2453,15.84,7.60,7.60,15,0.4839,6 个月 · 全平台 · 全量 SKU · 2026-07-09,published
DJ504937_2,EU AG 气杆软包床 圆弧掀盖靠背 双灯带 棉麻 1.4*2m 颜色->米白,ALL,AMAZON,C,T4B,0.7819,0.4203,0.4203,24.24,13.03,13.03,37,1.1935,6 个月 · 全平台 · 全量 SKU · 2026-07-09,published
DJ504938_1,EU AG JYH213 泰迪绒软包气杆床 圆弧靠背掀盖 双灯带 140*190cm 一件两箱 颜色->米白,ALL,UNKNOWN,C,T99,0.0000,0.0000,0.0000,0.00,0.00,0.00,1,0.0323,6 个月 · 全平台 · 全量 SKU · 2026-07-09,published
DJ504940_1,EU DC CBQ-03 客卧床头柜款青少年床90*190 黑色 一件两箱,ALL,AMAZON,C,T4B,0.7154,0.3640,0.3640,22.18,11.28,11.28,10,0.3226,6 个月 · 全平台 · 全量 SKU · 2026-07-09,published
DJ504940_2,EU DC CBQ-03 客卧床头柜款青少年床90*200 黑色 一件两箱,ALL,UNKNOWN,C,T99,0.0000,0.0000,0.0000,0.00,0.00,0.00,0,0.0000,6 个月 · 全平台 · 全量 SKU · 2026-07-09,published
DJ504942_1,EU DC CBQ-03 客卧床头柜款青少年床90*190 白色 一件两箱,ALL,AMAZON,C,T99,0.0000,0.0000,0.0000,0.00,0.00,0.00,0,0.0000,6 个月 · 全平台 · 全量 SKU · 2026-07-09,published
DJ504942_2,EU DC CBQ-03 客卧床头柜款青少年床90*200 白色 一件两箱,ALL,AMAZON,C,T99,0.0000,0.0000,0.0000,0.00,0.00,0.00,0,0.0000,6 个月 · 全平台 · 全量 SKU · 2026-07-09,published
DJ504946,EU BW 折叠床床面铁板 黑色 5英寸床垫 一件一箱,ALL,AMAZON,B,T99,0.0000,0.0000,0.0000,0.00,0.00,0.00,64,2.0645,6 个月 · 全平台 · 全量 SKU · 2026-07-09,published
DJ504947,UK BW 折叠床床面铁管拆装简易款 黑色 4英寸床垫 一件一箱,ALL,AMAZON,B,T99,0.0000,0.0000,0.0000,0.00,0.00,0.00,0,0.0000,6 个月 · 全平台 · 全量 SKU · 2026-07-09,published
DJ504949_1,"US ER BF-TM01 基础双层儿童床 一件一箱 颜色->白色,白色",ALL,WALMART,C,T4B,0.1978,0.1006,0.1006,6.13,3.12,3.12,3,0.0968,6 个月 · 全平台 · 全量 SKU · 2026-07-09,published
DJ504950_2,US ER BF-TM02 八抽单层儿童床 一件一箱 颜色->白色,ALL,AMAZON,C,T4B,0.6187,0.3148,0.3148,19.18,9.76,9.76,30,0.9677,6 个月 · 全平台 · 全量 SKU · 2026-07-09,published
DJ504950_2,US ER BF-TM02 八抽单层儿童床 一件一箱 颜色->白色,ALL,UNKNOWN,C,T4B,0.3714,0.1997,0.1997,11.51,6.19,6.19,23,0.7419,6 个月 · 全平台 · 全量 SKU · 2026-07-09,published
DJ504950_3,US ER BF-TM02 八抽单层儿童床 一件一箱 颜色->粉色,ALL,AMAZON,C,T4B,0.3258,0.1752,0.1752,10.10,5.43,5.43,22,0.7097,6 个月 · 全平台 · 全量 SKU · 2026-07-09,published
DJ504950_3,US ER BF-TM02 八抽单层儿童床 一件一箱 颜色->粉色,ALL,UNKNOWN,C,T4B,0.1522,0.0818,0.0818,4.72,2.54,2.54,6,0.1935,6 个月 · 全平台 · 全量 SKU · 2026-07-09,published
DJ504950_3,US ER BF-TM02 八抽单层儿童床 一件一箱 颜色->粉色,ALL,WALMART,C,T99,0.0000,0.0000,0.0000,0.00,0.00,0.00,0,0.0000,6 个月 · 全平台 · 全量 SKU · 2026-07-09,published
DJ504951_1,"EU KM BF-RC01 功能床头侧4抽 双包 尺码->L,140*190;颜色->白色,PU-白",ALL,AMAZON,C,T4B,1.5538,0.8353,0.8353,48.17,25.89,25.89,101,3.2581,6 个月 · 全平台 · 全量 SKU · 2026-07-09,published
DJ504951_1,"EU KM BF-RC01 功能床头侧4抽 双包 尺码->L,140*190;颜色->白色,PU-白",ALL,UNKNOWN,C,T99,0.0000,0.0000,0.0000,0.00,0.00,0.00,0,0.0000,6 个月 · 全平台 · 全量 SKU · 2026-07-09,published
DJ504951_2,"EU KM BF-RC01 功能床头侧4抽 双包 尺码->L,140*190;颜色->灰色,PU-灰",ALL,AMAZON,C,T4B,1.6511,0.8876,0.8876,51.18,27.52,27.52,64,2.0645,6 个月 · 全平台 · 全量 SKU · 2026-07-09,published
DJ504951_3,"EU KM BF-RC01 功能床头侧4抽 双包 尺码->XL,140*200;颜色 >白色,PU白",ALL,AMAZON,C,T4B,0.4819,0.2452,0.2452,14.94,7.60,7.60,23,0.7419,6 个月 · 全平台 · 全量 SKU · 2026-07-09,published
DJ504951_4,"EU KM BF-RC01 功能床头侧4抽 双包 尺码->XL,140*200;颜色>灰色,PU-灰",ALL,UNKNOWN,C,T99,0.0000,0.0000,0.0000,0.00,0.00,0.00,2,0.0645,6 个月 · 全平台 · 全量 SKU · 2026-07-09,published
DJ504951_5,"EU KM BF-RC01 功能床头侧4抽 双包 尺码>XXL,160*200;颜色>白色,PU-白",ALL,AMAZON,C,T99,0.0000,0.0000,0.0000,0.00,0.00,0.00,31,1.0000,6 个月 · 全平台 · 全量 SKU · 2026-07-09,published
DJ504951_7,EU KM BF-RC01 功能床头侧4抽 魔术贴款 两箱装 尺码->D 140*200;颜色->灰色,ALL,AMAZON,D,T99,0.0000,0.0000,0.0000,0.00,0.00,0.00,18,0.5806,6 个月 · 全平台 · 全量 SKU · 2026-07-09,published
DJ504951_8,EU KM BF-RC01 功能床头侧4抽 魔术贴款 两箱装 尺码->E 160*200;颜色->白色,ALL,AMAZON,C,T4B,0.5357,0.2571,0.2571,16.61,7.97,7.97,19,0.6129,6 个月 · 全平台 · 全量 SKU · 2026-07-09,published
DJ504951_9,EU KM BF-RC01 功能床头侧4抽 魔术贴款 两箱装尺码->E 160*200 ;颜色->灰色,ALL,AMAZON,C,T99,0.0000,0.0000,0.0000,0.00,0.00,0.00,0,0.0000,6 个月 · 全平台 · 全量 SKU · 2026-07-09,published
DJ504952_1,"US UA DK-SR02 板式原木两侧储物双人桌 一件一箱 颜色->#1,原木色",ALL,AMAZON,C,T4B,0.7264,0.2964,0.2964,22.52,9.19,9.19,19,0.6129,6 个月 · 全平台 · 全量 SKU · 2026-07-09,published
DJ504952_1,"US UA DK-SR02 板式原木两侧储物双人桌 一件一箱 颜色->#1,原木色",ALL,UNKNOWN,C,T4B,1.4956,0.8040,0.8040,46.36,24.92,24.92,0,0.0000,6 个月 · 全平台 · 全量 SKU · 2026-07-09,published
DJ504953_1,"US UA TS-JL01 卷帘推拉门电视柜 一件一箱 颜色->#1,胡桃色",ALL,AMAZON,D,T99,0.0000,0.0000,0.0000,0.00,0.00,0.00,0,0.0000,6 个月 · 全平台 · 全量 SKU · 2026-07-09,published
DJ504953_1,"US UA TS-JL01 卷帘推拉门电视柜 一件一箱 颜色->#1,胡桃色",ALL,TEMU,D,T99,0.0000,0.0000,0.0000,0.00,0.00,0.00,0,0.0000,6 个月 · 全平台 · 全量 SKU · 2026-07-09,published
DJ504953_1,"US UA TS-JL01 卷帘推拉门电视柜 一件一箱 颜色->#1,胡桃色",ALL,WALMART,D,T99,0.0000,0.0000,0.0000,0.00,0.00,0.00,0,0.0000,6 个月 · 全平台 · 全量 SKU · 2026-07-09,published
DJ504955_1,"US HA 储物柜 DT34 6抽无拉手悬浮矮柜含灯带 颜色->#1,黑色麻面",ALL,TIKTOK,B,T99,0.0000,0.0000,0.0000,0.00,0.00,0.00,1,0.0323,6 个月 · 全平台 · 全量 SKU · 2026-07-09,published
DJ504955_2,"US HA 储物柜 DT34 6抽无拉手悬浮矮柜含灯带 颜色->#2,白色麻面",ALL,AMAZON,C,T4B,1.8198,0.9783,0.9783,56.41,30.33,30.33,42,1.3548,6 个月 · 全平台 · 全量 SKU · 2026-07-09,published
DJ504961_1,UK BW 软包气动床BQQ-01 HQ 608 灰色 一件两箱135*190,ALL,AMAZON,C,T4B,0.8896,0.3629,0.3629,27.58,11.25,11.25,60,1.9355,6 个月 · 全平台 · 全量 SKU · 2026-07-09,published
DJ504961_2,UK BW 软包气动床BQQ-01 HQ 608 灰色 一件两箱 150*200,ALL,AMAZON,C,T4B,0.9407,0.3838,0.3838,29.16,11.90,11.90,47,1.5161,6 个月 · 全平台 · 全量 SKU · 2026-07-09,published
DJ504961_3,UK BW 软包气动床BQQ-01 HQ 608 灰色 一件两箱 90*190,ALL,AMAZON,C,T4B,1.6714,0.8023,0.8023,51.81,24.87,24.87,3,0.0968,6 个月 · 全平台 · 全量 SKU · 2026-07-09,published
DJ504963,UK BW CBQ-01 客卧储物款青少年床90*190 黑色 一件两箱,ALL,AMAZON,C,T99,0.0000,0.0000,0.0000,0.00,0.00,0.00,0,0.0000,6 个月 · 全平台 · 全量 SKU · 2026-07-09,published
DJ504964_1,UK BW铁木床LIWS-02 高床头储物+倾斜靠背+灯带插排 ZY 火烧色 一件一箱 90*190,ALL,AMAZON,C,T4B,0.8077,0.3295,0.3295,25.04,10.21,10.21,99,3.1935,6 个月 · 全平台 · 全量 SKU · 2026-07-09,published
DJ504964_2,UK BW铁木床LIWS-02 高床头储物+倾斜靠背+灯带插排 ZY 火烧色 一件一箱 135*190,ALL,AMAZON,C,T99,0.0000,0.0000,0.0000,0.00,0.00,0.00,72,2.3226,6 个月 · 全平台 · 全量 SKU · 2026-07-09,published
DJ504964_3,UK BW铁木床LIWS-02 高床头储物+倾斜靠背+灯带插排 ZY 火烧色 一件一箱 150*200,ALL,UNKNOWN,C,T99,0.0000,0.0000,0.0000,0.00,0.00,0.00,4,0.1290,6 个月 · 全平台 · 全量 SKU · 2026-07-09,published
DJ504965_1,US HS LED木质镜柜三开门内开80*16*60 HYC 白色 一件一箱,ALL,TIKTOK,B,T99,0.0000,0.0000,0.0000,0.00,0.00,0.00,26,0.8387,6 个月 · 全平台 · 全量 SKU · 2026-07-09,published
DJ504965_1,US HS LED木质镜柜三开门内开80*16*60 HYC 白色 一件一箱,ALL,UNKNOWN,B,T99,0.0000,0.0000,0.0000,0.00,0.00,0.00,8,0.2581,6 个月 · 全平台 · 全量 SKU · 2026-07-09,published
DJ504965_1,US HS LED木质镜柜三开门内开80*16*60 HYC 白色 一件一箱,ALL,WALMART,B,T99,0.0000,0.0000,0.0000,0.00,0.00,0.00,5,0.1613,6 个月 · 全平台 · 全量 SKU · 2026-07-09,published
DJ504965_2,US HS LED木质镜柜三开门内开90*16*60  HYC白色 一件一箱,ALL,AMAZON,C,T99,0.0000,0.0000,0.0000,0.00,0.00,0.00,9,0.2903,6 个月 · 全平台 · 全量 SKU · 2026-07-09,published
DJ504965_2,US HS LED木质镜柜三开门内开90*16*60  HYC白色 一件一箱,ALL,TIKTOK,C,T99,0.0000,0.0000,0.0000,0.00,0.00,0.00,0,0.0000,6 个月 · 全平台 · 全量 SKU · 2026-07-09,published
DJ504965_2,US HS LED木质镜柜三开门内开90*16*60  HYC白色 一件一箱,ALL,UNKNOWN,C,T99,0.0000,0.0000,0.0000,0.00,0.00,0.00,1,0.0323,6 个月 · 全平台 · 全量 SKU · 2026-07-09,published
DJ504965_3,US HS LED木质镜柜三开门内开100*16*60  HYC 白色 一件一箱,ALL,AMAZON,C,T99,0.0000,0.0000,0.0000,0.00,0.00,0.00,7,0.2258,6 个月 · 全平台 · 全量 SKU · 2026-07-09,published
DJ504965_3,US HS LED木质镜柜三开门内开100*16*60  HYC 白色 一件一箱,ALL,UNKNOWN,C,T99,0.0000,0.0000,0.0000,0.00,0.00,0.00,1,0.0323,6 个月 · 全平台 · 全量 SKU · 2026-07-09,published
DJ504965_3,US HS LED木质镜柜三开门内开100*16*60  HYC 白色 一件一箱,ALL,WALMART,C,T99,0.0000,0.0000,0.0000,0.00,0.00,0.00,0,0.0000,6 个月 · 全平台 · 全量 SKU · 2026-07-09,published
DJ504969_1,EU AG 铁木软包床 火烧云置物层 欧标USB排插 灯带 0.9*2m 一件一箱 颜色->深灰色,ALL,AMAZON,B,T4A,2.1397,1.1119,1.1119,66.33,34.47,34.47,128,4.1290,6 个月 · 全平台 · 全量 SKU · 2026-07-09,published
DJ504970_1,US VD JYH205 泰迪绒软包4抽床 弧形掀盖靠背 双灯带 K 一件两箱 颜色->米白,ALL,AMAZON,C,T4B,0.9489,0.4555,0.4555,29.42,14.12,14.12,19,0.6129,6 个月 · 全平台 · 全量 SKU · 2026-07-09,published
DJ504970_1,US VD JYH205 泰迪绒软包4抽床 弧形掀盖靠背 双灯带 K 一件两箱 颜色->米白,ALL,UNKNOWN,C,T99,0.0000,0.0000,0.0000,0.00,0.00,0.00,1,0.0323,6 个月 · 全平台 · 全量 SKU · 2026-07-09,published
DJ504970_1,US VD JYH205 泰迪绒软包4抽床 弧形掀盖靠背 双灯带 K 一件两箱 颜色->米白,ALL,WALMART,C,T99,0.0000,0.0000,0.0000,0.00,0.00,0.00,2,0.0645,6 个月 · 全平台 · 全量 SKU · 2026-07-09,published
DJ504971_1,EU AG床头柜 隐藏式带锁三抽一格40*35cm+欧标1AC+2USB插排+RGB灯带 一件一箱 颜色->白色,ALL,AMAZON,C,T3,3.6185,3.4327,3.4327,112.17,106.41,106.41,69,2.2258,6 个月 · 全平台 · 全量 SKU · 2026-07-09,published
DJ504972_1,EU AG 铁艺拼框悬浮床 双层置物 欧标USB插排 灯带 1.8*2m床垫 一件一箱 颜色->黑色,ALL,AMAZON,C,T99,0.0000,0.0000,0.0000,0.00,0.00,0.00,0,0.0000,6 个月 · 全平台 · 全量 SKU · 2026-07-09,published
DJ504972_1,EU AG 铁艺拼框悬浮床 双层置物 欧标USB插排 灯带 1.8*2m床垫 一件一箱 颜色->黑色,ALL,UNKNOWN,C,T99,0.0000,0.0000,0.0000,0.00,0.00,0.00,0,0.0000,6 个月 · 全平台 · 全量 SKU · 2026-07-09,published
DJ504975_1,EU AG 板式床 软包掀盖靠背 4抽 欧洲床垫1.4*1.9m 一件两箱 颜色->白色,ALL,AMAZON,C,T4B,1.8209,0.9789,0.9789,56.45,30.35,30.35,77,2.4839,6 个月 · 全平台 · 全量 SKU · 2026-07-09,published
DJ504976_1,US AG 板式地板落地床 两侧收纳架+布抽储物 T 一件一箱 颜色->白色,ALL,AMAZON,C,T99,0.0000,0.0000,0.0000,0.00,0.00,0.00,51,1.6452,6 个月 · 全平台 · 全量 SKU · 2026-07-09,published
DJ504976_1,US AG 板式地板落地床 两侧收纳架+布抽储物 T 一件一箱 颜色->白色,ALL,UNKNOWN,C,T99,0.0000,0.0000,0.0000,0.00,0.00,0.00,37,1.1935,6 个月 · 全平台 · 全量 SKU · 2026-07-09,published
DJ504976_1,US AG 板式地板落地床 两侧收纳架+布抽储物 T 一件一箱 颜色->白色,ALL,WALMART,C,T99,0.0000,0.0000,0.0000,0.00,0.00,0.00,8,0.2581,6 个月 · 全平台 · 全量 SKU · 2026-07-09,published
DJ504976_2,US AG 板式地板落地床 两侧收纳架+布抽储物 T 一件一箱 颜色->灰色,ALL,AMAZON,C,T99,0.0000,0.0000,0.0000,0.00,0.00,0.00,29,0.9355,6 个月 · 全平台 · 全量 SKU · 2026-07-09,published
DJ504976_2,US AG 板式地板落地床 两侧收纳架+布抽储物 T 一件一箱 颜色->灰色,ALL,UNKNOWN,C,T99,0.0000,0.0000,0.0000,0.00,0.00,0.00,12,0.3871,6 个月 · 全平台 · 全量 SKU · 2026-07-09,published
DJ504976_2,US AG 板式地板落地床 两侧收纳架+布抽储物 T 一件一箱 颜色->灰色,ALL,WALMART,C,T99,0.0000,0.0000,0.0000,0.00,0.00,0.00,3,0.0968,6 个月 · 全平台 · 全量 SKU · 2026-07-09,published
DJ504978_1,US R123款 5抽帐篷低阁楼床 带2条灯带床头置物袋 颜色->白色,ALL,UNKNOWN,B,T4B,0.4187,0.1708,0.1708,12.98,5.29,5.29,12,0.3871,6 个月 · 全平台 · 全量 SKU · 2026-07-09,published
DJ504978_2,US R123款 5抽帐篷低阁楼床 带2条灯带床头置物袋 颜色->黑色,ALL,AMAZON,B,T3,3.1579,3.2179,3.2179,97.89,99.75,99.75,32,1.0323,6 个月 · 全平台 · 全量 SKU · 2026-07-09,published
DJ504978_2,US R123款 5抽帐篷低阁楼床 带2条灯带床头置物袋 颜色->黑色,ALL,TIKTOK,B,T4B,0.5143,0.2469,0.2469,15.94,7.65,7.65,57,1.8387,6 个月 · 全平台 · 全量 SKU · 2026-07-09,published
DJ504978_2,US R123款 5抽帐篷低阁楼床 带2条灯带床头置物袋 颜色->黑色,ALL,UNKNOWN,B,T4B,0.2538,0.1292,0.1292,7.87,4.01,4.01,11,0.3548,6 个月 · 全平台 · 全量 SKU · 2026-07-09,published
DJ504978_3,US R123款 5抽帐篷低阁楼床 带2条灯带床头置物袋 颜色->粉色,ALL,AMAZON,A,T4A,3.3839,1.5702,1.5702,104.90,48.68,48.68,45,1.4516,6 个月 · 全平台 · 全量 SKU · 2026-07-09,published
DJ504978_3,US R123款 5抽帐篷低阁楼床 带2条灯带床头置物袋 颜色->粉色,ALL,TIKTOK,A,T4B,0.2571,0.1234,0.1234,7.97,3.83,3.83,25,0.8065,6 个月 · 全平台 · 全量 SKU · 2026-07-09,published
DJ504978_3,US R123款 5抽帐篷低阁楼床 带2条灯带床头置物袋 颜色->粉色,ALL,UNKNOWN,A,T4B,0.7863,0.4227,0.4227,24.38,13.10,13.10,54,1.7419,6 个月 · 全平台 · 全量 SKU · 2026-07-09,published
DJ504978_3,US R123款 5抽帐篷低阁楼床 带2条灯带床头置物袋 颜色->粉色,ALL,WALMART,A,T4B,0.2786,0.1337,0.1337,8.64,4.14,4.14,6,0.1935,6 个月 · 全平台 · 全量 SKU · 2026-07-09,published
DJ504979_1,EU VD 板式面盆柜 双开门 单抽 侧边可左右互换置物层 一件一箱 颜色->白色,ALL,AMAZON,C,T4B,1.6951,0.8624,0.8624,52.55,26.73,26.73,65,2.0968,6 个月 · 全平台 · 全量 SKU · 2026-07-09,published
DJ504979_1,EU VD 板式面盆柜 双开门 单抽 侧边可左右互换置物层 一件一箱 颜色->白色,ALL,UNKNOWN,C,T4B,0.5000,0.2400,0.2400,15.50,7.44,7.44,51,1.6452,6 个月 · 全平台 · 全量 SKU · 2026-07-09,published
DJ504980_1,US VD 低高架床 天蓬 可移脚踏凳 9布抽 6格置物层 拱形板 T 一件一箱 颜色->白色,ALL,UNKNOWN,C,T99,0.0000,0.0000,0.0000,0.00,0.00,0.00,2,0.0645,6 个月 · 全平台 · 全量 SKU · 2026-07-09,published
DJ504980_1,US VD 低高架床 天蓬 可移脚踏凳 9布抽 6格置物层 拱形板 T 一件一箱 颜色->白色,ALL,WALMART,C,T99,0.0000,0.0000,0.0000,0.00,0.00,0.00,1,0.0323,6 个月 · 全平台 · 全量 SKU · 2026-07-09,published
DJ504980_2,US VD 低高架床 天蓬 可移脚踏凳 9布抽 6格置物层 拱形板 T 一件一箱 颜色->灰色,ALL,AMAZON,C,T4B,0.6813,0.2780,0.2780,21.12,8.62,8.62,23,0.7419,6 个月 · 全平台 · 全量 SKU · 2026-07-09,published
DJ504980_2,US VD 低高架床 天蓬 可移脚踏凳 9布抽 6格置物层 拱形板 T 一件一箱 颜色->灰色,ALL,WALMART,C,T99,0.0000,0.0000,0.0000,0.00,0.00,0.00,1,0.0323,6 个月 · 全平台 · 全量 SKU · 2026-07-09,published
DJ504982_1,US VD 低高架床 侧步梯 渐变色9布抽 书报架 拱形板 T 一件一箱 颜色->白色,ALL,AMAZON,C,T4B,1.6280,0.6642,0.6642,50.47,20.59,20.59,27,0.8710,6 个月 · 全平台 · 全量 SKU · 2026-07-09,published
DJ504982_1,US VD 低高架床 侧步梯 渐变色9布抽 书报架 拱形板 T 一件一箱 颜色->白色,ALL,TIKTOK,C,T99,0.0000,0.0000,0.0000,0.00,0.00,0.00,1,0.0323,6 个月 · 全平台 · 全量 SKU · 2026-07-09,published
DJ504982_1,US VD 低高架床 侧步梯 渐变色9布抽 书报架 拱形板 T 一件一箱 颜色->白色,ALL,UNKNOWN,C,T4B,0.6445,0.3094,0.3094,19.98,9.59,9.59,33,1.0645,6 个月 · 全平台 · 全量 SKU · 2026-07-09,published
DJ504982_1,US VD 低高架床 侧步梯 渐变色9布抽 书报架 拱形板 T 一件一箱 颜色->白色,ALL,WALMART,C,T4B,0.3566,0.1814,0.1814,11.05,5.62,5.62,27,0.8710,6 个月 · 全平台 · 全量 SKU · 2026-07-09,published
DJ504982_2,US VD 低高架床 侧步梯 渐变色9布抽 书报架 拱形板 T 一件一箱 颜色->灰色,ALL,WALMART,C,T4B,0.1720,0.0702,0.0702,5.33,2.18,2.18,13,0.4194,6 个月 · 全平台 · 全量 SKU · 2026-07-09,published
DJ504983_1,US 1m农舍板材电脑桌 一件一箱 颜色->棕+白,ALL,AMAZON,C,T3,4.0201,4.0679,4.0679,124.62,126.10,126.10,199,6.4194,6 个月 · 全平台 · 全量 SKU · 2026-07-09,published
DJ504983_2,US 1m农舍板材电脑桌 一件一箱 颜色->黑麻,ALL,AMAZON,C,T4B,2.4101,0.9833,0.9833,74.71,30.48,30.48,76,2.4516,6 个月 · 全平台 · 全量 SKU · 2026-07-09,published
DJ504983_3,US 1m农舍板材电脑桌 一件一箱 颜色->浅灰色,ALL,AMAZON,C,T4B,1.7056,0.6959,0.6959,52.87,21.57,21.57,74,2.3871,6 个月 · 全平台 · 全量 SKU · 2026-07-09,published
DJ504984_1,"US AE 储物柜 DT39 6抽侧面卷帘实木风斗柜 颜色->#1,原木色",ALL,AMAZON,D,T99,0.0000,0.0000,0.0000,0.00,0.00,0.00,0,0.0000,6 个月 · 全平台 · 全量 SKU · 2026-07-09,published
DJ504984_1,"US AE 储物柜 DT39 6抽侧面卷帘实木风斗柜 颜色->#1,原木色",ALL,UNKNOWN,D,T99,0.0000,0.0000,0.0000,0.00,0.00,0.00,0,0.0000,6 个月 · 全平台 · 全量 SKU · 2026-07-09,published
DJ504984_1,"US AE 储物柜 DT39 6抽侧面卷帘实木风斗柜 颜色->#1,原木色",ALL,WALMART,D,T99,0.0000,0.0000,0.0000,0.00,0.00,0.00,0,0.0000,6 个月 · 全平台 · 全量 SKU · 2026-07-09,published
DJ504985_1,"US AE 储物柜 DT38 5抽侧面卷帘实木风斗柜 颜色->#1,原木色",ALL,AMAZON,D,T99,0.0000,0.0000,0.0000,0.00,0.00,0.00,0,0.0000,6 个月 · 全平台 · 全量 SKU · 2026-07-09,published
DJ504985_1,"US AE 储物柜 DT38 5抽侧面卷帘实木风斗柜 颜色->#1,原木色",ALL,TIKTOK,D,T99,0.0000,0.0000,0.0000,0.00,0.00,0.00,0,0.0000,6 个月 · 全平台 · 全量 SKU · 2026-07-09,published
DJ504985_1,"US AE 储物柜 DT38 5抽侧面卷帘实木风斗柜 颜色->#1,原木色",ALL,UNKNOWN,D,T99,0.0000,0.0000,0.0000,0.00,0.00,0.00,0,0.0000,6 个月 · 全平台 · 全量 SKU · 2026-07-09,published
DJ504985_1,"US AE 储物柜 DT38 5抽侧面卷帘实木风斗柜 颜色->#1,原木色",ALL,WALMART,D,T99,0.0000,0.0000,0.0000,0.00,0.00,0.00,0,0.0000,6 个月 · 全平台 · 全量 SKU · 2026-07-09,published
DJ504986_1,US 梳妆台-VDQS-01轻奢风波浪板 一件一箱 颜色 木纹色,ALL,AMAZON,C,T4B,0.3753,0.2017,0.2017,11.63,6.25,6.25,37,1.1935,6 个月 · 全平台 · 全量 SKU · 2026-07-09,published
DJ504986_2,US 梳妆台-VDQS-01轻奢风波浪板 一件一箱 颜色->白色,ALL,AMAZON,C,T4B,0.2896,0.1557,0.1557,8.98,4.83,4.83,39,1.2581,6 个月 · 全平台 · 全量 SKU · 2026-07-09,published
DJ504986_2,US 梳妆台-VDQS-01轻奢风波浪板 一件一箱 颜色->白色,ALL,WALMART,C,T99,0.0000,0.0000,0.0000,0.00,0.00,0.00,1,0.0323,6 个月 · 全平台 · 全量 SKU · 2026-07-09,published
DJ504988_1,EU AG 软包悬浮床 床头分隔置物层 1.4*1.9m 一件两箱 颜色->深灰色,ALL,AMAZON,B,T4B,1.7758,0.9547,0.9547,55.05,29.60,29.60,127,4.0968,6 个月 · 全平台 · 全量 SKU · 2026-07-09,published
DJ504988_2,EU AG 软包悬浮床 床头分隔置物层 1.4*1.9m 一件两箱 颜色->米白,ALL,AMAZON,B,T99,0.0000,0.0000,0.0000,0.00,0.00,0.00,0,0.0000,6 个月 · 全平台 · 全量 SKU · 2026-07-09,published
DJ504989_1,EU AG 软包悬浮床 床头分隔置物层 1.4*2m 一件两箱 颜色->深灰色,ALL,AMAZON,C,T4B,1.0462,0.5624,0.5624,32.43,17.43,17.43,24,0.7742,6 个月 · 全平台 · 全量 SKU · 2026-07-09,published
DJ504989_1,EU AG 软包悬浮床 床头分隔置物层 1.4*2m 一件两箱 颜色->深灰色,ALL,UNKNOWN,C,T99,0.0000,0.0000,0.0000,0.00,0.00,0.00,1,0.0323,6 个月 · 全平台 · 全量 SKU · 2026-07-09,published
DJ504989_2,EU AG 软包悬浮床 床头分隔置物层 1.4*2m 一件两箱 颜色->米白,ALL,AMAZON,C,T99,0.0000,0.0000,0.0000,0.00,0.00,0.00,0,0.0000,6 个月 · 全平台 · 全量 SKU · 2026-07-09,published
DJ504989_2,EU AG 软包悬浮床 床头分隔置物层 1.4*2m 一件两箱 颜色->米白,ALL,UNKNOWN,C,T99,0.0000,0.0000,0.0000,0.00,0.00,0.00,0,0.0000,6 个月 · 全平台 · 全量 SKU · 2026-07-09,published
DJ504990_1,EU AG 软包悬浮床 床头分隔置物层 1.6*2m 一件两箱 颜色->深灰色,ALL,AMAZON,C,T4B,0.9973,0.5361,0.5361,30.92,16.62,16.62,0,0.0000,6 个月 · 全平台 · 全量 SKU · 2026-07-09,published
DJ504990_1,EU AG 软包悬浮床 床头分隔置物层 1.6*2m 一件两箱 颜色->深灰色,ALL,UNKNOWN,C,T99,0.0000,0.0000,0.0000,0.00,0.00,0.00,0,0.0000,6 个月 · 全平台 · 全量 SKU · 2026-07-09,published
DJ504991_1,US DC 铁木床 BFX-01 602床头床尾含灯带床头翻门置物 黑色麻面 F 一件一箱,ALL,UNKNOWN,C,T4B,0.2852,0.1533,0.1533,8.84,4.75,4.75,12,0.3871,6 个月 · 全平台 · 全量 SKU · 2026-07-09,published
DJ504991_2,US DC 铁木床 BFX-01 602床头床尾含灯带床头翻门置物 黑色麻面 Q 一件一箱,ALL,UNKNOWN,B,T4B,0.4412,0.2372,0.2372,13.68,7.35,7.35,13,0.4194,6 个月 · 全平台 · 全量 SKU · 2026-07-09,published
DJ504991_3,US DC 铁木床 BFX-01 床头床尾含灯带床头翻门置物 黑色麻面 K一件一箱,ALL,AMAZON,C,T4B,1.4819,0.6046,0.6046,45.94,18.74,18.74,29,0.9355,6 个月 · 全平台 · 全量 SKU · 2026-07-09,published
DJ504991_3,US DC 铁木床 BFX-01 床头床尾含灯带床头翻门置物 黑色麻面 K一件一箱,ALL,WALMART,C,T4B,0.5929,0.2846,0.2846,18.38,8.82,8.82,13,0.4194,6 个月 · 全平台 · 全量 SKU · 2026-07-09,published
DJ504992_1,US GS02 三抽5格带书架低阁楼床，含一拖二灯带楼梯泡棉，一件一箱 颜色->白色,ALL,WALMART,D,T99,0.0000,0.0000,0.0000,0.00,0.00,0.00,0,0.0000,6 个月 · 全平台 · 全量 SKU · 2026-07-09,published
DJ504992_2,US GS02 三抽5格带书架低阁楼床，含一拖二灯带楼梯泡棉，一件一箱 颜色->黑色,ALL,WALMART,D,T99,0.0000,0.0000,0.0000,0.00,0.00,0.00,0,0.0000,6 个月 · 全平台 · 全量 SKU · 2026-07-09,published
DJ504993_1,UK DC 铁木床 CBF-01L 方管软包角落床带抽篮-153 90*190 灰色 一件一箱,ALL,AMAZON,C,T4B,2.0874,1.1222,1.1222,64.71,34.79,34.79,289,9.3226,6 个月 · 全平台 · 全量 SKU · 2026-07-09,published
DJ504994_1,UK DC 铁木床 CBF-01L 方管软包角落床带抽篮-153 90*190 米白  一件一箱,ALL,AMAZON,C,T4B,0.9555,0.4862,0.4862,29.62,15.07,15.07,120,3.8710,6 个月 · 全平台 · 全量 SKU · 2026-07-09,published
DJ504995_1,"US AE 书柜 NT31 圆弧角2抽一空格床头柜含排插一件一箱 颜色->#1,原木橡木色",ALL,AMAZON,C,T99,0.0000,0.0000,0.0000,0.00,0.00,0.00,37,1.1935,6 个月 · 全平台 · 全量 SKU · 2026-07-09,published
DJ504997_3,US SSR ASN-01 3抽抽面弧形床头柜 一件一箱 颜色->棕色,ALL,AMAZON,C,T99,0.0000,0.0000,0.0000,0.00,0.00,0.00,0,0.0000,6 个月 · 全平台 · 全量 SKU · 2026-07-09,published
DJ504997_3,US SSR ASN-01 3抽抽面弧形床头柜 一件一箱 颜色->棕色,ALL,UNKNOWN,C,T99,0.0000,0.0000,0.0000,0.00,0.00,0.00,0,0.0000,6 个月 · 全平台 · 全量 SKU · 2026-07-09,published
DJ505001_1,US 61inch农舍电动升降电视柜 一件两箱 颜色->白+棕,ALL,TEMU,C,T99,0.0000,0.0000,0.0000,0.00,0.00,0.00,0,0.0000,6 个月 · 全平台 · 全量 SKU · 2026-07-09,published
DJ505001_1,US 61inch农舍电动升降电视柜 一件两箱 颜色->白+棕,ALL,UNKNOWN,C,T99,0.0000,0.0000,0.0000,0.00,0.00,0.00,0,0.0000,6 个月 · 全平台 · 全量 SKU · 2026-07-09,published
DJ505001_1,US 61inch农舍电动升降电视柜 一件两箱 颜色->白+棕,ALL,WALMART,C,T99,0.0000,0.0000,0.0000,0.00,0.00,0.00,0,0.0000,6 个月 · 全平台 · 全量 SKU · 2026-07-09,published
DJ505001_2,US 61inch农舍电动升降电视柜 一件两箱 颜色->棕色,ALL,TEMU,C,T99,0.0000,0.0000,0.0000,0.00,0.00,0.00,0,0.0000,6 个月 · 全平台 · 全量 SKU · 2026-07-09,published
DJ505001_2,US 61inch农舍电动升降电视柜 一件两箱 颜色->棕色,ALL,UNKNOWN,C,T99,0.0000,0.0000,0.0000,0.00,0.00,0.00,0,0.0000,6 个月 · 全平台 · 全量 SKU · 2026-07-09,published
DJ505001_2,US 61inch农舍电动升降电视柜 一件两箱 颜色->棕色,ALL,WALMART,C,T99,0.0000,0.0000,0.0000,0.00,0.00,0.00,0,0.0000,6 个月 · 全平台 · 全量 SKU · 2026-07-09,published
DJ505002_1,US HS 铝槽环绕灯带两开门+开放格木质镜柜 80*18*78 白色 一件一箱,ALL,AMAZON,C,T99,0.0000,0.0000,0.0000,0.00,0.00,0.00,0,0.0000,6 个月 · 全平台 · 全量 SKU · 2026-07-09,published
DJ505002_1,US HS 铝槽环绕灯带两开门+开放格木质镜柜 80*18*78 白色 一件一箱,ALL,TIKTOK,C,T99,0.0000,0.0000,0.0000,0.00,0.00,0.00,0,0.0000,6 个月 · 全平台 · 全量 SKU · 2026-07-09,published
DJ505002_1,US HS 铝槽环绕灯带两开门+开放格木质镜柜 80*18*78 白色 一件一箱,ALL,UNKNOWN,C,T99,0.0000,0.0000,0.0000,0.00,0.00,0.00,0,0.0000,6 个月 · 全平台 · 全量 SKU · 2026-07-09,published
DJ505002_2,US HS 铝槽环绕灯带两开门+开放格木质镜柜 90*18*78 白色 一件一箱,ALL,AMAZON,C,T4B,0.7709,0.3700,0.3700,23.90,11.47,11.47,0,0.0000,6 个月 · 全平台 · 全量 SKU · 2026-07-09,published
DJ505002_2,US HS 铝槽环绕灯带两开门+开放格木质镜柜 90*18*78 白色 一件一箱,ALL,UNKNOWN,C,T99,0.0000,0.0000,0.0000,0.00,0.00,0.00,0,0.0000,6 个月 · 全平台 · 全量 SKU · 2026-07-09,published
DJ505002_3,US HS 铝槽环绕灯带两开门+开放格木质镜柜 100*18*78 白色 一件一箱,ALL,UNKNOWN,C,T99,0.0000,0.0000,0.0000,0.00,0.00,0.00,0,0.0000,6 个月 · 全平台 · 全量 SKU · 2026-07-09,published
DJ505002_3,US HS 铝槽环绕灯带两开门+开放格木质镜柜 100*18*78 白色 一件一箱,ALL,WALMART,C,T99,0.0000,0.0000,0.0000,0.00,0.00,0.00,0,0.0000,6 个月 · 全平台 · 全量 SKU · 2026-07-09,published
DJ505003_2,EU BW CBQ-04 客卧床尾收纳柜款青少年床90*200 黑色 一件两箱,ALL,AMAZON,C,T99,0.0000,0.0000,0.0000,0.00,0.00,0.00,0,0.0000,6 个月 · 全平台 · 全量 SKU · 2026-07-09,published
DJ505004_2,EU BW CBQ-04 客卧床尾收纳柜款青少年床90*200 白色 一件两箱,ALL,AMAZON,C,T99,0.0000,0.0000,0.0000,0.00,0.00,0.00,0,0.0000,6 个月 · 全平台 · 全量 SKU · 2026-07-09,published
DJ505005_2,EU BW CBQ-06 客卧储物款青少年床90*200 橡木灰色 一件两箱,ALL,AMAZON,C,T4B,0.7995,0.4298,0.4298,24.78,13.32,13.32,18,0.5806,6 个月 · 全平台 · 全量 SKU · 2026-07-09,published
DJ505010_1,"EU KM SC-BS03 栅格门 80m 2门1抽鞋柜 单包 颜色->白色,麻面白",ALL,AMAZON,D,T99,0.0000,0.0000,0.0000,0.00,0.00,0.00,0,0.0000,6 个月 · 全平台 · 全量 SKU · 2026-07-09,published
DJ505010_1,"EU KM SC-BS03 栅格门 80m 2门1抽鞋柜 单包 颜色->白色,麻面白",ALL,UNKNOWN,D,T99,0.0000,0.0000,0.0000,0.00,0.00,0.00,0,0.0000,6 个月 · 全平台 · 全量 SKU · 2026-07-09,published
DJ505011_1,"EU KM SC-BS04 藤编 100cm2斗1抽1柜鞋柜 单包 颜色->#29,原木色+藤编",ALL,AMAZON,D,T99,0.0000,0.0000,0.0000,0.00,0.00,0.00,0,0.0000,6 个月 · 全平台 · 全量 SKU · 2026-07-09,published
DJ505011_1,"EU KM SC-BS04 藤编 100cm2斗1抽1柜鞋柜 单包 颜色->#29,原木色+藤编",ALL,UNKNOWN,D,T99,0.0000,0.0000,0.0000,0.00,0.00,0.00,0,0.0000,6 个月 · 全平台 · 全量 SKU · 2026-07-09,published
DJ505012_1,US 1.8m亚克力展示书柜 一件一箱 颜色->黑麻,ALL,AMAZON,C,T3,4.2429,3.9231,3.9231,131.53,121.62,121.62,101,3.2581,6 个月 · 全平台 · 全量 SKU · 2026-07-09,published
DJ505012_1,US 1.8m亚克力展示书柜 一件一箱 颜色->黑麻,ALL,TEMU,C,T99,0.0000,0.0000,0.0000,0.00,0.00,0.00,6,0.1935,6 个月 · 全平台 · 全量 SKU · 2026-07-09,published
DJ505012_1,US 1.8m亚克力展示书柜 一件一箱 颜色->黑麻,ALL,TIKTOK,C,T99,0.0000,0.0000,0.0000,0.00,0.00,0.00,7,0.2258,6 个月 · 全平台 · 全量 SKU · 2026-07-09,published
DJ505012_1,US 1.8m亚克力展示书柜 一件一箱 颜色->黑麻,ALL,UNKNOWN,C,T99,0.0000,0.0000,0.0000,0.00,0.00,0.00,6,0.1935,6 个月 · 全平台 · 全量 SKU · 2026-07-09,published
DJ505012_2,US 1.8m亚克力展示书柜 一件一箱 颜色->白麻,ALL,AMAZON,C,T4B,1.1209,0.5380,0.5380,34.75,16.68,16.68,29,0.9355,6 个月 · 全平台 · 全量 SKU · 2026-07-09,published
DJ505012_2,US 1.8m亚克力展示书柜 一件一箱 颜色->白麻,ALL,TEMU,C,T99,0.0000,0.0000,0.0000,0.00,0.00,0.00,11,0.3548,6 个月 · 全平台 · 全量 SKU · 2026-07-09,published
DJ505012_2,US 1.8m亚克力展示书柜 一件一箱 颜色->白麻,ALL,UNKNOWN,C,T99,0.0000,0.0000,0.0000,0.00,0.00,0.00,4,0.1290,6 个月 · 全平台 · 全量 SKU · 2026-07-09,published
DJ505012_2,US 1.8m亚克力展示书柜 一件一箱 颜色->白麻,ALL,WALMART,C,T99,0.0000,0.0000,0.0000,0.00,0.00,0.00,0,0.0000,6 个月 · 全平台 · 全量 SKU · 2026-07-09,published
DJ505014_1,US 侧面爬梯上床下桌F 一件两箱 颜色->火烧云,ALL,UNKNOWN,C,T99,0.0000,0.0000,0.0000,0.00,0.00,0.00,100,3.2258,6 个月 · 全平台 · 全量 SKU · 2026-07-09,published
DJ505014_2,US 侧面爬梯上床下桌F 一件两箱 颜色->白色,ALL,UNKNOWN,C,T99,0.0000,0.0000,0.0000,0.00,0.00,0.00,72,2.3226,6 个月 · 全平台 · 全量 SKU · 2026-07-09,published
DJ505014_3,US 侧面爬梯上床下桌F 一件两箱 颜色->浅粉,ALL,AMAZON,D,T99,0.0000,0.0000,0.0000,0.00,0.00,0.00,20,0.6452,6 个月 · 全平台 · 全量 SKU · 2026-07-09,published
DJ505016_1,"US UA DK-XZ02 板式梯形腿假厚桌面行政桌 一件一箱 颜色->黑色,山纹黑",ALL,AMAZON,C,T4B,1.3154,0.5367,0.5367,40.78,16.64,16.64,38,1.2258,6 个月 · 全平台 · 全量 SKU · 2026-07-09,published
DJ505016_1,"US UA DK-XZ02 板式梯形腿假厚桌面行政桌 一件一箱 颜色->黑色,山纹黑",ALL,UNKNOWN,C,T99,0.0000,0.0000,0.0000,0.00,0.00,0.00,33,1.0645,6 个月 · 全平台 · 全量 SKU · 2026-07-09,published
DJ505016_1,"US UA DK-XZ02 板式梯形腿假厚桌面行政桌 一件一箱 颜色->黑色,山纹黑",ALL,WALMART,C,T99,0.0000,0.0000,0.0000,0.00,0.00,0.00,1,0.0323,6 个月 · 全平台 · 全量 SKU · 2026-07-09,published
DJ505016_2,"US UA DK-XZ02 板式梯形腿假厚桌面行政桌 一件一箱 颜色->#1,年轮橡木",ALL,AMAZON,C,T4A,2.7547,1.3549,1.3549,85.40,42.00,42.00,91,2.9355,6 个月 · 全平台 · 全量 SKU · 2026-07-09,published
DJ505016_2,"US UA DK-XZ02 板式梯形腿假厚桌面行政桌 一件一箱 颜色->#1,年轮橡木",ALL,UNKNOWN,C,T99,0.0000,0.0000,0.0000,0.00,0.00,0.00,22,0.7097,6 个月 · 全平台 · 全量 SKU · 2026-07-09,published
DJ505016_2,"US UA DK-XZ02 板式梯形腿假厚桌面行政桌 一件一箱 颜色->#1,年轮橡木",ALL,WALMART,C,T99,0.0000,0.0000,0.0000,0.00,0.00,0.00,3,0.0968,6 个月 · 全平台 · 全量 SKU · 2026-07-09,published
DJ505017_1,US SD 1.5米圆弧竖条形电脑桌 一件一箱 颜色原木色7625手抓纹+82039-162,ALL,TIKTOK,C,T99,0.0000,0.0000,0.0000,0.00,0.00,0.00,2,0.0645,6 个月 · 全平台 · 全量 SKU · 2026-07-09,published
DJ505017_1,US SD 1.5米圆弧竖条形电脑桌 一件一箱 颜色原木色7625手抓纹+82039-162,ALL,UNKNOWN,C,T4B,0.1214,0.0583,0.0583,3.76,1.81,1.81,38,1.2258,6 个月 · 全平台 · 全量 SKU · 2026-07-09,published
DJ505017_1,US SD 1.5米圆弧竖条形电脑桌 一件一箱 颜色原木色7625手抓纹+82039-162,ALL,WALMART,C,T99,0.0000,0.0000,0.0000,0.00,0.00,0.00,4,0.1290,6 个月 · 全平台 · 全量 SKU · 2026-07-09,published
DJ505017_2,US SD 1.5米圆弧竖条形电脑桌 一件一箱 颜色->黑麻,ALL,TEMU,C,T4B,0.0967,0.0520,0.0520,3.00,1.61,1.61,4,0.1290,6 个月 · 全平台 · 全量 SKU · 2026-07-09,published
DJ505017_2,US SD 1.5米圆弧竖条形电脑桌 一件一箱 颜色->黑麻,ALL,TIKTOK,C,T99,0.0000,0.0000,0.0000,0.00,0.00,0.00,4,0.1290,6 个月 · 全平台 · 全量 SKU · 2026-07-09,published
DJ505017_2,US SD 1.5米圆弧竖条形电脑桌 一件一箱 颜色->黑麻,ALL,WALMART,C,T99,0.0000,0.0000,0.0000,0.00,0.00,0.00,4,0.1290,6 个月 · 全平台 · 全量 SKU · 2026-07-09,published
DJ505017_3,US SD 1.5米圆弧竖条形电脑桌 一件一箱 颜色->棕色,ALL,AMAZON,C,T4B,0.3571,0.1714,0.1714,11.07,5.31,5.31,147,4.7419,6 个月 · 全平台 · 全量 SKU · 2026-07-09,published
DJ505017_3,US SD 1.5米圆弧竖条形电脑桌 一件一箱 颜色->棕色,ALL,TEMU,C,T99,0.0000,0.0000,0.0000,0.00,0.00,0.00,3,0.0968,6 个月 · 全平台 · 全量 SKU · 2026-07-09,published
DJ505017_3,US SD 1.5米圆弧竖条形电脑桌 一件一箱 颜色->棕色,ALL,WALMART,C,T99,0.0000,0.0000,0.0000,0.00,0.00,0.00,7,0.2258,6 个月 · 全平台 · 全量 SKU · 2026-07-09,published
DJ505018_1,US DC 高架床 LLB-03  YL 私密堡垒滑梯款 T 尺寸 一件一箱 颜色->黑色,ALL,UNKNOWN,C,T99,0.0000,0.0000,0.0000,0.00,0.00,0.00,18,0.5806,6 个月 · 全平台 · 全量 SKU · 2026-07-09,published
DJ505018_1,US DC 高架床 LLB-03  YL 私密堡垒滑梯款 T 尺寸 一件一箱 颜色->黑色,ALL,WALMART,C,T99,0.0000,0.0000,0.0000,0.00,0.00,0.00,8,0.2581,6 个月 · 全平台 · 全量 SKU · 2026-07-09,published
DJ505018_2,US DC 高架床 LLB-03  YL 私密堡垒滑梯款 T 尺寸 一件一箱 颜色->白色,ALL,UNKNOWN,C,T99,0.0000,0.0000,0.0000,0.00,0.00,0.00,27,0.8710,6 个月 · 全平台 · 全量 SKU · 2026-07-09,published
DJ505018_2,US DC 高架床 LLB-03  YL 私密堡垒滑梯款 T 尺寸 一件一箱 颜色->白色,ALL,WALMART,C,T99,0.0000,0.0000,0.0000,0.00,0.00,0.00,20,0.6452,6 个月 · 全平台 · 全量 SKU · 2026-07-09,published
DJ505019_1,US DC 高架床 LLB-04  YL 私密堡垒储物款 T 尺寸 一件一箱 颜色->黑色,ALL,AMAZON,B,T4A,2.9799,1.5486,1.5486,92.38,48.01,48.01,114,3.6774,6 个月 · 全平台 · 全量 SKU · 2026-07-09,published
DJ505019_1,US DC 高架床 LLB-04  YL 私密堡垒储物款 T 尺寸 一件一箱 颜色->黑色,ALL,WALMART,B,T4B,0.3044,0.1636,0.1636,9.44,5.07,5.07,25,0.8065,6 个月 · 全平台 · 全量 SKU · 2026-07-09,published
DJ505019_2,US DC 高架床 LLB-04  YL 私密堡垒储物款 T 尺寸 一件一箱 颜色->白色,ALL,AMAZON,B,T3,6.5178,6.5700,6.5700,202.05,203.67,203.67,301,9.7097,6 个月 · 全平台 · 全量 SKU · 2026-07-09,published
DJ505019_2,US DC 高架床 LLB-04  YL 私密堡垒储物款 T 尺寸 一件一箱 颜色->白色,ALL,UNKNOWN,B,T4B,0.1714,0.0823,0.0823,5.31,2.55,2.55,13,0.4194,6 个月 · 全平台 · 全量 SKU · 2026-07-09,published
DJ505019_3,US DC 高架床 LLB-04  YL 私密堡垒储物款 T 尺寸 一件一箱 颜色->多色,ALL,AMAZON,C,T4B,1.2258,0.5884,0.5884,38.00,18.24,18.24,43,1.3871,6 个月 · 全平台 · 全量 SKU · 2026-07-09,published
DJ505019_3,US DC 高架床 LLB-04  YL 私密堡垒储物款 T 尺寸 一件一箱 颜色->多色,ALL,WALMART,C,T99,0.0000,0.0000,0.0000,0.00,0.00,0.00,6,0.1935,6 个月 · 全平台 · 全量 SKU · 2026-07-09,published
DJ505019_4,US DC 高架床 LLB-04  YL 私密堡垒储物款 T 尺寸 一件一箱 颜色->粉色,ALL,AMAZON,D,T4B,0.8214,0.3943,0.3943,25.46,12.22,12.22,67,2.1613,6 个月 · 全平台 · 全量 SKU · 2026-07-09,published
DJ505019_4,US DC 高架床 LLB-04  YL 私密堡垒储物款 T 尺寸 一件一箱 颜色->粉色,ALL,UNKNOWN,D,T99,0.0000,0.0000,0.0000,0.00,0.00,0.00,2,0.0645,6 个月 · 全平台 · 全量 SKU · 2026-07-09,published
DJ505019_4,US DC 高架床 LLB-04  YL 私密堡垒储物款 T 尺寸 一件一箱 颜色->粉色,ALL,WALMART,D,T99,0.0000,0.0000,0.0000,0.00,0.00,0.00,2,0.0645,6 个月 · 全平台 · 全量 SKU · 2026-07-09,published
DJ505023_1,US SD 1.5米纯板四抽带显示器支架电脑桌 一件一箱色颜色原木色,ALL,AMAZON,C,T99,0.0000,0.0000,0.0000,0.00,0.00,0.00,46,1.4839,6 个月 · 全平台 · 全量 SKU · 2026-07-09,published
DJ505023_1,US SD 1.5米纯板四抽带显示器支架电脑桌 一件一箱色颜色原木色,ALL,TIKTOK,C,T99,0.0000,0.0000,0.0000,0.00,0.00,0.00,3,0.0968,6 个月 · 全平台 · 全量 SKU · 2026-07-09,published
DJ505023_1,US SD 1.5米纯板四抽带显示器支架电脑桌 一件一箱色颜色原木色,ALL,UNKNOWN,C,T99,0.0000,0.0000,0.0000,0.00,0.00,0.00,10,0.3226,6 个月 · 全平台 · 全量 SKU · 2026-07-09,published
DJ505023_2,US SD 1.5米纯板四抽带显示器支架电脑桌 一件一箱 颜色->棕色,ALL,AMAZON,C,T99,0.0000,0.0000,0.0000,0.00,0.00,0.00,58,1.8710,6 个月 · 全平台 · 全量 SKU · 2026-07-09,published
DJ505023_2,US SD 1.5米纯板四抽带显示器支架电脑桌 一件一箱 颜色->棕色,ALL,TEMU,C,T99,0.0000,0.0000,0.0000,0.00,0.00,0.00,4,0.1290,6 个月 · 全平台 · 全量 SKU · 2026-07-09,published
DJ505023_2,US SD 1.5米纯板四抽带显示器支架电脑桌 一件一箱 颜色->棕色,ALL,UNKNOWN,C,T99,0.0000,0.0000,0.0000,0.00,0.00,0.00,21,0.6774,6 个月 · 全平台 · 全量 SKU · 2026-07-09,published
DJ505023_3,US SD 1.5米纯板四抽带显示器支架电脑桌 一件一箱 颜色->白麻,ALL,AMAZON,C,T99,0.0000,0.0000,0.0000,0.00,0.00,0.00,0,0.0000,6 个月 · 全平台 · 全量 SKU · 2026-07-09,published
DJ505023_3,US SD 1.5米纯板四抽带显示器支架电脑桌 一件一箱 颜色->白麻,ALL,TIKTOK,C,T99,0.0000,0.0000,0.0000,0.00,0.00,0.00,0,0.0000,6 个月 · 全平台 · 全量 SKU · 2026-07-09,published
DJ505023_3,US SD 1.5米纯板四抽带显示器支架电脑桌 一件一箱 颜色->白麻,ALL,UNKNOWN,C,T99,0.0000,0.0000,0.0000,0.00,0.00,0.00,0,0.0000,6 个月 · 全平台 · 全量 SKU · 2026-07-09,published
DJ505023_3,US SD 1.5米纯板四抽带显示器支架电脑桌 一件一箱 颜色->白麻,ALL,WALMART,C,T99,0.0000,0.0000,0.0000,0.00,0.00,0.00,0,0.0000,6 个月 · 全平台 · 全量 SKU · 2026-07-09,published
DJ505027_1,EU AG 6布抽角落床 90*200 一件两箱 颜色->火烧云,ALL,AMAZON,C,T4B,0.7467,0.3584,0.3584,23.15,11.11,11.11,30,0.9677,6 个月 · 全平台 · 全量 SKU · 2026-07-09,published
DJ505027_1,EU AG 6布抽角落床 90*200 一件两箱 颜色->火烧云,ALL,UNKNOWN,C,T4B,1.8604,1.0002,1.0002,57.67,31.01,31.01,44,1.4194,6 个月 · 全平台 · 全量 SKU · 2026-07-09,published
DJ505027_2,EU AG 6布抽角落床 90*200 一件两箱 颜色->白色,ALL,AMAZON,C,T4B,1.9632,0.9423,0.9423,60.86,29.21,29.21,26,0.8387,6 个月 · 全平台 · 全量 SKU · 2026-07-09,published
DJ505027_2,EU AG 6布抽角落床 90*200 一件两箱 颜色->白色,ALL,UNKNOWN,C,T4B,1.1049,0.5304,0.5304,34.25,16.44,16.44,47,1.5161,6 个月 · 全平台 · 全量 SKU · 2026-07-09,published
DJ505028_1,EU AG 6布抽角落床 140*200 一件两箱 颜色->火烧云,ALL,AMAZON,C,T4B,1.4407,0.7330,0.7330,44.66,22.72,22.72,49,1.5806,6 个月 · 全平台 · 全量 SKU · 2026-07-09,published
DJ505028_1,EU AG 6布抽角落床 140*200 一件两箱 颜色->火烧云,ALL,UNKNOWN,C,T4B,1.0374,0.5577,0.5577,32.16,17.29,17.29,18,0.5806,6 个月 · 全平台 · 全量 SKU · 2026-07-09,published
DJ505028_2,EU AG 6布抽角落床 140*200 一件两箱 颜色->白色,ALL,AMAZON,B,T4A,1.9550,0.9071,0.9071,60.61,28.12,28.12,29,0.9355,6 个月 · 全平台 · 全量 SKU · 2026-07-09,published
DJ505028_2,EU AG 6布抽角落床 140*200 一件两箱 颜色->白色,ALL,UNKNOWN,B,T4B,0.9280,0.4455,0.4455,28.77,13.81,13.81,28,0.9032,6 个月 · 全平台 · 全量 SKU · 2026-07-09,published
DJ505030_3,"EU KM BF-RX01 带床头悬浮床 双包  尺码>XXXL,180*200;颜色>白色,PU白",ALL,UNKNOWN,D,T99,0.0000,0.0000,0.0000,0.00,0.00,0.00,0,0.0000,6 个月 · 全平台 · 全量 SKU · 2026-07-09,published
DJ505030_4,"EU KM BF-RX01 带床头悬浮床 双包 尺码>XXXL,180*200;颜色>灰色,亚麻灰",ALL,AMAZON,D,T99,0.0000,0.0000,0.0000,0.00,0.00,0.00,0,0.0000,6 个月 · 全平台 · 全量 SKU · 2026-07-09,published
DJ505031_1,US SD L桌四抽两柜门竖条造型升降桌 一件两箱 颜色->原木色,ALL,AMAZON,C,T99,0.0000,0.0000,0.0000,0.00,0.00,0.00,209,6.7419,6 个月 · 全平台 · 全量 SKU · 2026-07-09,published
DJ505031_2,US SD L桌四抽两柜门竖条造型升降桌 一件两箱 颜色->棕色,ALL,AMAZON,C,T99,0.0000,0.0000,0.0000,0.00,0.00,0.00,341,11.0000,6 个月 · 全平台 · 全量 SKU · 2026-07-09,published
DJ505031_2,US SD L桌四抽两柜门竖条造型升降桌 一件两箱 颜色->棕色,ALL,TEMU,C,T99,0.0000,0.0000,0.0000,0.00,0.00,0.00,0,0.0000,6 个月 · 全平台 · 全量 SKU · 2026-07-09,published
DJ505031_2,US SD L桌四抽两柜门竖条造型升降桌 一件两箱 颜色->棕色,ALL,TIKTOK,C,T99,0.0000,0.0000,0.0000,0.00,0.00,0.00,0,0.0000,6 个月 · 全平台 · 全量 SKU · 2026-07-09,published
DJ505031_2,US SD L桌四抽两柜门竖条造型升降桌 一件两箱 颜色->棕色,ALL,UNKNOWN,C,T99,0.0000,0.0000,0.0000,0.00,0.00,0.00,0,0.0000,6 个月 · 全平台 · 全量 SKU · 2026-07-09,published
DJ505031_3,US SD L桌四抽两柜门竖条造型升降桌 一件两箱 颜色->黑色,ALL,AMAZON,C,T99,0.0000,0.0000,0.0000,0.00,0.00,0.00,99,3.1935,6 个月 · 全平台 · 全量 SKU · 2026-07-09,published
DJ505031_4,US SD L桌四抽两柜门美式升降桌 一件一箱 颜色->棕+白,ALL,AMAZON,D,T99,0.0000,0.0000,0.0000,0.00,0.00,0.00,50,1.6129,6 个月 · 全平台 · 全量 SKU · 2026-07-09,published
DJ505032_1,US R124款 屋顶书架低阁楼床 带灯带床头置物袋侧边挂袋，一件一箱 颜色->白色,ALL,UNKNOWN,C,T4B,0.8549,0.3488,0.3488,26.50,10.81,10.81,10,0.3226,6 个月 · 全平台 · 全量 SKU · 2026-07-09,published
DJ505032_1,US R124款 屋顶书架低阁楼床 带灯带床头置物袋侧边挂袋，一件一箱 颜色->白色,ALL,WALMART,C,T99,0.0000,0.0000,0.0000,0.00,0.00,0.00,3,0.0968,6 个月 · 全平台 · 全量 SKU · 2026-07-09,published
DJ505032_2,US R124款 屋顶书架低阁楼床 带灯带床头置物袋侧边挂袋，一件一箱 颜色->黑色,ALL,UNKNOWN,B,T4B,0.3346,0.1365,0.1365,10.37,4.23,4.23,23,0.7419,6 个月 · 全平台 · 全量 SKU · 2026-07-09,published
DJ505032_3,US R124款 屋顶书架低阁楼床 带灯带床头置物袋侧边挂袋，一件一箱 颜色->粉色,ALL,UNKNOWN,B,T4B,0.9209,0.4420,0.4420,28.55,13.70,13.70,80,2.5806,6 个月 · 全平台 · 全量 SKU · 2026-07-09,published
DJ505032_3,US R124款 屋顶书架低阁楼床 带灯带床头置物袋侧边挂袋，一件一箱 颜色->粉色,ALL,WALMART,B,T4B,0.3143,0.1690,0.1690,9.74,5.24,5.24,9,0.2903,6 个月 · 全平台 · 全量 SKU · 2026-07-09,published
DJ505033_1,EU DC 铁木床 CBF-01L HQ 方管软包角落床 606 90*190 米白色 一件一箱,ALL,TIKTOK,C,T99,0.0000,0.0000,0.0000,0.00,0.00,0.00,0,0.0000,6 个月 · 全平台 · 全量 SKU · 2026-07-09,published
DJ505033_1,EU DC 铁木床 CBF-01L HQ 方管软包角落床 606 90*190 米白色 一件一箱,ALL,UNKNOWN,C,T99,0.0000,0.0000,0.0000,0.00,0.00,0.00,0,0.0000,6 个月 · 全平台 · 全量 SKU · 2026-07-09,published
DJ505033_2,EU DC 铁木床 CBF-01L HQ 方管软包角落床 606 90*200 米白色 一件一箱,ALL,AMAZON,C,T99,0.0000,0.0000,0.0000,0.00,0.00,0.00,0,0.0000,6 个月 · 全平台 · 全量 SKU · 2026-07-09,published
DJ505033_2,EU DC 铁木床 CBF-01L HQ 方管软包角落床 606 90*200 米白色 一件一箱,ALL,UNKNOWN,C,T99,0.0000,0.0000,0.0000,0.00,0.00,0.00,0,0.0000,6 个月 · 全平台 · 全量 SKU · 2026-07-09,published
DJ505039_1,EU AG软包床 绒布四抽 1灯带 欧标3U+1T插排 1.4*1.9m 一件两箱  颜色->白,ALL,AMAZON,C,T4B,1.5511,0.8339,0.8339,48.08,25.85,25.85,223,7.1935,6 个月 · 全平台 · 全量 SKU · 2026-07-09,published
DJ505040_1,EU AG软包床 绒布四抽 1灯带 欧标3U+1T插排 1.4*2m 一件两箱 颜色->白色,ALL,AMAZON,C,T4B,0.9434,0.5072,0.5072,29.25,15.72,15.72,115,3.7097,6 个月 · 全平台 · 全量 SKU · 2026-07-09,published
DJ505041_1,EU AG软包床 棉麻两抽 1灯带 欧标3U+1T插排 0.9*2m 一件两箱 颜色->深灰色,ALL,AMAZON,C,T4B,0.9659,0.5193,0.5193,29.94,16.10,16.10,50,1.6129,6 个月 · 全平台 · 全量 SKU · 2026-07-09,published
DJ505042_1,EU AG软包床 棉麻四抽 1灯带 欧标3U+1T插排 1.4*1.9m 一件两箱  颜色->深灰色,ALL,AMAZON,C,T4B,1.8313,0.9845,0.9845,56.77,30.52,30.52,139,4.4839,6 个月 · 全平台 · 全量 SKU · 2026-07-09,published
DJ505043_1,EU FR浴室高柜 板竹结合 上下单开门 底柜单脏衣篮款H170 一件一箱 颜色->白色,ALL,AMAZON,C,T4B,2.0346,1.0352,1.0352,63.07,32.09,32.09,86,2.7742,6 个月 · 全平台 · 全量 SKU · 2026-07-09,published
DJ505044_1,EU FR浴室高柜 板竹结合 上下双开门 底柜双脏衣篮款H170 一件一箱 颜色->白色,ALL,AMAZON,C,T99,0.0000,0.0000,0.0000,0.00,0.00,0.00,171,5.5161,6 个月 · 全平台 · 全量 SKU · 2026-07-09,published
DJ505045_1,EU FR浴室面盆柜 板式 铣槽包覆柜门简约白 一件一箱 颜色->白色,ALL,AMAZON,C,T99,0.0000,0.0000,0.0000,0.00,0.00,0.00,1,0.0323,6 个月 · 全平台 · 全量 SKU · 2026-07-09,published
DJ505046_1,EU FR浴室镜柜 板式 LED镜 大小门铣槽包覆柜门简约白 一件一箱 颜色->白色,ALL,AMAZON,C,T4B,1.4918,0.8020,0.8020,46.25,24.86,24.86,81,2.6129,6 个月 · 全平台 · 全量 SKU · 2026-07-09,published
DJ505046_1,EU FR浴室镜柜 板式 LED镜 大小门铣槽包覆柜门简约白 一件一箱 颜色->白色,ALL,UNKNOWN,C,T99,0.0000,0.0000,0.0000,0.00,0.00,0.00,0,0.0000,6 个月 · 全平台 · 全量 SKU · 2026-07-09,published
DJ505047_1,EU FR浴室高柜 板式 上下单开门铣槽包覆柜门简约白H180 一件一箱 颜色->白色,ALL,AMAZON,C,T99,0.0000,0.0000,0.0000,0.00,0.00,0.00,0,0.0000,6 个月 · 全平台 · 全量 SKU · 2026-07-09,published
DJ505047_1,EU FR浴室高柜 板式 上下单开门铣槽包覆柜门简约白H180 一件一箱 颜色->白色,ALL,UNKNOWN,C,T99,0.0000,0.0000,0.0000,0.00,0.00,0.00,0,0.0000,6 个月 · 全平台 · 全量 SKU · 2026-07-09,published
DJ505048_1,"EU KM BF GY01 靠背储物液压床 双箱 尺码->L,140*190;颜色->白色,PU-白",ALL,AMAZON,C,T4B,0.6995,0.3760,0.3760,21.68,11.66,11.66,48,1.5484,6 个月 · 全平台 · 全量 SKU · 2026-07-09,published
DJ505048_11,EU KM BF GY01 靠背储物液压床 尺码->M 90*200 ;颜色->白色,ALL,UNKNOWN,C,T4B,1.4731,0.7919,0.7919,45.67,24.55,24.55,52,1.6774,6 个月 · 全平台 · 全量 SKU · 2026-07-09,published
DJ505048_12,EU KM BF GY01 靠背储物液压床 尺码->M90*200;颜色->灰色,ALL,UNKNOWN,C,T4B,1.6319,0.8773,0.8773,50.59,27.20,27.20,53,1.7097,6 个月 · 全平台 · 全量 SKU · 2026-07-09,published
DJ505048_3,"EU KM BF GY01 靠背储物液压床  双箱 尺码>XL,140*200;颜色>白色,PU-白",ALL,AMAZON,C,T4B,0.3143,0.1509,0.1509,9.74,4.68,4.68,12,0.3871,6 个月 · 全平台 · 全量 SKU · 2026-07-09,published
DJ505048_3,"EU KM BF GY01 靠背储物液压床  双箱 尺码>XL,140*200;颜色>白色,PU-白",ALL,UNKNOWN,C,T4B,1.0011,0.5382,0.5382,31.03,16.68,16.68,24,0.7742,6 个月 · 全平台 · 全量 SKU · 2026-07-09,published
DJ505048_5,"EU KM BF GY01 靠背储物液压床 双箱 尺码>XXL,160*200;颜色>白色,PU-白",ALL,AMAZON,C,T4B,0.6753,0.3436,0.3436,20.93,10.65,10.65,38,1.2258,6 个月 · 全平台 · 全量 SKU · 2026-07-09,published
DJ505048_5,"EU KM BF GY01 靠背储物液压床 双箱 尺码>XXL,160*200;颜色>白色,PU-白",ALL,UNKNOWN,C,T4B,0.3203,0.1722,0.1722,9.93,5.34,5.34,18,0.5806,6 个月 · 全平台 · 全量 SKU · 2026-07-09,published
DJ505048_6,"EU KM BF GY01 靠背储物液压床 双包 尺码>XXL,160*200;颜色>灰色,亚麻灰",ALL,AMAZON,C,T4B,0.6566,0.3152,0.3152,20.35,9.77,9.77,55,1.7742,6 个月 · 全平台 · 全量 SKU · 2026-07-09,published
DJ505048_6,"EU KM BF GY01 靠背储物液压床 双包 尺码>XXL,160*200;颜色>灰色,亚麻灰",ALL,UNKNOWN,C,T4B,0.6522,0.3506,0.3506,20.22,10.87,10.87,20,0.6452,6 个月 · 全平台 · 全量 SKU · 2026-07-09,published
DJ505048_7,"EU KM BF GY01 靠背储物液压床 双包 尺码>XXXL,180*200;颜色>白色,PU白",ALL,AMAZON,C,T4B,0.5203,0.2498,0.2498,16.13,7.74,7.74,23,0.7419,6 个月 · 全平台 · 全量 SKU · 2026-07-09,published
DJ505048_7,"EU KM BF GY01 靠背储物液压床 双包 尺码>XXXL,180*200;颜色>白色,PU白",ALL,UNKNOWN,C,T4B,1.0473,0.5630,0.5630,32.47,17.45,17.45,20,0.6452,6 个月 · 全平台 · 全量 SKU · 2026-07-09,published
DJ505048_8,"EU KM BF GY01 靠背储物液压床 双包 尺码>XXXL,180*200;颜色>灰色,亚麻灰",ALL,UNKNOWN,C,T4B,1.3593,0.7308,0.7308,42.14,22.65,22.65,38,1.2258,6 个月 · 全平台 · 全量 SKU · 2026-07-09,published
DJ505049_1,"EU DC铁木床LIW-01 床头一层盖板+灯带+插排 HQ 黑色+火烧色 一件一箱 ,90*200",ALL,AMAZON,C,T4B,1.2071,0.5794,0.5794,37.42,17.96,17.96,86,2.7742,6 个月 · 全平台 · 全量 SKU · 2026-07-09,published
DJ505049_1,"EU DC铁木床LIW-01 床头一层盖板+灯带+插排 HQ 黑色+火烧色 一件一箱 ,90*200",ALL,UNKNOWN,C,T99,0.0000,0.0000,0.0000,0.00,0.00,0.00,12,0.3871,6 个月 · 全平台 · 全量 SKU · 2026-07-09,published
DJ505049_2,EU DC铁木床LIW-01 床头一层盖板+灯带+插排 HQ 黑色+火烧色 一件一箱 120*200,ALL,AMAZON,C,T4B,0.8714,0.4183,0.4183,27.01,12.97,12.97,56,1.8065,6 个月 · 全平台 · 全量 SKU · 2026-07-09,published
DJ505049_3,EU DC铁木床LIW-01 床头一层盖板+灯带+插排 HQ 黑色+火烧色 一件一箱 140*190,ALL,AMAZON,C,T4B,2.3071,1.1074,1.1074,71.52,34.33,34.33,112,3.6129,6 个月 · 全平台 · 全量 SKU · 2026-07-09,published
DJ505049_3,EU DC铁木床LIW-01 床头一层盖板+灯带+插排 HQ 黑色+火烧色 一件一箱 140*190,ALL,UNKNOWN,C,T99,0.0000,0.0000,0.0000,0.00,0.00,0.00,0,0.0000,6 个月 · 全平台 · 全量 SKU · 2026-07-09,published
DJ505049_4,EU DC铁木床LIW-01 床头一层盖板+灯带+插排 HQ 黑色+火烧色 一件一箱 140*200,ALL,AMAZON,C,T4B,0.3786,0.1817,0.1817,11.74,5.63,5.63,59,1.9032,6 个月 · 全平台 · 全量 SKU · 2026-07-09,published
DJ505049_5,EU DC铁木床LIW-01 床头一层盖板+灯带+插排 HQ 黑色+火烧色 一件一箱 160*200,ALL,UNKNOWN,D,T99,0.0000,0.0000,0.0000,0.00,0.00,0.00,1,0.0323,6 个月 · 全平台 · 全量 SKU · 2026-07-09,published
DJ505049_6,EU DC铁木床LIW-01 床头一层盖板+灯带+插排 HQ 黑色+火烧色 一件一箱 180*200,ALL,AMAZON,D,T99,0.0000,0.0000,0.0000,0.00,0.00,0.00,86,2.7742,6 个月 · 全平台 · 全量 SKU · 2026-07-09,published
DJ505049_6,EU DC铁木床LIW-01 床头一层盖板+灯带+插排 HQ 黑色+火烧色 一件一箱 180*200,ALL,UNKNOWN,D,T99,0.0000,0.0000,0.0000,0.00,0.00,0.00,8,0.2581,6 个月 · 全平台 · 全量 SKU · 2026-07-09,published
DJ505050_1,EU BW铁木软包床LIWS-01 床头两层板+灯带+插排HQ 黑色+火烧色 一件一箱 90*200,ALL,AMAZON,C,T4B,1.1549,0.5876,0.5876,35.80,18.22,18.22,63,2.0323,6 个月 · 全平台 · 全量 SKU · 2026-07-09,published
DJ505050_2,EU BW铁木软包床LIWS-01 床头两层板+灯带+插排HQ 黑色+火烧色 一件一箱 120*200,ALL,AMAZON,C,T4B,1.1132,0.5664,0.5664,34.51,17.56,17.56,62,2.0000,6 个月 · 全平台 · 全量 SKU · 2026-07-09,published
DJ505050_3,EU BW铁木软包床LIWS-01 床头两层板+灯带+插排HQ 黑色+火烧色 一件一箱 140*190,ALL,AMAZON,D,T4B,1.3357,0.6411,0.6411,41.41,19.87,19.87,75,2.4194,6 个月 · 全平台 · 全量 SKU · 2026-07-09,published
DJ505050_4,EU BW铁木软包床LIWS-01 床头两层板+灯带+插排HQ 黑色+火烧色 一件一箱 140*200,ALL,AMAZON,C,T4B,1.1214,0.5383,0.5383,34.76,16.69,16.69,180,5.8065,6 个月 · 全平台 · 全量 SKU · 2026-07-09,published
DJ505050_5,EU BW铁木软包床LIWS-01 床头两层板+灯带+插排HQ 黑色+火烧色 一件一箱 160*200,ALL,AMAZON,D,T99,0.0000,0.0000,0.0000,0.00,0.00,0.00,50,1.6129,6 个月 · 全平台 · 全量 SKU · 2026-07-09,published
DJ505050_6,EU BW铁木软包床LIWS-01 床头两层板+灯带+插排HQ 黑色+火烧色 一件一箱 180*200,ALL,AMAZON,C,T4B,1.0555,0.5674,0.5674,32.72,17.59,17.59,137,4.4194,6 个月 · 全平台 · 全量 SKU · 2026-07-09,published
DJ505050_7,EU BW铁木软包床LIWS-01 床头两层板+灯带+插排HQ 黑色+火烧色 一件一箱 90*190,ALL,AMAZON,C,T4B,1.4813,0.7537,0.7537,45.92,23.36,23.36,43,1.3871,6 个月 · 全平台 · 全量 SKU · 2026-07-09,published
DJ505051_1,EU BW铁木软包床LIWS-01 床头两层板+灯带+插排HQ 白色+原木色 一件一箱90*200,ALL,AMAZON,C,T4B,1.3044,0.6261,0.6261,40.44,19.41,19.41,105,3.3871,6 个月 · 全平台 · 全量 SKU · 2026-07-09,published
DJ505051_2,EU BW铁木软包床LIWS-01 床头两层板+灯带+插排HQ 白色+原木色 一件一箱120*200,ALL,AMAZON,C,T4B,1.0907,0.5863,0.5863,33.81,18.18,18.18,54,1.7419,6 个月 · 全平台 · 全量 SKU · 2026-07-09,published
DJ505051_3,EU BW铁木软包床LIWS-01 床头两层板+灯带+插排HQ 白色+原木色 一件一箱140*190,ALL,AMAZON,B,T4B,2.5571,1.2274,1.2274,79.27,38.05,38.05,1,0.0323,6 个月 · 全平台 · 全量 SKU · 2026-07-09,published
DJ505051_4,EU BW铁木软包床LIWS-01 床头两层板+灯带+插排HQ 白色+原木色 一件一箱140*200,ALL,AMAZON,D,T99,0.0000,0.0000,0.0000,0.00,0.00,0.00,95,3.0645,6 个月 · 全平台 · 全量 SKU · 2026-07-09,published
DJ505051_5,EU BW铁木软包床LIWS-01 床头两层板+灯带+插排HQ 白色+原木色 一件一箱160*200,ALL,AMAZON,C,T4B,0.7143,0.3429,0.3429,22.14,10.63,10.63,63,2.0323,6 个月 · 全平台 · 全量 SKU · 2026-07-09,published
DJ505051_6,EU BW铁木软包床LIWS-01 床头两层板+灯带+插排HQ 白色+原木色 一件一箱180*200,ALL,AMAZON,C,T4B,0.9176,0.4933,0.4933,28.45,15.29,15.29,71,2.2903,6 个月 · 全平台 · 全量 SKU · 2026-07-09,published
DJ505051_7,"EU BW铁木软包床LIWS-01 床头两层板+灯带+插排HQ 白色+原木色 一件一箱,90*190",ALL,AMAZON,C,T4A,2.7817,1.3682,1.3682,86.23,42.41,42.41,33,1.0645,6 个月 · 全平台 · 全量 SKU · 2026-07-09,published
DJ505052_1,EU BW铁木软包床LIWS-01 床头两层板+灯带+插排HQ黑色pu+黑色一件一箱90*200,ALL,AMAZON,C,T4B,1.3258,0.6746,0.6746,41.10,20.91,20.91,59,1.9032,6 个月 · 全平台 · 全量 SKU · 2026-07-09,published
DJ505052_2,EU BW铁木软包床LIWS-01 床头两层板+灯带+插排HQ黑色pu+黑色一件一箱120*200,ALL,AMAZON,C,T4B,1.2681,0.6817,0.6817,39.31,21.13,21.13,34,1.0968,6 个月 · 全平台 · 全量 SKU · 2026-07-09,published
DJ505052_3,EU BW铁木软包床LIWS-01 床头两层板+灯带+插排HQ黑色pu+黑色一件一箱140*190,ALL,AMAZON,C,T4B,2.0753,1.0559,1.0559,64.33,32.73,32.73,91,2.9355,6 个月 · 全平台 · 全量 SKU · 2026-07-09,published
DJ505052_4,EU BW铁木软包床LIWS-01 床头两层板+灯带+插排HQ黑色pu+黑色一件一箱140*200,ALL,AMAZON,C,T4B,1.2126,0.6519,0.6519,37.59,20.21,20.21,69,2.2258,6 个月 · 全平台 · 全量 SKU · 2026-07-09,published
DJ505052_5,EU BW铁木软包床LIWS-01 床头两层板+灯带+插排HQ黑色pu+黑色一件一箱160*200,ALL,AMAZON,C,T4B,1.0643,0.5109,0.5109,32.99,15.84,15.84,88,2.8387,6 个月 · 全平台 · 全量 SKU · 2026-07-09,published
DJ505052_6,EU BW铁木软包床LIWS-01 床头两层板+灯带+插排HQ黑色pu+黑色一件一箱180*200,ALL,AMAZON,C,T4B,1.2495,0.6717,0.6717,38.73,20.82,20.82,62,2.0000,6 个月 · 全平台 · 全量 SKU · 2026-07-09,published
DJ505052_7,EU BW铁木软包床LIWS-01 床头两层板+灯带+插排HQ黑色pu+黑色一件一箱90*190,ALL,AMAZON,C,T4B,2.0934,1.1254,1.1254,64.90,34.89,34.89,64,2.0645,6 个月 · 全平台 · 全量 SKU · 2026-07-09,published
DJ505053,EU BW SCCC-01除臭鞋柜2翻盖+1储物格+塑料八层翻转 DFS 白色 一件一箱,ALL,AMAZON,C,T4B,0.6005,0.3229,0.3229,18.62,10.01,10.01,24,0.7742,6 个月 · 全平台 · 全量 SKU · 2026-07-09,published
DJ505054_1,EU BW 床头柜 窄柜 NSQL-01+感应灯+插排 DFS 白色 一件一箱,ALL,AMAZON,C,T4B,0.7379,0.3542,0.3542,22.87,10.98,10.98,23,0.7419,6 个月 · 全平台 · 全量 SKU · 2026-07-09,published
DJ505054_2,EU BW 床头柜 窄柜 NSQL-01+感应灯+插排 DFS 白色 两件一箱,ALL,AMAZON,C,T4B,0.9055,0.4868,0.4868,28.07,15.09,15.09,17,0.5484,6 个月 · 全平台 · 全量 SKU · 2026-07-09,published
DJ505055_1,EU BW 床头柜 三抽 NSQL-04+感应灯+插排 DFS 白色 一件一箱,ALL,AMAZON,C,T4B,0.7648,0.4112,0.4112,23.71,12.75,12.75,22,0.7097,6 个月 · 全平台 · 全量 SKU · 2026-07-09,published
DJ505055_2,EU BW 床头柜 三抽 NSQL-04+感应灯+插排 DFS 白色 两件一箱,ALL,AMAZON,C,T4B,0.8962,0.4560,0.4560,27.78,14.14,14.14,16,0.5161,6 个月 · 全平台 · 全量 SKU · 2026-07-09,published
DJ505057_1,US UA BF-RB 粉色天鹅绒床+抽屉  T尺寸 一个一箱 颜色->粉色,ALL,AMAZON,C,T4B,1.6033,0.8619,0.8619,49.70,26.72,26.72,0,0.0000,6 个月 · 全平台 · 全量 SKU · 2026-07-09,published
DJ505058_1,US UA DS-XF03  两列三层山纹黑色悬浮斗柜  一个一箱 颜色->黑色,ALL,AMAZON,C,T99,0.0000,0.0000,0.0000,0.00,0.00,0.00,0,0.0000,6 个月 · 全平台 · 全量 SKU · 2026-07-09,published
DJ505058_1,US UA DS-XF03  两列三层山纹黑色悬浮斗柜  一个一箱 颜色->黑色,ALL,TIKTOK,C,T99,0.0000,0.0000,0.0000,0.00,0.00,0.00,0,0.0000,6 个月 · 全平台 · 全量 SKU · 2026-07-09,published
DJ505058_1,US UA DS-XF03  两列三层山纹黑色悬浮斗柜  一个一箱 颜色->黑色,ALL,UNKNOWN,C,T99,0.0000,0.0000,0.0000,0.00,0.00,0.00,0,0.0000,6 个月 · 全平台 · 全量 SKU · 2026-07-09,published
DJ505058_1,US UA DS-XF03  两列三层山纹黑色悬浮斗柜  一个一箱 颜色->黑色,ALL,WALMART,C,T99,0.0000,0.0000,0.0000,0.00,0.00,0.00,0,0.0000,6 个月 · 全平台 · 全量 SKU · 2026-07-09,published
DJ505059_1,US UA BF-RB 粉色天鹅绒床+抽屉  F尺寸 一个一箱 颜色->粉色,ALL,AMAZON,C,T4B,0.5225,0.2659,0.2659,16.20,8.24,8.24,0,0.0000,6 个月 · 全平台 · 全量 SKU · 2026-07-09,published
DJ505061_1,"UK KM BF-TWC01 基础款尾抽床 单箱包 135*190 颜色->黑色,黑色+复古色",ALL,AMAZON,C,T99,0.0000,0.0000,0.0000,0.00,0.00,0.00,28,0.9032,6 个月 · 全平台 · 全量 SKU · 2026-07-09,published
DJ505061_2,"UK KM BF-TWC01 基础款尾抽床 单箱包  尺码->M,90*190;颜色->黑色,黑色+复古色",ALL,AMAZON,D,T99,0.0000,0.0000,0.0000,0.00,0.00,0.00,0,0.0000,6 个月 · 全平台 · 全量 SKU · 2026-07-09,published
DJ505062_1,US SD 1.2米翻转升降桌 一件一箱 颜色->火烧云,ALL,AMAZON,C,T4B,1.1725,0.5628,0.5628,36.35,17.45,17.45,139,4.4839,6 个月 · 全平台 · 全量 SKU · 2026-07-09,published
DJ505062_1,US SD 1.2米翻转升降桌 一件一箱 颜色->火烧云,ALL,UNKNOWN,C,T99,0.0000,0.0000,0.0000,0.00,0.00,0.00,2,0.0645,6 个月 · 全平台 · 全量 SKU · 2026-07-09,published
DJ505062_1,US SD 1.2米翻转升降桌 一件一箱 颜色->火烧云,ALL,WALMART,C,T4B,0.2879,0.1548,0.1548,8.92,4.80,4.80,30,0.9677,6 个月 · 全平台 · 全量 SKU · 2026-07-09,published
DJ505062_2,US SD 1.2米翻转升降桌 一件一箱 颜色->黑色,ALL,AMAZON,C,T4B,1.0918,0.4454,0.4454,33.85,13.81,13.81,39,1.2581,6 个月 · 全平台 · 全量 SKU · 2026-07-09,published
DJ505062_2,US SD 1.2米翻转升降桌 一件一箱 颜色->黑色,ALL,TIKTOK,C,T99,0.0000,0.0000,0.0000,0.00,0.00,0.00,0,0.0000,6 个月 · 全平台 · 全量 SKU · 2026-07-09,published
DJ505062_2,US SD 1.2米翻转升降桌 一件一箱 颜色->黑色,ALL,WALMART,C,T4B,0.2610,0.1403,0.1403,8.09,4.35,4.35,0,0.0000,6 个月 · 全平台 · 全量 SKU · 2026-07-09,published
DJ505062_3,US SD 1.2米翻转升降桌 一件一箱 颜色->白色,ALL,WALMART,C,T4B,0.1808,0.0920,0.0920,5.60,2.85,2.85,4,0.1290,6 个月 · 全平台 · 全量 SKU · 2026-07-09,published
DJ505063_1,US 竖条轻奢纯板角落桌 一件一箱 颜色->原木色,ALL,AMAZON,D,T99,0.0000,0.0000,0.0000,0.00,0.00,0.00,0,0.0000,6 个月 · 全平台 · 全量 SKU · 2026-07-09,published
DJ505063_1,US 竖条轻奢纯板角落桌 一件一箱 颜色->原木色,ALL,TEMU,D,T99,0.0000,0.0000,0.0000,0.00,0.00,0.00,0,0.0000,6 个月 · 全平台 · 全量 SKU · 2026-07-09,published
DJ505063_1,US 竖条轻奢纯板角落桌 一件一箱 颜色->原木色,ALL,UNKNOWN,D,T99,0.0000,0.0000,0.0000,0.00,0.00,0.00,0,0.0000,6 个月 · 全平台 · 全量 SKU · 2026-07-09,published
DJ505063_2,US 竖条轻奢纯板角落桌 一件一箱 颜色->黑麻,ALL,AMAZON,D,T99,0.0000,0.0000,0.0000,0.00,0.00,0.00,0,0.0000,6 个月 · 全平台 · 全量 SKU · 2026-07-09,published
DJ505066_1,EU AG 铁木软包转角床1.4*2m简约款拉网造型 一拖二灯带 欧规3U1T插排一件两箱 颜色->深灰色,ALL,AMAZON,C,T4B,1.9110,1.0273,1.0273,59.24,31.85,31.85,124,4.0000,6 个月 · 全平台 · 全量 SKU · 2026-07-09,published
DJ505066_2,EU AG 铁木软包转角床1.4*2m 简约款拉网造型 一拖二灯带 欧规3U1T插排 一件两箱 颜色->米白,ALL,AMAZON,D,T99,0.0000,0.0000,0.0000,0.00,0.00,0.00,25,0.8065,6 个月 · 全平台 · 全量 SKU · 2026-07-09,published
DJ505067_1,"US 床GS-920T 高背绘本架沙发床 含灯带、插盘 99*190 颜色->#1,纯黑",ALL,UNKNOWN,D,T4B,0.2104,0.1131,0.1131,6.52,3.51,3.51,14,0.4516,6 个月 · 全平台 · 全量 SKU · 2026-07-09,published
DJ505067_2,"US 床GS-920T 高背绘本架沙发床 含灯带、插盘 99*190 颜色->#2,纯白",ALL,AMAZON,D,T4B,0.6093,0.2486,0.2486,18.89,7.71,7.71,11,0.3548,6 个月 · 全平台 · 全量 SKU · 2026-07-09,published
DJ505067_2,"US 床GS-920T 高背绘本架沙发床 含灯带、插盘 99*190 颜色->#2,纯白",ALL,UNKNOWN,D,T4B,0.5236,0.2815,0.2815,16.23,8.73,8.73,0,0.0000,6 个月 · 全平台 · 全量 SKU · 2026-07-09,published
DJ505067_2,"US 床GS-920T 高背绘本架沙发床 含灯带、插盘 99*190 颜色->#2,纯白",ALL,WALMART,D,T99,0.0000,0.0000,0.0000,0.00,0.00,0.00,0,0.0000,6 个月 · 全平台 · 全量 SKU · 2026-07-09,published
DJ505068_1,US AG 高架布抽角落床 T 一件一箱 颜色->火烧云,ALL,WALMART,C,T99,0.0000,0.0000,0.0000,0.00,0.00,0.00,3,0.0968,6 个月 · 全平台 · 全量 SKU · 2026-07-09,published
DJ505068_3,US AG 高架布抽角落床 T 一件一箱 颜色->粉色,ALL,AMAZON,B,T4A,2.4982,1.2287,1.2287,77.44,38.09,38.09,96,3.0968,6 个月 · 全平台 · 全量 SKU · 2026-07-09,published
DJ505068_3,US AG 高架布抽角落床 T 一件一箱 颜色->粉色,ALL,WALMART,B,T4B,0.1423,0.0765,0.0765,4.41,2.37,2.37,6,0.1935,6 个月 · 全平台 · 全量 SKU · 2026-07-09,published
DJ505068_4,US AG 高架布抽角落床 T 一件一箱 颜色->白色,ALL,AMAZON,C,T4B,1.7747,0.8519,0.8519,55.02,26.41,26.41,84,2.7097,6 个月 · 全平台 · 全量 SKU · 2026-07-09,published
DJ505068_4,US AG 高架布抽角落床 T 一件一箱 颜色->白色,ALL,UNKNOWN,C,T4B,0.3275,0.1572,0.1572,10.15,4.87,4.87,50,1.6129,6 个月 · 全平台 · 全量 SKU · 2026-07-09,published
DJ505068_4,US AG 高架布抽角落床 T 一件一箱 颜色->白色,ALL,WALMART,C,T99,0.0000,0.0000,0.0000,0.00,0.00,0.00,6,0.1935,6 个月 · 全平台 · 全量 SKU · 2026-07-09,published
DJ505069_1,US AG 高架布抽角落床 F 一件一箱 颜色->火烧云,ALL,UNKNOWN,C,T4B,0.4440,0.2131,0.2131,13.76,6.61,6.61,25,0.8065,6 个月 · 全平台 · 全量 SKU · 2026-07-09,published
DJ505069_1,US AG 高架布抽角落床 F 一件一箱 颜色->火烧云,ALL,WALMART,C,T4B,0.1648,0.0839,0.0839,5.11,2.60,2.60,18,0.5806,6 个月 · 全平台 · 全量 SKU · 2026-07-09,published
DJ505069_2,US AG 高架布抽角落床 F 一件一箱 颜色->灰色,ALL,WALMART,B,T4B,0.4324,0.2076,0.2076,13.40,6.44,6.44,18,0.5806,6 个月 · 全平台 · 全量 SKU · 2026-07-09,published
DJ505069_3,US AG 高架布抽角落床 F 一件一箱 颜色->粉色,ALL,AMAZON,C,T4B,2.1099,0.8608,0.8608,65.41,26.68,26.68,90,2.9032,6 个月 · 全平台 · 全量 SKU · 2026-07-09,published
DJ505069_3,US AG 高架布抽角落床 F 一件一箱 颜色->粉色,ALL,UNKNOWN,C,T4B,0.3203,0.1722,0.1722,9.93,5.34,5.34,34,1.0968,6 个月 · 全平台 · 全量 SKU · 2026-07-09,published
DJ505069_4,US AG 高架布抽角落床 F 一件一箱 颜色->白色,ALL,AMAZON,B,T4A,2.0620,1.0142,1.0142,63.92,31.44,31.44,121,3.9032,6 个月 · 全平台 · 全量 SKU · 2026-07-09,published
DJ505069_4,US AG 高架布抽角落床 F 一件一箱 颜色->白色,ALL,UNKNOWN,B,T4B,0.6901,0.3710,0.3710,21.39,11.50,11.50,44,1.4194,6 个月 · 全平台 · 全量 SKU · 2026-07-09,published
DJ505069_4P11,US AG 高架布抽角落床 F 一件一箱 4个把手+把手螺丝+4个白色布抽 一套一包,ALL,AMAZON,D,T4B,2.0000,0.9600,0.9600,62.00,29.76,29.76,62,2.0000,6 个月 · 全平台 · 全量 SKU · 2026-07-09,published
DJ505070_1,EU AG JYH210 棉麻软包气杆床 靠背2档调节 双灯带 90*200cm 一件两箱 颜色->深灰色,ALL,AMAZON,C,T4B,1.8088,0.8682,0.8682,56.07,26.91,26.91,29,0.9355,6 个月 · 全平台 · 全量 SKU · 2026-07-09,published
DJ505070_1,EU AG JYH210 棉麻软包气杆床 靠背2档调节 双灯带 90*200cm 一件两箱 颜色->深灰色,ALL,UNKNOWN,C,T4B,0.6929,0.3326,0.3326,21.48,10.31,10.31,13,0.4194,6 个月 · 全平台 · 全量 SKU · 2026-07-09,published
DJ505070_2,EU AG JYH210 棉麻软包气杆床 靠背2档调节 双灯带 90*200cm 一件两箱 颜色->米白,ALL,AMAZON,C,T4B,0.8044,0.4093,0.4093,24.94,12.69,12.69,49,1.5806,6 个月 · 全平台 · 全量 SKU · 2026-07-09,published
DJ505070_2,EU AG JYH210 棉麻软包气杆床 靠背2档调节 双灯带 90*200cm 一件两箱 颜色->米白,ALL,UNKNOWN,C,T4B,0.1714,0.0823,0.0823,5.31,2.55,2.55,13,0.4194,6 个月 · 全平台 · 全量 SKU · 2026-07-09,published
DJ505071_1,EU AG JYH208 棉麻软包气杆床 三灯带 90*200cm 一件两箱 颜色->深灰色,ALL,AMAZON,C,T4B,1.0868,0.5217,0.5217,33.69,16.17,16.17,26,0.8387,6 个月 · 全平台 · 全量 SKU · 2026-07-09,published
DJ505071_1,EU AG JYH208 棉麻软包气杆床 三灯带 90*200cm 一件两箱 颜色->深灰色,ALL,UNKNOWN,C,T4B,0.2786,0.1337,0.1337,8.64,4.14,4.14,5,0.1613,6 个月 · 全平台 · 全量 SKU · 2026-07-09,published
DJ505071_2,EU AG JYH208 棉麻软包气杆床 三灯带 90*200cm 一件两箱 颜色->米白,ALL,AMAZON,C,T4B,1.0038,0.4096,0.4096,31.12,12.70,12.70,20,0.6452,6 个月 · 全平台 · 全量 SKU · 2026-07-09,published
DJ505072_1,US 61inch凹槽竖条电动升降电视柜 一件两箱 颜色->原木色,ALL,AMAZON,B,T99,0.0000,0.0000,0.0000,0.00,0.00,0.00,0,0.0000,6 个月 · 全平台 · 全量 SKU · 2026-07-09,published
DJ505072_1,US 61inch凹槽竖条电动升降电视柜 一件两箱 颜色->原木色,ALL,TEMU,B,T99,0.0000,0.0000,0.0000,0.00,0.00,0.00,0,0.0000,6 个月 · 全平台 · 全量 SKU · 2026-07-09,published
DJ505072_1,US 61inch凹槽竖条电动升降电视柜 一件两箱 颜色->原木色,ALL,UNKNOWN,B,T99,0.0000,0.0000,0.0000,0.00,0.00,0.00,0,0.0000,6 个月 · 全平台 · 全量 SKU · 2026-07-09,published
DJ505072_1,US 61inch凹槽竖条电动升降电视柜 一件两箱 颜色->原木色,ALL,WALMART,B,T99,0.0000,0.0000,0.0000,0.00,0.00,0.00,0,0.0000,6 个月 · 全平台 · 全量 SKU · 2026-07-09,published
DJ505072_2,US 61inch凹槽竖条电动升降电视柜 一件两箱 颜色->黑色,ALL,AMAZON,B,T99,0.0000,0.0000,0.0000,0.00,0.00,0.00,0,0.0000,6 个月 · 全平台 · 全量 SKU · 2026-07-09,published
DJ505072_2,US 61inch凹槽竖条电动升降电视柜 一件两箱 颜色->黑色,ALL,TEMU,B,T99,0.0000,0.0000,0.0000,0.00,0.00,0.00,0,0.0000,6 个月 · 全平台 · 全量 SKU · 2026-07-09,published
DJ505072_2,US 61inch凹槽竖条电动升降电视柜 一件两箱 颜色->黑色,ALL,UNKNOWN,B,T99,0.0000,0.0000,0.0000,0.00,0.00,0.00,0,0.0000,6 个月 · 全平台 · 全量 SKU · 2026-07-09,published
DJ505072_2,US 61inch凹槽竖条电动升降电视柜 一件两箱 颜色->黑色,ALL,WALMART,B,T99,0.0000,0.0000,0.0000,0.00,0.00,0.00,0,0.0000,6 个月 · 全平台 · 全量 SKU · 2026-07-09,published
DJ505075_1,US 1.5m双抽竖条轻奢风单人桌 一件一箱 颜色->原木色,ALL,AMAZON,D,T99,0.0000,0.0000,0.0000,0.00,0.00,0.00,0,0.0000,6 个月 · 全平台 · 全量 SKU · 2026-07-09,published
DJ505075_1,US 1.5m双抽竖条轻奢风单人桌 一件一箱 颜色->原木色,ALL,TEMU,D,T99,0.0000,0.0000,0.0000,0.00,0.00,0.00,0,0.0000,6 个月 · 全平台 · 全量 SKU · 2026-07-09,published
DJ505075_1,US 1.5m双抽竖条轻奢风单人桌 一件一箱 颜色->原木色,ALL,TIKTOK,D,T99,0.0000,0.0000,0.0000,0.00,0.00,0.00,0,0.0000,6 个月 · 全平台 · 全量 SKU · 2026-07-09,published
DJ505075_1,US 1.5m双抽竖条轻奢风单人桌 一件一箱 颜色->原木色,ALL,UNKNOWN,D,T99,0.0000,0.0000,0.0000,0.00,0.00,0.00,0,0.0000,6 个月 · 全平台 · 全量 SKU · 2026-07-09,published
DJ505075_1,US 1.5m双抽竖条轻奢风单人桌 一件一箱 颜色->原木色,ALL,WALMART,D,T99,0.0000,0.0000,0.0000,0.00,0.00,0.00,0,0.0000,6 个月 · 全平台 · 全量 SKU · 2026-07-09,published
DJ505075_2,US 1.5m双抽竖条轻奢风单人桌 一件一箱 颜色->黑麻,ALL,AMAZON,D,T99,0.0000,0.0000,0.0000,0.00,0.00,0.00,0,0.0000,6 个月 · 全平台 · 全量 SKU · 2026-07-09,published
DJ505075_2,US 1.5m双抽竖条轻奢风单人桌 一件一箱 颜色->黑麻,ALL,TIKTOK,D,T99,0.0000,0.0000,0.0000,0.00,0.00,0.00,0,0.0000,6 个月 · 全平台 · 全量 SKU · 2026-07-09,published
DJ505078_1,US UA OTS-TC01 带推车侧架马桶柜三七分铣槽门板 一件一箱 颜色->白色,ALL,TEMU,B,T99,0.0000,0.0000,0.0000,0.00,0.00,0.00,8,0.2581,6 个月 · 全平台 · 全量 SKU · 2026-07-09,published
DJ505078_1,US UA OTS-TC01 带推车侧架马桶柜三七分铣槽门板 一件一箱 颜色->白色,ALL,UNKNOWN,B,T99,0.0000,0.0000,0.0000,0.00,0.00,0.00,47,1.5161,6 个月 · 全平台 · 全量 SKU · 2026-07-09,published
DJ505078_1,US UA OTS-TC01 带推车侧架马桶柜三七分铣槽门板 一件一箱 颜色->白色,ALL,WALMART,B,T99,0.0000,0.0000,0.0000,0.00,0.00,0.00,0,0.0000,6 个月 · 全平台 · 全量 SKU · 2026-07-09,published
DJ505078_2,US UA OTS-TC01 带推车侧架马桶柜三七分铣槽门板 一件一箱 颜色->黑色,ALL,TIKTOK,B,T99,0.0000,0.0000,0.0000,0.00,0.00,0.00,7,0.2258,6 个月 · 全平台 · 全量 SKU · 2026-07-09,published
DJ505078_2,US UA OTS-TC01 带推车侧架马桶柜三七分铣槽门板 一件一箱 颜色->黑色,ALL,WALMART,B,T4B,0.1330,0.0638,0.0638,4.12,1.98,1.98,8,0.2581,6 个月 · 全平台 · 全量 SKU · 2026-07-09,published
DJ505079_1,US UA BK-GD01 高款拱顶书柜带推车 一件一箱 颜色->黑色,ALL,AMAZON,B,T3,3.0509,3.1011,3.1011,94.58,96.13,96.13,114,3.6774,6 个月 · 全平台 · 全量 SKU · 2026-07-09,published
DJ505079_1,US UA BK-GD01 高款拱顶书柜带推车 一件一箱 颜色->黑色,ALL,UNKNOWN,B,T4B,0.5995,0.2877,0.2877,18.58,8.92,8.92,59,1.9032,6 个月 · 全平台 · 全量 SKU · 2026-07-09,published
DJ505079_1,US UA BK-GD01 高款拱顶书柜带推车 一件一箱 颜色->黑色,ALL,WALMART,B,T4B,0.3115,0.1495,0.1495,9.66,4.63,4.63,16,0.5161,6 个月 · 全平台 · 全量 SKU · 2026-07-09,published
DJ505079_2,"US UA BK-GD01 高款拱顶书柜带推车 一件一箱 颜色->黄色,橡木色",ALL,AMAZON,B,T4A,2.7297,1.2666,1.2666,84.62,39.26,39.26,111,3.5806,6 个月 · 全平台 · 全量 SKU · 2026-07-09,published
DJ505079_2,"US UA BK-GD01 高款拱顶书柜带推车 一件一箱 颜色->黄色,橡木色",ALL,UNKNOWN,B,T4B,0.9890,0.5032,0.5032,30.66,15.60,15.60,6,0.1935,6 个月 · 全平台 · 全量 SKU · 2026-07-09,published
DJ505079_3,US UA BK-GD01 高款拱顶书柜带推车 一件一箱 颜色->棕色G29024I,ALL,AMAZON,C,T4B,1.2643,0.6069,0.6069,39.19,18.81,18.81,74,2.3871,6 个月 · 全平台 · 全量 SKU · 2026-07-09,published
DJ505079_3,US UA BK-GD01 高款拱顶书柜带推车 一件一箱 颜色->棕色G29024I,ALL,UNKNOWN,C,T4B,0.2000,0.0960,0.0960,6.20,2.98,2.98,63,2.0323,6 个月 · 全平台 · 全量 SKU · 2026-07-09,published
DJ505079_3,US UA BK-GD01 高款拱顶书柜带推车 一件一箱 颜色->棕色G29024I,ALL,WALMART,C,T4B,0.1929,0.0926,0.0926,5.98,2.87,2.87,21,0.6774,6 个月 · 全平台 · 全量 SKU · 2026-07-09,published
DJ505082_1,"US UA OTS-TC02 带推车侧架马桶柜农舍风双吊轨门 一件一箱 颜色->白色,做旧白+胡桃木",ALL,UNKNOWN,C,T99,0.0000,0.0000,0.0000,0.00,0.00,0.00,12,0.3871,6 个月 · 全平台 · 全量 SKU · 2026-07-09,published
DJ505082_1,"US UA OTS-TC02 带推车侧架马桶柜农舍风双吊轨门 一件一箱 颜色->白色,做旧白+胡桃木",ALL,WALMART,C,T99,0.0000,0.0000,0.0000,0.00,0.00,0.00,13,0.4194,6 个月 · 全平台 · 全量 SKU · 2026-07-09,published
DJ505083_1,"EU KM BF-TG01基础款铁木拐角床 单箱 尺码>M,90*200;颜色>黑色,亚麻灰+山纹黑",ALL,TIKTOK,C,T99,0.0000,0.0000,0.0000,0.00,0.00,0.00,22,0.7097,6 个月 · 全平台 · 全量 SKU · 2026-07-09,published
DJ505083_1,"EU KM BF-TG01基础款铁木拐角床 单箱 尺码>M,90*200;颜色>黑色,亚麻灰+山纹黑",ALL,UNKNOWN,C,T4B,0.7220,0.3881,0.3881,22.38,12.03,12.03,38,1.2258,6 个月 · 全平台 · 全量 SKU · 2026-07-09,published
DJ505083_2,"EU KM BF-TG01基础款铁木拐角床 单箱 尺码>S,90*190;颜色>黑色,亚麻灰+山纹黑",ALL,AMAZON,C,T4B,0.4286,0.2057,0.2057,13.29,6.38,6.38,22,0.7097,6 个月 · 全平台 · 全量 SKU · 2026-07-09,published
DJ505083_2,"EU KM BF-TG01基础款铁木拐角床 单箱 尺码>S,90*190;颜色>黑色,亚麻灰+山纹黑",ALL,TIKTOK,C,T99,0.0000,0.0000,0.0000,0.00,0.00,0.00,19,0.6129,6 个月 · 全平台 · 全量 SKU · 2026-07-09,published
DJ505084_1,EU BW铁木软包床LIWS-01 床尾两抽屉 黑色+火烧色 HQ 一件一箱140*190,ALL,AMAZON,C,T4B,0.5571,0.2674,0.2674,17.27,8.29,8.29,118,3.8065,6 个月 · 全平台 · 全量 SKU · 2026-07-09,published
DJ505084_2,EU BW铁木软包床LIWS-01 床尾两抽屉 黑色+火烧色 HQ 一件一箱140*200,ALL,AMAZON,C,T4B,0.5786,0.2777,0.2777,17.94,8.61,8.61,61,1.9677,6 个月 · 全平台 · 全量 SKU · 2026-07-09,published
DJ505086_1,US DC PU床 双侧LED USB款 Q 黑色 HQ一件一箱,ALL,AMAZON,B,T4B,1.9341,0.7891,0.7891,59.96,24.46,24.46,68,2.1935,6 个月 · 全平台 · 全量 SKU · 2026-07-09,published
DJ505086_1,US DC PU床 双侧LED USB款 Q 黑色 HQ一件一箱,ALL,UNKNOWN,B,T4B,1.0896,0.5544,0.5544,33.78,17.19,17.19,2,0.0645,6 个月 · 全平台 · 全量 SKU · 2026-07-09,published
DJ505086_2,US DC PU床 双侧LED USB款 K 黑色 HQ一件一箱,ALL,AMAZON,C,T4A,2.0011,0.9285,0.9285,62.03,28.78,28.78,61,1.9677,6 个月 · 全平台 · 全量 SKU · 2026-07-09,published
DJ505086_2,US DC PU床 双侧LED USB款 K 黑色 HQ一件一箱,ALL,UNKNOWN,C,T4B,0.4566,0.2192,0.2192,14.15,6.80,6.80,3,0.0968,6 个月 · 全平台 · 全量 SKU · 2026-07-09,published
DJ505086_2,US DC PU床 双侧LED USB款 K 黑色 HQ一件一箱,ALL,WALMART,C,T4B,0.6764,0.3247,0.3247,20.97,10.07,10.07,8,0.2581,6 个月 · 全平台 · 全量 SKU · 2026-07-09,published
DJ505087_1,EU AG 6布抽角落床 90*190 一件两箱 颜色->火烧云,ALL,AMAZON,C,T4B,0.3962,0.2130,0.2130,12.28,6.60,6.60,18,0.5806,6 个月 · 全平台 · 全量 SKU · 2026-07-09,published
DJ505087_1,EU AG 6布抽角落床 90*190 一件两箱 颜色->火烧云,ALL,UNKNOWN,C,T99,0.0000,0.0000,0.0000,0.00,0.00,0.00,4,0.1290,6 个月 · 全平台 · 全量 SKU · 2026-07-09,published
DJ505088_1,EU AG 6布抽角落床 140*190 一件两箱 颜色->火烧云,ALL,AMAZON,C,T4B,0.8148,0.4381,0.4381,25.26,13.58,13.58,29,0.9355,6 个月 · 全平台 · 全量 SKU · 2026-07-09,published
DJ505088_1,EU AG 6布抽角落床 140*190 一件两箱 颜色->火烧云,ALL,UNKNOWN,C,T99,0.0000,0.0000,0.0000,0.00,0.00,0.00,2,0.0645,6 个月 · 全平台 · 全量 SKU · 2026-07-09,published
DJ505088_2,EU AG 6布抽角落床 140*190 一件两箱 颜色->白色,ALL,AMAZON,C,T99,0.0000,0.0000,0.0000,0.00,0.00,0.00,66,2.1290,6 个月 · 全平台 · 全量 SKU · 2026-07-09,published
DJ505088_2,EU AG 6布抽角落床 140*190 一件两箱 颜色->白色,ALL,UNKNOWN,C,T99,0.0000,0.0000,0.0000,0.00,0.00,0.00,4,0.1290,6 个月 · 全平台 · 全量 SKU · 2026-07-09,published
DJ505090_1,US SD 2.8米双人7抽带单柜门桌 一件两箱 颜色->黑麻+棕色,ALL,AMAZON,C,T99,0.0000,0.0000,0.0000,0.00,0.00,0.00,0,0.0000,6 个月 · 全平台 · 全量 SKU · 2026-07-09,published
DJ505090_3,US SD 2.8米双人7抽带单柜门桌 一件两箱 颜色->I27014K木纹色,ALL,AMAZON,D,T99,0.0000,0.0000,0.0000,0.00,0.00,0.00,0,0.0000,6 个月 · 全平台 · 全量 SKU · 2026-07-09,published
DJ505091_1,HS NSB-02 边柜 纯木 带插板底座款 上空双抽 DFS 颜色->黑色,ALL,AMAZON,B,T3,6.0836,5.8038,5.8038,188.59,179.92,179.92,132,4.2581,6 个月 · 全平台 · 全量 SKU · 2026-07-09,published
DJ505091_1,HS NSB-02 边柜 纯木 带插板底座款 上空双抽 DFS 颜色->黑色,ALL,TIKTOK,B,T99,0.0000,0.0000,0.0000,0.00,0.00,0.00,2,0.0645,6 个月 · 全平台 · 全量 SKU · 2026-07-09,published
DJ505092_1,HS NSB-03L 边柜 纯木 带插板底座款 上空三抽 DFS 颜色->黑色,ALL,AMAZON,C,T4A,2.4298,1.1274,1.1274,75.32,34.95,34.95,58,1.8710,6 个月 · 全平台 · 全量 SKU · 2026-07-09,published
DJ505093_1,US TA 六层置物架+灯带+排插 一件一箱 颜色-> 颜色->火烧云,ALL,AMAZON,C,T4A,3.3144,1.7224,1.7224,102.75,53.39,53.39,167,5.3871,6 个月 · 全平台 · 全量 SKU · 2026-07-09,published
DJ505093_1,US TA 六层置物架+灯带+排插 一件一箱 颜色-> 颜色->火烧云,ALL,TEMU,C,T99,0.0000,0.0000,0.0000,0.00,0.00,0.00,32,1.0323,6 个月 · 全平台 · 全量 SKU · 2026-07-09,published
DJ505093_1,US TA 六层置物架+灯带+排插 一件一箱 颜色-> 颜色->火烧云,ALL,UNKNOWN,C,T99,0.0000,0.0000,0.0000,0.00,0.00,0.00,13,0.4194,6 个月 · 全平台 · 全量 SKU · 2026-07-09,published
DJ505093_1,US TA 六层置物架+灯带+排插 一件一箱 颜色-> 颜色->火烧云,ALL,WALMART,C,T99,0.0000,0.0000,0.0000,0.00,0.00,0.00,18,0.5806,6 个月 · 全平台 · 全量 SKU · 2026-07-09,published
DJ505093_2,US TA 六层置物架+灯带+排插 一件一箱 颜色-> 颜色->黑色,ALL,AMAZON,B,T4A,2.1305,1.0479,1.0479,66.05,32.48,32.48,95,3.0645,6 个月 · 全平台 · 全量 SKU · 2026-07-09,published
DJ505093_2,US TA 六层置物架+灯带+排插 一件一箱 颜色-> 颜色->黑色,ALL,TEMU,B,T4B,1.2022,0.6463,0.6463,37.27,20.04,20.04,25,0.8065,6 个月 · 全平台 · 全量 SKU · 2026-07-09,published
DJ505093_3,US TA 六层置物架+灯带+排插 一件一箱 颜色-> 颜色->白色,ALL,AMAZON,C,T4B,1.3352,0.6409,0.6409,41.39,19.87,19.87,23,0.7419,6 个月 · 全平台 · 全量 SKU · 2026-07-09,published
DJ505093_3,US TA 六层置物架+灯带+排插 一件一箱 颜色-> 颜色->白色,ALL,TEMU,C,T99,0.0000,0.0000,0.0000,0.00,0.00,0.00,17,0.5484,6 个月 · 全平台 · 全量 SKU · 2026-07-09,published
DJ505093_3,US TA 六层置物架+灯带+排插 一件一箱 颜色-> 颜色->白色,ALL,WALMART,C,T99,0.0000,0.0000,0.0000,0.00,0.00,0.00,14,0.4516,6 个月 · 全平台 · 全量 SKU · 2026-07-09,published
DJ505094_1,"US HA 储物柜 DT45 5抽凹槽无把手高柜一件一箱 颜色->#1,黑麻",ALL,AMAZON,C,T4B,0.9918,0.4046,0.4046,30.75,12.54,12.54,0,0.0000,6 个月 · 全平台 · 全量 SKU · 2026-07-09,published
DJ505094_2,"US HA 储物柜 DT45 5抽凹槽无把手高柜一件一箱 颜色->#2,白麻",ALL,AMAZON,D,T99,0.0000,0.0000,0.0000,0.00,0.00,0.00,0,0.0000,6 个月 · 全平台 · 全量 SKU · 2026-07-09,published
DJ505098_1,"EU KM-SC YQ01 90CM侧抽水槽柜 颜色->白色,油漆-白",ALL,AMAZON,D,T99,0.0000,0.0000,0.0000,0.00,0.00,0.00,0,0.0000,6 个月 · 全平台 · 全量 SKU · 2026-07-09,published
DJ505099_1,"US 床GS-888T儿童双层床+集合绘本储物 含灯带、插排99*190 颜色->#1,白色",ALL,AMAZON,B,T99,0.0000,0.0000,0.0000,0.00,0.00,0.00,7,0.2258,6 个月 · 全平台 · 全量 SKU · 2026-07-09,published
DJ505099_1,"US 床GS-888T儿童双层床+集合绘本储物 含灯带、插排99*190 颜色->#1,白色",ALL,TIKTOK,B,T99,0.0000,0.0000,0.0000,0.00,0.00,0.00,2,0.0645,6 个月 · 全平台 · 全量 SKU · 2026-07-09,published
DJ505099_1,"US 床GS-888T儿童双层床+集合绘本储物 含灯带、插排99*190 颜色->#1,白色",ALL,UNKNOWN,B,T99,0.0000,0.0000,0.0000,0.00,0.00,0.00,33,1.0645,6 个月 · 全平台 · 全量 SKU · 2026-07-09,published
DJ505099_2,"US 床GS-888T儿童双层床+集合绘本储物 含灯带、插排99*190 颜色->#2,火烧云",ALL,TIKTOK,B,T99,0.0000,0.0000,0.0000,0.00,0.00,0.00,2,0.0645,6 个月 · 全平台 · 全量 SKU · 2026-07-09,published
DJ505099_2,"US 床GS-888T儿童双层床+集合绘本储物 含灯带、插排99*190 颜色->#2,火烧云",ALL,WALMART,B,T4B,0.2198,0.1055,0.1055,6.81,3.27,3.27,5,0.1613,6 个月 · 全平台 · 全量 SKU · 2026-07-09,published
DJ505099_3,"US 床GS-888T儿童双层床+集合绘本储物 含灯带、插排99*190 颜色->#3,粉色",ALL,AMAZON,B,T4B,0.4896,0.1997,0.1997,15.18,6.19,6.19,36,1.1613,6 个月 · 全平台 · 全量 SKU · 2026-07-09,published
DJ505099_3,"US 床GS-888T儿童双层床+集合绘本储物 含灯带、插排99*190 颜色->#3,粉色",ALL,TIKTOK,B,T99,0.0000,0.0000,0.0000,0.00,0.00,0.00,0,0.0000,6 个月 · 全平台 · 全量 SKU · 2026-07-09,published
DJ505099_3,"US 床GS-888T儿童双层床+集合绘本储物 含灯带、插排99*190 颜色->#3,粉色",ALL,UNKNOWN,B,T4B,0.2489,0.1338,0.1338,7.72,4.15,4.15,53,1.7097,6 个月 · 全平台 · 全量 SKU · 2026-07-09,published
DJ505100_1,US 弧面带柜体三抽老板桌 一件一箱 颜色->复古灰+黑,ALL,AMAZON,C,T4A,2.5539,1.1850,1.1850,79.17,36.74,36.74,79,2.5484,6 个月 · 全平台 · 全量 SKU · 2026-07-09,published
DJ505100_1,US 弧面带柜体三抽老板桌 一件一箱 颜色->复古灰+黑,ALL,UNKNOWN,C,T4B,1.6907,0.9089,0.9089,52.41,28.18,28.18,25,0.8065,6 个月 · 全平台 · 全量 SKU · 2026-07-09,published
DJ505100_1_WF,US 弧面带柜体三抽老板桌 一件一箱 颜色->复古灰+黑,ALL,UNKNOWN,C,T99,0.0000,0.0000,0.0000,0.00,0.00,0.00,0,0.0000,6 个月 · 全平台 · 全量 SKU · 2026-07-09,published
DJ505100_2,US 弧面带柜体三抽老板桌 一件一箱 颜色->2133+黑,ALL,AMAZON,C,T4A,2.0613,0.9564,0.9564,63.90,29.65,29.65,85,2.7419,6 个月 · 全平台 · 全量 SKU · 2026-07-09,published
DJ505100_2,US 弧面带柜体三抽老板桌 一件一箱 颜色->2133+黑,ALL,TEMU,C,T99,0.0000,0.0000,0.0000,0.00,0.00,0.00,0,0.0000,6 个月 · 全平台 · 全量 SKU · 2026-07-09,published
DJ505100_2,US 弧面带柜体三抽老板桌 一件一箱 颜色->2133+黑,ALL,UNKNOWN,C,T99,0.0000,0.0000,0.0000,0.00,0.00,0.00,0,0.0000,6 个月 · 全平台 · 全量 SKU · 2026-07-09,published
DJ505100_2,US 弧面带柜体三抽老板桌 一件一箱 颜色->2133+黑,ALL,WALMART,C,T99,0.0000,0.0000,0.0000,0.00,0.00,0.00,2,0.0645,6 个月 · 全平台 · 全量 SKU · 2026-07-09,published
DJ505100_2_WF,US 弧面带柜体三抽老板桌 一件一箱 颜色->2133+黑,ALL,UNKNOWN,C,T4B,0.4269,0.2049,0.2049,13.23,6.35,6.35,10,0.3226,6 个月 · 全平台 · 全量 SKU · 2026-07-09,published
DJ505100_3,US 弧面带柜体三抽老板桌 一件一箱 颜色->192-1+黑,ALL,AMAZON,C,T4B,1.6115,0.7735,0.7735,49.96,23.98,23.98,79,2.5484,6 个月 · 全平台 · 全量 SKU · 2026-07-09,published
DJ505100_3,US 弧面带柜体三抽老板桌 一件一箱 颜色->192-1+黑,ALL,UNKNOWN,C,T99,0.0000,0.0000,0.0000,0.00,0.00,0.00,4,0.1290,6 个月 · 全平台 · 全量 SKU · 2026-07-09,published
DJ505100_3,US 弧面带柜体三抽老板桌 一件一箱 颜色->192-1+黑,ALL,WALMART,C,T99,0.0000,0.0000,0.0000,0.00,0.00,0.00,7,0.2258,6 个月 · 全平台 · 全量 SKU · 2026-07-09,published
DJ505101_1,EU AG 高架床 一字桌 对称6布抽+4置物层 床垫90*200cm 一件两箱 颜色->黑色,ALL,AMAZON,C,T4B,1.3258,0.6364,0.6364,41.10,19.73,19.73,19,0.6129,6 个月 · 全平台 · 全量 SKU · 2026-07-09,published
DJ505101_1,EU AG 高架床 一字桌 对称6布抽+4置物层 床垫90*200cm 一件两箱 颜色->黑色,ALL,UNKNOWN,C,T99,0.0000,0.0000,0.0000,0.00,0.00,0.00,4,0.1290,6 个月 · 全平台 · 全量 SKU · 2026-07-09,published
DJ505103_1,EU AG转角床 深灰棉麻 床头可互换0.9*2m 2灯带 欧规2AC+2USB 一件两箱 颜色->火烧云,ALL,AMAZON,C,T4B,0.9198,0.4680,0.4680,28.51,14.51,14.51,61,1.9677,6 个月 · 全平台 · 全量 SKU · 2026-07-09,published
DJ505103_1,EU AG转角床 深灰棉麻 床头可互换0.9*2m 2灯带 欧规2AC+2USB 一件两箱 颜色->火烧云,ALL,UNKNOWN,C,T4B,0.5467,0.2939,0.2939,16.95,9.11,9.11,42,1.3548,6 个月 · 全平台 · 全量 SKU · 2026-07-09,published
DJ505103_2,EU AG转角床 米白棉麻 床头可互换0.9*2m 2灯带 欧规2AC+2USB 一件两箱 颜色->白色,ALL,AMAZON,C,T4B,0.6555,0.3524,0.3524,20.32,10.92,10.92,60,1.9355,6 个月 · 全平台 · 全量 SKU · 2026-07-09,published
DJ505103_2,EU AG转角床 米白棉麻 床头可互换0.9*2m 2灯带 欧规2AC+2USB 一件两箱 颜色->白色,ALL,UNKNOWN,C,T4B,1.0571,0.5683,0.5683,32.77,17.62,17.62,63,2.0323,6 个月 · 全平台 · 全量 SKU · 2026-07-09,published
DJ505103_3,EU AG转角床 浅灰棉麻 床头可互换0.9*2m 2灯带 欧规2AC+2USB 一件两箱 颜色->白色,ALL,AMAZON,C,T4B,0.7527,0.4047,0.4047,23.33,12.55,12.55,65,2.0968,6 个月 · 全平台 · 全量 SKU · 2026-07-09,published
DJ505103_3,EU AG转角床 浅灰棉麻 床头可互换0.9*2m 2灯带 欧规2AC+2USB 一件两箱 颜色->白色,ALL,UNKNOWN,C,T4B,0.6533,0.3512,0.3512,20.25,10.89,10.89,27,0.8710,6 个月 · 全平台 · 全量 SKU · 2026-07-09,published
DJ505104_1,EU AG转角床 深灰棉麻 床头可互换1.4*1.9m2灯带 欧规2AC+2USB 一件两箱 颜色->火烧云,ALL,AMAZON,C,T4B,1.0264,0.5518,0.5518,31.82,17.11,17.11,132,4.2581,6 个月 · 全平台 · 全量 SKU · 2026-07-09,published
DJ505104_2,EU AG转角床 米白棉麻 床头可互换1.4*1.9m2灯带 欧规2AC+2USB 一件两箱 颜色->白色,ALL,AMAZON,C,T4B,0.9797,0.5267,0.5267,30.37,16.33,16.33,137,4.4194,6 个月 · 全平台 · 全量 SKU · 2026-07-09,published
DJ505105_1,EU AG转角床 米白棉麻 床头可互换1.4*2m 2灯带 欧规2AC+2USB 一件两箱  颜色->白色,ALL,AMAZON,C,T4B,1.1445,0.5823,0.5823,35.48,18.05,18.05,44,1.4194,6 个月 · 全平台 · 全量 SKU · 2026-07-09,published
DJ505105_1,EU AG转角床 米白棉麻 床头可互换1.4*2m 2灯带 欧规2AC+2USB 一件两箱  颜色->白色,ALL,UNKNOWN,C,T4B,0.6764,0.3636,0.3636,20.97,11.27,11.27,56,1.8065,6 个月 · 全平台 · 全量 SKU · 2026-07-09,published
DJ505106_3,US SD 三抽带两柜门美式单人桌 一件两箱 颜色->I27014K木纹,ALL,AMAZON,D,T99,0.0000,0.0000,0.0000,0.00,0.00,0.00,0,0.0000,6 个月 · 全平台 · 全量 SKU · 2026-07-09,published
DJ505107_1,US L桌美式纯板材高桌  一件两箱 颜色->白浮雕+黑麻,ALL,AMAZON,C,T4A,3.4248,1.5891,1.5891,106.17,49.26,49.26,101,3.2581,6 个月 · 全平台 · 全量 SKU · 2026-07-09,published
DJ505107_1,US L桌美式纯板材高桌  一件两箱 颜色->白浮雕+黑麻,ALL,TEMU,C,T99,0.0000,0.0000,0.0000,0.00,0.00,0.00,0,0.0000,6 个月 · 全平台 · 全量 SKU · 2026-07-09,published
DJ505107_1,US L桌美式纯板材高桌  一件两箱 颜色->白浮雕+黑麻,ALL,UNKNOWN,C,T99,0.0000,0.0000,0.0000,0.00,0.00,0.00,1,0.0323,6 个月 · 全平台 · 全量 SKU · 2026-07-09,published
DJ505107_2,US L桌美式纯板材高桌  一件两箱  颜色->灰色,ALL,AMAZON,C,T4A,2.8106,1.3041,1.3041,87.13,40.43,40.43,80,2.5806,6 个月 · 全平台 · 全量 SKU · 2026-07-09,published
DJ505107_2,US L桌美式纯板材高桌  一件两箱  颜色->灰色,ALL,UNKNOWN,C,T99,0.0000,0.0000,0.0000,0.00,0.00,0.00,0,0.0000,6 个月 · 全平台 · 全量 SKU · 2026-07-09,published
DJ505114_1,US 竖条抽面拼亚克力6抽电脑桌  一件一箱 颜色->黑麻,ALL,AMAZON,D,T99,0.0000,0.0000,0.0000,0.00,0.00,0.00,0,0.0000,6 个月 · 全平台 · 全量 SKU · 2026-07-09,published
DJ505114_1,US 竖条抽面拼亚克力6抽电脑桌  一件一箱 颜色->黑麻,ALL,TEMU,D,T99,0.0000,0.0000,0.0000,0.00,0.00,0.00,0,0.0000,6 个月 · 全平台 · 全量 SKU · 2026-07-09,published
DJ505114_1,US 竖条抽面拼亚克力6抽电脑桌  一件一箱 颜色->黑麻,ALL,TIKTOK,D,T99,0.0000,0.0000,0.0000,0.00,0.00,0.00,0,0.0000,6 个月 · 全平台 · 全量 SKU · 2026-07-09,published
DJ505114_1,US 竖条抽面拼亚克力6抽电脑桌  一件一箱 颜色->黑麻,ALL,WALMART,D,T99,0.0000,0.0000,0.0000,0.00,0.00,0.00,0,0.0000,6 个月 · 全平台 · 全量 SKU · 2026-07-09,published
DJ505114_2,US 竖条抽面拼亚克力6抽电脑桌  一件一箱 颜色->原木色,ALL,AMAZON,C,T4B,0.6670,0.3586,0.3586,20.68,11.12,11.12,0,0.0000,6 个月 · 全平台 · 全量 SKU · 2026-07-09,published
DJ505114_2,US 竖条抽面拼亚克力6抽电脑桌  一件一箱 颜色->原木色,ALL,TIKTOK,C,T99,0.0000,0.0000,0.0000,0.00,0.00,0.00,0,0.0000,6 个月 · 全平台 · 全量 SKU · 2026-07-09,published
DJ505114_3,US 竖条抽面拼亚克力6抽电脑桌  一件一箱 颜色->棕色,ALL,AMAZON,C,T99,0.0000,0.0000,0.0000,0.00,0.00,0.00,0,0.0000,6 个月 · 全平台 · 全量 SKU · 2026-07-09,published
DJ505114_3,US 竖条抽面拼亚克力6抽电脑桌  一件一箱 颜色->棕色,ALL,TEMU,C,T99,0.0000,0.0000,0.0000,0.00,0.00,0.00,0,0.0000,6 个月 · 全平台 · 全量 SKU · 2026-07-09,published
DJ505114_3,US 竖条抽面拼亚克力6抽电脑桌  一件一箱 颜色->棕色,ALL,UNKNOWN,C,T99,0.0000,0.0000,0.0000,0.00,0.00,0.00,0,0.0000,6 个月 · 全平台 · 全量 SKU · 2026-07-09,published
DJ505115_1,US 1.2米美式单人高桌  一件两箱 颜色->白+黑,ALL,AMAZON,C,T4A,2.8024,1.1053,1.1053,86.87,34.26,34.26,83,2.6774,6 个月 · 全平台 · 全量 SKU · 2026-07-09,published
DJ505115_1,US 1.2米美式单人高桌  一件两箱 颜色->白+黑,ALL,TEMU,C,T99,0.0000,0.0000,0.0000,0.00,0.00,0.00,1,0.0323,6 个月 · 全平台 · 全量 SKU · 2026-07-09,published
DJ505115_1,US 1.2米美式单人高桌  一件两箱 颜色->白+黑,ALL,UNKNOWN,C,T99,0.0000,0.0000,0.0000,0.00,0.00,0.00,2,0.0645,6 个月 · 全平台 · 全量 SKU · 2026-07-09,published
DJ505115_1,US 1.2米美式单人高桌  一件两箱 颜色->白+黑,ALL,WALMART,C,T99,0.0000,0.0000,0.0000,0.00,0.00,0.00,0,0.0000,6 个月 · 全平台 · 全量 SKU · 2026-07-09,published
DJ505115_1_WF,US 1.2米美式单人高桌  一件两箱 颜色->白+黑,ALL,UNKNOWN,C,T99,0.0000,0.0000,0.0000,0.00,0.00,0.00,15,0.4839,6 个月 · 全平台 · 全量 SKU · 2026-07-09,published
DJ505115_2,US 1.2米美式单人高桌  一件两箱 颜色->灰色,ALL,AMAZON,C,T4B,1.9082,0.7786,0.7786,59.15,24.14,24.14,74,2.3871,6 个月 · 全平台 · 全量 SKU · 2026-07-09,published
DJ505115_2,US 1.2米美式单人高桌  一件两箱 颜色->灰色,ALL,UNKNOWN,C,T99,0.0000,0.0000,0.0000,0.00,0.00,0.00,3,0.0968,6 个月 · 全平台 · 全量 SKU · 2026-07-09,published
DJ505115_2_WF,US 1.2米美式单人高桌  一件两箱 颜色->灰色,ALL,UNKNOWN,C,T4B,0.9000,0.4838,0.4838,27.90,15.00,15.00,41,1.3226,6 个月 · 全平台 · 全量 SKU · 2026-07-09,published
DJ505116_1,US 斜腿错层行政桌 一件一箱 颜色->火烧云,ALL,TEMU,C,T99,0.0000,0.0000,0.0000,0.00,0.00,0.00,6,0.1935,6 个月 · 全平台 · 全量 SKU · 2026-07-09,published
DJ505116_1,US 斜腿错层行政桌 一件一箱 颜色->火烧云,ALL,TIKTOK,C,T99,0.0000,0.0000,0.0000,0.00,0.00,0.00,0,0.0000,6 个月 · 全平台 · 全量 SKU · 2026-07-09,published
DJ505116_1,US 斜腿错层行政桌 一件一箱 颜色->火烧云,ALL,UNKNOWN,C,T4B,0.8209,0.4177,0.4177,25.45,12.95,12.95,22,0.7097,6 个月 · 全平台 · 全量 SKU · 2026-07-09,published
DJ505116_1,US 斜腿错层行政桌 一件一箱 颜色->火烧云,ALL,WALMART,C,T99,0.0000,0.0000,0.0000,0.00,0.00,0.00,0,0.0000,6 个月 · 全平台 · 全量 SKU · 2026-07-09,published
DJ505116_2,US 斜腿错层行政桌 一件一箱 颜色->989-3灰色,ALL,AMAZON,C,T4A,2.8780,1.3354,1.3354,89.22,41.40,41.40,48,1.5484,6 个月 · 全平台 · 全量 SKU · 2026-07-09,published
DJ505116_2,US 斜腿错层行政桌 一件一箱 颜色->989-3灰色,ALL,TEMU,C,T99,0.0000,0.0000,0.0000,0.00,0.00,0.00,2,0.0645,6 个月 · 全平台 · 全量 SKU · 2026-07-09,published
DJ505116_2,US 斜腿错层行政桌 一件一箱 颜色->989-3灰色,ALL,UNKNOWN,C,T4B,0.8989,0.4574,0.4574,27.87,14.18,14.18,6,0.1935,6 个月 · 全平台 · 全量 SKU · 2026-07-09,published
DJ505116_3,US 斜腿错层行政桌 一件一箱 颜色->胡桃色,ALL,AMAZON,B,T3,5.0538,4.5484,4.5484,156.67,141.00,141.00,106,3.4194,6 个月 · 全平台 · 全量 SKU · 2026-07-09,published
DJ505116_3,US 斜腿错层行政桌 一件一箱 颜色->胡桃色,ALL,TEMU,B,T99,0.0000,0.0000,0.0000,0.00,0.00,0.00,2,0.0645,6 个月 · 全平台 · 全量 SKU · 2026-07-09,published
DJ505116_3,US 斜腿错层行政桌 一件一箱 颜色->胡桃色,ALL,TIKTOK,B,T99,0.0000,0.0000,0.0000,0.00,0.00,0.00,2,0.0645,6 个月 · 全平台 · 全量 SKU · 2026-07-09,published
DJ505116_3,US 斜腿错层行政桌 一件一箱 颜色->胡桃色,ALL,WALMART,B,T99,0.0000,0.0000,0.0000,0.00,0.00,0.00,0,0.0000,6 个月 · 全平台 · 全量 SKU · 2026-07-09,published
DJ505117_1,US 1.2米推拉零食柜 一件两箱 颜色->灰古木-40三胺,ALL,AMAZON,C,T4B,3.0727,1.2537,1.2537,95.25,38.86,38.86,94,3.0323,6 个月 · 全平台 · 全量 SKU · 2026-07-09,published
DJ505117_1,US 1.2米推拉零食柜 一件两箱 颜色->灰古木-40三胺,ALL,UNKNOWN,C,T99,0.0000,0.0000,0.0000,0.00,0.00,0.00,9,0.2903,6 个月 · 全平台 · 全量 SKU · 2026-07-09,published
DJ505117_2,US 1.2米推拉零食柜 一件两箱 颜色->白+棕,ALL,AMAZON,A,T2,10.3068,8.7875,8.7875,319.51,272.41,272.41,392,12.6452,6 个月 · 全平台 · 全量 SKU · 2026-07-09,published
DJ505117_2,US 1.2米推拉零食柜 一件两箱 颜色->白+棕,ALL,WALMART,A,T99,0.0000,0.0000,0.0000,0.00,0.00,0.00,0,0.0000,6 个月 · 全平台 · 全量 SKU · 2026-07-09,published
DJ505117_3,US 1.2米推拉零食柜 一件两箱 颜色->黑+棕,ALL,AMAZON,A,T3,6.9321,6.7019,6.7019,214.90,207.76,207.76,156,5.0323,6 个月 · 全平台 · 全量 SKU · 2026-07-09,published
DJ505117_3,US 1.2米推拉零食柜 一件两箱 颜色->黑+棕,ALL,UNKNOWN,A,T99,0.0000,0.0000,0.0000,0.00,0.00,0.00,3,0.0968,6 个月 · 全平台 · 全量 SKU · 2026-07-09,published
DJ505117_3,US 1.2米推拉零食柜 一件两箱 颜色->黑+棕,ALL,WALMART,A,T99,0.0000,0.0000,0.0000,0.00,0.00,0.00,0,0.0000,6 个月 · 全平台 · 全量 SKU · 2026-07-09,published
DJ505117_4,US 1.2米推拉零食柜 一件两箱 颜色->黑+卡罗橡木黄,ALL,TEMU,C,T99,0.0000,0.0000,0.0000,0.00,0.00,0.00,10,0.3226,6 个月 · 全平台 · 全量 SKU · 2026-07-09,published
DJ505117_4,US 1.2米推拉零食柜 一件两箱 颜色->黑+卡罗橡木黄,ALL,UNKNOWN,C,T99,0.0000,0.0000,0.0000,0.00,0.00,0.00,0,0.0000,6 个月 · 全平台 · 全量 SKU · 2026-07-09,published
DJ505118_1,US 1.4米升降桌 一件两箱  颜色->主体白+顶板棕,ALL,AMAZON,B,T2,11.0110,8.5886,8.5886,341.34,266.25,266.25,95,3.0645,6 个月 · 全平台 · 全量 SKU · 2026-07-09,published
DJ505118_1,US 1.4米升降桌 一件两箱  颜色->主体白+顶板棕,ALL,WALMART,B,T99,0.0000,0.0000,0.0000,0.00,0.00,0.00,0,0.0000,6 个月 · 全平台 · 全量 SKU · 2026-07-09,published
DJ505118_2,US 1.4米升降桌 一件两箱  颜色->主体黑+顶板棕,ALL,AMAZON,D,T99,0.0000,0.0000,0.0000,0.00,0.00,0.00,0,0.0000,6 个月 · 全平台 · 全量 SKU · 2026-07-09,published
DJ505119_1,US 1.5米两抽带亚克力门文件柜 一件两箱 颜色->黑色,ALL,AMAZON,C,T3,3.8824,3.8904,3.8904,120.35,120.60,120.60,94,3.0323,6 个月 · 全平台 · 全量 SKU · 2026-07-09,published
DJ505119_1,US 1.5米两抽带亚克力门文件柜 一件两箱 颜色->黑色,ALL,TIKTOK,C,T99,0.0000,0.0000,0.0000,0.00,0.00,0.00,0,0.0000,6 个月 · 全平台 · 全量 SKU · 2026-07-09,published
DJ505119_1,US 1.5米两抽带亚克力门文件柜 一件两箱 颜色->黑色,ALL,UNKNOWN,C,T4B,0.8676,0.4414,0.4414,26.90,13.68,13.68,31,1.0000,6 个月 · 全平台 · 全量 SKU · 2026-07-09,published
DJ505119_2,US 1.5米两抽带亚克力门文件柜 一件两箱 颜色->白色,ALL,AMAZON,C,T4B,0.8291,0.3383,0.3383,25.70,10.49,10.49,18,0.5806,6 个月 · 全平台 · 全量 SKU · 2026-07-09,published
DJ505119_2,US 1.5米两抽带亚克力门文件柜 一件两箱 颜色->白色,ALL,TEMU,C,T99,0.0000,0.0000,0.0000,0.00,0.00,0.00,0,0.0000,6 个月 · 全平台 · 全量 SKU · 2026-07-09,published
DJ505119_3,US 1.5米两抽带亚克力门文件柜 一件两箱 颜色->黑+火烧云,ALL,TEMU,C,T99,0.0000,0.0000,0.0000,0.00,0.00,0.00,0,0.0000,6 个月 · 全平台 · 全量 SKU · 2026-07-09,published
DJ505119_3,US 1.5米两抽带亚克力门文件柜 一件两箱 颜色->黑+火烧云,ALL,UNKNOWN,C,T4B,0.5181,0.2487,0.2487,16.06,7.71,7.71,21,0.6774,6 个月 · 全平台 · 全量 SKU · 2026-07-09,published
DJ505119_4,US 1.5米两抽带亚克力门文件柜 一件两箱 颜色->9898-3灰色,ALL,AMAZON,C,T4B,1.0104,0.4850,0.4850,31.32,15.04,15.04,27,0.8710,6 个月 · 全平台 · 全量 SKU · 2026-07-09,published
DJ505119_4,US 1.5米两抽带亚克力门文件柜 一件两箱 颜色->9898-3灰色,ALL,TEMU,C,T99,0.0000,0.0000,0.0000,0.00,0.00,0.00,0,0.0000,6 个月 · 全平台 · 全量 SKU · 2026-07-09,published
DJ505119_4,US 1.5米两抽带亚克力门文件柜 一件两箱 颜色->9898-3灰色,ALL,UNKNOWN,C,T99,0.0000,0.0000,0.0000,0.00,0.00,0.00,7,0.2258,6 个月 · 全平台 · 全量 SKU · 2026-07-09,published
DJ505120_1,US SD L升降桌带文件柜  一件两箱  颜色->火烧云,ALL,AMAZON,C,T4A,3.3867,1.5714,1.5714,104.99,48.71,48.71,67,2.1613,6 个月 · 全平台 · 全量 SKU · 2026-07-09,published
DJ505120_1,US SD L升降桌带文件柜  一件两箱  颜色->火烧云,ALL,TEMU,C,T4B,0.2753,0.1321,0.1321,8.53,4.10,4.10,5,0.1613,6 个月 · 全平台 · 全量 SKU · 2026-07-09,published
DJ505120_1,US SD L升降桌带文件柜  一件两箱  颜色->火烧云,ALL,UNKNOWN,C,T4B,0.7824,0.3192,0.3192,24.25,9.90,9.90,26,0.8387,6 个月 · 全平台 · 全量 SKU · 2026-07-09,published
DJ505120_1_WF,US SD L升降桌带文件柜  一件两箱  颜色->火烧云,ALL,UNKNOWN,C,T4B,0.8824,0.4490,0.4490,27.35,13.92,13.92,20,0.6452,6 个月 · 全平台 · 全量 SKU · 2026-07-09,published
DJ505120_2,US SD L升降桌带文件柜  一件两箱   颜色->黑麻,ALL,AMAZON,C,T3,3.9445,3.6288,3.6288,122.28,112.49,112.49,112,3.6129,6 个月 · 全平台 · 全量 SKU · 2026-07-09,published
DJ505120_2,US SD L升降桌带文件柜  一件两箱   颜色->黑麻,ALL,UNKNOWN,C,T99,0.0000,0.0000,0.0000,0.00,0.00,0.00,0,0.0000,6 个月 · 全平台 · 全量 SKU · 2026-07-09,published
DJ505120_2_WF,US SD L升降桌带文件柜  一件两箱   颜色->黑麻,ALL,UNKNOWN,C,T4B,0.8978,0.4827,0.4827,27.83,14.96,14.96,21,0.6774,6 个月 · 全平台 · 全量 SKU · 2026-07-09,published
DJ505120_3,US SD L升降桌带文件柜  一件两箱   颜色->白麻,ALL,AMAZON,C,T4A,2.0751,0.9628,0.9628,64.33,29.85,29.85,50,1.6129,6 个月 · 全平台 · 全量 SKU · 2026-07-09,published
DJ505120_3,US SD L升降桌带文件柜  一件两箱   颜色->白麻,ALL,UNKNOWN,C,T99,0.0000,0.0000,0.0000,0.00,0.00,0.00,0,0.0000,6 个月 · 全平台 · 全量 SKU · 2026-07-09,published
DJ505120_3,US SD L升降桌带文件柜  一件两箱   颜色->白麻,ALL,WALMART,C,T99,0.0000,0.0000,0.0000,0.00,0.00,0.00,13,0.4194,6 个月 · 全平台 · 全量 SKU · 2026-07-09,published
DJ505120_3_WF,US SD L升降桌带文件柜  一件两箱   颜色->白麻,ALL,UNKNOWN,C,T4B,0.9242,0.4436,0.4436,28.65,13.75,13.75,7,0.2258,6 个月 · 全平台 · 全量 SKU · 2026-07-09,published
DJ505121_1,US 铣槽移动柜行政桌 一件两箱 颜色->火烧云+黑麻,ALL,AMAZON,C,T3,4.5201,4.1753,4.1753,140.12,129.43,129.43,151,4.8710,6 个月 · 全平台 · 全量 SKU · 2026-07-09,published
DJ505121_1,US 铣槽移动柜行政桌 一件两箱 颜色->火烧云+黑麻,ALL,TEMU,C,T99,0.0000,0.0000,0.0000,0.00,0.00,0.00,1,0.0323,6 个月 · 全平台 · 全量 SKU · 2026-07-09,published
DJ505121_1,US 铣槽移动柜行政桌 一件两箱 颜色->火烧云+黑麻,ALL,UNKNOWN,C,T99,0.0000,0.0000,0.0000,0.00,0.00,0.00,4,0.1290,6 个月 · 全平台 · 全量 SKU · 2026-07-09,published
DJ505121_1,US 铣槽移动柜行政桌 一件两箱 颜色->火烧云+黑麻,ALL,WALMART,C,T99,0.0000,0.0000,0.0000,0.00,0.00,0.00,9,0.2903,6 个月 · 全平台 · 全量 SKU · 2026-07-09,published
DJ505121_2,US 铣槽移动柜行政桌 一件两箱 颜色->989-3+黑麻,ALL,AMAZON,B,T3,5.2862,4.9646,4.9646,163.87,153.90,153.90,183,5.9032,6 个月 · 全平台 · 全量 SKU · 2026-07-09,published
DJ505121_2,US 铣槽移动柜行政桌 一件两箱 颜色->989-3+黑麻,ALL,TEMU,B,T99,0.0000,0.0000,0.0000,0.00,0.00,0.00,6,0.1935,6 个月 · 全平台 · 全量 SKU · 2026-07-09,published
DJ505121_2,US 铣槽移动柜行政桌 一件两箱 颜色->989-3+黑麻,ALL,UNKNOWN,B,T99,0.0000,0.0000,0.0000,0.00,0.00,0.00,23,0.7419,6 个月 · 全平台 · 全量 SKU · 2026-07-09,published
DJ505121_2,US 铣槽移动柜行政桌 一件两箱 颜色->989-3+黑麻,ALL,WALMART,B,T99,0.0000,0.0000,0.0000,0.00,0.00,0.00,18,0.5806,6 个月 · 全平台 · 全量 SKU · 2026-07-09,published
DJ505121_3,US 铣槽移动柜行政桌 一件两箱 颜色->棕+黑麻,ALL,AMAZON,B,T3,5.0874,4.8534,4.8534,157.71,150.46,150.46,156,5.0323,6 个月 · 全平台 · 全量 SKU · 2026-07-09,published
DJ505121_3,US 铣槽移动柜行政桌 一件两箱 颜色->棕+黑麻,ALL,TEMU,B,T99,0.0000,0.0000,0.0000,0.00,0.00,0.00,3,0.0968,6 个月 · 全平台 · 全量 SKU · 2026-07-09,published
DJ505121_3,US 铣槽移动柜行政桌 一件两箱 颜色->棕+黑麻,ALL,WALMART,B,T99,0.0000,0.0000,0.0000,0.00,0.00,0.00,35,1.1290,6 个月 · 全平台 · 全量 SKU · 2026-07-09,published
DJ505121_4,US 铣槽移动柜行政桌 一件两箱 颜色->棕+白麻,ALL,AMAZON,C,T4B,1.7808,0.7266,0.7266,55.20,22.52,22.52,87,2.8065,6 个月 · 全平台 · 全量 SKU · 2026-07-09,published
DJ505121_4,US 铣槽移动柜行政桌 一件两箱 颜色->棕+白麻,ALL,TEMU,C,T99,0.0000,0.0000,0.0000,0.00,0.00,0.00,3,0.0968,6 个月 · 全平台 · 全量 SKU · 2026-07-09,published
DJ505121_4,US 铣槽移动柜行政桌 一件两箱 颜色->棕+白麻,ALL,UNKNOWN,C,T99,0.0000,0.0000,0.0000,0.00,0.00,0.00,6,0.1935,6 个月 · 全平台 · 全量 SKU · 2026-07-09,published
DJ505121_4,US 铣槽移动柜行政桌 一件两箱 颜色->棕+白麻,ALL,WALMART,C,T99,0.0000,0.0000,0.0000,0.00,0.00,0.00,15,0.4839,6 个月 · 全平台 · 全量 SKU · 2026-07-09,published
DJ505122_1,US UA SB-HM01 弧面餐边柜三抽两柜 一件两箱 颜色->灰色,ALL,AMAZON,C,T99,0.0000,0.0000,0.0000,0.00,0.00,0.00,0,0.0000,6 个月 · 全平台 · 全量 SKU · 2026-07-09,published
DJ505122_1,US UA SB-HM01 弧面餐边柜三抽两柜 一件两箱 颜色->灰色,ALL,TEMU,C,T4B,1.2374,0.6652,0.6652,38.36,20.62,20.62,3,0.0968,6 个月 · 全平台 · 全量 SKU · 2026-07-09,published
DJ505122_1,US UA SB-HM01 弧面餐边柜三抽两柜 一件两箱 颜色->灰色,ALL,WALMART,C,T99,0.0000,0.0000,0.0000,0.00,0.00,0.00,0,0.0000,6 个月 · 全平台 · 全量 SKU · 2026-07-09,published
DJ505123_1,"US ER CT-YX02 小款圆形咖啡桌 一件一箱 颜色->#1,实木色",ALL,AMAZON,C,T4B,0.7434,0.3782,0.3782,23.05,11.72,11.72,0,0.0000,6 个月 · 全平台 · 全量 SKU · 2026-07-09,published
DJ505123_1,"US ER CT-YX02 小款圆形咖啡桌 一件一箱 颜色->#1,实木色",ALL,WALMART,C,T99,0.0000,0.0000,0.0000,0.00,0.00,0.00,0,0.0000,6 个月 · 全平台 · 全量 SKU · 2026-07-09,published
DJ505123_2,"US ER CT-YX02 小款圆形咖啡桌 一件一箱 颜色->#2,胡桃木色",ALL,AMAZON,D,T99,0.0000,0.0000,0.0000,0.00,0.00,0.00,0,0.0000,6 个月 · 全平台 · 全量 SKU · 2026-07-09,published
DJ505123_2,"US ER CT-YX02 小款圆形咖啡桌 一件一箱 颜色->#2,胡桃木色",ALL,TEMU,D,T99,0.0000,0.0000,0.0000,0.00,0.00,0.00,0,0.0000,6 个月 · 全平台 · 全量 SKU · 2026-07-09,published
DJ505123_2,"US ER CT-YX02 小款圆形咖啡桌 一件一箱 颜色->#2,胡桃木色",ALL,UNKNOWN,D,T99,0.0000,0.0000,0.0000,0.00,0.00,0.00,0,0.0000,6 个月 · 全平台 · 全量 SKU · 2026-07-09,published
DJ505123_2,"US ER CT-YX02 小款圆形咖啡桌 一件一箱 颜色->#2,胡桃木色",ALL,WALMART,D,T99,0.0000,0.0000,0.0000,0.00,0.00,0.00,0,0.0000,6 个月 · 全平台 · 全量 SKU · 2026-07-09,published
DJ505124_1,US 美式升降可直排L桌 一件两箱 颜色->棕+白,ALL,AMAZON,B,T2,8.8854,7.5757,7.5757,275.45,234.85,234.85,219,7.0645,6 个月 · 全平台 · 全量 SKU · 2026-07-09,published
DJ505124_1,US 美式升降可直排L桌 一件两箱 颜色->棕+白,ALL,TEMU,B,T99,0.0000,0.0000,0.0000,0.00,0.00,0.00,0,0.0000,6 个月 · 全平台 · 全量 SKU · 2026-07-09,published
DJ505124_1,US 美式升降可直排L桌 一件两箱 颜色->棕+白,ALL,UNKNOWN,B,T99,0.0000,0.0000,0.0000,0.00,0.00,0.00,75,2.4194,6 个月 · 全平台 · 全量 SKU · 2026-07-09,published
DJ505124_1,US 美式升降可直排L桌 一件两箱 颜色->棕+白,ALL,WALMART,B,T99,0.0000,0.0000,0.0000,0.00,0.00,0.00,0,0.0000,6 个月 · 全平台 · 全量 SKU · 2026-07-09,published
DJ505124_1_WF,US 美式升降可直排L桌 一件两箱 颜色->棕+白,ALL,UNKNOWN,C,T4B,1.3643,0.6549,0.6549,42.29,20.30,20.30,93,3.0000,6 个月 · 全平台 · 全量 SKU · 2026-07-09,published
DJ505124_2,US 美式升降可直排L桌 一件两箱 颜色->棕+黑,ALL,AMAZON,B,T2,12.4313,10.5990,10.5990,385.37,328.57,328.57,306,9.8710,6 个月 · 全平台 · 全量 SKU · 2026-07-09,published
DJ505124_2,US 美式升降可直排L桌 一件两箱 颜色->棕+黑,ALL,UNKNOWN,B,T99,0.0000,0.0000,0.0000,0.00,0.00,0.00,56,1.8065,6 个月 · 全平台 · 全量 SKU · 2026-07-09,published
DJ505124_2,US 美式升降可直排L桌 一件两箱 颜色->棕+黑,ALL,WALMART,B,T99,0.0000,0.0000,0.0000,0.00,0.00,0.00,0,0.0000,6 个月 · 全平台 · 全量 SKU · 2026-07-09,published
DJ505124_2_WF,US 美式升降可直排L桌 一件两箱 颜色->棕+黑,ALL,UNKNOWN,C,T4B,1.1786,0.5657,0.5657,36.54,17.54,17.54,75,2.4194,6 个月 · 全平台 · 全量 SKU · 2026-07-09,published
DJ505125_1,US 侧面爬梯上床下桌T 一件两箱 颜色->火烧云,ALL,AMAZON,B,T2,9.9583,7.2169,7.2169,308.71,223.72,223.72,324,10.4516,6 个月 · 全平台 · 全量 SKU · 2026-07-09,published
DJ505125_1,US 侧面爬梯上床下桌T 一件两箱 颜色->火烧云,ALL,WALMART,B,T4B,0.6253,0.2551,0.2551,19.38,7.91,7.91,1,0.0323,6 个月 · 全平台 · 全量 SKU · 2026-07-09,published
DJ505125_2,US 侧面爬梯上床下桌T 一件两箱 颜色->白色,ALL,AMAZON,B,T3,6.2336,5.9080,5.9080,193.24,183.15,183.15,216,6.9677,6 个月 · 全平台 · 全量 SKU · 2026-07-09,published
DJ505125_2,US 侧面爬梯上床下桌T 一件两箱 颜色->白色,ALL,WALMART,B,T4B,0.4214,0.1719,0.1719,13.06,5.33,5.33,39,1.2581,6 个月 · 全平台 · 全量 SKU · 2026-07-09,published
DJ505125_3,US 侧面爬梯上床下桌T 一件两箱 颜色->浅粉色,ALL,AMAZON,D,T99,0.0000,0.0000,0.0000,0.00,0.00,0.00,56,1.8065,6 个月 · 全平台 · 全量 SKU · 2026-07-09,published
DJ505126_1,US SD L桌升降高桌带书架  一件两箱 颜色 颜色->火烧云,ALL,AMAZON,C,T4A,2.1216,0.9844,0.9844,65.77,30.52,30.52,71,2.2903,6 个月 · 全平台 · 全量 SKU · 2026-07-09,published
DJ505126_1,US SD L桌升降高桌带书架  一件两箱 颜色 颜色->火烧云,ALL,UNKNOWN,C,T4B,0.4890,0.2629,0.2629,15.16,8.15,8.15,3,0.0968,6 个月 · 全平台 · 全量 SKU · 2026-07-09,published
DJ505126_2,US SD L桌升降高桌带书架  一件两箱 颜色 颜色->黑麻,ALL,AMAZON,C,T4A,2.1083,0.9782,0.9782,65.36,30.32,30.32,85,2.7419,6 个月 · 全平台 · 全量 SKU · 2026-07-09,published
DJ505126_2,US SD L桌升降高桌带书架  一件两箱 颜色 颜色->黑麻,ALL,TEMU,C,T99,0.0000,0.0000,0.0000,0.00,0.00,0.00,0,0.0000,6 个月 · 全平台 · 全量 SKU · 2026-07-09,published
DJ505126_2,US SD L桌升降高桌带书架  一件两箱 颜色 颜色->黑麻,ALL,UNKNOWN,C,T99,0.0000,0.0000,0.0000,0.00,0.00,0.00,0,0.0000,6 个月 · 全平台 · 全量 SKU · 2026-07-09,published
DJ505126_2,US SD L桌升降高桌带书架  一件两箱 颜色 颜色->黑麻,ALL,WALMART,C,T99,0.0000,0.0000,0.0000,0.00,0.00,0.00,0,0.0000,6 个月 · 全平台 · 全量 SKU · 2026-07-09,published
DJ505126_3,US SD L桌升降高桌带书架  一件两箱 颜色 颜色->白麻,ALL,AMAZON,C,T4A,2.5470,1.0045,1.0045,78.96,31.14,31.14,126,4.0645,6 个月 · 全平台 · 全量 SKU · 2026-07-09,published
DJ505126_3,US SD L桌升降高桌带书架  一件两箱 颜色 颜色->白麻,ALL,UNKNOWN,C,T99,0.0000,0.0000,0.0000,0.00,0.00,0.00,0,0.0000,6 个月 · 全平台 · 全量 SKU · 2026-07-09,published
DJ505126_3,US SD L桌升降高桌带书架  一件两箱 颜色 颜色->白麻,ALL,WALMART,C,T99,0.0000,0.0000,0.0000,0.00,0.00,0.00,0,0.0000,6 个月 · 全平台 · 全量 SKU · 2026-07-09,published
DJ505127_1,US 侧面挂衣架上床下床F 一件两箱 颜色->火烧云,ALL,WALMART,C,T99,0.0000,0.0000,0.0000,0.00,0.00,0.00,7,0.2258,6 个月 · 全平台 · 全量 SKU · 2026-07-09,published
DJ505128_1,"US 床RL-311T 12抽双侧布抽床 99*190 颜色->#1,黑色",ALL,AMAZON,D,T99,0.0000,0.0000,0.0000,0.00,0.00,0.00,35,1.1290,6 个月 · 全平台 · 全量 SKU · 2026-07-09,published
DJ505129_1,"US 床RL-311F 12抽双侧布抽床 137*190 颜色->#1,黑色",ALL,AMAZON,D,T99,0.0000,0.0000,0.0000,0.00,0.00,0.00,16,0.5161,6 个月 · 全平台 · 全量 SKU · 2026-07-09,published
DJ505129_1,"US 床RL-311F 12抽双侧布抽床 137*190 颜色->#1,黑色",ALL,UNKNOWN,D,T99,0.0000,0.0000,0.0000,0.00,0.00,0.00,2,0.0645,6 个月 · 全平台 · 全量 SKU · 2026-07-09,published
DJ505130_1,"US 床RL-311Q 12抽双侧布抽床 153*203 颜色->#1,黑色",ALL,AMAZON,D,T99,0.0000,0.0000,0.0000,0.00,0.00,0.00,0,0.0000,6 个月 · 全平台 · 全量 SKU · 2026-07-09,published
DJ505130_1,"US 床RL-311Q 12抽双侧布抽床 153*203 颜色->#1,黑色",ALL,UNKNOWN,D,T99,0.0000,0.0000,0.0000,0.00,0.00,0.00,0,0.0000,6 个月 · 全平台 · 全量 SKU · 2026-07-09,published
DJ505131_1,"US 床RL-312T 6抽单侧布抽床 99*190 颜色->#1,黑色",ALL,AMAZON,D,T4B,1.2319,0.5913,0.5913,38.19,18.33,18.33,11,0.3548,6 个月 · 全平台 · 全量 SKU · 2026-07-09,published
DJ505132_1,"US 床RL-312F 6抽单侧布抽床 137*190 颜色->#1,黑色",ALL,TIKTOK,D,T99,0.0000,0.0000,0.0000,0.00,0.00,0.00,0,0.0000,6 个月 · 全平台 · 全量 SKU · 2026-07-09,published
DJ505133_1,"US 床RL-312Q 6抽单侧布抽床 153*203 颜色->#1,黑色",ALL,UNKNOWN,D,T99,0.0000,0.0000,0.0000,0.00,0.00,0.00,0,0.0000,6 个月 · 全平台 · 全量 SKU · 2026-07-09,published
DJ505133_1,"US 床RL-312Q 6抽单侧布抽床 153*203 颜色->#1,黑色",ALL,WALMART,D,T99,0.0000,0.0000,0.0000,0.00,0.00,0.00,0,0.0000,6 个月 · 全平台 · 全量 SKU · 2026-07-09,published
DJ505134_1,US SD 1.6米单人升降行政桌  一件两箱 颜色->金丝楠木+黑麻,ALL,AMAZON,C,T4B,1.7462,0.8382,0.8382,54.13,25.98,25.98,63,2.0323,6 个月 · 全平台 · 全量 SKU · 2026-07-09,published
DJ505134_1,US SD 1.6米单人升降行政桌  一件两箱 颜色->金丝楠木+黑麻,ALL,TEMU,C,T4B,0.2654,0.1350,0.1350,8.23,4.19,4.19,7,0.2258,6 个月 · 全平台 · 全量 SKU · 2026-07-09,published
DJ505134_1,US SD 1.6米单人升降行政桌  一件两箱 颜色->金丝楠木+黑麻,ALL,UNKNOWN,C,T99,0.0000,0.0000,0.0000,0.00,0.00,0.00,75,2.4194,6 个月 · 全平台 · 全量 SKU · 2026-07-09,published
DJ505134_1,US SD 1.6米单人升降行政桌  一件两箱 颜色->金丝楠木+黑麻,ALL,WALMART,C,T4B,0.3945,0.2121,0.2121,12.23,6.58,6.58,0,0.0000,6 个月 · 全平台 · 全量 SKU · 2026-07-09,published
DJ505134_2,US SD 1.6米单人升降行政桌  一件两箱 颜色->黑麻+火烧云,ALL,AMAZON,C,T4B,1.7643,0.8469,0.8469,54.69,26.25,26.25,67,2.1613,6 个月 · 全平台 · 全量 SKU · 2026-07-09,published
DJ505134_2,US SD 1.6米单人升降行政桌  一件两箱 颜色->黑麻+火烧云,ALL,UNKNOWN,C,T4B,1.5385,0.6277,0.6277,47.69,19.46,19.46,70,2.2581,6 个月 · 全平台 · 全量 SKU · 2026-07-09,published
DJ505134_3,US SD 1.6米单人升降行政桌  一件两箱 颜色->白麻+木纹,ALL,TEMU,C,T4B,0.2797,0.1342,0.1342,8.67,4.16,4.16,3,0.0968,6 个月 · 全平台 · 全量 SKU · 2026-07-09,published
DJ505134_3,US SD 1.6米单人升降行政桌  一件两箱 颜色->白麻+木纹,ALL,UNKNOWN,C,T4B,2.3863,1.1454,1.1454,73.98,35.51,35.51,62,2.0000,6 个月 · 全平台 · 全量 SKU · 2026-07-09,published
DJ505135_1,US SD 1.6米单人升降桌带文件柜  一件两箱 颜色->白麻+棕色,ALL,AMAZON,B,T2,8.0438,6.8581,6.8581,249.36,212.60,212.60,314,10.1290,6 个月 · 全平台 · 全量 SKU · 2026-07-09,published
DJ505135_1_WF,US SD 1.6米单人升降桌带文件柜  一件两箱 颜色->白麻+棕色,ALL,UNKNOWN,B,T4B,4.4170,2.3746,2.3746,136.93,73.61,73.61,210,6.7742,6 个月 · 全平台 · 全量 SKU · 2026-07-09,published
DJ505135_2,US SD 1.6米单人升降桌带文件柜  一件两箱  颜色->黑麻+棕色,ALL,AMAZON,B,T2,9.8374,8.3874,8.3874,304.96,260.01,260.01,307,9.9032,6 个月 · 全平台 · 全量 SKU · 2026-07-09,published
DJ505135_2_WF,US SD 1.6米单人升降桌带文件柜  一件两箱  颜色->黑麻+棕色,ALL,UNKNOWN,C,T4B,3.7330,1.8993,1.8993,115.72,58.88,58.88,194,6.2581,6 个月 · 全平台 · 全量 SKU · 2026-07-09,published
DJ505137_1,US 1.55米美式L桌带文件柜 一件一箱 颜色->顶黑色+白,ALL,AMAZON,C,T4A,3.1257,1.4503,1.4503,96.90,44.96,44.96,155,5.0000,6 个月 · 全平台 · 全量 SKU · 2026-07-09,published
DJ505137_2,US 1.55米美式L桌带文件柜 一件一箱 颜色->橡木灰,ALL,AMAZON,C,T4A,3.1498,1.2423,1.2423,97.64,38.51,38.51,101,3.2581,6 个月 · 全平台 · 全量 SKU · 2026-07-09,published
DJ505137_2,US 1.55米美式L桌带文件柜 一件一箱 颜色->橡木灰,ALL,UNKNOWN,C,T4B,1.8203,0.9786,0.9786,56.43,30.34,30.34,66,2.1290,6 个月 · 全平台 · 全量 SKU · 2026-07-09,published
DJ505137_2,US 1.55米美式L桌带文件柜 一件一箱 颜色->橡木灰,ALL,WALMART,C,T99,0.0000,0.0000,0.0000,0.00,0.00,0.00,1,0.0323,6 个月 · 全平台 · 全量 SKU · 2026-07-09,published
DJ505138_1,US SD 1.8米三抽L桌带双柜门 一件两箱 颜色->黑麻+棕色,ALL,AMAZON,C,T99,0.0000,0.0000,0.0000,0.00,0.00,0.00,80,2.5806,6 个月 · 全平台 · 全量 SKU · 2026-07-09,published
DJ505138_1,US SD 1.8米三抽L桌带双柜门 一件两箱 颜色->黑麻+棕色,ALL,TEMU,C,T99,0.0000,0.0000,0.0000,0.00,0.00,0.00,1,0.0323,6 个月 · 全平台 · 全量 SKU · 2026-07-09,published
DJ505138_1,US SD 1.8米三抽L桌带双柜门 一件两箱 颜色->黑麻+棕色,ALL,UNKNOWN,C,T99,0.0000,0.0000,0.0000,0.00,0.00,0.00,1,0.0323,6 个月 · 全平台 · 全量 SKU · 2026-07-09,published
DJ505138_2,US SD 1.8米三抽L桌带双柜门 一件两箱 颜色->浮雕白+棕色,ALL,AMAZON,C,T4B,0.8434,0.4048,0.4048,26.15,12.55,12.55,66,2.1290,6 个月 · 全平台 · 全量 SKU · 2026-07-09,published
DJ505138_2,US SD 1.8米三抽L桌带双柜门 一件两箱 颜色->浮雕白+棕色,ALL,TEMU,C,T99,0.0000,0.0000,0.0000,0.00,0.00,0.00,3,0.0968,6 个月 · 全平台 · 全量 SKU · 2026-07-09,published
DJ505138_2,US SD 1.8米三抽L桌带双柜门 一件两箱 颜色->浮雕白+棕色,ALL,UNKNOWN,C,T99,0.0000,0.0000,0.0000,0.00,0.00,0.00,1,0.0323,6 个月 · 全平台 · 全量 SKU · 2026-07-09,published
DJ505138_2,US SD 1.8米三抽L桌带双柜门 一件两箱 颜色->浮雕白+棕色,ALL,WALMART,C,T99,0.0000,0.0000,0.0000,0.00,0.00,0.00,0,0.0000,6 个月 · 全平台 · 全量 SKU · 2026-07-09,published
DJ505138_3,US SD 1.8米三抽L桌带双柜门 一件两箱 颜色->I27014K木纹,ALL,AMAZON,C,T4B,0.9918,0.5332,0.5332,30.75,16.53,16.53,34,1.0968,6 个月 · 全平台 · 全量 SKU · 2026-07-09,published
DJ505138_3,US SD 1.8米三抽L桌带双柜门 一件两箱 颜色->I27014K木纹,ALL,TEMU,C,T99,0.0000,0.0000,0.0000,0.00,0.00,0.00,0,0.0000,6 个月 · 全平台 · 全量 SKU · 2026-07-09,published
DJ505138_3,US SD 1.8米三抽L桌带双柜门 一件两箱 颜色->I27014K木纹,ALL,TIKTOK,C,T99,0.0000,0.0000,0.0000,0.00,0.00,0.00,0,0.0000,6 个月 · 全平台 · 全量 SKU · 2026-07-09,published
DJ505138_3,US SD 1.8米三抽L桌带双柜门 一件两箱 颜色->I27014K木纹,ALL,WALMART,C,T99,0.0000,0.0000,0.0000,0.00,0.00,0.00,0,0.0000,6 个月 · 全平台 · 全量 SKU · 2026-07-09,published
DJ505138_4,US SD 1.8米三抽L桌带双柜门 一件一箱 颜色->灰色,ALL,AMAZON,D,T99,0.0000,0.0000,0.0000,0.00,0.00,0.00,27,0.8710,6 个月 · 全平台 · 全量 SKU · 2026-07-09,published
DJ505139_1,US SD 2米美式L桌带6抽 一件两箱 颜色->黑麻+棕色,ALL,AMAZON,C,T4B,1.4544,0.7819,0.7819,45.09,24.24,24.24,84,2.7097,6 个月 · 全平台 · 全量 SKU · 2026-07-09,published
DJ505139_1,US SD 2米美式L桌带6抽 一件两箱 颜色->黑麻+棕色,ALL,TEMU,C,T99,0.0000,0.0000,0.0000,0.00,0.00,0.00,0,0.0000,6 个月 · 全平台 · 全量 SKU · 2026-07-09,published
DJ505139_1,US SD 2米美式L桌带6抽 一件两箱 颜色->黑麻+棕色,ALL,UNKNOWN,C,T99,0.0000,0.0000,0.0000,0.00,0.00,0.00,0,0.0000,6 个月 · 全平台 · 全量 SKU · 2026-07-09,published
DJ505139_1,US SD 2米美式L桌带6抽 一件两箱 颜色->黑麻+棕色,ALL,WALMART,C,T99,0.0000,0.0000,0.0000,0.00,0.00,0.00,0,0.0000,6 个月 · 全平台 · 全量 SKU · 2026-07-09,published
DJ505139_2,US SD 2米美式L桌带6抽 一件两箱 颜色->浮雕白+棕色,ALL,AMAZON,C,T4B,1.2709,0.6832,0.6832,39.40,21.18,21.18,63,2.0323,6 个月 · 全平台 · 全量 SKU · 2026-07-09,published
DJ505139_2,US SD 2米美式L桌带6抽 一件两箱 颜色->浮雕白+棕色,ALL,TEMU,C,T99,0.0000,0.0000,0.0000,0.00,0.00,0.00,0,0.0000,6 个月 · 全平台 · 全量 SKU · 2026-07-09,published
DJ505139_2,US SD 2米美式L桌带6抽 一件两箱 颜色->浮雕白+棕色,ALL,WALMART,C,T99,0.0000,0.0000,0.0000,0.00,0.00,0.00,0,0.0000,6 个月 · 全平台 · 全量 SKU · 2026-07-09,published
DJ505139_3,US SD 2米美式L桌带6抽 一件两箱 颜色->I27014K木纹,ALL,AMAZON,C,T4B,1.1143,0.5349,0.5349,34.54,16.58,16.58,43,1.3871,6 个月 · 全平台 · 全量 SKU · 2026-07-09,published
DJ505139_3,US SD 2米美式L桌带6抽 一件两箱 颜色->I27014K木纹,ALL,WALMART,C,T99,0.0000,0.0000,0.0000,0.00,0.00,0.00,0,0.0000,6 个月 · 全平台 · 全量 SKU · 2026-07-09,published
DJ505139_4,US SD 2米美式L桌带6抽 一件两箱 颜色->灰色,ALL,AMAZON,D,T99,0.0000,0.0000,0.0000,0.00,0.00,0.00,76,2.4516,6 个月 · 全平台 · 全量 SKU · 2026-07-09,published
DJ505139_4,US SD 2米美式L桌带6抽 一件两箱 颜色->灰色,ALL,UNKNOWN,D,T99,0.0000,0.0000,0.0000,0.00,0.00,0.00,19,0.6129,6 个月 · 全平台 · 全量 SKU · 2026-07-09,published
DJ505140_1,US SD L桌美式四抽四柜门高桌 一件两箱  颜色->黑麻+棕色,ALL,AMAZON,C,T99,0.0000,0.0000,0.0000,0.00,0.00,0.00,0,0.0000,6 个月 · 全平台 · 全量 SKU · 2026-07-09,published
DJ505140_1,US SD L桌美式四抽四柜门高桌 一件两箱  颜色->黑麻+棕色,ALL,TEMU,C,T99,0.0000,0.0000,0.0000,0.00,0.00,0.00,0,0.0000,6 个月 · 全平台 · 全量 SKU · 2026-07-09,published
DJ505140_1,US SD L桌美式四抽四柜门高桌 一件两箱  颜色->黑麻+棕色,ALL,UNKNOWN,C,T99,0.0000,0.0000,0.0000,0.00,0.00,0.00,0,0.0000,6 个月 · 全平台 · 全量 SKU · 2026-07-09,published
DJ505140_1,US SD L桌美式四抽四柜门高桌 一件两箱  颜色->黑麻+棕色,ALL,WALMART,C,T99,0.0000,0.0000,0.0000,0.00,0.00,0.00,0,0.0000,6 个月 · 全平台 · 全量 SKU · 2026-07-09,published
DJ505140_2,US SD L桌美式四抽四柜门高桌 一件两箱  颜色->浮雕白+棕色,ALL,TEMU,C,T99,0.0000,0.0000,0.0000,0.00,0.00,0.00,0,0.0000,6 个月 · 全平台 · 全量 SKU · 2026-07-09,published
DJ505140_2,US SD L桌美式四抽四柜门高桌 一件两箱  颜色->浮雕白+棕色,ALL,UNKNOWN,C,T99,0.0000,0.0000,0.0000,0.00,0.00,0.00,0,0.0000,6 个月 · 全平台 · 全量 SKU · 2026-07-09,published
DJ505140_2,US SD L桌美式四抽四柜门高桌 一件两箱  颜色->浮雕白+棕色,ALL,WALMART,C,T99,0.0000,0.0000,0.0000,0.00,0.00,0.00,0,0.0000,6 个月 · 全平台 · 全量 SKU · 2026-07-09,published
DJ505140_3,US SD L桌美式四抽四柜门高桌 一件两箱  颜色->I27014K木纹,ALL,AMAZON,C,T4B,0.3643,0.1749,0.1749,11.29,5.42,5.42,37,1.1935,6 个月 · 全平台 · 全量 SKU · 2026-07-09,published
DJ505140_3,US SD L桌美式四抽四柜门高桌 一件两箱  颜色->I27014K木纹,ALL,TEMU,C,T99,0.0000,0.0000,0.0000,0.00,0.00,0.00,0,0.0000,6 个月 · 全平台 · 全量 SKU · 2026-07-09,published
DJ505141_1,US SD 1.7米L桌高桌三抽带谷仓门 一件两箱 颜色->白麻+棕色,ALL,TEMU,C,T99,0.0000,0.0000,0.0000,0.00,0.00,0.00,2,0.0645,6 个月 · 全平台 · 全量 SKU · 2026-07-09,published
DJ505141_1,US SD 1.7米L桌高桌三抽带谷仓门 一件两箱 颜色->白麻+棕色,ALL,UNKNOWN,C,T99,0.0000,0.0000,0.0000,0.00,0.00,0.00,41,1.3226,6 个月 · 全平台 · 全量 SKU · 2026-07-09,published
DJ505141_1,US SD 1.7米L桌高桌三抽带谷仓门 一件两箱 颜色->白麻+棕色,ALL,WALMART,C,T99,0.0000,0.0000,0.0000,0.00,0.00,0.00,4,0.1290,6 个月 · 全平台 · 全量 SKU · 2026-07-09,published
DJ505141_2,US SD 1.7米L桌高桌三抽带谷仓门 一件两箱 颜色->黑麻+棕色,ALL,AMAZON,C,T4B,1.4302,0.6865,0.6865,44.34,21.28,21.28,190,6.1290,6 个月 · 全平台 · 全量 SKU · 2026-07-09,published
DJ505141_2,US SD 1.7米L桌高桌三抽带谷仓门 一件两箱 颜色->黑麻+棕色,ALL,TEMU,C,T99,0.0000,0.0000,0.0000,0.00,0.00,0.00,2,0.0645,6 个月 · 全平台 · 全量 SKU · 2026-07-09,published
DJ505141_2,US SD 1.7米L桌高桌三抽带谷仓门 一件两箱 颜色->黑麻+棕色,ALL,TIKTOK,C,T99,0.0000,0.0000,0.0000,0.00,0.00,0.00,1,0.0323,6 个月 · 全平台 · 全量 SKU · 2026-07-09,published
DJ505141_2,US SD 1.7米L桌高桌三抽带谷仓门 一件两箱 颜色->黑麻+棕色,ALL,UNKNOWN,C,T99,0.0000,0.0000,0.0000,0.00,0.00,0.00,75,2.4194,6 个月 · 全平台 · 全量 SKU · 2026-07-09,published
DJ505141_2,US SD 1.7米L桌高桌三抽带谷仓门 一件两箱 颜色->黑麻+棕色,ALL,WALMART,C,T99,0.0000,0.0000,0.0000,0.00,0.00,0.00,6,0.1935,6 个月 · 全平台 · 全量 SKU · 2026-07-09,published
DJ505141_3,US SD 1.7米L桌高桌三抽带谷仓门 一件两箱 颜色->灰色,ALL,TIKTOK,C,T99,0.0000,0.0000,0.0000,0.00,0.00,0.00,0,0.0000,6 个月 · 全平台 · 全量 SKU · 2026-07-09,published
DJ505141_3,US SD 1.7米L桌高桌三抽带谷仓门 一件两箱 颜色->灰色,ALL,UNKNOWN,C,T99,0.0000,0.0000,0.0000,0.00,0.00,0.00,13,0.4194,6 个月 · 全平台 · 全量 SKU · 2026-07-09,published
DJ505141_3,US SD 1.7米L桌高桌三抽带谷仓门 一件两箱 颜色->灰色,ALL,WALMART,C,T99,0.0000,0.0000,0.0000,0.00,0.00,0.00,5,0.1613,6 个月 · 全平台 · 全量 SKU · 2026-07-09,published
DJ505142_1,EU MJ MCQ-01铝槽环绕灯带双开门+开放格木质镜柜60*78*18 白色 一件一箱,ALL,AMAZON,C,T4B,1.0225,0.5497,0.5497,31.70,17.04,17.04,0,0.0000,6 个月 · 全平台 · 全量 SKU · 2026-07-09,published
DJ505142_2,EU MJ MCQ-01铝槽环绕灯带双开门+开放格木质镜柜70*78*18 白色 一件一箱,ALL,AMAZON,C,T4B,0.8989,0.4832,0.4832,27.87,14.98,14.98,44,1.4194,6 个月 · 全平台 · 全量 SKU · 2026-07-09,published
DJ505142_3,EU MJ MCQ-01铝槽环绕灯带双开门+开放格木质镜柜80*78*18 白色 一件一箱,ALL,AMAZON,C,T4B,0.9170,0.4930,0.4930,28.43,15.28,15.28,49,1.5806,6 个月 · 全平台 · 全量 SKU · 2026-07-09,published
DJ505143_1,EU MJ MCQ-02铝槽环绕灯带三开门+开放格木质镜柜 80*78*18 白色 一件一箱,ALL,AMAZON,C,T99,0.0000,0.0000,0.0000,0.00,0.00,0.00,0,0.0000,6 个月 · 全平台 · 全量 SKU · 2026-07-09,published
DJ505143_2,EU MJ MCQ-02铝槽环绕灯带三开门+开放格木质镜柜 90*78*18 白色 一件一箱,ALL,AMAZON,C,T4B,1.2099,0.6504,0.6504,37.51,20.16,20.16,0,0.0000,6 个月 · 全平台 · 全量 SKU · 2026-07-09,published
DJ505144_1,US 80cm拱形零食柜 一件两箱 颜色->原木色,ALL,AMAZON,D,T99,0.0000,0.0000,0.0000,0.00,0.00,0.00,0,0.0000,6 个月 · 全平台 · 全量 SKU · 2026-07-09,published
DJ505144_2,US 80cm拱形零食柜 一件两箱 颜色->棕三胺2062,ALL,AMAZON,D,T99,0.0000,0.0000,0.0000,0.00,0.00,0.00,0,0.0000,6 个月 · 全平台 · 全量 SKU · 2026-07-09,published
DJ505145_1,US 1.2米拓1.6米长餐桌 一件一箱 颜色->原木色,ALL,AMAZON,D,T4B,0.4071,0.1954,0.1954,12.62,6.06,6.06,23,0.7419,6 个月 · 全平台 · 全量 SKU · 2026-07-09,published
DJ505145_1,US 1.2米拓1.6米长餐桌 一件一箱 颜色->原木色,ALL,TEMU,D,T4B,0.3000,0.1440,0.1440,9.30,4.46,4.46,0,0.0000,6 个月 · 全平台 · 全量 SKU · 2026-07-09,published
DJ505145_2,US 1.2米拓1.6米长餐桌 一件一箱 颜色->黑色,ALL,AMAZON,D,T4B,0.4500,0.2160,0.2160,13.95,6.70,6.70,0,0.0000,6 个月 · 全平台 · 全量 SKU · 2026-07-09,published
DJ505145_2,US 1.2米拓1.6米长餐桌 一件一箱 颜色->黑色,ALL,UNKNOWN,D,T99,0.0000,0.0000,0.0000,0.00,0.00,0.00,0,0.0000,6 个月 · 全平台 · 全量 SKU · 2026-07-09,published
DJ505145_2,US 1.2米拓1.6米长餐桌 一件一箱 颜色->黑色,ALL,WALMART,D,T99,0.0000,0.0000,0.0000,0.00,0.00,0.00,0,0.0000,6 个月 · 全平台 · 全量 SKU · 2026-07-09,published
DJ505146_1,US UA 悬浮款双列四层斗柜 一件两箱 颜色-->黑色 山纹黑 颜色->黑色,ALL,AMAZON,C,T99,0.0000,0.0000,0.0000,0.00,0.00,0.00,0,0.0000,6 个月 · 全平台 · 全量 SKU · 2026-07-09,published
DJ505146_1,US UA 悬浮款双列四层斗柜 一件两箱 颜色-->黑色 山纹黑 颜色->黑色,ALL,TIKTOK,C,T99,0.0000,0.0000,0.0000,0.00,0.00,0.00,0,0.0000,6 个月 · 全平台 · 全量 SKU · 2026-07-09,published
DJ505147_1,"US 床BJS-543F 落地双层床+储物台阶 含灯带、插盘 137*190 一件两箱 颜色->#1,纯白",ALL,AMAZON,C,T4B,0.9709,0.5219,0.5219,30.10,16.18,16.18,51,1.6452,6 个月 · 全平台 · 全量 SKU · 2026-07-09,published
DJ505147_1,"US 床BJS-543F 落地双层床+储物台阶 含灯带、插盘 137*190 一件两箱 颜色->#1,纯白",ALL,UNKNOWN,C,T4B,0.5984,0.3217,0.3217,18.55,9.97,9.97,13,0.4194,6 个月 · 全平台 · 全量 SKU · 2026-07-09,published
DJ505147_1,"US 床BJS-543F 落地双层床+储物台阶 含灯带、插盘 137*190 一件两箱 颜色->#1,纯白",ALL,WALMART,C,T99,0.0000,0.0000,0.0000,0.00,0.00,0.00,3,0.0968,6 个月 · 全平台 · 全量 SKU · 2026-07-09,published
DJ505147_2,US 床BJS-543F 落地双层床+储物台阶  137*190 一件两箱 颜色->#2 火烧云,ALL,AMAZON,B,T4B,1.7198,0.9246,0.9246,53.31,28.66,28.66,71,2.2903,6 个月 · 全平台 · 全量 SKU · 2026-07-09,published
DJ505147_2,US 床BJS-543F 落地双层床+储物台阶  137*190 一件两箱 颜色->#2 火烧云,ALL,TIKTOK,B,T99,0.0000,0.0000,0.0000,0.00,0.00,0.00,1,0.0323,6 个月 · 全平台 · 全量 SKU · 2026-07-09,published
DJ505148,US DC 沙发凳折叠床 4英寸厚床垫*3 75*38英寸 颜色黑色 一件一箱,ALL,AMAZON,C,T4B,1.2588,0.6767,0.6767,39.02,20.98,20.98,0,0.0000,6 个月 · 全平台 · 全量 SKU · 2026-07-09,published
DJ505148,US DC 沙发凳折叠床 4英寸厚床垫*3 75*38英寸 颜色黑色 一件一箱,ALL,UNKNOWN,C,T99,0.0000,0.0000,0.0000,0.00,0.00,0.00,0,0.0000,6 个月 · 全平台 · 全量 SKU · 2026-07-09,published
DJ505150_1,US SD 1.4米三抽带两个柜门美式单人升降桌 一件两箱 颜色-棕色,ALL,AMAZON,C,T99,0.0000,0.0000,0.0000,0.00,0.00,0.00,23,0.7419,6 个月 · 全平台 · 全量 SKU · 2026-07-09,published
DJ505151_1,US SD 1.55米三抽L桌高桌带书架 一件两箱 颜色->白麻,ALL,AMAZON,C,T4B,2.0681,1.1118,1.1118,64.11,34.47,34.47,146,4.7097,6 个月 · 全平台 · 全量 SKU · 2026-07-09,published
DJ505151_1,US SD 1.55米三抽L桌高桌带书架 一件两箱 颜色->白麻,ALL,TEMU,C,T99,0.0000,0.0000,0.0000,0.00,0.00,0.00,0,0.0000,6 个月 · 全平台 · 全量 SKU · 2026-07-09,published
DJ505151_1,US SD 1.55米三抽L桌高桌带书架 一件两箱 颜色->白麻,ALL,UNKNOWN,C,T99,0.0000,0.0000,0.0000,0.00,0.00,0.00,0,0.0000,6 个月 · 全平台 · 全量 SKU · 2026-07-09,published
DJ505151_2,US SD 1.55米三抽L桌高桌带书架 一件两箱 颜色->黑麻,ALL,AMAZON,C,T4B,2.1791,1.1715,1.1715,67.55,36.32,36.32,148,4.7742,6 个月 · 全平台 · 全量 SKU · 2026-07-09,published
DJ505151_2,US SD 1.55米三抽L桌高桌带书架 一件两箱 颜色->黑麻,ALL,TIKTOK,C,T99,0.0000,0.0000,0.0000,0.00,0.00,0.00,0,0.0000,6 个月 · 全平台 · 全量 SKU · 2026-07-09,published
DJ505151_2,US SD 1.55米三抽L桌高桌带书架 一件两箱 颜色->黑麻,ALL,UNKNOWN,C,T99,0.0000,0.0000,0.0000,0.00,0.00,0.00,0,0.0000,6 个月 · 全平台 · 全量 SKU · 2026-07-09,published
DJ505151_3,US SD 1.55米三抽L桌高桌带书架 一件两箱 颜色->I27014K木纹,ALL,AMAZON,C,T4B,2.0016,1.0184,1.0184,62.05,31.57,31.57,165,5.3226,6 个月 · 全平台 · 全量 SKU · 2026-07-09,published
DJ505151_3,US SD 1.55米三抽L桌高桌带书架 一件两箱 颜色->I27014K木纹,ALL,TIKTOK,C,T99,0.0000,0.0000,0.0000,0.00,0.00,0.00,0,0.0000,6 个月 · 全平台 · 全量 SKU · 2026-07-09,published
DJ505152_1,US DC 高架床 LBOS-02 L型桌开放格储物款 T 一件两箱 黑色,ALL,AMAZON,C,T99,0.0000,0.0000,0.0000,0.00,0.00,0.00,9,0.2903,6 个月 · 全平台 · 全量 SKU · 2026-07-09,published
DJ505152_1,US DC 高架床 LBOS-02 L型桌开放格储物款 T 一件两箱 黑色,ALL,UNKNOWN,C,T99,0.0000,0.0000,0.0000,0.00,0.00,0.00,24,0.7742,6 个月 · 全平台 · 全量 SKU · 2026-07-09,published
DJ505152_1,US DC 高架床 LBOS-02 L型桌开放格储物款 T 一件两箱 黑色,ALL,WALMART,C,T99,0.0000,0.0000,0.0000,0.00,0.00,0.00,17,0.5484,6 个月 · 全平台 · 全量 SKU · 2026-07-09,published
DJ505152_2,US DC 高架床 LBOS-02 L型桌开放格储物款 T 一件两箱 白色,ALL,AMAZON,B,T99,0.0000,0.0000,0.0000,0.00,0.00,0.00,0,0.0000,6 个月 · 全平台 · 全量 SKU · 2026-07-09,published
DJ505152_2,US DC 高架床 LBOS-02 L型桌开放格储物款 T 一件两箱 白色,ALL,UNKNOWN,B,T99,0.0000,0.0000,0.0000,0.00,0.00,0.00,13,0.4194,6 个月 · 全平台 · 全量 SKU · 2026-07-09,published
DJ505153_1,"US UA CT-TX01 板式梯形咖啡桌 一件一箱 颜色->#1,年轮橡木",ALL,AMAZON,D,T99,0.0000,0.0000,0.0000,0.00,0.00,0.00,0,0.0000,6 个月 · 全平台 · 全量 SKU · 2026-07-09,published
DJ505153_1,"US UA CT-TX01 板式梯形咖啡桌 一件一箱 颜色->#1,年轮橡木",ALL,TEMU,D,T99,0.0000,0.0000,0.0000,0.00,0.00,0.00,0,0.0000,6 个月 · 全平台 · 全量 SKU · 2026-07-09,published
DJ505153_1,"US UA CT-TX01 板式梯形咖啡桌 一件一箱 颜色->#1,年轮橡木",ALL,UNKNOWN,D,T99,0.0000,0.0000,0.0000,0.00,0.00,0.00,0,0.0000,6 个月 · 全平台 · 全量 SKU · 2026-07-09,published
DJ505154_1,US DC 高架床 LBCD-01 2508 L型电脑桌款  一件两箱 颜色 黑色,ALL,AMAZON,B,T4A,1.9588,0.9089,0.9089,60.72,28.18,28.18,179,5.7742,6 个月 · 全平台 · 全量 SKU · 2026-07-09,published
DJ505154_1,US DC 高架床 LBCD-01 2508 L型电脑桌款  一件两箱 颜色 黑色,ALL,UNKNOWN,B,T4B,0.4736,0.2546,0.2546,14.68,7.89,7.89,65,2.0968,6 个月 · 全平台 · 全量 SKU · 2026-07-09,published
DJ505154_1,US DC 高架床 LBCD-01 2508 L型电脑桌款  一件两箱 颜色 黑色,ALL,WALMART,B,T99,0.0000,0.0000,0.0000,0.00,0.00,0.00,24,0.7742,6 个月 · 全平台 · 全量 SKU · 2026-07-09,published
DJ505154_2,US DC 高架床 LBCD-01 2508 L型电脑桌款  一件两箱 颜色 白色,ALL,AMAZON,C,T4B,1.2242,0.5876,0.5876,37.95,18.22,18.22,73,2.3548,6 个月 · 全平台 · 全量 SKU · 2026-07-09,published
DJ505154_2,US DC 高架床 LBCD-01 2508 L型电脑桌款  一件两箱 颜色 白色,ALL,UNKNOWN,C,T4B,0.7357,0.3531,0.3531,22.81,10.95,10.95,56,1.8065,6 个月 · 全平台 · 全量 SKU · 2026-07-09,published
DJ505155_1,US 上床下床侧边带四抽挂衣架 一件一箱 颜色->火烧云,ALL,AMAZON,C,T3,5.6046,5.8848,5.8848,173.74,182.43,182.43,68,2.1935,6 个月 · 全平台 · 全量 SKU · 2026-07-09,published
DJ505155_1,US 上床下床侧边带四抽挂衣架 一件一箱 颜色->火烧云,ALL,TEMU,C,T99,0.0000,0.0000,0.0000,0.00,0.00,0.00,0,0.0000,6 个月 · 全平台 · 全量 SKU · 2026-07-09,published
DJ505155_1,US 上床下床侧边带四抽挂衣架 一件一箱 颜色->火烧云,ALL,UNKNOWN,C,T4B,0.4599,0.2472,0.2472,14.26,7.66,7.66,16,0.5161,6 个月 · 全平台 · 全量 SKU · 2026-07-09,published
DJ505155_2,US 上床下床侧边带四抽挂衣架 一件一箱 颜色->白麻,ALL,TEMU,C,T99,0.0000,0.0000,0.0000,0.00,0.00,0.00,0,0.0000,6 个月 · 全平台 · 全量 SKU · 2026-07-09,published
DJ505156_1,US AG 7布抽高架床 F 一件两箱 颜色->火烧云,ALL,AMAZON,C,T4B,0.8819,0.4233,0.4233,27.34,13.12,13.12,19,0.6129,6 个月 · 全平台 · 全量 SKU · 2026-07-09,published
DJ505156_1,US AG 7布抽高架床 F 一件两箱 颜色->火烧云,ALL,UNKNOWN,C,T4B,0.6973,0.3748,0.3748,21.62,11.62,11.62,57,1.8387,6 个月 · 全平台 · 全量 SKU · 2026-07-09,published
DJ505156_2,US AG 7布抽高架床 F 一件两箱 颜色->灰色,ALL,AMAZON,B,T4B,0.6214,0.2535,0.2535,19.26,7.86,7.86,11,0.3548,6 个月 · 全平台 · 全量 SKU · 2026-07-09,published
DJ505156_2,US AG 7布抽高架床 F 一件两箱 颜色->灰色,ALL,UNKNOWN,B,T4B,1.7269,0.8787,0.8787,53.53,27.24,27.24,58,1.8710,6 个月 · 全平台 · 全量 SKU · 2026-07-09,published
DJ505156_2,US AG 7布抽高架床 F 一件两箱 颜色->灰色,ALL,WALMART,B,T99,0.0000,0.0000,0.0000,0.00,0.00,0.00,4,0.1290,6 个月 · 全平台 · 全量 SKU · 2026-07-09,published
DJ505156_3,US AG 7布抽高架床 F 一件两箱 颜色->白色,ALL,UNKNOWN,D,T99,0.0000,0.0000,0.0000,0.00,0.00,0.00,53,1.7097,6 个月 · 全平台 · 全量 SKU · 2026-07-09,published
DJ505157_1,"US AE 储物柜 DT49 5抽大容量储物抽屉 颜色->#1,黑色麻面",ALL,TIKTOK,C,T99,0.0000,0.0000,0.0000,0.00,0.00,0.00,0,0.0000,6 个月 · 全平台 · 全量 SKU · 2026-07-09,published
DJ505157_1,"US AE 储物柜 DT49 5抽大容量储物抽屉 颜色->#1,黑色麻面",ALL,WALMART,C,T99,0.0000,0.0000,0.0000,0.00,0.00,0.00,0,0.0000,6 个月 · 全平台 · 全量 SKU · 2026-07-09,published
DJ505157_2,"US AE 储物柜 DT49 5抽大容量储物抽屉 颜色->#2,白色麻面",ALL,TIKTOK,C,T99,0.0000,0.0000,0.0000,0.00,0.00,0.00,0,0.0000,6 个月 · 全平台 · 全量 SKU · 2026-07-09,published
DJ505157_2,"US AE 储物柜 DT49 5抽大容量储物抽屉 颜色->#2,白色麻面",ALL,UNKNOWN,C,T99,0.0000,0.0000,0.0000,0.00,0.00,0.00,3,0.0968,6 个月 · 全平台 · 全量 SKU · 2026-07-09,published
DJ505157_2,"US AE 储物柜 DT49 5抽大容量储物抽屉 颜色->#2,白色麻面",ALL,WALMART,C,T99,0.0000,0.0000,0.0000,0.00,0.00,0.00,2,0.0645,6 个月 · 全平台 · 全量 SKU · 2026-07-09,published
DJ505158_1,"US AG 1x5厚重藤编储物柜 一件一箱 尺码->#1,木色",ALL,AMAZON,D,T99,0.0000,0.0000,0.0000,0.00,0.00,0.00,0,0.0000,6 个月 · 全平台 · 全量 SKU · 2026-07-09,published
DJ505158_1,"US AG 1x5厚重藤编储物柜 一件一箱 尺码->#1,木色",ALL,UNKNOWN,D,T99,0.0000,0.0000,0.0000,0.00,0.00,0.00,0,0.0000,6 个月 · 全平台 · 全量 SKU · 2026-07-09,published
DJ505158_1,"US AG 1x5厚重藤编储物柜 一件一箱 尺码->#1,木色",ALL,WALMART,D,T99,0.0000,0.0000,0.0000,0.00,0.00,0.00,0,0.0000,6 个月 · 全平台 · 全量 SKU · 2026-07-09,published
DJ505159_1,"US AG 2x3厚重藤编储物柜 一件一箱 尺码->#1,木色",ALL,AMAZON,D,T99,0.0000,0.0000,0.0000,0.00,0.00,0.00,0,0.0000,6 个月 · 全平台 · 全量 SKU · 2026-07-09,published
DJ505159_1,"US AG 2x3厚重藤编储物柜 一件一箱 尺码->#1,木色",ALL,UNKNOWN,D,T99,0.0000,0.0000,0.0000,0.00,0.00,0.00,0,0.0000,6 个月 · 全平台 · 全量 SKU · 2026-07-09,published
DJ505160_1,US DC 高架床 BB-01  YL 双床L桌款 TXL+T  一件两箱 颜色->黑色,ALL,AMAZON,B,T3,4.2127,4.3527,4.3527,130.59,134.93,134.93,52,1.6774,6 个月 · 全平台 · 全量 SKU · 2026-07-09,published
DJ505160_1,US DC 高架床 BB-01  YL 双床L桌款 TXL+T  一件两箱 颜色->黑色,ALL,WALMART,B,T4B,0.8874,0.4259,0.4259,27.51,13.20,13.20,34,1.0968,6 个月 · 全平台 · 全量 SKU · 2026-07-09,published
DJ505161_1,US R132款 侧梯7抽帐篷低阁楼床带2条灯带床头置物袋 一件一箱 颜色->黑色,ALL,AMAZON,A,T4B,2.4929,1.2684,1.2684,77.28,39.32,39.32,65,2.0968,6 个月 · 全平台 · 全量 SKU · 2026-07-09,published
DJ505161_1,US R132款 侧梯7抽帐篷低阁楼床带2条灯带床头置物袋 一件一箱 颜色->黑色,ALL,TIKTOK,A,T4B,0.2786,0.1337,0.1337,8.64,4.14,4.14,11,0.3548,6 个月 · 全平台 · 全量 SKU · 2026-07-09,published
DJ505161_1,US R132款 侧梯7抽帐篷低阁楼床带2条灯带床头置物袋 一件一箱 颜色->黑色,ALL,UNKNOWN,A,T4B,0.4566,0.2455,0.2455,14.15,7.61,7.61,43,1.3871,6 个月 · 全平台 · 全量 SKU · 2026-07-09,published
DJ505161_1,US R132款 侧梯7抽帐篷低阁楼床带2条灯带床头置物袋 一件一箱 颜色->黑色,ALL,WALMART,A,T99,0.0000,0.0000,0.0000,0.00,0.00,0.00,3,0.0968,6 个月 · 全平台 · 全量 SKU · 2026-07-09,published
DJ505161_2,US R132款 侧梯7抽帐篷低阁楼床带2条灯带床头置物袋 一件一箱 颜色->白色,ALL,AMAZON,C,T4B,1.3132,0.6303,0.6303,40.71,19.54,19.54,32,1.0323,6 个月 · 全平台 · 全量 SKU · 2026-07-09,published
DJ505161_2,US R132款 侧梯7抽帐篷低阁楼床带2条灯带床头置物袋 一件一箱 颜色->白色,ALL,TIKTOK,C,T4B,0.1286,0.0617,0.0617,3.99,1.91,1.91,1,0.0323,6 个月 · 全平台 · 全量 SKU · 2026-07-09,published
DJ505161_2,US R132款 侧梯7抽帐篷低阁楼床带2条灯带床头置物袋 一件一箱 颜色->白色,ALL,WALMART,C,T99,0.0000,0.0000,0.0000,0.00,0.00,0.00,1,0.0323,6 个月 · 全平台 · 全量 SKU · 2026-07-09,published
DJ505161_3,US R132款 侧梯7抽帐篷低阁楼床带2条灯带床头置物袋 一件一箱 颜色->粉色,ALL,AMAZON,A,T4B,2.0000,1.0752,1.0752,62.00,33.33,33.33,95,3.0645,6 个月 · 全平台 · 全量 SKU · 2026-07-09,published
DJ505161_3,US R132款 侧梯7抽帐篷低阁楼床带2条灯带床头置物袋 一件一箱 颜色->粉色,ALL,TIKTOK,A,T4B,0.1429,0.0686,0.0686,4.43,2.13,2.13,2,0.0645,6 个月 · 全平台 · 全量 SKU · 2026-07-09,published
DJ505162_1,US DC 铁木床 CBF-02L 方管铁木角落床带抽篮-113 F 黑 一件两箱,ALL,AMAZON,A,T1,17.8848,13.9501,13.9501,554.43,432.45,432.45,452,14.5806,6 个月 · 全平台 · 全量 SKU · 2026-07-09,published
DJ505162_1,US DC 铁木床 CBF-02L 方管铁木角落床带抽篮-113 F 黑 一件两箱,ALL,TIKTOK,A,T4B,0.4022,0.2046,0.2046,12.47,6.34,6.34,23,0.7419,6 个月 · 全平台 · 全量 SKU · 2026-07-09,published
DJ505163_1,"EU KM BF-TR01 基础款铁木床头软包床 尺码->L,140*190;颜色->白色,麻布白+原木板材",ALL,AMAZON,C,T4B,0.9764,0.4687,0.4687,30.27,14.53,14.53,62,2.0000,6 个月 · 全平台 · 全量 SKU · 2026-07-09,published
DJ505163_1,"EU KM BF-TR01 基础款铁木床头软包床 尺码->L,140*190;颜色->白色,麻布白+原木板材",ALL,UNKNOWN,C,T99,0.0000,0.0000,0.0000,0.00,0.00,0.00,1,0.0323,6 个月 · 全平台 · 全量 SKU · 2026-07-09,published
DJ505163_2,"EU KM BF-TR01 基础款铁木床头软包床 尺码->L,140*190;颜色->黑色,PU黑+山纹黑",ALL,UNKNOWN,C,T99,0.0000,0.0000,0.0000,0.00,0.00,0.00,0,0.0000,6 个月 · 全平台 · 全量 SKU · 2026-07-09,published
DJ505163_3,"EU KM BF-TR01 基础款铁木床头软包床 尺码->XL,140*200;颜色->白色,麻布白+原木板材",ALL,AMAZON,C,T99,0.0000,0.0000,0.0000,0.00,0.00,0.00,0,0.0000,6 个月 · 全平台 · 全量 SKU · 2026-07-09,published
DJ505163_5,"EU KM BF-TR01 基础款铁木床头软包床 尺码->XXL,160*200;颜色->白色,麻布白+原木板材",ALL,AMAZON,C,T4B,0.3604,0.1471,0.1471,11.17,4.56,4.56,16,0.5161,6 个月 · 全平台 · 全量 SKU · 2026-07-09,published
DJ505164_1,US DC 铁木床 CBF-02L 方管铁木角落床带抽篮-113 F 灰 一件两箱,ALL,AMAZON,B,T2,10.0049,7.8039,7.8039,310.15,241.92,241.92,261,8.4194,6 个月 · 全平台 · 全量 SKU · 2026-07-09,published
DJ505165_1,US GS03 7抽转角侧梯低阁楼床带灯带正面3空格储物 颜色->黑色,ALL,AMAZON,A,T4B,3.5918,1.4654,1.4654,111.35,45.43,45.43,170,5.4839,6 个月 · 全平台 · 全量 SKU · 2026-07-09,published
DJ505165_1,US GS03 7抽转角侧梯低阁楼床带灯带正面3空格储物 颜色->黑色,ALL,UNKNOWN,A,T4B,0.3473,0.1867,0.1867,10.77,5.79,5.79,28,0.9032,6 个月 · 全平台 · 全量 SKU · 2026-07-09,published
DJ505165_2,US GS03 7抽转角侧梯低阁楼床带灯带正面3空格储物 颜色->白色,ALL,AMAZON,A,T4B,2.2681,0.9254,0.9254,70.31,28.69,28.69,84,2.7097,6 个月 · 全平台 · 全量 SKU · 2026-07-09,published
DJ505165_3,US GS03 7抽转角侧梯低阁楼床带灯带正面3空格储物 颜色->粉色,ALL,UNKNOWN,A,T4B,0.1934,0.1040,0.1040,6.00,3.22,3.22,22,0.7097,6 个月 · 全平台 · 全量 SKU · 2026-07-09,published
DJ505165_3,US GS03 7抽转角侧梯低阁楼床带灯带正面3空格储物 颜色->粉色,ALL,WALMART,A,T99,0.0000,0.0000,0.0000,0.00,0.00,0.00,3,0.0968,6 个月 · 全平台 · 全量 SKU · 2026-07-09,published
DJ505166_1,"US HA 书桌 VT10 小款异型加高梳妆台玻璃柜（含储物凳）+七彩流光灯+插座 颜色->#1,原木橡木色",ALL,AMAZON,C,T4A,2.6905,1.3233,1.3233,83.41,41.02,41.02,11,0.3548,6 个月 · 全平台 · 全量 SKU · 2026-07-09,published
DJ505166_1,"US HA 书桌 VT10 小款异型加高梳妆台玻璃柜（含储物凳）+七彩流光灯+插座 颜色->#1,原木橡木色",ALL,WALMART,C,T99,0.0000,0.0000,0.0000,0.00,0.00,0.00,0,0.0000,6 个月 · 全平台 · 全量 SKU · 2026-07-09,published
DJ505166_2,"US HA 书桌 VT10 小款异型加高梳妆台玻璃柜（含储物凳）+七彩流光灯+插座 颜色->#2,白色麻面",ALL,AMAZON,C,T4B,0.7852,0.3995,0.3995,24.34,12.38,12.38,33,1.0645,6 个月 · 全平台 · 全量 SKU · 2026-07-09,published
DJ505166_2,"US HA 书桌 VT10 小款异型加高梳妆台玻璃柜（含储物凳）+七彩流光灯+插座 颜色->#2,白色麻面",ALL,UNKNOWN,C,T99,0.0000,0.0000,0.0000,0.00,0.00,0.00,7,0.2258,6 个月 · 全平台 · 全量 SKU · 2026-07-09,published
DJ505167_1,"US HA 储物柜 DT50 3抽模块化竖线条斗柜一件一箱 颜色->#1,原木橡木色",ALL,TIKTOK,C,T99,0.0000,0.0000,0.0000,0.00,0.00,0.00,0,0.0000,6 个月 · 全平台 · 全量 SKU · 2026-07-09,published
DJ505167_2,"US HA 储物柜 DT50 3抽模块化竖线条斗柜一件一箱 颜色->#2,黑色浮雕",ALL,TIKTOK,C,T99,0.0000,0.0000,0.0000,0.00,0.00,0.00,5,0.1613,6 个月 · 全平台 · 全量 SKU · 2026-07-09,published
DJ505168_1,"US 594款 T尺寸上床下桌8抽带灯带插排 一件一箱,箱规不超49kg 颜色->火烧云",ALL,AMAZON,A,T3,4.9859,4.8478,4.8478,154.56,150.28,150.28,115,3.7097,6 个月 · 全平台 · 全量 SKU · 2026-07-09,published
DJ505168_1,"US 594款 T尺寸上床下桌8抽带灯带插排 一件一箱,箱规不超49kg 颜色->火烧云",ALL,UNKNOWN,A,T4B,0.6549,0.3332,0.3332,20.30,10.33,10.33,21,0.6774,6 个月 · 全平台 · 全量 SKU · 2026-07-09,published
DJ505168_1,"US 594款 T尺寸上床下桌8抽带灯带插排 一件一箱,箱规不超49kg 颜色->火烧云",ALL,WALMART,A,T4B,2.0736,0.9953,0.9953,64.28,30.85,30.85,62,2.0000,6 个月 · 全平台 · 全量 SKU · 2026-07-09,published
DJ505168_2,"US 594款 T尺寸上床下桌8抽带灯带插排 一件一箱,箱规不超49kg 颜色->白色",ALL,AMAZON,A,T2,11.8945,9.2777,9.2777,368.73,287.61,287.61,255,8.2258,6 个月 · 全平台 · 全量 SKU · 2026-07-09,published
DJ505168_2,"US 594款 T尺寸上床下桌8抽带灯带插排 一件一箱,箱规不超49kg 颜色->白色",ALL,TIKTOK,A,T4B,0.4187,0.2251,0.2251,12.98,6.98,6.98,49,1.5806,6 个月 · 全平台 · 全量 SKU · 2026-07-09,published
DJ505168_2,"US 594款 T尺寸上床下桌8抽带灯带插排 一件一箱,箱规不超49kg 颜色->白色",ALL,WALMART,A,T4B,1.8341,0.9860,0.9860,56.86,30.57,30.57,117,3.7742,6 个月 · 全平台 · 全量 SKU · 2026-07-09,published
DJ505168_2_WF,"US 594款 T尺寸上床下桌8抽带灯带插排 一件一箱,箱规不超49kg 颜色->白色",ALL,UNKNOWN,D,T4B,3.0324,1.4556,1.4556,94.00,45.12,45.12,121,3.9032,6 个月 · 全平台 · 全量 SKU · 2026-07-09,published
DJ505168_3,"US 594款 T尺寸上床下桌8抽带灯带插排 一件一箱,箱规不超49kg 颜色->灰色",ALL,AMAZON,A,T3,6.3424,6.2396,6.2396,196.61,193.43,193.43,149,4.8065,6 个月 · 全平台 · 全量 SKU · 2026-07-09,published
DJ505168_3,"US 594款 T尺寸上床下桌8抽带灯带插排 一件一箱,箱规不超49kg 颜色->灰色",ALL,TIKTOK,A,T4B,0.4187,0.2251,0.2251,12.98,6.98,6.98,39,1.2581,6 个月 · 全平台 · 全量 SKU · 2026-07-09,published
DJ505168_3,"US 594款 T尺寸上床下桌8抽带灯带插排 一件一箱,箱规不超49kg 颜色->灰色",ALL,WALMART,A,T4B,2.1247,1.0199,1.0199,65.87,31.62,31.62,35,1.1290,6 个月 · 全平台 · 全量 SKU · 2026-07-09,published
DJ505168_3_WF,"US 594款 T尺寸上床下桌8抽带灯带插排 一件一箱,箱规不超49kg 颜色->灰色",ALL,UNKNOWN,D,T4B,1.9126,0.9181,0.9181,59.29,28.46,28.46,71,2.2903,6 个月 · 全平台 · 全量 SKU · 2026-07-09,published
DJ505169_1,"US UA 大款带软包坐垫门厅架 一件两箱 颜色->白色,大浮雕",ALL,UNKNOWN,C,T99,0.0000,0.0000,0.0000,0.00,0.00,0.00,0,0.0000,6 个月 · 全平台 · 全量 SKU · 2026-07-09,published
DJ505170_1,US AG 翻盖布抽角落床 T 一件两箱 颜色->火烧云,ALL,AMAZON,B,T4A,3.2393,1.5932,1.5932,100.42,49.39,49.39,151,4.8710,6 个月 · 全平台 · 全量 SKU · 2026-07-09,published
DJ505170_1,US AG 翻盖布抽角落床 T 一件两箱 颜色->火烧云,ALL,UNKNOWN,B,T4B,0.4247,0.2161,0.2161,13.17,6.70,6.70,13,0.4194,6 个月 · 全平台 · 全量 SKU · 2026-07-09,published
DJ505170_2,US AG 翻盖布抽角落床 T 一件两箱 颜色->灰色,ALL,AMAZON,B,T4A,2.8086,1.3032,1.3032,87.07,40.40,40.40,70,2.2581,6 个月 · 全平台 · 全量 SKU · 2026-07-09,published
DJ505170_2,US AG 翻盖布抽角落床 T 一件两箱 颜色->灰色,ALL,UNKNOWN,B,T4B,0.9978,0.5077,0.5077,30.93,15.74,15.74,27,0.8710,6 个月 · 全平台 · 全量 SKU · 2026-07-09,published
DJ505170_3,US AG 翻盖布抽角落床 T 一件两箱 颜色->白色,ALL,AMAZON,D,T99,0.0000,0.0000,0.0000,0.00,0.00,0.00,104,3.3548,6 个月 · 全平台 · 全量 SKU · 2026-07-09,published
DJ505170_3,US AG 翻盖布抽角落床 T 一件两箱 颜色->白色,ALL,UNKNOWN,D,T99,0.0000,0.0000,0.0000,0.00,0.00,0.00,17,0.5484,6 个月 · 全平台 · 全量 SKU · 2026-07-09,published
DJ505171_1,US AG 翻盖布抽角落床 F 一件两箱 颜色->火烧云,ALL,AMAZON,B,T4A,2.9413,1.4466,1.4466,91.18,44.84,44.84,269,8.6774,6 个月 · 全平台 · 全量 SKU · 2026-07-09,published
DJ505171_1,US AG 翻盖布抽角落床 F 一件两箱 颜色->火烧云,ALL,TIKTOK,B,T99,0.0000,0.0000,0.0000,0.00,0.00,0.00,0,0.0000,6 个月 · 全平台 · 全量 SKU · 2026-07-09,published
DJ505171_1,US AG 翻盖布抽角落床 F 一件两箱 颜色->火烧云,ALL,UNKNOWN,B,T4B,0.4264,0.2292,0.2292,13.22,7.11,7.11,24,0.7742,6 个月 · 全平台 · 全量 SKU · 2026-07-09,published
DJ505171_1,US AG 翻盖布抽角落床 F 一件两箱 颜色->火烧云,ALL,WALMART,B,T4B,0.1511,0.0812,0.0812,4.68,2.52,2.52,18,0.5806,6 个月 · 全平台 · 全量 SKU · 2026-07-09,published
DJ505171_1_WF,US AG 翻盖布抽角落床 F 一件两箱 颜色->火烧云,ALL,UNKNOWN,D,T4B,0.3214,0.1543,0.1543,9.96,4.78,4.78,40,1.2903,6 个月 · 全平台 · 全量 SKU · 2026-07-09,published
DJ505171_2,US AG 翻盖布抽角落床 F 一件两箱 颜色->灰色,ALL,AMAZON,B,T4A,2.3943,1.1776,1.1776,74.22,36.51,36.51,83,2.6774,6 个月 · 全平台 · 全量 SKU · 2026-07-09,published
DJ505171_2,US AG 翻盖布抽角落床 F 一件两箱 颜色->灰色,ALL,TIKTOK,B,T99,0.0000,0.0000,0.0000,0.00,0.00,0.00,2,0.0645,6 个月 · 全平台 · 全量 SKU · 2026-07-09,published
DJ505171_2,US AG 翻盖布抽角落床 F 一件两箱 颜色->灰色,ALL,UNKNOWN,B,T4B,1.1538,0.5871,0.5871,35.77,18.20,18.20,76,2.4516,6 个月 · 全平台 · 全量 SKU · 2026-07-09,published
DJ505171_2,US AG 翻盖布抽角落床 F 一件两箱 颜色->灰色,ALL,WALMART,B,T4B,0.4665,0.2508,0.2508,14.46,7.77,7.77,21,0.6774,6 个月 · 全平台 · 全量 SKU · 2026-07-09,published
DJ505171_2_WF,US AG 翻盖布抽角落床 F 一件两箱 颜色->灰色,ALL,UNKNOWN,D,T4B,0.5786,0.2777,0.2777,17.94,8.61,8.61,0,0.0000,6 个月 · 全平台 · 全量 SKU · 2026-07-09,published
DJ505171_3,US AG 翻盖布抽角落床 F 一件两箱 颜色->白色,ALL,AMAZON,D,T99,0.0000,0.0000,0.0000,0.00,0.00,0.00,93,3.0000,6 个月 · 全平台 · 全量 SKU · 2026-07-09,published
DJ505171_3,US AG 翻盖布抽角落床 F 一件两箱 颜色->白色,ALL,UNKNOWN,D,T99,0.0000,0.0000,0.0000,0.00,0.00,0.00,57,1.8387,6 个月 · 全平台 · 全量 SKU · 2026-07-09,published
DJ505171_3,US AG 翻盖布抽角落床 F 一件两箱 颜色->白色,ALL,WALMART,D,T99,0.0000,0.0000,0.0000,0.00,0.00,0.00,14,0.4516,6 个月 · 全平台 · 全量 SKU · 2026-07-09,published
DJ505172_1,US AG 乡村风沙发床架 左右互换+两抽屉+下翻门 T 一件两箱  颜色->白色,ALL,AMAZON,C,T99,0.0000,0.0000,0.0000,0.00,0.00,0.00,120,3.8710,6 个月 · 全平台 · 全量 SKU · 2026-07-09,published
DJ505172_1,US AG 乡村风沙发床架 左右互换+两抽屉+下翻门 T 一件两箱  颜色->白色,ALL,UNKNOWN,C,T99,0.0000,0.0000,0.0000,0.00,0.00,0.00,101,3.2581,6 个月 · 全平台 · 全量 SKU · 2026-07-09,published
DJ505172_2,US AG 乡村风沙发床架 左右互换+两抽屉+下翻门 T 一件两箱  颜色->灰橡木,ALL,AMAZON,C,T99,0.0000,0.0000,0.0000,0.00,0.00,0.00,59,1.9032,6 个月 · 全平台 · 全量 SKU · 2026-07-09,published
DJ505172_2,US AG 乡村风沙发床架 左右互换+两抽屉+下翻门 T 一件两箱  颜色->灰橡木,ALL,UNKNOWN,C,T99,0.0000,0.0000,0.0000,0.00,0.00,0.00,41,1.3226,6 个月 · 全平台 · 全量 SKU · 2026-07-09,published
DJ505172_2,US AG 乡村风沙发床架 左右互换+两抽屉+下翻门 T 一件两箱  颜色->灰橡木,ALL,WALMART,C,T99,0.0000,0.0000,0.0000,0.00,0.00,0.00,5,0.1613,6 个月 · 全平台 · 全量 SKU · 2026-07-09,published
DJ505172_3,US AG 乡村风沙发床架 左右互换+两抽屉+下翻门 T 一件两箱  颜色->#1胡桃木色,ALL,AMAZON,D,T99,0.0000,0.0000,0.0000,0.00,0.00,0.00,36,1.1613,6 个月 · 全平台 · 全量 SKU · 2026-07-09,published
DJ505172_3,US AG 乡村风沙发床架 左右互换+两抽屉+下翻门 T 一件两箱  颜色->#1胡桃木色,ALL,UNKNOWN,D,T99,0.0000,0.0000,0.0000,0.00,0.00,0.00,12,0.3871,6 个月 · 全平台 · 全量 SKU · 2026-07-09,published
DJ505172_3,US AG 乡村风沙发床架 左右互换+两抽屉+下翻门 T 一件两箱  颜色->#1胡桃木色,ALL,WALMART,D,T99,0.0000,0.0000,0.0000,0.00,0.00,0.00,6,0.1935,6 个月 · 全平台 · 全量 SKU · 2026-07-09,published
DJ505172_4,US AG 乡村风沙发床架 左右互换+两抽屉+下翻门 T 一件两箱  颜色->#2橡木色,ALL,AMAZON,D,T99,0.0000,0.0000,0.0000,0.00,0.00,0.00,44,1.4194,6 个月 · 全平台 · 全量 SKU · 2026-07-09,published
DJ505172_4,US AG 乡村风沙发床架 左右互换+两抽屉+下翻门 T 一件两箱  颜色->#2橡木色,ALL,UNKNOWN,D,T99,0.0000,0.0000,0.0000,0.00,0.00,0.00,28,0.9032,6 个月 · 全平台 · 全量 SKU · 2026-07-09,published
DJ505172_4,US AG 乡村风沙发床架 左右互换+两抽屉+下翻门 T 一件两箱  颜色->#2橡木色,ALL,WALMART,D,T99,0.0000,0.0000,0.0000,0.00,0.00,0.00,4,0.1290,6 个月 · 全平台 · 全量 SKU · 2026-07-09,published
DJ505173_1,US DC 铁木床 VABF-SP 铁木角落床可变双拼款- 160G 一件双箱 颜色->黑色,ALL,AMAZON,C,T4B,1.4077,0.6757,0.6757,43.64,20.95,20.95,180,5.8065,6 个月 · 全平台 · 全量 SKU · 2026-07-09,published
DJ505173_1,US DC 铁木床 VABF-SP 铁木角落床可变双拼款- 160G 一件双箱 颜色->黑色,ALL,UNKNOWN,C,T99,0.0000,0.0000,0.0000,0.00,0.00,0.00,23,0.7419,6 个月 · 全平台 · 全量 SKU · 2026-07-09,published
DJ505173_1,US DC 铁木床 VABF-SP 铁木角落床可变双拼款- 160G 一件双箱 颜色->黑色,ALL,WALMART,C,T4B,0.1863,0.1001,0.1001,5.78,3.10,3.10,21,0.6774,6 个月 · 全平台 · 全量 SKU · 2026-07-09,published
DJ505173_2,US DC 铁木床 VABF-SP 铁木角落床可变双拼款- 160G 一件双箱 颜色->白色,ALL,AMAZON,B,T4B,0.9841,0.4015,0.4015,30.51,12.45,12.45,130,4.1935,6 个月 · 全平台 · 全量 SKU · 2026-07-09,published
DJ505174_1,"US UA DK-XZ03 L型铁木3抽弧形腿行政桌 一件两箱 颜色->#1,胡桃色",ALL,AMAZON,C,T4A,2.6836,1.2452,1.2452,83.19,38.60,38.60,175,5.6452,6 个月 · 全平台 · 全量 SKU · 2026-07-09,published
DJ505174_1,"US UA DK-XZ03 L型铁木3抽弧形腿行政桌 一件两箱 颜色->#1,胡桃色",ALL,UNKNOWN,C,T4B,0.2286,0.1229,0.1229,7.09,3.81,3.81,10,0.3226,6 个月 · 全平台 · 全量 SKU · 2026-07-09,published
DJ505174_2,"US UA DK-XZ03 L型铁木3抽弧形腿行政桌 一件两箱 颜色->#2,灰色",ALL,AMAZON,C,T4B,2.0874,0.8516,0.8516,64.71,26.40,26.40,81,2.6129,6 个月 · 全平台 · 全量 SKU · 2026-07-09,published
DJ505174_2,"US UA DK-XZ03 L型铁木3抽弧形腿行政桌 一件两箱 颜色->#2,灰色",ALL,UNKNOWN,C,T4B,0.1203,0.0647,0.0647,3.73,2.01,2.01,29,0.9355,6 个月 · 全平台 · 全量 SKU · 2026-07-09,published
DJ505174_3,"US UA DK-XZ03 L型铁木3抽弧形腿行政桌 一件两箱 颜色->#3,大理石色",ALL,AMAZON,D,T4B,0.5786,0.2777,0.2777,17.94,8.61,8.61,85,2.7419,6 个月 · 全平台 · 全量 SKU · 2026-07-09,published
DJ505174_4,"US UA DK-XZ03 L型铁木3抽弧形腿行政桌 一件两箱 颜色->#4,原木色",ALL,AMAZON,C,T4B,0.4714,0.2263,0.2263,14.61,7.02,7.02,37,1.1935,6 个月 · 全平台 · 全量 SKU · 2026-07-09,published
DJ505174_4,"US UA DK-XZ03 L型铁木3抽弧形腿行政桌 一件两箱 颜色->#4,原木色",ALL,WALMART,C,T99,0.0000,0.0000,0.0000,0.00,0.00,0.00,2,0.0645,6 个月 · 全平台 · 全量 SKU · 2026-07-09,published
DJ505175_1,"US UA DK-SJ01 现代一型储物升降电脑桌 一件两箱 颜色->#1,胡桃色",ALL,AMAZON,C,T99,0.0000,0.0000,0.0000,0.00,0.00,0.00,23,0.7419,6 个月 · 全平台 · 全量 SKU · 2026-07-09,published
DJ505175_1,"US UA DK-SJ01 现代一型储物升降电脑桌 一件两箱 颜色->#1,胡桃色",ALL,UNKNOWN,C,T99,0.0000,0.0000,0.0000,0.00,0.00,0.00,5,0.1613,6 个月 · 全平台 · 全量 SKU · 2026-07-09,published
DJ505175_1,"US UA DK-SJ01 现代一型储物升降电脑桌 一件两箱 颜色->#1,胡桃色",ALL,WALMART,C,T99,0.0000,0.0000,0.0000,0.00,0.00,0.00,1,0.0323,6 个月 · 全平台 · 全量 SKU · 2026-07-09,published
DJ505176_1,US AG 6布抽2小翻盖角落床 T 一件一箱 颜色->火烧云,ALL,AMAZON,B,T4A,2.8404,1.4761,1.4761,88.05,45.76,45.76,135,4.3548,6 个月 · 全平台 · 全量 SKU · 2026-07-09,published
DJ505176_1,US AG 6布抽2小翻盖角落床 T 一件一箱 颜色->火烧云,ALL,TIKTOK,B,T99,0.0000,0.0000,0.0000,0.00,0.00,0.00,5,0.1613,6 个月 · 全平台 · 全量 SKU · 2026-07-09,published
DJ505176_1,US AG 6布抽2小翻盖角落床 T 一件一箱 颜色->火烧云,ALL,UNKNOWN,B,T4B,0.6088,0.3273,0.3273,18.87,10.15,10.15,75,2.4194,6 个月 · 全平台 · 全量 SKU · 2026-07-09,published
DJ505176_1,US AG 6布抽2小翻盖角落床 T 一件一箱 颜色->火烧云,ALL,WALMART,B,T4B,0.3236,0.1740,0.1740,10.03,5.39,5.39,14,0.4516,6 个月 · 全平台 · 全量 SKU · 2026-07-09,published
DJ505176_2,US AG 6布抽2小翻盖角落床 T 一件一箱 颜色->灰色,ALL,AMAZON,B,T4A,1.8224,0.8963,0.8963,56.49,27.79,27.79,64,2.0645,6 个月 · 全平台 · 全量 SKU · 2026-07-09,published
DJ505176_2,US AG 6布抽2小翻盖角落床 T 一件一箱 颜色->灰色,ALL,UNKNOWN,B,T4B,1.1407,0.6132,0.6132,35.36,19.01,19.01,72,2.3226,6 个月 · 全平台 · 全量 SKU · 2026-07-09,published
DJ505176_3,US AG 6布抽2小翻盖角落床 T 一件一箱 颜色->白色,ALL,AMAZON,B,T4B,1.4901,0.7582,0.7582,46.19,23.50,23.50,97,3.1290,6 个月 · 全平台 · 全量 SKU · 2026-07-09,published
DJ505176_3,US AG 6布抽2小翻盖角落床 T 一件一箱 颜色->白色,ALL,UNKNOWN,B,T4B,0.9654,0.5190,0.5190,29.93,16.09,16.09,138,4.4516,6 个月 · 全平台 · 全量 SKU · 2026-07-09,published
DJ505176_4,US AG 6布抽2小翻盖角落床 T 一件一箱 颜色->粉色,ALL,AMAZON,B,T4A,1.8080,0.8892,0.8892,56.05,27.57,27.57,84,2.7097,6 个月 · 全平台 · 全量 SKU · 2026-07-09,published
DJ505176_4,US AG 6布抽2小翻盖角落床 T 一件一箱 颜色->粉色,ALL,UNKNOWN,B,T4B,0.3692,0.1985,0.1985,11.45,6.15,6.15,30,0.9677,6 个月 · 全平台 · 全量 SKU · 2026-07-09,published
DJ505177_1,US AG 6布抽2小翻盖角落床 F 一件两箱 颜色->火烧云,ALL,AMAZON,C,T4A,3.0653,1.5930,1.5930,95.02,49.38,49.38,140,4.5161,6 个月 · 全平台 · 全量 SKU · 2026-07-09,published
DJ505177_1,US AG 6布抽2小翻盖角落床 F 一件两箱 颜色->火烧云,ALL,TIKTOK,C,T99,0.0000,0.0000,0.0000,0.00,0.00,0.00,3,0.0968,6 个月 · 全平台 · 全量 SKU · 2026-07-09,published
DJ505177_1,US AG 6布抽2小翻盖角落床 F 一件两箱 颜色->火烧云,ALL,WALMART,C,T4B,0.2775,0.1492,0.1492,8.60,4.63,4.63,7,0.2258,6 个月 · 全平台 · 全量 SKU · 2026-07-09,published
DJ505177_1_WF,US AG 6布抽2小翻盖角落床 F 一件两箱 颜色->火烧云,ALL,UNKNOWN,D,T4B,0.3571,0.1714,0.1714,11.07,5.31,5.31,0,0.0000,6 个月 · 全平台 · 全量 SKU · 2026-07-09,published
DJ505177_2,US AG 6布抽2小翻盖角落床 F 一件两箱 颜色->灰色,ALL,TIKTOK,B,T99,0.0000,0.0000,0.0000,0.00,0.00,0.00,3,0.0968,6 个月 · 全平台 · 全量 SKU · 2026-07-09,published
DJ505177_2,US AG 6布抽2小翻盖角落床 F 一件两箱 颜色->灰色,ALL,UNKNOWN,B,T4B,0.4764,0.2561,0.2561,14.77,7.94,7.94,41,1.3226,6 个月 · 全平台 · 全量 SKU · 2026-07-09,published
DJ505177_3,US AG 6布抽2小翻盖角落床 F 一件两箱 颜色->白色,ALL,AMAZON,B,T4A,1.7282,0.8019,0.8019,53.57,24.86,24.86,155,5.0000,6 个月 · 全平台 · 全量 SKU · 2026-07-09,published
DJ505177_3,US AG 6布抽2小翻盖角落床 F 一件两箱 颜色->白色,ALL,TIKTOK,B,T99,0.0000,0.0000,0.0000,0.00,0.00,0.00,9,0.2903,6 个月 · 全平台 · 全量 SKU · 2026-07-09,published
DJ505177_3,US AG 6布抽2小翻盖角落床 F 一件两箱 颜色->白色,ALL,UNKNOWN,B,T4B,0.7835,0.4212,0.4212,24.29,13.06,13.06,91,2.9355,6 个月 · 全平台 · 全量 SKU · 2026-07-09,published
DJ505177_4,US AG 6布抽2小翻盖角落床 F 一件两箱 颜色->粉色,ALL,AMAZON,B,T4A,1.9454,0.9027,0.9027,60.31,27.98,27.98,78,2.5161,6 个月 · 全平台 · 全量 SKU · 2026-07-09,published
DJ505177_4,US AG 6布抽2小翻盖角落床 F 一件两箱 颜色->粉色,ALL,TIKTOK,B,T99,0.0000,0.0000,0.0000,0.00,0.00,0.00,10,0.3226,6 个月 · 全平台 · 全量 SKU · 2026-07-09,published
DJ505177_4,US AG 6布抽2小翻盖角落床 F 一件两箱 颜色->粉色,ALL,UNKNOWN,B,T4B,0.2929,0.1574,0.1574,9.08,4.88,4.88,17,0.5484,6 个月 · 全平台 · 全量 SKU · 2026-07-09,published
DJ505177_4,US AG 6布抽2小翻盖角落床 F 一件两箱 颜色->粉色,ALL,WALMART,B,T99,0.0000,0.0000,0.0000,0.00,0.00,0.00,2,0.0645,6 个月 · 全平台 · 全量 SKU · 2026-07-09,published
DJ505178_1,US 双顶带软包凳咖啡桌 一件一箱 颜色->白+棕,ALL,AMAZON,C,T4B,0.8698,0.3549,0.3549,26.96,11.00,11.00,77,2.4839,6 个月 · 全平台 · 全量 SKU · 2026-07-09,published
DJ505178_1,US 双顶带软包凳咖啡桌 一件一箱 颜色->白+棕,ALL,TEMU,C,T4B,0.3385,0.1722,0.1722,10.49,5.34,5.34,56,1.8065,6 个月 · 全平台 · 全量 SKU · 2026-07-09,published
DJ505178_1,US 双顶带软包凳咖啡桌 一件一箱 颜色->白+棕,ALL,UNKNOWN,C,T4B,0.2940,0.1580,0.1580,9.11,4.90,4.90,23,0.7419,6 个月 · 全平台 · 全量 SKU · 2026-07-09,published
DJ505178_1,US 双顶带软包凳咖啡桌 一件一箱 颜色->白+棕,ALL,WALMART,C,T99,0.0000,0.0000,0.0000,0.00,0.00,0.00,8,0.2581,6 个月 · 全平台 · 全量 SKU · 2026-07-09,published
DJ505178_2,US 双顶带软包凳咖啡桌 一件一箱 颜色->火烧云,ALL,AMAZON,C,T4B,1.0302,0.4945,0.4945,31.94,15.33,15.33,134,4.3226,6 个月 · 全平台 · 全量 SKU · 2026-07-09,published
DJ505178_2,US 双顶带软包凳咖啡桌 一件一箱 颜色->火烧云,ALL,TEMU,C,T4B,0.3758,0.1804,0.1804,11.65,5.59,5.59,44,1.4194,6 个月 · 全平台 · 全量 SKU · 2026-07-09,published
DJ505178_2,US 双顶带软包凳咖啡桌 一件一箱 颜色->火烧云,ALL,UNKNOWN,C,T4B,0.1308,0.0703,0.0703,4.05,2.18,2.18,9,0.2903,6 个月 · 全平台 · 全量 SKU · 2026-07-09,published
DJ505178_2,US 双顶带软包凳咖啡桌 一件一箱 颜色->火烧云,ALL,WALMART,C,T99,0.0000,0.0000,0.0000,0.00,0.00,0.00,9,0.2903,6 个月 · 全平台 · 全量 SKU · 2026-07-09,published
DJ505178_3,US 双顶带软包凳咖啡桌 一件一箱 颜色->黑+棕,ALL,AMAZON,D,T99,0.0000,0.0000,0.0000,0.00,0.00,0.00,102,3.2903,6 个月 · 全平台 · 全量 SKU · 2026-07-09,published
DJ505178_3,US 双顶带软包凳咖啡桌 一件一箱 颜色->黑+棕,ALL,TEMU,D,T99,0.0000,0.0000,0.0000,0.00,0.00,0.00,9,0.2903,6 个月 · 全平台 · 全量 SKU · 2026-07-09,published
DJ505178_3,US 双顶带软包凳咖啡桌 一件一箱 颜色->黑+棕,ALL,WALMART,D,T99,0.0000,0.0000,0.0000,0.00,0.00,0.00,6,0.1935,6 个月 · 全平台 · 全量 SKU · 2026-07-09,published
DJ505178_4,US 双顶带软包凳咖啡桌 一件一箱 颜色->灰古木,ALL,AMAZON,D,T99,0.0000,0.0000,0.0000,0.00,0.00,0.00,98,3.1613,6 个月 · 全平台 · 全量 SKU · 2026-07-09,published
DJ505178_4,US 双顶带软包凳咖啡桌 一件一箱 颜色->灰古木,ALL,TEMU,D,T99,0.0000,0.0000,0.0000,0.00,0.00,0.00,17,0.5484,6 个月 · 全平台 · 全量 SKU · 2026-07-09,published
DJ505178_4,US 双顶带软包凳咖啡桌 一件一箱 颜色->灰古木,ALL,WALMART,D,T99,0.0000,0.0000,0.0000,0.00,0.00,0.00,5,0.1613,6 个月 · 全平台 · 全量 SKU · 2026-07-09,published
DJ505182_1,US DC 高架床 BBC-02 BD158 错层软包床头储物双床 双T 黑色 一件两箱,ALL,AMAZON,C,T99,0.0000,0.0000,0.0000,0.00,0.00,0.00,25,0.8065,6 个月 · 全平台 · 全量 SKU · 2026-07-09,published
DJ505182_2,US DC 高架床 BBC-02 BD158 错层软包床头储物双床 双T 白色 一件两箱,ALL,AMAZON,C,T99,0.0000,0.0000,0.0000,0.00,0.00,0.00,13,0.4194,6 个月 · 全平台 · 全量 SKU · 2026-07-09,published
DJ505182_2,US DC 高架床 BBC-02 BD158 错层软包床头储物双床 双T 白色 一件两箱,ALL,WALMART,C,T99,0.0000,0.0000,0.0000,0.00,0.00,0.00,0,0.0000,6 个月 · 全平台 · 全量 SKU · 2026-07-09,published
DJ505182_3,US DC 高架床 BBC-02 BD158 错层软包床头储物双床 双T 白+渐变粉抽 一件两箱,ALL,AMAZON,C,T99,0.0000,0.0000,0.0000,0.00,0.00,0.00,5,0.1613,6 个月 · 全平台 · 全量 SKU · 2026-07-09,published
DJ505183_2,US DC 高架床 LB-09  HQ   可变桌款 T 尺寸 一件两箱 颜色->白色,ALL,AMAZON,D,T99,0.0000,0.0000,0.0000,0.00,0.00,0.00,0,0.0000,6 个月 · 全平台 · 全量 SKU · 2026-07-09,published
DJ505184_1,US DC 软包床 HQ112 三圈灯四抽2085款 CK尺寸 PU 一件两箱 颜色->黑色,ALL,UNKNOWN,C,T4B,0.2071,0.1054,0.1054,6.42,3.27,3.27,11,0.3548,6 个月 · 全平台 · 全量 SKU · 2026-07-09,published
DJ505184_1,US DC 软包床 HQ112 三圈灯四抽2085款 CK尺寸 PU 一件两箱 颜色->黑色,ALL,WALMART,C,T4B,0.1874,0.1007,0.1007,5.81,3.12,3.12,10,0.3226,6 个月 · 全平台 · 全量 SKU · 2026-07-09,published
DJ505184_2,US DC 软包床 HQ112 三圈灯四抽2085款 CK尺寸 PU 一件两箱 颜色->白色,ALL,AMAZON,C,T4B,0.5275,0.2836,0.2836,16.35,8.79,8.79,17,0.5484,6 个月 · 全平台 · 全量 SKU · 2026-07-09,published
DJ505185_1,US DC 矮高架床 LBB-01 BJS139 角落楼梯款储物双床 双T 黑色 一件一箱,ALL,UNKNOWN,B,T99,0.0000,0.0000,0.0000,0.00,0.00,0.00,5,0.1613,6 个月 · 全平台 · 全量 SKU · 2026-07-09,published
DJ505185_1,US DC 矮高架床 LBB-01 BJS139 角落楼梯款储物双床 双T 黑色 一件一箱,ALL,WALMART,B,T99,0.0000,0.0000,0.0000,0.00,0.00,0.00,4,0.1290,6 个月 · 全平台 · 全量 SKU · 2026-07-09,published
DJ505185_2,US DC 矮高架床 LBB-01 BJS139 角落楼梯款储物双床 双T 白色 一件一箱,ALL,UNKNOWN,C,T99,0.0000,0.0000,0.0000,0.00,0.00,0.00,2,0.0645,6 个月 · 全平台 · 全量 SKU · 2026-07-09,published
DJ505185_2,US DC 矮高架床 LBB-01 BJS139 角落楼梯款储物双床 双T 白色 一件一箱,ALL,WALMART,C,T99,0.0000,0.0000,0.0000,0.00,0.00,0.00,2,0.0645,6 个月 · 全平台 · 全量 SKU · 2026-07-09,published
DJ505186_1,US DC 高架床 BBC-03 BD159 折线造型床头+短桌 上T下F 黑色 一件两箱,ALL,UNKNOWN,B,T99,0.0000,0.0000,0.0000,0.00,0.00,0.00,5,0.1613,6 个月 · 全平台 · 全量 SKU · 2026-07-09,published
DJ505186_1,US DC 高架床 BBC-03 BD159 折线造型床头+短桌 上T下F 黑色 一件两箱,ALL,WALMART,B,T99,0.0000,0.0000,0.0000,0.00,0.00,0.00,2,0.0645,6 个月 · 全平台 · 全量 SKU · 2026-07-09,published
DJ505186_2,US DC 高架床 BBC-03 BD159 折线造型床头+短桌 上T下F 白色 一件两箱,ALL,AMAZON,C,T99,0.0000,0.0000,0.0000,0.00,0.00,0.00,42,1.3548,6 个月 · 全平台 · 全量 SKU · 2026-07-09,published
DJ505186_2,US DC 高架床 BBC-03 BD159 折线造型床头+短桌 上T下F 白色 一件两箱,ALL,WALMART,C,T99,0.0000,0.0000,0.0000,0.00,0.00,0.00,3,0.0968,6 个月 · 全平台 · 全量 SKU · 2026-07-09,published
DJ505187_1,"US UA SH-L01 L形格栅门换鞋凳 一件两箱 颜色->白色,做旧白+胡桃",ALL,UNKNOWN,C,T99,0.0000,0.0000,0.0000,0.00,0.00,0.00,14,0.4516,6 个月 · 全平台 · 全量 SKU · 2026-07-09,published
DJ505187_1,"US UA SH-L01 L形格栅门换鞋凳 一件两箱 颜色->白色,做旧白+胡桃",ALL,WALMART,C,T99,0.0000,0.0000,0.0000,0.00,0.00,0.00,4,0.1290,6 个月 · 全平台 · 全量 SKU · 2026-07-09,published
DJ505189_1,US YW01F 7抽帐篷低阁楼床带2条灯带床头置物袋 颜色->白色,ALL,TIKTOK,D,T99,0.0000,0.0000,0.0000,0.00,0.00,0.00,1,0.0323,6 个月 · 全平台 · 全量 SKU · 2026-07-09,published
DJ505189_2,US YW01F 7抽帐篷低阁楼床带2条灯带床头置物袋 颜色->黑色,ALL,AMAZON,D,T4B,0.6143,0.2949,0.2949,19.04,9.14,9.14,106,3.4194,6 个月 · 全平台 · 全量 SKU · 2026-07-09,published
DJ505189_2,US YW01F 7抽帐篷低阁楼床带2条灯带床头置物袋 颜色->黑色,ALL,TIKTOK,D,T99,0.0000,0.0000,0.0000,0.00,0.00,0.00,0,0.0000,6 个月 · 全平台 · 全量 SKU · 2026-07-09,published
DJ505189_3,US YW01F 7抽帐篷低阁楼床带2条灯带床头置物袋 颜色->粉色,ALL,AMAZON,C,T4B,0.4929,0.2366,0.2366,15.28,7.33,7.33,42,1.3548,6 个月 · 全平台 · 全量 SKU · 2026-07-09,published
DJ505189_3,US YW01F 7抽帐篷低阁楼床带2条灯带床头置物袋 颜色->粉色,ALL,TIKTOK,C,T99,0.0000,0.0000,0.0000,0.00,0.00,0.00,2,0.0645,6 个月 · 全平台 · 全量 SKU · 2026-07-09,published
DJ505189_3,US YW01F 7抽帐篷低阁楼床带2条灯带床头置物袋 颜色->粉色,ALL,UNKNOWN,C,T4B,0.1571,0.0754,0.0754,4.87,2.34,2.34,24,0.7742,6 个月 · 全平台 · 全量 SKU · 2026-07-09,published
DJ505189_3,US YW01F 7抽帐篷低阁楼床带2条灯带床头置物袋 颜色->粉色,ALL,WALMART,C,T99,0.0000,0.0000,0.0000,0.00,0.00,0.00,1,0.0323,6 个月 · 全平台 · 全量 SKU · 2026-07-09,published
DJ505190_1,US SD 1.5米板材衣帽架 一件两箱  颜色->水曲柳白,ALL,AMAZON,C,T4B,1.6923,0.8610,0.8610,52.46,26.69,26.69,44,1.4194,6 个月 · 全平台 · 全量 SKU · 2026-07-09,published
DJ505190_1,US SD 1.5米板材衣帽架 一件两箱  颜色->水曲柳白,ALL,TEMU,C,T99,0.0000,0.0000,0.0000,0.00,0.00,0.00,0,0.0000,6 个月 · 全平台 · 全量 SKU · 2026-07-09,published
DJ505190_1,US SD 1.5米板材衣帽架 一件两箱  颜色->水曲柳白,ALL,UNKNOWN,C,T99,0.0000,0.0000,0.0000,0.00,0.00,0.00,1,0.0323,6 个月 · 全平台 · 全量 SKU · 2026-07-09,published
DJ505190_1,US SD 1.5米板材衣帽架 一件两箱  颜色->水曲柳白,ALL,WALMART,C,T99,0.0000,0.0000,0.0000,0.00,0.00,0.00,0,0.0000,6 个月 · 全平台 · 全量 SKU · 2026-07-09,published
DJ505190_1_WF,US SD 1.5米板材衣帽架 一件两箱  颜色->水曲柳白,ALL,UNKNOWN,C,T99,0.0000,0.0000,0.0000,0.00,0.00,0.00,26,0.8387,6 个月 · 全平台 · 全量 SKU · 2026-07-09,published
DJ505190_3,US SD 1.5米板材衣帽架 一件两箱  颜色->火烧云,ALL,WALMART,C,T99,0.0000,0.0000,0.0000,0.00,0.00,0.00,0,0.0000,6 个月 · 全平台 · 全量 SKU · 2026-07-09,published
DJ505190_4,US SD 1.5米板材衣帽架 一件两箱  颜色->白+棕,ALL,AMAZON,C,T99,0.0000,0.0000,0.0000,0.00,0.00,0.00,23,0.7419,6 个月 · 全平台 · 全量 SKU · 2026-07-09,published
DJ505190_4,US SD 1.5米板材衣帽架 一件两箱  颜色->白+棕,ALL,TEMU,C,T99,0.0000,0.0000,0.0000,0.00,0.00,0.00,0,0.0000,6 个月 · 全平台 · 全量 SKU · 2026-07-09,published
DJ505190_4,US SD 1.5米板材衣帽架 一件两箱  颜色->白+棕,ALL,UNKNOWN,C,T99,0.0000,0.0000,0.0000,0.00,0.00,0.00,33,1.0645,6 个月 · 全平台 · 全量 SKU · 2026-07-09,published
DJ505190_5,US SD 1.5米板材衣帽架 一件两箱  颜色->黑+棕,ALL,AMAZON,C,T99,0.0000,0.0000,0.0000,0.00,0.00,0.00,30,0.9677,6 个月 · 全平台 · 全量 SKU · 2026-07-09,published
DJ505190_5,US SD 1.5米板材衣帽架 一件两箱  颜色->黑+棕,ALL,TEMU,C,T99,0.0000,0.0000,0.0000,0.00,0.00,0.00,0,0.0000,6 个月 · 全平台 · 全量 SKU · 2026-07-09,published
DJ505190_5,US SD 1.5米板材衣帽架 一件两箱  颜色->黑+棕,ALL,UNKNOWN,C,T99,0.0000,0.0000,0.0000,0.00,0.00,0.00,28,0.9032,6 个月 · 全平台 · 全量 SKU · 2026-07-09,published
DJ505190_5,US SD 1.5米板材衣帽架 一件两箱  颜色->黑+棕,ALL,WALMART,C,T99,0.0000,0.0000,0.0000,0.00,0.00,0.00,3,0.0968,6 个月 · 全平台 · 全量 SKU · 2026-07-09,published
DJ505191_1,US UA DS-XF03  两列五层山纹黑色悬浮斗柜  一个两箱 颜色->黑色,ALL,AMAZON,C,T99,0.0000,0.0000,0.0000,0.00,0.00,0.00,0,0.0000,6 个月 · 全平台 · 全量 SKU · 2026-07-09,published
DJ505191_1,US UA DS-XF03  两列五层山纹黑色悬浮斗柜  一个两箱 颜色->黑色,ALL,TEMU,C,T99,0.0000,0.0000,0.0000,0.00,0.00,0.00,0,0.0000,6 个月 · 全平台 · 全量 SKU · 2026-07-09,published
DJ505191_1,US UA DS-XF03  两列五层山纹黑色悬浮斗柜  一个两箱 颜色->黑色,ALL,TIKTOK,C,T4B,0.1571,0.0754,0.0754,4.87,2.34,2.34,0,0.0000,6 个月 · 全平台 · 全量 SKU · 2026-07-09,published
DJ505192_3,US SSR AMBC-01 4门仿大理石面板餐边柜 一件两箱 颜色->胡桃色,ALL,UNKNOWN,C,T99,0.0000,0.0000,0.0000,0.00,0.00,0.00,0,0.0000,6 个月 · 全平台 · 全量 SKU · 2026-07-09,published
DJ505192_3,US SSR AMBC-01 4门仿大理石面板餐边柜 一件两箱 颜色->胡桃色,ALL,WALMART,C,T99,0.0000,0.0000,0.0000,0.00,0.00,0.00,0,0.0000,6 个月 · 全平台 · 全量 SKU · 2026-07-09,published
DJ505192_4,US SSR AMBC-01 4门仿大理石面板餐边柜 一件两箱 颜色->黄橡木,ALL,UNKNOWN,C,T4B,0.5077,0.2729,0.2729,15.74,8.46,8.46,54,1.7419,6 个月 · 全平台 · 全量 SKU · 2026-07-09,published
DJ505192_4,US SSR AMBC-01 4门仿大理石面板餐边柜 一件两箱 颜色->黄橡木,ALL,WALMART,C,T99,0.0000,0.0000,0.0000,0.00,0.00,0.00,1,0.0323,6 个月 · 全平台 · 全量 SKU · 2026-07-09,published
DJ505193_1,US AG 折叠储物沙发床架 左右互换+无纺布抽 T 一件两箱 颜色->白色,ALL,AMAZON,B,T3,5.0912,4.6330,4.6330,157.83,143.62,143.62,169,5.4516,6 个月 · 全平台 · 全量 SKU · 2026-07-09,published
DJ505193_1,US AG 折叠储物沙发床架 左右互换+无纺布抽 T 一件两箱 颜色->白色,ALL,TIKTOK,B,T99,0.0000,0.0000,0.0000,0.00,0.00,0.00,2,0.0645,6 个月 · 全平台 · 全量 SKU · 2026-07-09,published
DJ505193_1,US AG 折叠储物沙发床架 左右互换+无纺布抽 T 一件两箱 颜色->白色,ALL,UNKNOWN,B,T4B,1.9929,0.9566,0.9566,61.78,29.65,29.65,73,2.3548,6 个月 · 全平台 · 全量 SKU · 2026-07-09,published
DJ505193_2,US AG 折叠储物沙发床架 左右互换+无纺布抽 T 一件两箱 颜色->灰橡木,ALL,AMAZON,B,T3,4.4070,4.3107,4.3107,136.62,133.63,133.63,113,3.6452,6 个月 · 全平台 · 全量 SKU · 2026-07-09,published
DJ505193_2,US AG 折叠储物沙发床架 左右互换+无纺布抽 T 一件两箱 颜色->灰橡木,ALL,TIKTOK,B,T99,0.0000,0.0000,0.0000,0.00,0.00,0.00,2,0.0645,6 个月 · 全平台 · 全量 SKU · 2026-07-09,published
DJ505193_2,US AG 折叠储物沙发床架 左右互换+无纺布抽 T 一件两箱 颜色->灰橡木,ALL,UNKNOWN,B,T4B,2.4319,1.2373,1.2373,75.39,38.36,38.36,65,2.0968,6 个月 · 全平台 · 全量 SKU · 2026-07-09,published
DJ505193_2,US AG 折叠储物沙发床架 左右互换+无纺布抽 T 一件两箱 颜色->灰橡木,ALL,WALMART,B,T4B,0.4956,0.2022,0.2022,15.36,6.27,6.27,6,0.1935,6 个月 · 全平台 · 全量 SKU · 2026-07-09,published
DJ505193_3,US AG 折叠储物沙发床架 左右互换+无纺布抽 T 一件两箱 颜色->火烧云,ALL,AMAZON,B,T4A,2.1597,0.8518,0.8518,66.95,26.41,26.41,54,1.7419,6 个月 · 全平台 · 全量 SKU · 2026-07-09,published
DJ505193_3,US AG 折叠储物沙发床架 左右互换+无纺布抽 T 一件两箱 颜色->火烧云,ALL,UNKNOWN,B,T4B,1.1330,0.5765,0.5765,35.12,17.87,17.87,33,1.0645,6 个月 · 全平台 · 全量 SKU · 2026-07-09,published
DJ505196_1,"US 床YL545 F板式5抽布抽床+集成书柜 灯带+插盘 一件两箱 137*190  颜色->#1,白色",ALL,AMAZON,A,T4A,2.8016,1.1050,1.1050,86.85,34.26,34.26,94,3.0323,6 个月 · 全平台 · 全量 SKU · 2026-07-09,published
DJ505196_1,"US 床YL545 F板式5抽布抽床+集成书柜 灯带+插盘 一件两箱 137*190  颜色->#1,白色",ALL,UNKNOWN,A,T4B,1.6643,0.6790,0.6790,51.59,21.05,21.05,92,2.9677,6 个月 · 全平台 · 全量 SKU · 2026-07-09,published
DJ505196_3,US 床YL545 F板式5抽布抽床+集成书柜 一件两箱  颜色->#2黑铁+灰板,ALL,AMAZON,B,T4B,1.2385,0.5053,0.5053,38.39,15.66,15.66,33,1.0645,6 个月 · 全平台 · 全量 SKU · 2026-07-09,published
DJ505196_3,US 床YL545 F板式5抽布抽床+集成书柜 一件两箱  颜色->#2黑铁+灰板,ALL,UNKNOWN,B,T4B,1.4835,0.6053,0.6053,45.99,18.76,18.76,75,2.4194,6 个月 · 全平台 · 全量 SKU · 2026-07-09,published
DJ505196_4,US 床YL545 F板式5抽布抽床+集成书柜 灯带+插盘 一件2箱 137*190  颜色->#3 纯黑色,ALL,AMAZON,D,T4B,0.6357,0.3051,0.3051,19.71,9.46,9.46,24,0.7742,6 个月 · 全平台 · 全量 SKU · 2026-07-09,published
DJ505196_4,US 床YL545 F板式5抽布抽床+集成书柜 灯带+插盘 一件2箱 137*190  颜色->#3 纯黑色,ALL,WALMART,D,T99,0.0000,0.0000,0.0000,0.00,0.00,0.00,0,0.0000,6 个月 · 全平台 · 全量 SKU · 2026-07-09,published
DJ505198_1,US X字3抽农舍单人升降桌 一件两箱 颜色->4127棕+白,ALL,AMAZON,C,T99,0.0000,0.0000,0.0000,0.00,0.00,0.00,33,1.0645,6 个月 · 全平台 · 全量 SKU · 2026-07-09,published
DJ505198_2,US X字3抽农舍单人升降桌 一件两箱 颜色->4127棕+黑,ALL,AMAZON,C,T99,0.0000,0.0000,0.0000,0.00,0.00,0.00,27,0.8710,6 个月 · 全平台 · 全量 SKU · 2026-07-09,published
DJ505199_2,US 594款 T尺寸上床下桌8抽带灯带插排 一件两箱 颜色->白色,ALL,WALMART,D,T99,0.0000,0.0000,0.0000,0.00,0.00,0.00,0,0.0000,6 个月 · 全平台 · 全量 SKU · 2026-07-09,published
DJ505200_1,"US HA 书桌 VT11 8抽波浪纹大款梳妆台玻璃柜+七彩流光灯+插座 一件两箱A/B 颜色->#1,白色麻点",ALL,AMAZON,A,T3,7.5266,6.9214,6.9214,233.32,214.56,214.56,257,8.2903,6 个月 · 全平台 · 全量 SKU · 2026-07-09,published
DJ505200_1,"US HA 书桌 VT11 8抽波浪纹大款梳妆台玻璃柜+七彩流光灯+插座 一件两箱A/B 颜色->#1,白色麻点",ALL,TIKTOK,A,T99,0.0000,0.0000,0.0000,0.00,0.00,0.00,13,0.4194,6 个月 · 全平台 · 全量 SKU · 2026-07-09,published
DJ505200_1,"US HA 书桌 VT11 8抽波浪纹大款梳妆台玻璃柜+七彩流光灯+插座 一件两箱A/B 颜色->#1,白色麻点",ALL,UNKNOWN,A,T4B,0.3571,0.1714,0.1714,11.07,5.31,5.31,67,2.1613,6 个月 · 全平台 · 全量 SKU · 2026-07-09,published
DJ505200_1,"US HA 书桌 VT11 8抽波浪纹大款梳妆台玻璃柜+七彩流光灯+插座 一件两箱A/B 颜色->#1,白色麻点",ALL,WALMART,A,T99,0.0000,0.0000,0.0000,0.00,0.00,0.00,3,0.0968,6 个月 · 全平台 · 全量 SKU · 2026-07-09,published
DJ505200_2,"US HA 书桌 VT11 8抽波浪纹大款梳妆台玻璃柜+七彩流光灯+插座 一件两箱A/B 颜色->#2,原木橡木麻点",ALL,AMAZON,A,T3,5.6226,5.5390,5.5390,174.30,171.71,171.71,162,5.2258,6 个月 · 全平台 · 全量 SKU · 2026-07-09,published
DJ505200_2,"US HA 书桌 VT11 8抽波浪纹大款梳妆台玻璃柜+七彩流光灯+插座 一件两箱A/B 颜色->#2,原木橡木麻点",ALL,UNKNOWN,A,T4B,0.6775,0.3642,0.3642,21.00,11.29,11.29,50,1.6129,6 个月 · 全平台 · 全量 SKU · 2026-07-09,published
DJ505200_3,"US HA 书桌 VT11 8抽波浪纹大款梳妆台玻璃柜+七彩流光灯+插座 一件两箱A/B 颜色->#3,黑色大浮雕",ALL,AMAZON,B,T4A,2.0311,1.0555,1.0555,62.96,32.72,32.72,114,3.6774,6 个月 · 全平台 · 全量 SKU · 2026-07-09,published
DJ505200_3,"US HA 书桌 VT11 8抽波浪纹大款梳妆台玻璃柜+七彩流光灯+插座 一件两箱A/B 颜色->#3,黑色大浮雕",ALL,UNKNOWN,B,T4B,0.3143,0.1509,0.1509,9.74,4.68,4.68,30,0.9677,6 个月 · 全平台 · 全量 SKU · 2026-07-09,published
DJ505200_4,US HA 书桌 VT11 8抽波浪纹大款梳妆台玻璃柜+七彩流光灯+插座 一件两箱A/B 颜色->#4胡桃色麻面,ALL,AMAZON,C,T4B,0.6214,0.2983,0.2983,19.26,9.25,9.25,25,0.8065,6 个月 · 全平台 · 全量 SKU · 2026-07-09,published
DJ505200_4,US HA 书桌 VT11 8抽波浪纹大款梳妆台玻璃柜+七彩流光灯+插座 一件两箱A/B 颜色->#4胡桃色麻面,ALL,TIKTOK,C,T99,0.0000,0.0000,0.0000,0.00,0.00,0.00,9,0.2903,6 个月 · 全平台 · 全量 SKU · 2026-07-09,published
DJ505200_4,US HA 书桌 VT11 8抽波浪纹大款梳妆台玻璃柜+七彩流光灯+插座 一件两箱A/B 颜色->#4胡桃色麻面,ALL,UNKNOWN,C,T99,0.0000,0.0000,0.0000,0.00,0.00,0.00,40,1.2903,6 个月 · 全平台 · 全量 SKU · 2026-07-09,published
DJ505201_1,US SSR ASD-01 5+2 7抽抽面弧形抽屉柜 一件两箱 颜色->黑色,ALL,AMAZON,C,T99,0.0000,0.0000,0.0000,0.00,0.00,0.00,0,0.0000,6 个月 · 全平台 · 全量 SKU · 2026-07-09,published
DJ505201_3,US SSR ASD-01 5+2 7抽抽面弧形抽屉柜 一件两箱 颜色->棕色,ALL,AMAZON,C,T99,0.0000,0.0000,0.0000,0.00,0.00,0.00,0,0.0000,6 个月 · 全平台 · 全量 SKU · 2026-07-09,published
DJ505201_3,US SSR ASD-01 5+2 7抽抽面弧形抽屉柜 一件两箱 颜色->棕色,ALL,UNKNOWN,C,T99,0.0000,0.0000,0.0000,0.00,0.00,0.00,0,0.0000,6 个月 · 全平台 · 全量 SKU · 2026-07-09,published
DJ505202_1,US SSR ASD-02 6+2 8抽抽面弧形抽屉柜 一件两箱 颜色->黑色,ALL,AMAZON,C,T99,0.0000,0.0000,0.0000,0.00,0.00,0.00,55,1.7742,6 个月 · 全平台 · 全量 SKU · 2026-07-09,published
DJ505202_1,US SSR ASD-02 6+2 8抽抽面弧形抽屉柜 一件两箱 颜色->黑色,ALL,UNKNOWN,C,T99,0.0000,0.0000,0.0000,0.00,0.00,0.00,19,0.6129,6 个月 · 全平台 · 全量 SKU · 2026-07-09,published
DJ505202_1,US SSR ASD-02 6+2 8抽抽面弧形抽屉柜 一件两箱 颜色->黑色,ALL,WALMART,C,T99,0.0000,0.0000,0.0000,0.00,0.00,0.00,1,0.0323,6 个月 · 全平台 · 全量 SKU · 2026-07-09,published
DJ505202_3,US SSR ASD-02 6+2 8抽抽面弧形抽屉柜 一件两箱 颜色->棕色,ALL,AMAZON,C,T99,0.0000,0.0000,0.0000,0.00,0.00,0.00,74,2.3871,6 个月 · 全平台 · 全量 SKU · 2026-07-09,published
DJ505202_3,US SSR ASD-02 6+2 8抽抽面弧形抽屉柜 一件两箱 颜色->棕色,ALL,UNKNOWN,C,T99,0.0000,0.0000,0.0000,0.00,0.00,0.00,38,1.2258,6 个月 · 全平台 · 全量 SKU · 2026-07-09,published
DJ505203_1,EU DC 铁木床 CBF-01L HQ 软包角落床 606 140*190  灰色  一件两箱,ALL,AMAZON,C,T4B,0.9544,0.5131,0.5131,29.59,15.91,15.91,47,1.5161,6 个月 · 全平台 · 全量 SKU · 2026-07-09,published
DJ505203_1,EU DC 铁木床 CBF-01L HQ 软包角落床 606 140*190  灰色  一件两箱,ALL,UNKNOWN,C,T99,0.0000,0.0000,0.0000,0.00,0.00,0.00,1,0.0323,6 个月 · 全平台 · 全量 SKU · 2026-07-09,published
DJ505203_2,EU DC 铁木床 CBF-01L HQ 软包角落床 606 140*200  灰色  一件两箱,ALL,AMAZON,C,T4B,1.1412,0.6135,0.6135,35.38,19.02,19.02,3,0.0968,6 个月 · 全平台 · 全量 SKU · 2026-07-09,published
DJ505203_2,EU DC 铁木床 CBF-01L HQ 软包角落床 606 140*200  灰色  一件两箱,ALL,UNKNOWN,C,T4B,0.1071,0.0514,0.0514,3.32,1.59,1.59,0,0.0000,6 个月 · 全平台 · 全量 SKU · 2026-07-09,published
DJ505204_2,EU DC 铁木床 CBF-01L HQ 软包角落床 606 140*200 米白 一件两箱,ALL,AMAZON,C,T4B,0.5698,0.3063,0.3063,17.66,9.50,9.50,18,0.5806,6 个月 · 全平台 · 全量 SKU · 2026-07-09,published
DJ505205_1,US DC 高架床 LB-X  AF 七抽L桌款 T尺寸 一件两箱 颜色->黑色,ALL,AMAZON,B,T2,6.5717,5.1259,5.1259,203.72,158.90,158.90,27,0.8710,6 个月 · 全平台 · 全量 SKU · 2026-07-09,published
DJ505205_1,US DC 高架床 LB-X  AF 七抽L桌款 T尺寸 一件两箱 颜色->黑色,ALL,TIKTOK,B,T99,0.0000,0.0000,0.0000,0.00,0.00,0.00,2,0.0645,6 个月 · 全平台 · 全量 SKU · 2026-07-09,published
DJ505205_1,US DC 高架床 LB-X  AF 七抽L桌款 T尺寸 一件两箱 颜色->黑色,ALL,UNKNOWN,B,T99,0.0000,0.0000,0.0000,0.00,0.00,0.00,5,0.1613,6 个月 · 全平台 · 全量 SKU · 2026-07-09,published
DJ505205_1,US DC 高架床 LB-X  AF 七抽L桌款 T尺寸 一件两箱 颜色->黑色,ALL,WALMART,B,T4B,0.5940,0.2851,0.2851,18.41,8.84,8.84,38,1.2258,6 个月 · 全平台 · 全量 SKU · 2026-07-09,published
DJ505205_2,US DC 高架床 LB-X  AF 七抽L桌款 T尺寸 一件两箱 颜色->白色,ALL,AMAZON,B,T2,7.7774,6.0664,6.0664,241.10,188.06,188.06,3,0.0968,6 个月 · 全平台 · 全量 SKU · 2026-07-09,published
DJ505205_2,US DC 高架床 LB-X  AF 七抽L桌款 T尺寸 一件两箱 颜色->白色,ALL,WALMART,B,T4B,0.2088,0.1062,0.1062,6.47,3.29,3.29,11,0.3548,6 个月 · 全平台 · 全量 SKU · 2026-07-09,published
DJ505205_3,US DC 高架床 LB-X  AF 七抽L桌款 T尺寸 一件两箱 颜色->多色,ALL,AMAZON,B,T4B,1.2626,0.6061,0.6061,39.14,18.79,18.79,102,3.2903,6 个月 · 全平台 · 全量 SKU · 2026-07-09,published
DJ505205_3,US DC 高架床 LB-X  AF 七抽L桌款 T尺寸 一件两箱 颜色->多色,ALL,TIKTOK,B,T99,0.0000,0.0000,0.0000,0.00,0.00,0.00,8,0.2581,6 个月 · 全平台 · 全量 SKU · 2026-07-09,published
DJ505205_3,US DC 高架床 LB-X  AF 七抽L桌款 T尺寸 一件两箱 颜色->多色,ALL,WALMART,B,T99,0.0000,0.0000,0.0000,0.00,0.00,0.00,12,0.3871,6 个月 · 全平台 · 全量 SKU · 2026-07-09,published
DJ505206_2,US DC 高架床 LB-X  AF 七抽L桌款 F尺寸  一件两箱 颜色->白色,ALL,AMAZON,C,T4A,2.5942,1.2037,1.2037,80.42,37.31,37.31,107,3.4516,6 个月 · 全平台 · 全量 SKU · 2026-07-09,published
DJ505206_2,US DC 高架床 LB-X  AF 七抽L桌款 F尺寸  一件两箱 颜色->白色,ALL,UNKNOWN,C,T99,0.0000,0.0000,0.0000,0.00,0.00,0.00,0,0.0000,6 个月 · 全平台 · 全量 SKU · 2026-07-09,published
DJ505206_2,US DC 高架床 LB-X  AF 七抽L桌款 F尺寸  一件两箱 颜色->白色,ALL,WALMART,C,T99,0.0000,0.0000,0.0000,0.00,0.00,0.00,2,0.0645,6 个月 · 全平台 · 全量 SKU · 2026-07-09,published
DJ505207_1,US 竖条纹吸塑错层板材L桌 一件两箱 颜色->原木色,ALL,AMAZON,C,T4A,3.2056,1.5766,1.5766,99.37,48.87,48.87,56,1.8065,6 个月 · 全平台 · 全量 SKU · 2026-07-09,published
DJ505207_1,US 竖条纹吸塑错层板材L桌 一件两箱 颜色->原木色,ALL,UNKNOWN,C,T4B,1.3423,0.5477,0.5477,41.61,16.98,16.98,28,0.9032,6 个月 · 全平台 · 全量 SKU · 2026-07-09,published
DJ505207_2,US 竖条纹吸塑错层板材L桌 一件两箱 颜色->黑色,ALL,AMAZON,C,T4B,1.9500,0.9922,0.9922,60.45,30.76,30.76,73,2.3548,6 个月 · 全平台 · 全量 SKU · 2026-07-09,published
DJ505207_2,US 竖条纹吸塑错层板材L桌 一件两箱 颜色->黑色,ALL,TIKTOK,C,T99,0.0000,0.0000,0.0000,0.00,0.00,0.00,0,0.0000,6 个月 · 全平台 · 全量 SKU · 2026-07-09,published
DJ505207_2,US 竖条纹吸塑错层板材L桌 一件两箱 颜色->黑色,ALL,WALMART,C,T99,0.0000,0.0000,0.0000,0.00,0.00,0.00,0,0.0000,6 个月 · 全平台 · 全量 SKU · 2026-07-09,published
DJ505207_3,US 竖条纹吸塑错层板材L桌 一件两箱 颜色->白+黑,ALL,AMAZON,C,T4B,1.3049,0.6640,0.6640,40.45,20.58,20.58,41,1.3226,6 个月 · 全平台 · 全量 SKU · 2026-07-09,published
DJ505207_3,US 竖条纹吸塑错层板材L桌 一件两箱 颜色->白+黑,ALL,UNKNOWN,C,T4B,0.3495,0.1677,0.1677,10.83,5.20,5.20,14,0.4516,6 个月 · 全平台 · 全量 SKU · 2026-07-09,published
DJ505208_1,US DC 高架床 BB-02  YL 上T下F 二抽层架款   一件两箱 颜色->黑色,ALL,AMAZON,B,T3,4.5358,4.6843,4.6843,140.61,145.21,145.21,90,2.9032,6 个月 · 全平台 · 全量 SKU · 2026-07-09,published
DJ505208_1,US DC 高架床 BB-02  YL 上T下F 二抽层架款   一件两箱 颜色->黑色,ALL,TIKTOK,B,T99,0.0000,0.0000,0.0000,0.00,0.00,0.00,2,0.0645,6 个月 · 全平台 · 全量 SKU · 2026-07-09,published
DJ505208_1,US DC 高架床 BB-02  YL 上T下F 二抽层架款   一件两箱 颜色->黑色,ALL,UNKNOWN,B,T4B,1.2055,0.5786,0.5786,37.37,17.94,17.94,34,1.0968,6 个月 · 全平台 · 全量 SKU · 2026-07-09,published
DJ505208_1,US DC 高架床 BB-02  YL 上T下F 二抽层架款   一件两箱 颜色->黑色,ALL,WALMART,B,T4B,0.9720,0.3966,0.3966,30.13,12.29,12.29,25,0.8065,6 个月 · 全平台 · 全量 SKU · 2026-07-09,published
DJ505208_2,US DC 高架床 BB-02  YL 上T下F 二抽层架款   一件两箱 颜色->白色,ALL,AMAZON,C,T4B,2.2577,0.9211,0.9211,69.99,28.55,28.55,47,1.5161,6 个月 · 全平台 · 全量 SKU · 2026-07-09,published
DJ505208_2,US DC 高架床 BB-02  YL 上T下F 二抽层架款   一件两箱 颜色->白色,ALL,UNKNOWN,C,T4B,0.3159,0.1289,0.1289,9.79,4.00,4.00,5,0.1613,6 个月 · 全平台 · 全量 SKU · 2026-07-09,published
DJ505208_2,US DC 高架床 BB-02  YL 上T下F 二抽层架款   一件两箱 颜色->白色,ALL,WALMART,C,T99,0.0000,0.0000,0.0000,0.00,0.00,0.00,4,0.1290,6 个月 · 全平台 · 全量 SKU · 2026-07-09,published
DJ505211_1,US AG 翻门储物沙发床架 一件两箱  颜色->火烧云,ALL,WALMART,C,T99,0.0000,0.0000,0.0000,0.00,0.00,0.00,8,0.2581,6 个月 · 全平台 · 全量 SKU · 2026-07-09,published
DJ505211_2,US AG 翻门储物沙发床架 一件两箱  颜色->白色,ALL,AMAZON,C,T99,0.0000,0.0000,0.0000,0.00,0.00,0.00,0,0.0000,6 个月 · 全平台 · 全量 SKU · 2026-07-09,published
DJ505211_2,US AG 翻门储物沙发床架 一件两箱  颜色->白色,ALL,UNKNOWN,C,T99,0.0000,0.0000,0.0000,0.00,0.00,0.00,0,0.0000,6 个月 · 全平台 · 全量 SKU · 2026-07-09,published
DJ505211_2,US AG 翻门储物沙发床架 一件两箱  颜色->白色,ALL,WALMART,C,T99,0.0000,0.0000,0.0000,0.00,0.00,0.00,0,0.0000,6 个月 · 全平台 · 全量 SKU · 2026-07-09,published
DJ505212_1,US DC 铁木床 CBF-08改 铁木储物带尾桌 154 T款 一件两箱  颜色->黑色,ALL,AMAZON,A,T2,10.9317,7.9223,7.9223,338.88,245.59,245.59,314,10.1290,6 个月 · 全平台 · 全量 SKU · 2026-07-09,published
DJ505212_1,US DC 铁木床 CBF-08改 铁木储物带尾桌 154 T款 一件两箱  颜色->黑色,ALL,WALMART,A,T4B,0.5379,0.2582,0.2582,16.67,8.00,8.00,30,0.9677,6 个月 · 全平台 · 全量 SKU · 2026-07-09,published
DJ505212_1_WF,US DC 铁木床 CBF-08改 铁木储物带尾桌 154 T款 一件两箱  颜色->黑色,ALL,UNKNOWN,D,T4B,0.1714,0.0823,0.0823,5.31,2.55,2.55,22,0.7097,6 个月 · 全平台 · 全量 SKU · 2026-07-09,published
DJ505212_2,US DC 铁木床 CBF-08改 铁木储物带尾桌 154 T款 一件两箱  颜色->白色,ALL,AMAZON,B,T3,6.2381,5.9033,5.9033,193.38,183.00,183.00,177,5.7097,6 个月 · 全平台 · 全量 SKU · 2026-07-09,published
DJ505212_2,US DC 铁木床 CBF-08改 铁木储物带尾桌 154 T款 一件两箱  颜色->白色,ALL,UNKNOWN,B,T4B,1.6720,0.8989,0.8989,51.83,27.87,27.87,62,2.0000,6 个月 · 全平台 · 全量 SKU · 2026-07-09,published
DJ505212_2,US DC 铁木床 CBF-08改 铁木储物带尾桌 154 T款 一件两箱  颜色->白色,ALL,WALMART,B,T4B,0.4984,0.2033,0.2033,15.45,6.30,6.30,21,0.6774,6 个月 · 全平台 · 全量 SKU · 2026-07-09,published
DJ505212_3,US DC 铁木床 CBF-08改 铁木储物带尾桌 154 T款 一件两箱  颜色->粉色,ALL,AMAZON,B,T3,5.5191,5.3522,5.3522,171.09,165.92,165.92,150,4.8387,6 个月 · 全平台 · 全量 SKU · 2026-07-09,published
DJ505212_3,US DC 铁木床 CBF-08改 铁木储物带尾桌 154 T款 一件两箱  颜色->粉色,ALL,TIKTOK,B,T99,0.0000,0.0000,0.0000,0.00,0.00,0.00,0,0.0000,6 个月 · 全平台 · 全量 SKU · 2026-07-09,published
DJ505212_3,US DC 铁木床 CBF-08改 铁木储物带尾桌 154 T款 一件两箱  颜色->粉色,ALL,UNKNOWN,B,T4B,0.5390,0.2742,0.2742,16.71,8.50,8.50,22,0.7097,6 个月 · 全平台 · 全量 SKU · 2026-07-09,published
DJ505212_3,US DC 铁木床 CBF-08改 铁木储物带尾桌 154 T款 一件两箱  颜色->粉色,ALL,WALMART,B,T4B,0.6253,0.3001,0.3001,19.38,9.30,9.30,29,0.9355,6 个月 · 全平台 · 全量 SKU · 2026-07-09,published
DJ505212_4,US DC 铁木床 CBF-08改 铁木储物带尾桌 154 T款 一件两箱  颜色->蓝色,ALL,AMAZON,B,T99,0.0000,0.0000,0.0000,0.00,0.00,0.00,21,0.6774,6 个月 · 全平台 · 全量 SKU · 2026-07-09,published
DJ505212_4,US DC 铁木床 CBF-08改 铁木储物带尾桌 154 T款 一件两箱  颜色->蓝色,ALL,TIKTOK,B,T99,0.0000,0.0000,0.0000,0.00,0.00,0.00,0,0.0000,6 个月 · 全平台 · 全量 SKU · 2026-07-09,published
DJ505212_4,US DC 铁木床 CBF-08改 铁木储物带尾桌 154 T款 一件两箱  颜色->蓝色,ALL,UNKNOWN,B,T99,0.0000,0.0000,0.0000,0.00,0.00,0.00,13,0.4194,6 个月 · 全平台 · 全量 SKU · 2026-07-09,published
DJ505212_4,US DC 铁木床 CBF-08改 铁木储物带尾桌 154 T款 一件两箱  颜色->蓝色,ALL,WALMART,B,T99,0.0000,0.0000,0.0000,0.00,0.00,0.00,0,0.0000,6 个月 · 全平台 · 全量 SKU · 2026-07-09,published
DJ505212_5,US DC 铁木床 CBF-08改 铁木储物带尾桌 154 T款 一件两箱  颜色->灰色,ALL,TIKTOK,C,T99,0.0000,0.0000,0.0000,0.00,0.00,0.00,0,0.0000,6 个月 · 全平台 · 全量 SKU · 2026-07-09,published
DJ505212_5,US DC 铁木床 CBF-08改 铁木储物带尾桌 154 T款 一件两箱  颜色->灰色,ALL,UNKNOWN,C,T99,0.0000,0.0000,0.0000,0.00,0.00,0.00,0,0.0000,6 个月 · 全平台 · 全量 SKU · 2026-07-09,published
DJ505212_5,US DC 铁木床 CBF-08改 铁木储物带尾桌 154 T款 一件两箱  颜色->灰色,ALL,WALMART,C,T99,0.0000,0.0000,0.0000,0.00,0.00,0.00,0,0.0000,6 个月 · 全平台 · 全量 SKU · 2026-07-09,published
DJ505213_1,US DC 铁木床 CBF-02L 方管铁木角落床带抽篮-113 F 白 一件两箱,ALL,AMAZON,B,T3,5.6226,5.4923,5.4923,174.30,170.26,170.26,134,4.3226,6 个月 · 全平台 · 全量 SKU · 2026-07-09,published
DJ505213_1,US DC 铁木床 CBF-02L 方管铁木角落床带抽篮-113 F 白 一件两箱,ALL,TIKTOK,B,T99,0.0000,0.0000,0.0000,0.00,0.00,0.00,2,0.0645,6 个月 · 全平台 · 全量 SKU · 2026-07-09,published
DJ505214_1,"US 床YW541T 双层床+桌面  99*190 一件一箱 颜色->#1,纯白",ALL,UNKNOWN,C,T4B,0.9154,0.3735,0.3735,28.38,11.58,11.58,42,1.3548,6 个月 · 全平台 · 全量 SKU · 2026-07-09,published
DJ505214_1,"US 床YW541T 双层床+桌面  99*190 一件一箱 颜色->#1,纯白",ALL,WALMART,C,T99,0.0000,0.0000,0.0000,0.00,0.00,0.00,0,0.0000,6 个月 · 全平台 · 全量 SKU · 2026-07-09,published
DJ505214_2,"US 床YW541T 双层床+桌面  99*190 一件一箱 颜色->#2,黑铁+火烧云",ALL,WALMART,C,T99,0.0000,0.0000,0.0000,0.00,0.00,0.00,5,0.1613,6 个月 · 全平台 · 全量 SKU · 2026-07-09,published
DJ505214_3,"US 床YW541T 双层床+桌面  99*190 一件一箱 颜色->#3,黑铁+锯齿橡木灰",ALL,AMAZON,C,T4B,0.6077,0.2479,0.2479,18.84,7.68,7.68,22,0.7097,6 个月 · 全平台 · 全量 SKU · 2026-07-09,published
DJ505214_3,"US 床YW541T 双层床+桌面  99*190 一件一箱 颜色->#3,黑铁+锯齿橡木灰",ALL,TIKTOK,C,T99,0.0000,0.0000,0.0000,0.00,0.00,0.00,1,0.0323,6 个月 · 全平台 · 全量 SKU · 2026-07-09,published
DJ505214_3,"US 床YW541T 双层床+桌面  99*190 一件一箱 颜色->#3,黑铁+锯齿橡木灰",ALL,UNKNOWN,C,T4B,0.4621,0.2484,0.2484,14.33,7.70,7.70,22,0.7097,6 个月 · 全平台 · 全量 SKU · 2026-07-09,published
DJ505214_3,"US 床YW541T 双层床+桌面  99*190 一件一箱 颜色->#3,黑铁+锯齿橡木灰",ALL,WALMART,C,T4B,0.4104,0.2088,0.2088,12.72,6.47,6.47,7,0.2258,6 个月 · 全平台 · 全量 SKU · 2026-07-09,published
DJ505215_1,"US 床TB-7081K软包5抽床带铝槽灯带 193*203 一件两箱 颜色->#1,米白绒布",ALL,AMAZON,B,T99,0.0000,0.0000,0.0000,0.00,0.00,0.00,39,1.2581,6 个月 · 全平台 · 全量 SKU · 2026-07-09,published
DJ505215_1,"US 床TB-7081K软包5抽床带铝槽灯带 193*203 一件两箱 颜色->#1,米白绒布",ALL,UNKNOWN,B,T99,0.0000,0.0000,0.0000,0.00,0.00,0.00,18,0.5806,6 个月 · 全平台 · 全量 SKU · 2026-07-09,published
DJ505215_1,"US 床TB-7081K软包5抽床带铝槽灯带 193*203 一件两箱 颜色->#1,米白绒布",ALL,WALMART,B,T99,0.0000,0.0000,0.0000,0.00,0.00,0.00,2,0.0645,6 个月 · 全平台 · 全量 SKU · 2026-07-09,published
DJ505217_1,US DC 铁木床 BFH-02 X谷仓造型床尾部换鞋箱款- 902 Q 一件双箱 颜色->胡桃白,ALL,AMAZON,B,T4B,2.5989,1.0604,1.0604,80.57,32.87,32.87,70,2.2581,6 个月 · 全平台 · 全量 SKU · 2026-07-09,published
DJ505217_1,US DC 铁木床 BFH-02 X谷仓造型床尾部换鞋箱款- 902 Q 一件双箱 颜色->胡桃白,ALL,UNKNOWN,B,T4B,0.5846,0.2806,0.2806,18.12,8.70,8.70,10,0.3226,6 个月 · 全平台 · 全量 SKU · 2026-07-09,published
DJ505217_2,US DC 铁木床 BFH-02 X谷仓造型床尾部换鞋箱款- 902 Q 一件双箱 颜色->橡木灰,ALL,AMAZON,B,T3,4.3340,4.3481,4.3481,134.35,134.79,134.79,99,3.1935,6 个月 · 全平台 · 全量 SKU · 2026-07-09,published
DJ505217_2,US DC 铁木床 BFH-02 X谷仓造型床尾部换鞋箱款- 902 Q 一件双箱 颜色->橡木灰,ALL,UNKNOWN,B,T4B,0.5582,0.2840,0.2840,17.30,8.80,8.80,18,0.5806,6 个月 · 全平台 · 全量 SKU · 2026-07-09,published
DJ505217_2,US DC 铁木床 BFH-02 X谷仓造型床尾部换鞋箱款- 902 Q 一件双箱 颜色->橡木灰,ALL,WALMART,B,T99,0.0000,0.0000,0.0000,0.00,0.00,0.00,5,0.1613,6 个月 · 全平台 · 全量 SKU · 2026-07-09,published
DJ505218_1,US DC 铁木床 BFH-01 方管X谷仓吊轨推拉门置物格款- 胡桃白-901 K 一件两箱,ALL,AMAZON,C,T4B,0.9181,0.4671,0.4671,28.46,14.48,14.48,53,1.7097,6 个月 · 全平台 · 全量 SKU · 2026-07-09,published
DJ505218_1,US DC 铁木床 BFH-01 方管X谷仓吊轨推拉门置物格款- 胡桃白-901 K 一件两箱,ALL,WALMART,C,T4B,0.2253,0.1211,0.1211,6.98,3.75,3.75,12,0.3871,6 个月 · 全平台 · 全量 SKU · 2026-07-09,published
DJ505218_2,US DC 铁木床 BFH-01 方管X谷仓吊轨推拉门置物格款- 胡桃白-901 CK 一件两箱,ALL,WALMART,C,T4B,0.3901,0.1873,0.1873,12.09,5.81,5.81,4,0.1290,6 个月 · 全平台 · 全量 SKU · 2026-07-09,published
DJ505220_1,US DC 铁木床 BFH-01 方管X谷仓吊轨推拉门置物格款- 橡木灰-901 K 一件两箱,ALL,AMAZON,C,T4B,0.4500,0.1836,0.1836,13.95,5.69,5.69,16,0.5161,6 个月 · 全平台 · 全量 SKU · 2026-07-09,published
DJ505220_1,US DC 铁木床 BFH-01 方管X谷仓吊轨推拉门置物格款- 橡木灰-901 K 一件两箱,ALL,UNKNOWN,C,T4B,0.1703,0.0916,0.0916,5.28,2.84,2.84,3,0.0968,6 个月 · 全平台 · 全量 SKU · 2026-07-09,published
DJ505220_2,US DC 铁木床 BFH-01 方管X谷仓吊轨推拉门置物格款- 橡木灰-901 CK 一件两箱,ALL,AMAZON,C,T4B,0.9736,0.4954,0.4954,30.18,15.36,15.36,37,1.1935,6 个月 · 全平台 · 全量 SKU · 2026-07-09,published
DJ505221_2,US DC 高架床 LB-08  AF 床+L桌+衣帽间 T 尺寸 一件两箱 颜色->白色,ALL,AMAZON,C,T4B,1.3709,0.5593,0.5593,42.50,17.34,17.34,59,1.9032,6 个月 · 全平台 · 全量 SKU · 2026-07-09,published
DJ505223_1,US DC 铁木床 BFH-01 方管X谷仓吊轨推拉门简化款-901S 橡木灰 K 一件两箱,ALL,AMAZON,C,T4B,0.1929,0.0926,0.0926,5.98,2.87,2.87,12,0.3871,6 个月 · 全平台 · 全量 SKU · 2026-07-09,published
DJ505223_1,US DC 铁木床 BFH-01 方管X谷仓吊轨推拉门简化款-901S 橡木灰 K 一件两箱,ALL,TIKTOK,C,T99,0.0000,0.0000,0.0000,0.00,0.00,0.00,3,0.0968,6 个月 · 全平台 · 全量 SKU · 2026-07-09,published
DJ505223_1,US DC 铁木床 BFH-01 方管X谷仓吊轨推拉门简化款-901S 橡木灰 K 一件两箱,ALL,UNKNOWN,C,T99,0.0000,0.0000,0.0000,0.00,0.00,0.00,1,0.0323,6 个月 · 全平台 · 全量 SKU · 2026-07-09,published
DJ505223_2,US DC 铁木床 BFH-01 方管X谷仓吊轨推拉门简化款-901S 橡木灰 CK 一件两箱,ALL,TIKTOK,C,T99,0.0000,0.0000,0.0000,0.00,0.00,0.00,0,0.0000,6 个月 · 全平台 · 全量 SKU · 2026-07-09,published
DJ505224_1,US 593款 F尺寸上床下桌8抽带灯带插排 一件两箱 颜色->火烧云,ALL,TIKTOK,C,T99,0.0000,0.0000,0.0000,0.00,0.00,0.00,3,0.0968,6 个月 · 全平台 · 全量 SKU · 2026-07-09,published
DJ505224_1,US 593款 F尺寸上床下桌8抽带灯带插排 一件两箱 颜色->火烧云,ALL,UNKNOWN,C,T99,0.0000,0.0000,0.0000,0.00,0.00,0.00,2,0.0645,6 个月 · 全平台 · 全量 SKU · 2026-07-09,published
DJ505224_2,US 593款 F尺寸上床下桌8抽带灯带插排 一件两箱 颜色->白色,ALL,TIKTOK,C,T99,0.0000,0.0000,0.0000,0.00,0.00,0.00,3,0.0968,6 个月 · 全平台 · 全量 SKU · 2026-07-09,published
DJ505224_2,US 593款 F尺寸上床下桌8抽带灯带插排 一件两箱 颜色->白色,ALL,UNKNOWN,C,T4B,0.3808,0.1828,0.1828,11.80,5.67,5.67,21,0.6774,6 个月 · 全平台 · 全量 SKU · 2026-07-09,published
DJ505224_3,US 593款 F尺寸上床下桌8抽带灯带插排 一件两箱 颜色->灰色,ALL,UNKNOWN,C,T4B,0.2978,0.1215,0.1215,9.23,3.77,3.77,8,0.2581,6 个月 · 全平台 · 全量 SKU · 2026-07-09,published
DJ505225_1,US 594F款 F尺寸上床下桌8抽带灯带插排 一件两箱 颜色->火烧云,ALL,UNKNOWN,B,T4B,0.4747,0.1937,0.1937,14.72,6.00,6.00,7,0.2258,6 个月 · 全平台 · 全量 SKU · 2026-07-09,published
DJ505225_1,US 594F款 F尺寸上床下桌8抽带灯带插排 一件两箱 颜色->火烧云,ALL,WALMART,B,T4B,0.3511,0.1432,0.1432,10.88,4.44,4.44,16,0.5161,6 个月 · 全平台 · 全量 SKU · 2026-07-09,published
DJ505225_2,US 594F款 F尺寸上床下桌8抽带灯带插排 一件两箱 颜色->白色,ALL,AMAZON,A,T3,6.1402,6.2489,6.2489,190.35,193.72,193.72,155,5.0000,6 个月 · 全平台 · 全量 SKU · 2026-07-09,published
DJ505225_2,US 594F款 F尺寸上床下桌8抽带灯带插排 一件两箱 颜色->白色,ALL,UNKNOWN,A,T4B,1.6582,0.6766,0.6766,51.40,20.97,20.97,69,2.2258,6 个月 · 全平台 · 全量 SKU · 2026-07-09,published
DJ505225_2,US 594F款 F尺寸上床下桌8抽带灯带插排 一件两箱 颜色->白色,ALL,WALMART,A,T4B,0.5533,0.2656,0.2656,17.15,8.23,8.23,26,0.8387,6 个月 · 全平台 · 全量 SKU · 2026-07-09,published
DJ505225_3,US 594F款 F尺寸上床下桌8抽带灯带插排 一件两箱 颜色->灰色,ALL,AMAZON,A,T3,4.8903,5.0533,5.0533,151.60,156.65,156.65,101,3.2581,6 个月 · 全平台 · 全量 SKU · 2026-07-09,published
DJ505225_3,US 594F款 F尺寸上床下桌8抽带灯带插排 一件两箱 颜色->灰色,ALL,UNKNOWN,A,T4B,0.6286,0.3017,0.3017,19.49,9.35,9.35,21,0.6774,6 个月 · 全平台 · 全量 SKU · 2026-07-09,published
DJ505225_3,US 594F款 F尺寸上床下桌8抽带灯带插排 一件两箱 颜色->灰色,ALL,WALMART,A,T4B,0.3093,0.1485,0.1485,9.59,4.60,4.60,7,0.2258,6 个月 · 全平台 · 全量 SKU · 2026-07-09,published
DJ505225_4,US 594F款 F尺寸上床下桌8抽带灯带插排 一件两箱 颜色->粉色,ALL,AMAZON,D,T99,0.0000,0.0000,0.0000,0.00,0.00,0.00,46,1.4839,6 个月 · 全平台 · 全量 SKU · 2026-07-09,published
DJ505226_1,US 595款 F尺寸上床下桌6抽U形桌面带灯带插排 一件两箱 颜色->火烧云,ALL,AMAZON,A,T4B,2.3626,0.9640,0.9640,73.24,29.88,29.88,91,2.9355,6 个月 · 全平台 · 全量 SKU · 2026-07-09,published
DJ505226_1,US 595款 F尺寸上床下桌6抽U形桌面带灯带插排 一件两箱 颜色->火烧云,ALL,UNKNOWN,A,T4B,2.4692,1.0074,1.0074,76.55,31.23,31.23,72,2.3226,6 个月 · 全平台 · 全量 SKU · 2026-07-09,published
DJ505226_1,US 595款 F尺寸上床下桌6抽U形桌面带灯带插排 一件两箱 颜色->火烧云,ALL,WALMART,A,T4B,0.7176,0.3651,0.3651,22.25,11.32,11.32,16,0.5161,6 个月 · 全平台 · 全量 SKU · 2026-07-09,published
DJ505226_2,US 595款 F尺寸上床下桌6抽U形桌面带灯带插排 一件两箱 颜色->白色,ALL,AMAZON,A,T1,16.8572,13.1486,13.1486,522.57,407.61,407.61,539,17.3871,6 个月 · 全平台 · 全量 SKU · 2026-07-09,published
DJ505226_2,US 595款 F尺寸上床下桌6抽U形桌面带灯带插排 一件两箱 颜色->白色,ALL,TIKTOK,A,T4B,0.8582,0.4614,0.4614,26.60,14.30,14.30,71,2.2903,6 个月 · 全平台 · 全量 SKU · 2026-07-09,published
DJ505226_2,US 595款 F尺寸上床下桌6抽U形桌面带灯带插排 一件两箱 颜色->白色,ALL,UNKNOWN,A,T99,0.0000,0.0000,0.0000,0.00,0.00,0.00,0,0.0000,6 个月 · 全平台 · 全量 SKU · 2026-07-09,published
DJ505226_2,US 595款 F尺寸上床下桌6抽U形桌面带灯带插排 一件两箱 颜色->白色,ALL,WALMART,A,T4B,3.4423,1.6523,1.6523,106.71,51.22,51.22,95,3.0645,6 个月 · 全平台 · 全量 SKU · 2026-07-09,published
DJ505226_2_WF,US 595款 F尺寸上床下桌6抽U形桌面带灯带插排 一件两箱 颜色->白色,ALL,UNKNOWN,D,T4B,3.2126,1.7271,1.7271,99.59,53.54,53.54,188,6.0645,6 个月 · 全平台 · 全量 SKU · 2026-07-09,published
DJ505226_3,US 595款 F尺寸上床下桌6抽U形桌面带灯带插排 一件两箱 颜色->灰色,ALL,AMAZON,A,T3,5.2451,5.3335,5.3335,162.60,165.34,165.34,125,4.0323,6 个月 · 全平台 · 全量 SKU · 2026-07-09,published
DJ505226_3,US 595款 F尺寸上床下桌6抽U形桌面带灯带插排 一件两箱 颜色->灰色,ALL,TIKTOK,A,T4B,0.2198,0.1182,0.1182,6.81,3.66,3.66,34,1.0968,6 个月 · 全平台 · 全量 SKU · 2026-07-09,published
DJ505226_3,US 595款 F尺寸上床下桌6抽U形桌面带灯带插排 一件两箱 颜色->灰色,ALL,WALMART,A,T4B,0.9527,0.4573,0.4573,29.53,14.18,14.18,25,0.8065,6 个月 · 全平台 · 全量 SKU · 2026-07-09,published
DJ505226_3_WF,US 595款 F尺寸上床下桌6抽U形桌面带灯带插排 一件两箱 颜色->灰色,ALL,UNKNOWN,D,T99,0.0000,0.0000,0.0000,0.00,0.00,0.00,96,3.0968,6 个月 · 全平台 · 全量 SKU · 2026-07-09,published
DJ505227_1,US 596款 T尺寸高架床8抽斗柜带侧梯带灯带挂衣杆 一件两箱 颜色->火烧云,ALL,TIKTOK,C,T99,0.0000,0.0000,0.0000,0.00,0.00,0.00,0,0.0000,6 个月 · 全平台 · 全量 SKU · 2026-07-09,published
DJ505227_1,US 596款 T尺寸高架床8抽斗柜带侧梯带灯带挂衣杆 一件两箱 颜色->火烧云,ALL,UNKNOWN,C,T4B,0.5154,0.2771,0.2771,15.98,8.59,8.59,23,0.7419,6 个月 · 全平台 · 全量 SKU · 2026-07-09,published
DJ505227_2,US 596款 T尺寸高架床8抽斗柜带侧梯带灯带挂衣杆 一件两箱 颜色->白色,ALL,TIKTOK,B,T99,0.0000,0.0000,0.0000,0.00,0.00,0.00,0,0.0000,6 个月 · 全平台 · 全量 SKU · 2026-07-09,published
DJ505227_2,US 596款 T尺寸高架床8抽斗柜带侧梯带灯带挂衣杆 一件两箱 颜色->白色,ALL,UNKNOWN,B,T99,0.0000,0.0000,0.0000,0.00,0.00,0.00,28,0.9032,6 个月 · 全平台 · 全量 SKU · 2026-07-09,published
DJ505227_3,US 596款 T尺寸高架床8抽斗柜带侧梯带灯带挂衣杆 一件两箱 颜色->灰色,ALL,AMAZON,B,T4A,1.6061,0.6334,0.6334,49.79,19.64,19.64,18,0.5806,6 个月 · 全平台 · 全量 SKU · 2026-07-09,published
DJ505227_3,US 596款 T尺寸高架床8抽斗柜带侧梯带灯带挂衣杆 一件两箱 颜色->灰色,ALL,TIKTOK,B,T99,0.0000,0.0000,0.0000,0.00,0.00,0.00,1,0.0323,6 个月 · 全平台 · 全量 SKU · 2026-07-09,published
DJ505227_3,US 596款 T尺寸高架床8抽斗柜带侧梯带灯带挂衣杆 一件两箱 颜色->灰色,ALL,WALMART,B,T99,0.0000,0.0000,0.0000,0.00,0.00,0.00,1,0.0323,6 个月 · 全平台 · 全量 SKU · 2026-07-09,published
DJ505229_1,"US HA 书桌 VT12 圆弧柱5抽两门波浪纹大镜子款 一件两箱A/B 颜色->#1,原木橡木色",ALL,AMAZON,A,T3,4.5737,4.4088,4.4088,141.78,136.67,136.67,0,0.0000,6 个月 · 全平台 · 全量 SKU · 2026-07-09,published
DJ505229_1_WF,"US HA 书桌 VT12 圆弧柱5抽两门波浪纹大镜子款 一件两箱A/B 颜色->#1,原木橡木色",ALL,UNKNOWN,D,T4B,1.8286,0.8777,0.8777,56.69,27.21,27.21,0,0.0000,6 个月 · 全平台 · 全量 SKU · 2026-07-09,published
DJ505229_2,"US HA 书桌 VT12 圆弧柱5抽两门波浪纹大镜子款 一件两箱A/B 颜色->#2,白色浮雕色",ALL,AMAZON,B,T4B,0.9516,0.4568,0.4568,29.50,14.16,14.16,7,0.2258,6 个月 · 全平台 · 全量 SKU · 2026-07-09,published
DJ505229_3,"US HA 书桌 VT12 圆弧柱5抽两门波浪纹大镜子款 一件两箱A/B 颜色->#3,灰色橡木色",ALL,UNKNOWN,C,T4B,1.3192,0.7092,0.7092,40.90,21.99,21.99,63,2.0323,6 个月 · 全平台 · 全量 SKU · 2026-07-09,published
DJ505229_3,"US HA 书桌 VT12 圆弧柱5抽两门波浪纹大镜子款 一件两箱A/B 颜色->#3,灰色橡木色",ALL,WALMART,C,T99,0.0000,0.0000,0.0000,0.00,0.00,0.00,0,0.0000,6 个月 · 全平台 · 全量 SKU · 2026-07-09,published
DJ505230_2,"US HA 储物柜 DT51 9抽凹槽无把手矮柜 一件两箱A/B 颜色->#2,白色麻点",ALL,UNKNOWN,C,T99,0.0000,0.0000,0.0000,0.00,0.00,0.00,7,0.2258,6 个月 · 全平台 · 全量 SKU · 2026-07-09,published
DJ505231_2,"US HA 储物柜 DT52 10抽凹槽无把手矮柜 一件两箱A/B 颜色->#2,白色麻点",ALL,AMAZON,C,T4B,0.6940,0.2831,0.2831,21.51,8.78,8.78,5,0.1613,6 个月 · 全平台 · 全量 SKU · 2026-07-09,published
DJ505231_2,"US HA 储物柜 DT52 10抽凹槽无把手矮柜 一件两箱A/B 颜色->#2,白色麻点",ALL,TIKTOK,C,T99,0.0000,0.0000,0.0000,0.00,0.00,0.00,1,0.0323,6 个月 · 全平台 · 全量 SKU · 2026-07-09,published
DJ505233_1,Us 弧面L形商务办公桌 一件一箱 颜色->火烧云+黑,ALL,AMAZON,C,T4B,1.2082,0.5800,0.5800,37.45,17.98,17.98,94,3.0323,6 个月 · 全平台 · 全量 SKU · 2026-07-09,published
DJ505233_1,Us 弧面L形商务办公桌 一件一箱 颜色->火烧云+黑,ALL,TEMU,C,T99,0.0000,0.0000,0.0000,0.00,0.00,0.00,0,0.0000,6 个月 · 全平台 · 全量 SKU · 2026-07-09,published
DJ505233_1,Us 弧面L形商务办公桌 一件一箱 颜色->火烧云+黑,ALL,WALMART,C,T99,0.0000,0.0000,0.0000,0.00,0.00,0.00,1,0.0323,6 个月 · 全平台 · 全量 SKU · 2026-07-09,published
DJ505233_2,Us 弧面L形商务办公桌 一件一箱 颜色->灰色+黑,ALL,TEMU,C,T99,0.0000,0.0000,0.0000,0.00,0.00,0.00,1,0.0323,6 个月 · 全平台 · 全量 SKU · 2026-07-09,published
DJ505233_2,Us 弧面L形商务办公桌 一件一箱 颜色->灰色+黑,ALL,UNKNOWN,C,T99,0.0000,0.0000,0.0000,0.00,0.00,0.00,4,0.1290,6 个月 · 全平台 · 全量 SKU · 2026-07-09,published
DJ505233_2,Us 弧面L形商务办公桌 一件一箱 颜色->灰色+黑,ALL,WALMART,C,T99,0.0000,0.0000,0.0000,0.00,0.00,0.00,0,0.0000,6 个月 · 全平台 · 全量 SKU · 2026-07-09,published
DJ505234_1,US VD 高架床 L形办公桌 侧边5层布抽 T 一件两箱 颜色->白色,ALL,UNKNOWN,B,T4B,1.6242,0.8264,0.8264,50.35,25.62,25.62,110,3.5484,6 个月 · 全平台 · 全量 SKU · 2026-07-09,published
DJ505234_1,US VD 高架床 L形办公桌 侧边5层布抽 T 一件两箱 颜色->白色,ALL,WALMART,B,T4B,0.3764,0.1536,0.1536,11.67,4.76,4.76,17,0.5484,6 个月 · 全平台 · 全量 SKU · 2026-07-09,published
DJ505234_2,US VD 高架床 L形办公桌 侧边5层布抽 T 一件两箱 颜色->黑色,ALL,UNKNOWN,C,T4B,0.8692,0.4172,0.4172,26.95,12.93,12.93,60,1.9355,6 个月 · 全平台 · 全量 SKU · 2026-07-09,published
DJ505235_1,US VD 高架床 上下铺 办公桌 书架 T 一件两箱 颜色->白色,ALL,AMAZON,C,T4B,1.3203,0.5387,0.5387,40.93,16.70,16.70,38,1.2258,6 个月 · 全平台 · 全量 SKU · 2026-07-09,published
DJ505235_1,US VD 高架床 上下铺 办公桌 书架 T 一件两箱 颜色->白色,ALL,UNKNOWN,C,T4B,0.4456,0.2267,0.2267,13.81,7.03,7.03,15,0.4839,6 个月 · 全平台 · 全量 SKU · 2026-07-09,published
DJ505235_2,US VD 高架床 上下铺 办公桌 书架 T 一件两箱 颜色->黑色,ALL,UNKNOWN,C,T4B,0.4269,0.2295,0.2295,13.23,7.11,7.11,22,0.7097,6 个月 · 全平台 · 全量 SKU · 2026-07-09,published
DJ505235_2,US VD 高架床 上下铺 办公桌 书架 T 一件两箱 颜色->黑色,ALL,WALMART,C,T4B,0.3604,0.1938,0.1938,11.17,6.01,6.01,12,0.3871,6 个月 · 全平台 · 全量 SKU · 2026-07-09,published
DJ505236_1,US DC 悬浮床 BXF-04L 床头软包全开合款-2174 黑色 PU CK 一件两箱 颜色->黑色,ALL,AMAZON,C,T99,0.0000,0.0000,0.0000,0.00,0.00,0.00,0,0.0000,6 个月 · 全平台 · 全量 SKU · 2026-07-09,published
DJ505236_1,US DC 悬浮床 BXF-04L 床头软包全开合款-2174 黑色 PU CK 一件两箱 颜色->黑色,ALL,TIKTOK,C,T99,0.0000,0.0000,0.0000,0.00,0.00,0.00,0,0.0000,6 个月 · 全平台 · 全量 SKU · 2026-07-09,published
DJ505236_1,US DC 悬浮床 BXF-04L 床头软包全开合款-2174 黑色 PU CK 一件两箱 颜色->黑色,ALL,UNKNOWN,C,T99,0.0000,0.0000,0.0000,0.00,0.00,0.00,0,0.0000,6 个月 · 全平台 · 全量 SKU · 2026-07-09,published
DJ505237_1,US HS 储物柜-DSXC-01抽面铣型带插板 DFS 九斗 2x3+3一件两箱 颜色->黑色,ALL,AMAZON,C,T99,0.0000,0.0000,0.0000,0.00,0.00,0.00,0,0.0000,6 个月 · 全平台 · 全量 SKU · 2026-07-09,published
DJ505237_1,US HS 储物柜-DSXC-01抽面铣型带插板 DFS 九斗 2x3+3一件两箱 颜色->黑色,ALL,TIKTOK,C,T99,0.0000,0.0000,0.0000,0.00,0.00,0.00,2,0.0645,6 个月 · 全平台 · 全量 SKU · 2026-07-09,published
DJ505237_1,US HS 储物柜-DSXC-01抽面铣型带插板 DFS 九斗 2x3+3一件两箱 颜色->黑色,ALL,UNKNOWN,C,T4B,0.7445,0.4002,0.4002,23.08,12.41,12.41,43,1.3871,6 个月 · 全平台 · 全量 SKU · 2026-07-09,published
DJ505237_1,US HS 储物柜-DSXC-01抽面铣型带插板 DFS 九斗 2x3+3一件两箱 颜色->黑色,ALL,WALMART,C,T99,0.0000,0.0000,0.0000,0.00,0.00,0.00,2,0.0645,6 个月 · 全平台 · 全量 SKU · 2026-07-09,published
DJ505237_2,US HS 储物柜-DSXC-01抽面铣型带插板 DFS 九斗 2x3+3一件两箱 颜色->白色,ALL,AMAZON,C,T99,0.0000,0.0000,0.0000,0.00,0.00,0.00,0,0.0000,6 个月 · 全平台 · 全量 SKU · 2026-07-09,published
DJ505237_2,US HS 储物柜-DSXC-01抽面铣型带插板 DFS 九斗 2x3+3一件两箱 颜色->白色,ALL,UNKNOWN,C,T4B,0.4874,0.2339,0.2339,15.11,7.25,7.25,50,1.6129,6 个月 · 全平台 · 全量 SKU · 2026-07-09,published
DJ505237_3,US HS 储物柜-DSXC-01抽面铣型带插板 DFS 九斗 2x3+3一件两箱 颜色->黑白撞色,ALL,AMAZON,C,T99,0.0000,0.0000,0.0000,0.00,0.00,0.00,0,0.0000,6 个月 · 全平台 · 全量 SKU · 2026-07-09,published
DJ505237_3,US HS 储物柜-DSXC-01抽面铣型带插板 DFS 九斗 2x3+3一件两箱 颜色->黑白撞色,ALL,WALMART,C,T99,0.0000,0.0000,0.0000,0.00,0.00,0.00,3,0.0968,6 个月 · 全平台 · 全量 SKU · 2026-07-09,published
DJ505238_1,US HS 储物柜-DSXC-02抽面铣型带插 DFS 十斗 3x2+4一件两箱 颜色->黑色,ALL,AMAZON,C,T99,0.0000,0.0000,0.0000,0.00,0.00,0.00,0,0.0000,6 个月 · 全平台 · 全量 SKU · 2026-07-09,published
DJ505238_1,US HS 储物柜-DSXC-02抽面铣型带插 DFS 十斗 3x2+4一件两箱 颜色->黑色,ALL,UNKNOWN,C,T4B,0.6000,0.2880,0.2880,18.60,8.93,8.93,131,4.2258,6 个月 · 全平台 · 全量 SKU · 2026-07-09,published
DJ505238_1,US HS 储物柜-DSXC-02抽面铣型带插 DFS 十斗 3x2+4一件两箱 颜色->黑色,ALL,WALMART,C,T99,0.0000,0.0000,0.0000,0.00,0.00,0.00,4,0.1290,6 个月 · 全平台 · 全量 SKU · 2026-07-09,published
DJ505238_1_WF,US HS 储物柜-DSXC-02抽面铣型带插 DFS 十斗 3x2+4一件两箱 颜色->黑色,ALL,UNKNOWN,C,T99,0.0000,0.0000,0.0000,0.00,0.00,0.00,0,0.0000,6 个月 · 全平台 · 全量 SKU · 2026-07-09,published
DJ505238_2,US HS 储物柜-DSXC-02抽面铣型带插 DFS 十斗 3x2+4一件两箱 颜色->白色,ALL,AMAZON,C,T99,0.0000,0.0000,0.0000,0.00,0.00,0.00,0,0.0000,6 个月 · 全平台 · 全量 SKU · 2026-07-09,published
DJ505238_2,US HS 储物柜-DSXC-02抽面铣型带插 DFS 十斗 3x2+4一件两箱 颜色->白色,ALL,UNKNOWN,C,T4B,0.3852,0.2071,0.2071,11.94,6.42,6.42,66,2.1290,6 个月 · 全平台 · 全量 SKU · 2026-07-09,published
DJ505238_3,US HS 储物柜-DSXC-02抽面铣型带插 DFS 十斗 3x2+4一件两箱 颜色->黑白撞色,ALL,AMAZON,C,T99,0.0000,0.0000,0.0000,0.00,0.00,0.00,0,0.0000,6 个月 · 全平台 · 全量 SKU · 2026-07-09,published
DJ505238_3,US HS 储物柜-DSXC-02抽面铣型带插 DFS 十斗 3x2+4一件两箱 颜色->黑白撞色,ALL,UNKNOWN,C,T99,0.0000,0.0000,0.0000,0.00,0.00,0.00,20,0.6452,6 个月 · 全平台 · 全量 SKU · 2026-07-09,published
DJ505239_1,US DC 高架床 TPB-03  GSI  L型布局 三T床+柜款  一件两箱 颜色->黑色,ALL,AMAZON,B,T99,0.0000,0.0000,0.0000,0.00,0.00,0.00,0,0.0000,6 个月 · 全平台 · 全量 SKU · 2026-07-09,published
DJ505239_1,US DC 高架床 TPB-03  GSI  L型布局 三T床+柜款  一件两箱 颜色->黑色,ALL,UNKNOWN,B,T99,0.0000,0.0000,0.0000,0.00,0.00,0.00,0,0.0000,6 个月 · 全平台 · 全量 SKU · 2026-07-09,published
DJ505239_1,US DC 高架床 TPB-03  GSI  L型布局 三T床+柜款  一件两箱 颜色->黑色,ALL,WALMART,B,T99,0.0000,0.0000,0.0000,0.00,0.00,0.00,0,0.0000,6 个月 · 全平台 · 全量 SKU · 2026-07-09,published
DJ505239_2,US DC 高架床 TPB-03  GSI  L型布局 三T床+柜款  一件两箱 颜色->白色,ALL,AMAZON,B,T99,0.0000,0.0000,0.0000,0.00,0.00,0.00,0,0.0000,6 个月 · 全平台 · 全量 SKU · 2026-07-09,published
DJ505239_2,US DC 高架床 TPB-03  GSI  L型布局 三T床+柜款  一件两箱 颜色->白色,ALL,UNKNOWN,B,T99,0.0000,0.0000,0.0000,0.00,0.00,0.00,0,0.0000,6 个月 · 全平台 · 全量 SKU · 2026-07-09,published
DJ505239_2,US DC 高架床 TPB-03  GSI  L型布局 三T床+柜款  一件两箱 颜色->白色,ALL,WALMART,B,T99,0.0000,0.0000,0.0000,0.00,0.00,0.00,0,0.0000,6 个月 · 全平台 · 全量 SKU · 2026-07-09,published
DJ505240_1,US 床YW-43T上床下电竞桌3抽储物柜含灯带99*190 一件两箱黑色铁+黑麻板,ALL,AMAZON,A,T2,14.7134,10.6629,10.6629,456.12,330.55,330.55,462,14.9032,6 个月 · 全平台 · 全量 SKU · 2026-07-09,published
DJ505240_1,US 床YW-43T上床下电竞桌3抽储物柜含灯带99*190 一件两箱黑色铁+黑麻板,ALL,UNKNOWN,A,T4B,3.2088,1.3092,1.3092,99.47,40.59,40.59,101,3.2581,6 个月 · 全平台 · 全量 SKU · 2026-07-09,published
DJ505240_2,US 床YW-43T上床下电竞桌3抽储物柜含灯带99*190 一件两箱白色铁+白板,ALL,AMAZON,A,T3,4.6927,4.7497,4.7497,145.47,147.24,147.24,137,4.4194,6 个月 · 全平台 · 全量 SKU · 2026-07-09,published
DJ505240_2,US 床YW-43T上床下电竞桌3抽储物柜含灯带99*190 一件两箱白色铁+白板,ALL,TIKTOK,A,T99,0.0000,0.0000,0.0000,0.00,0.00,0.00,5,0.1613,6 个月 · 全平台 · 全量 SKU · 2026-07-09,published
DJ505240_2,US 床YW-43T上床下电竞桌3抽储物柜含灯带99*190 一件两箱白色铁+白板,ALL,UNKNOWN,A,T4B,2.4258,0.9897,0.9897,75.20,30.68,30.68,85,2.7419,6 个月 · 全平台 · 全量 SKU · 2026-07-09,published
DJ505241_1,"US 床BJS-101T落地三床屋顶床 99*190+99*230一件两箱,黑铁+黑板+深灰布",ALL,AMAZON,C,T4B,0.7280,0.2970,0.2970,22.57,9.21,9.21,30,0.9677,6 个月 · 全平台 · 全量 SKU · 2026-07-09,published
DJ505241_1,"US 床BJS-101T落地三床屋顶床 99*190+99*230一件两箱,黑铁+黑板+深灰布",ALL,UNKNOWN,C,T4B,0.5357,0.2880,0.2880,16.61,8.93,8.93,18,0.5806,6 个月 · 全平台 · 全量 SKU · 2026-07-09,published
DJ505241_2,US 床BJS-101T落地三床屋顶床 99*190+99*230一件两箱白铁+白板+白布,ALL,AMAZON,C,T4B,0.9049,0.4344,0.4344,28.05,13.47,13.47,32,1.0323,6 个月 · 全平台 · 全量 SKU · 2026-07-09,published
DJ505241_2,US 床BJS-101T落地三床屋顶床 99*190+99*230一件两箱白铁+白板+白布,ALL,TIKTOK,C,T99,0.0000,0.0000,0.0000,0.00,0.00,0.00,0,0.0000,6 个月 · 全平台 · 全量 SKU · 2026-07-09,published
DJ505241_2,US 床BJS-101T落地三床屋顶床 99*190+99*230一件两箱白铁+白板+白布,ALL,UNKNOWN,C,T4B,1.0049,0.5403,0.5403,31.15,16.75,16.75,34,1.0968,6 个月 · 全平台 · 全量 SKU · 2026-07-09,published
DJ505241_3,US 床BJS-101T落地三床屋顶床 99*190+99*230一件两箱粉铁+粉板+粉布,ALL,AMAZON,C,T4B,0.6780,0.3450,0.3450,21.02,10.70,10.70,33,1.0645,6 个月 · 全平台 · 全量 SKU · 2026-07-09,published
DJ505242_1,US 床GJ-014T屋顶低阁楼床8布抽+空格含灯带一件一箱黑铁+22022胡挑木板,ALL,TIKTOK,B,T99,0.0000,0.0000,0.0000,0.00,0.00,0.00,1,0.0323,6 个月 · 全平台 · 全量 SKU · 2026-07-09,published
DJ505242_1,US 床GJ-014T屋顶低阁楼床8布抽+空格含灯带一件一箱黑铁+22022胡挑木板,ALL,WALMART,B,T99,0.0000,0.0000,0.0000,0.00,0.00,0.00,0,0.0000,6 个月 · 全平台 · 全量 SKU · 2026-07-09,published
DJ505242_2,US 床GJ-014T屋顶低阁楼床8布抽+空格含灯带一件一箱白铁+白麻板,ALL,AMAZON,B,T3,3.7460,3.9333,3.9333,116.13,121.93,121.93,59,1.9032,6 个月 · 全平台 · 全量 SKU · 2026-07-09,published
DJ505242_2,US 床GJ-014T屋顶低阁楼床8布抽+空格含灯带一件一箱白铁+白麻板,ALL,TIKTOK,B,T4B,0.1973,0.1060,0.1060,6.12,3.29,3.29,12,0.3871,6 个月 · 全平台 · 全量 SKU · 2026-07-09,published
DJ505242_2,US 床GJ-014T屋顶低阁楼床8布抽+空格含灯带一件一箱白铁+白麻板,ALL,UNKNOWN,B,T4B,1.1434,0.5818,0.5818,35.45,18.04,18.04,48,1.5484,6 个月 · 全平台 · 全量 SKU · 2026-07-09,published
DJ505242_4,US 床GJ-014T屋顶低阁楼床8布抽+空格含灯带一件一箱粉铁+粉色麻板,ALL,AMAZON,B,T4A,2.3558,1.0931,1.0931,73.03,33.89,33.89,53,1.7097,6 个月 · 全平台 · 全量 SKU · 2026-07-09,published
DJ505242_4,US 床GJ-014T屋顶低阁楼床8布抽+空格含灯带一件一箱粉铁+粉色麻板,ALL,TIKTOK,B,T4B,0.2429,0.1166,0.1166,7.53,3.61,3.61,12,0.3871,6 个月 · 全平台 · 全量 SKU · 2026-07-09,published
DJ505242_4,US 床GJ-014T屋顶低阁楼床8布抽+空格含灯带一件一箱粉铁+粉色麻板,ALL,UNKNOWN,B,T4B,0.6264,0.3367,0.3367,19.42,10.44,10.44,30,0.9677,6 个月 · 全平台 · 全量 SKU · 2026-07-09,published
DJ505243_2,US 床GJ-011T屋顶低阁楼床3布抽+2铁篮含灯带一件一箱白铁+白色山纹,ALL,AMAZON,C,T4B,0.7681,0.3908,0.3908,23.81,12.11,12.11,18,0.5806,6 个月 · 全平台 · 全量 SKU · 2026-07-09,published
DJ505243_2,US 床GJ-011T屋顶低阁楼床3布抽+2铁篮含灯带一件一箱白铁+白色山纹,ALL,UNKNOWN,C,T4B,0.6462,0.3474,0.3474,20.03,10.77,10.77,21,0.6774,6 个月 · 全平台 · 全量 SKU · 2026-07-09,published
DJ505243_2,US 床GJ-011T屋顶低阁楼床3布抽+2铁篮含灯带一件一箱白铁+白色山纹,ALL,WALMART,C,T99,0.0000,0.0000,0.0000,0.00,0.00,0.00,3,0.0968,6 个月 · 全平台 · 全量 SKU · 2026-07-09,published
DJ505243_3,US 床GJ-011T屋顶低阁楼床3布抽+2铁篮含灯带一件一箱粉铁+粉色板,ALL,TIKTOK,C,T99,0.0000,0.0000,0.0000,0.00,0.00,0.00,1,0.0323,6 个月 · 全平台 · 全量 SKU · 2026-07-09,published
DJ505244_1,"US UA DK-SR01 现代板式双人电脑桌 一件两箱 颜色->白色,白色+黑色",ALL,UNKNOWN,C,T4B,0.9813,0.5276,0.5276,30.42,16.36,16.36,37,1.1935,6 个月 · 全平台 · 全量 SKU · 2026-07-09,published
DJ505244_2,US UA DK-SR01 现代板式双人电脑桌 一件两箱 颜色->黑色,ALL,AMAZON,C,T4B,0.9077,0.4880,0.4880,28.14,15.13,15.13,46,1.4839,6 个月 · 全平台 · 全量 SKU · 2026-07-09,published
DJ505244_2,US UA DK-SR01 现代板式双人电脑桌 一件两箱 颜色->黑色,ALL,UNKNOWN,C,T4B,0.6632,0.3565,0.3565,20.56,11.05,11.05,32,1.0323,6 个月 · 全平台 · 全量 SKU · 2026-07-09,published
DJ505244_2,US UA DK-SR01 现代板式双人电脑桌 一件两箱 颜色->黑色,ALL,WALMART,C,T99,0.0000,0.0000,0.0000,0.00,0.00,0.00,2,0.0645,6 个月 · 全平台 · 全量 SKU · 2026-07-09,published
DJ505245_1,"US UA DK-XZ01 板式原木L型行政桌 一件两箱 颜色->#1,年轮橡木",ALL,AMAZON,C,T4B,0.9016,0.4328,0.4328,27.95,13.42,13.42,33,1.0645,6 个月 · 全平台 · 全量 SKU · 2026-07-09,published
DJ505245_1,"US UA DK-XZ01 板式原木L型行政桌 一件两箱 颜色->#1,年轮橡木",ALL,UNKNOWN,C,T99,0.0000,0.0000,0.0000,0.00,0.00,0.00,86,2.7742,6 个月 · 全平台 · 全量 SKU · 2026-07-09,published
DJ505245_2,"US UA DK-XZ01 板式原木L型行政桌 一件两箱 颜色->#2,胡桃色",ALL,AMAZON,C,T4B,0.3500,0.1680,0.1680,10.85,5.21,5.21,25,0.8065,6 个月 · 全平台 · 全量 SKU · 2026-07-09,published
DJ505245_2,"US UA DK-XZ01 板式原木L型行政桌 一件两箱 颜色->#2,胡桃色",ALL,UNKNOWN,C,T4B,0.3214,0.1543,0.1543,9.96,4.78,4.78,51,1.6452,6 个月 · 全平台 · 全量 SKU · 2026-07-09,published
DJ505246_3,"US UA DK-XZ04 双拼色行政电脑桌一件两箱 颜色->#3,风轻云扬灰（原4071新洞洞板）",ALL,AMAZON,C,T3,3.6199,3.4420,3.4420,112.22,106.70,106.70,84,2.7097,6 个月 · 全平台 · 全量 SKU · 2026-07-09,published
DJ505246_3,"US UA DK-XZ04 双拼色行政电脑桌一件两箱 颜色->#3,风轻云扬灰（原4071新洞洞板）",ALL,TIKTOK,C,T99,0.0000,0.0000,0.0000,0.00,0.00,0.00,2,0.0645,6 个月 · 全平台 · 全量 SKU · 2026-07-09,published
DJ505246_3,"US UA DK-XZ04 双拼色行政电脑桌一件两箱 颜色->#3,风轻云扬灰（原4071新洞洞板）",ALL,UNKNOWN,C,T4B,0.9626,0.4898,0.4898,29.84,15.18,15.18,77,2.4839,6 个月 · 全平台 · 全量 SKU · 2026-07-09,published
DJ505246_3,"US UA DK-XZ04 双拼色行政电脑桌一件两箱 颜色->#3,风轻云扬灰（原4071新洞洞板）",ALL,WALMART,C,T99,0.0000,0.0000,0.0000,0.00,0.00,0.00,6,0.1935,6 个月 · 全平台 · 全量 SKU · 2026-07-09,published
DJ505246_4,"US UA DK-XZ04 双拼色行政电脑桌一件两箱 颜色->#4,大理石（原4071 新洞洞板）",ALL,AMAZON,C,T3,4.0442,4.0819,4.0819,125.37,126.54,126.54,70,2.2581,6 个月 · 全平台 · 全量 SKU · 2026-07-09,published
DJ505246_4,"US UA DK-XZ04 双拼色行政电脑桌一件两箱 颜色->#4,大理石（原4071 新洞洞板）",ALL,UNKNOWN,C,T4B,0.9126,0.4643,0.4643,28.29,14.39,14.39,47,1.5161,6 个月 · 全平台 · 全量 SKU · 2026-07-09,published
DJ505246_4,"US UA DK-XZ04 双拼色行政电脑桌一件两箱 颜色->#4,大理石（原4071 新洞洞板）",ALL,WALMART,C,T4B,0.1742,0.0886,0.0886,5.40,2.75,2.75,9,0.2903,6 个月 · 全平台 · 全量 SKU · 2026-07-09,published
DJ505246_5,US UA DK-XZ04 双拼色行政电脑桌一件两箱 颜色->#5，复古色（原3789 旧洞洞板）,ALL,UNKNOWN,C,T4B,0.2396,0.1288,0.1288,7.43,3.99,3.99,8,0.2581,6 个月 · 全平台 · 全量 SKU · 2026-07-09,published
DJ505246_6,"US UA DK-XZ04 双拼色行政电脑桌一件两箱 颜色->#6,金边胡桃（原4071 新洞洞板）",ALL,AMAZON,C,T4A,2.7240,1.2639,1.2639,84.44,39.18,39.18,57,1.8387,6 个月 · 全平台 · 全量 SKU · 2026-07-09,published
DJ505246_6,"US UA DK-XZ04 双拼色行政电脑桌一件两箱 颜色->#6,金边胡桃（原4071 新洞洞板）",ALL,TEMU,C,T99,0.0000,0.0000,0.0000,0.00,0.00,0.00,0,0.0000,6 个月 · 全平台 · 全量 SKU · 2026-07-09,published
DJ505246_6,"US UA DK-XZ04 双拼色行政电脑桌一件两箱 颜色->#6,金边胡桃（原4071 新洞洞板）",ALL,TIKTOK,C,T99,0.0000,0.0000,0.0000,0.00,0.00,0.00,0,0.0000,6 个月 · 全平台 · 全量 SKU · 2026-07-09,published
DJ505246_6,"US UA DK-XZ04 双拼色行政电脑桌一件两箱 颜色->#6,金边胡桃（原4071 新洞洞板）",ALL,UNKNOWN,C,T4B,0.6918,0.3520,0.3520,21.45,10.91,10.91,30,0.9677,6 个月 · 全平台 · 全量 SKU · 2026-07-09,published
DJ505247_1,"US UA DK-XZ05 移动文件柜行政电脑桌一件两箱 颜色->#1,复古色（原4137旧洞洞板）",ALL,AMAZON,D,T99,0.0000,0.0000,0.0000,0.00,0.00,0.00,0,0.0000,6 个月 · 全平台 · 全量 SKU · 2026-07-09,published
DJ505247_1,"US UA DK-XZ05 移动文件柜行政电脑桌一件两箱 颜色->#1,复古色（原4137旧洞洞板）",ALL,UNKNOWN,D,T99,0.0000,0.0000,0.0000,0.00,0.00,0.00,0,0.0000,6 个月 · 全平台 · 全量 SKU · 2026-07-09,published
DJ505247_1,"US UA DK-XZ05 移动文件柜行政电脑桌一件两箱 颜色->#1,复古色（原4137旧洞洞板）",ALL,WALMART,D,T99,0.0000,0.0000,0.0000,0.00,0.00,0.00,0,0.0000,6 个月 · 全平台 · 全量 SKU · 2026-07-09,published
DJ505247_3,"US UA DK-XZ05 移动文件柜行政电脑桌一件两箱 颜色->#3,大理石（原4137新洞洞板）",ALL,UNKNOWN,C,T99,0.0000,0.0000,0.0000,0.00,0.00,0.00,6,0.1935,6 个月 · 全平台 · 全量 SKU · 2026-07-09,published
DJ505247_5,"US UA DK-XZ05 移动文件柜行政电脑桌一件两箱 颜色->#5,胡桃色（原4137新洞洞板）",ALL,WALMART,C,T99,0.0000,0.0000,0.0000,0.00,0.00,0.00,0,0.0000,6 个月 · 全平台 · 全量 SKU · 2026-07-09,published
DJ505248_1,"US UA DK-XZ06 超大文件抽行政电脑桌一件两箱 颜色->#1,复古色",ALL,AMAZON,C,T4A,2.1348,0.9906,0.9906,66.18,30.71,30.71,74,2.3871,6 个月 · 全平台 · 全量 SKU · 2026-07-09,published
DJ505248_1,"US UA DK-XZ06 超大文件抽行政电脑桌一件两箱 颜色->#1,复古色",ALL,TEMU,C,T99,0.0000,0.0000,0.0000,0.00,0.00,0.00,0,0.0000,6 个月 · 全平台 · 全量 SKU · 2026-07-09,published
DJ505248_1,"US UA DK-XZ06 超大文件抽行政电脑桌一件两箱 颜色->#1,复古色",ALL,UNKNOWN,C,T4B,0.4159,0.1996,0.1996,12.89,6.19,6.19,17,0.5484,6 个月 · 全平台 · 全量 SKU · 2026-07-09,published
DJ505248_2,"US UA DK-XZ06 超大文件抽行政电脑桌一件两箱 颜色->#2,胡桃色",ALL,AMAZON,C,T4B,3.0698,1.2525,1.2525,95.16,38.83,38.83,100,3.2258,6 个月 · 全平台 · 全量 SKU · 2026-07-09,published
DJ505248_2,"US UA DK-XZ06 超大文件抽行政电脑桌一件两箱 颜色->#2,胡桃色",ALL,UNKNOWN,C,T4B,1.9099,1.0268,1.0268,59.21,31.83,31.83,71,2.2903,6 个月 · 全平台 · 全量 SKU · 2026-07-09,published
DJ505248_3,"US UA DK-XZ06 超大文件抽行政电脑桌一件两箱 颜色->#3,大理石色",ALL,AMAZON,C,T4A,3.0530,1.2041,1.2041,94.64,37.33,37.33,64,2.0645,6 个月 · 全平台 · 全量 SKU · 2026-07-09,published
DJ505248_4,"US UA DK-XZ06 超大文件抽行政电脑桌一件两箱 颜色->#4,风轻云扬灰",ALL,AMAZON,C,T4B,1.6374,0.7859,0.7859,50.76,24.36,24.36,61,1.9677,6 个月 · 全平台 · 全量 SKU · 2026-07-09,published
DJ505248_4,"US UA DK-XZ06 超大文件抽行政电脑桌一件两箱 颜色->#4,风轻云扬灰",ALL,UNKNOWN,C,T4B,0.4137,0.1986,0.1986,12.82,6.16,6.16,11,0.3548,6 个月 · 全平台 · 全量 SKU · 2026-07-09,published
DJ505248_4,"US UA DK-XZ06 超大文件抽行政电脑桌一件两箱 颜色->#4,风轻云扬灰",ALL,WALMART,C,T99,0.0000,0.0000,0.0000,0.00,0.00,0.00,0,0.0000,6 个月 · 全平台 · 全量 SKU · 2026-07-09,published
DJ505249_1,HS 储物柜-DSTL-01顶板推拉无把手 2x3 DFS 一件两箱  颜色->黑色,ALL,AMAZON,C,T99,0.0000,0.0000,0.0000,0.00,0.00,0.00,0,0.0000,6 个月 · 全平台 · 全量 SKU · 2026-07-09,published
DJ505249_1,HS 储物柜-DSTL-01顶板推拉无把手 2x3 DFS 一件两箱  颜色->黑色,ALL,TIKTOK,C,T4B,3.7571,1.9116,1.9116,116.47,59.26,59.26,234,7.5484,6 个月 · 全平台 · 全量 SKU · 2026-07-09,published
DJ505249_2,HS 储物柜-DSTL-01顶板推拉无把手 2x3 DFS 一件两箱  颜色->白色,ALL,AMAZON,C,T99,0.0000,0.0000,0.0000,0.00,0.00,0.00,0,0.0000,6 个月 · 全平台 · 全量 SKU · 2026-07-09,published
DJ505249_2,HS 储物柜-DSTL-01顶板推拉无把手 2x3 DFS 一件两箱  颜色->白色,ALL,TIKTOK,C,T4B,0.8846,0.4756,0.4756,27.42,14.74,14.74,10,0.3226,6 个月 · 全平台 · 全量 SKU · 2026-07-09,published
DJ505249_2,HS 储物柜-DSTL-01顶板推拉无把手 2x3 DFS 一件两箱  颜色->白色,ALL,WALMART,C,T99,0.0000,0.0000,0.0000,0.00,0.00,0.00,1,0.0323,6 个月 · 全平台 · 全量 SKU · 2026-07-09,published
DJ505250_1,US HS 储物柜-DSBL-03侧板自攻丝 1x5+2 DFS 一件两箱 颜色->黑色,ALL,AMAZON,C,T99,0.0000,0.0000,0.0000,0.00,0.00,0.00,0,0.0000,6 个月 · 全平台 · 全量 SKU · 2026-07-09,published
DJ505250_1,US HS 储物柜-DSBL-03侧板自攻丝 1x5+2 DFS 一件两箱 颜色->黑色,ALL,TIKTOK,C,T99,0.0000,0.0000,0.0000,0.00,0.00,0.00,0,0.0000,6 个月 · 全平台 · 全量 SKU · 2026-07-09,published
DJ505250_1_WF,US HS 储物柜-DSBL-03侧板自攻丝 1x5+2 DFS 一件两箱 颜色->黑色,ALL,UNKNOWN,D,T99,0.0000,0.0000,0.0000,0.00,0.00,0.00,0,0.0000,6 个月 · 全平台 · 全量 SKU · 2026-07-09,published
DJ505250_2,US HS 储物柜-DSBL-03侧板自攻丝 1x5+2 DFS 一件两箱 颜色->白色,ALL,AMAZON,B,T99,0.0000,0.0000,0.0000,0.00,0.00,0.00,0,0.0000,6 个月 · 全平台 · 全量 SKU · 2026-07-09,published
DJ505250_2,US HS 储物柜-DSBL-03侧板自攻丝 1x5+2 DFS 一件两箱 颜色->白色,ALL,TIKTOK,B,T99,0.0000,0.0000,0.0000,0.00,0.00,0.00,1,0.0323,6 个月 · 全平台 · 全量 SKU · 2026-07-09,published
DJ505250_2,US HS 储物柜-DSBL-03侧板自攻丝 1x5+2 DFS 一件两箱 颜色->白色,ALL,UNKNOWN,B,T4B,2.4220,1.2323,1.2323,75.08,38.20,38.20,56,1.8065,6 个月 · 全平台 · 全量 SKU · 2026-07-09,published
DJ505250_2_WF,US HS 储物柜-DSBL-03侧板自攻丝 1x5+2 DFS 一件两箱 颜色->白色,ALL,UNKNOWN,C,T99,0.0000,0.0000,0.0000,0.00,0.00,0.00,0,0.0000,6 个月 · 全平台 · 全量 SKU · 2026-07-09,published
DJ505251_1,US HS 储物柜-DSBL-02侧板自攻丝带插板 2x3+4 DFS 一件两箱 颜色->黑色,ALL,AMAZON,B,T99,0.0000,0.0000,0.0000,0.00,0.00,0.00,0,0.0000,6 个月 · 全平台 · 全量 SKU · 2026-07-09,published
DJ505251_1,US HS 储物柜-DSBL-02侧板自攻丝带插板 2x3+4 DFS 一件两箱 颜色->黑色,ALL,TIKTOK,B,T4B,0.2308,0.1241,0.1241,7.15,3.85,3.85,7,0.2258,6 个月 · 全平台 · 全量 SKU · 2026-07-09,published
DJ505251_1,US HS 储物柜-DSBL-02侧板自攻丝带插板 2x3+4 DFS 一件两箱 颜色->黑色,ALL,UNKNOWN,B,T4B,0.2137,0.1087,0.1087,6.62,3.37,3.37,14,0.4516,6 个月 · 全平台 · 全量 SKU · 2026-07-09,published
DJ505251_2,US HS 储物柜-DSBL-02侧板自攻丝带插板 2x3+4 DFS 一件两箱 颜色->白色,ALL,AMAZON,C,T99,0.0000,0.0000,0.0000,0.00,0.00,0.00,0,0.0000,6 个月 · 全平台 · 全量 SKU · 2026-07-09,published
DJ505251_2,US HS 储物柜-DSBL-02侧板自攻丝带插板 2x3+4 DFS 一件两箱 颜色->白色,ALL,TIKTOK,C,T4B,0.3423,0.1840,0.1840,10.61,5.70,5.70,26,0.8387,6 个月 · 全平台 · 全量 SKU · 2026-07-09,published
DJ505252_1,"US TS12 中世纪现代风两门加高电视柜带排插灯带，一件一箱 颜色->#1,胡桃木色",ALL,AMAZON,D,T4B,0.4033,0.2052,0.2052,12.50,6.36,6.36,26,0.8387,6 个月 · 全平台 · 全量 SKU · 2026-07-09,published
DJ505252_1,"US TS12 中世纪现代风两门加高电视柜带排插灯带，一件一箱 颜色->#1,胡桃木色",ALL,UNKNOWN,D,T4B,0.1736,0.0933,0.0933,5.38,2.89,2.89,13,0.4194,6 个月 · 全平台 · 全量 SKU · 2026-07-09,published
DJ505252_1,"US TS12 中世纪现代风两门加高电视柜带排插灯带，一件一箱 颜色->#1,胡桃木色",ALL,WALMART,D,T99,0.0000,0.0000,0.0000,0.00,0.00,0.00,2,0.0645,6 个月 · 全平台 · 全量 SKU · 2026-07-09,published
DJ505252_2,"US TS12 中世纪现代风两门加高电视柜带排插灯带，一件一箱 颜色->#2,原木色",ALL,AMAZON,D,T4B,0.2841,0.1445,0.1445,8.81,4.48,4.48,32,1.0323,6 个月 · 全平台 · 全量 SKU · 2026-07-09,published
DJ505252_2,"US TS12 中世纪现代风两门加高电视柜带排插灯带，一件一箱 颜色->#2,原木色",ALL,WALMART,D,T99,0.0000,0.0000,0.0000,0.00,0.00,0.00,0,0.0000,6 个月 · 全平台 · 全量 SKU · 2026-07-09,published
DJ505254_1,US AG 板式床 乡村风拼框 掀盖靠背 4抽 F款 一件两箱 颜色->白色,ALL,AMAZON,B,T4A,2.8614,1.3277,1.3277,88.70,41.16,41.16,145,4.6774,6 个月 · 全平台 · 全量 SKU · 2026-07-09,published
DJ505254_1,US AG 板式床 乡村风拼框 掀盖靠背 4抽 F款 一件两箱 颜色->白色,ALL,TIKTOK,B,T99,0.0000,0.0000,0.0000,0.00,0.00,0.00,0,0.0000,6 个月 · 全平台 · 全量 SKU · 2026-07-09,published
DJ505254_1,US AG 板式床 乡村风拼框 掀盖靠背 4抽 F款 一件两箱 颜色->白色,ALL,UNKNOWN,B,T4B,1.5775,0.6436,0.6436,48.90,19.95,19.95,75,2.4194,6 个月 · 全平台 · 全量 SKU · 2026-07-09,published
DJ505254_2,US AG 板式床 乡村风拼框 掀盖靠背 4抽 F款 一件两箱 颜色->灰色,ALL,AMAZON,C,T4B,1.0681,0.5742,0.5742,33.11,17.80,17.80,51,1.6452,6 个月 · 全平台 · 全量 SKU · 2026-07-09,published
DJ505255_1,US AG 板式床 乡村风拼框 掀盖靠背 4抽 Q款 一件两箱 颜色->白色,ALL,AMAZON,C,T4B,1.1214,0.5383,0.5383,34.76,16.69,16.69,86,2.7742,6 个月 · 全平台 · 全量 SKU · 2026-07-09,published
DJ505255_1,US AG 板式床 乡村风拼框 掀盖靠背 4抽 Q款 一件两箱 颜色->白色,ALL,TIKTOK,C,T99,0.0000,0.0000,0.0000,0.00,0.00,0.00,8,0.2581,6 个月 · 全平台 · 全量 SKU · 2026-07-09,published
DJ505255_1,US AG 板式床 乡村风拼框 掀盖靠背 4抽 Q款 一件两箱 颜色->白色,ALL,UNKNOWN,C,T4B,0.5000,0.2400,0.2400,15.50,7.44,7.44,47,1.5161,6 个月 · 全平台 · 全量 SKU · 2026-07-09,published
DJ505255_1,US AG 板式床 乡村风拼框 掀盖靠背 4抽 Q款 一件两箱 颜色->白色,ALL,WALMART,C,T4B,0.1857,0.0891,0.0891,5.76,2.76,2.76,10,0.3226,6 个月 · 全平台 · 全量 SKU · 2026-07-09,published
DJ505255_2,US AG 板式床 乡村风拼框 掀盖靠背 4抽 Q款 一件两箱 颜色->灰色,ALL,AMAZON,B,T4B,1.1000,0.5280,0.5280,34.10,16.37,16.37,72,2.3226,6 个月 · 全平台 · 全量 SKU · 2026-07-09,published
DJ505255_2,US AG 板式床 乡村风拼框 掀盖靠背 4抽 Q款 一件两箱 颜色->灰色,ALL,WALMART,B,T4B,0.6929,0.3326,0.3326,21.48,10.31,10.31,26,0.8387,6 个月 · 全平台 · 全量 SKU · 2026-07-09,published
DJ505256_1,US VD 板式床 掀盖软包靠背 双灯带 4抽 F款 一件两箱 颜色->黑色,ALL,AMAZON,B,T3,4.3402,4.1659,4.1659,134.55,129.14,129.14,133,4.2903,6 个月 · 全平台 · 全量 SKU · 2026-07-09,published
DJ505256_1,US VD 板式床 掀盖软包靠背 双灯带 4抽 F款 一件两箱 颜色->黑色,ALL,UNKNOWN,B,T4B,3.8670,1.9675,1.9675,119.88,60.99,60.99,181,5.8387,6 个月 · 全平台 · 全量 SKU · 2026-07-09,published
DJ505256_2,US VD 板式床 掀盖软包靠背 双灯带 4抽 F款 一件两箱 颜色->白色,ALL,TIKTOK,C,T99,0.0000,0.0000,0.0000,0.00,0.00,0.00,5,0.1613,6 个月 · 全平台 · 全量 SKU · 2026-07-09,published
DJ505256_2,US VD 板式床 掀盖软包靠背 双灯带 4抽 F款 一件两箱 颜色->白色,ALL,UNKNOWN,C,T4B,1.3280,0.6375,0.6375,41.17,19.76,19.76,71,2.2903,6 个月 · 全平台 · 全量 SKU · 2026-07-09,published
DJ505257_1,US VD 板式床 掀盖软包靠背 双灯带 4抽 Q款 一件两箱 颜色->黑色,ALL,AMAZON,A,T3,7.4009,7.5659,7.5659,229.43,234.54,234.54,184,5.9355,6 个月 · 全平台 · 全量 SKU · 2026-07-09,published
DJ505257_1,US VD 板式床 掀盖软包靠背 双灯带 4抽 Q款 一件两箱 颜色->黑色,ALL,TIKTOK,A,T4B,0.1929,0.0926,0.0926,5.98,2.87,2.87,36,1.1613,6 个月 · 全平台 · 全量 SKU · 2026-07-09,published
DJ505257_1,US VD 板式床 掀盖软包靠背 双灯带 4抽 Q款 一件两箱 颜色->黑色,ALL,UNKNOWN,A,T4B,5.1385,2.6144,2.6144,159.29,81.05,81.05,214,6.9032,6 个月 · 全平台 · 全量 SKU · 2026-07-09,published
DJ505257_2,US VD 板式床 掀盖软包靠背 双灯带 4抽 Q款 一件两箱 颜色->白色,ALL,TIKTOK,C,T99,0.0000,0.0000,0.0000,0.00,0.00,0.00,25,0.8065,6 个月 · 全平台 · 全量 SKU · 2026-07-09,published
DJ505257_2,US VD 板式床 掀盖软包靠背 双灯带 4抽 Q款 一件两箱 颜色->白色,ALL,UNKNOWN,C,T4B,0.9137,0.4649,0.4649,28.32,14.41,14.41,57,1.8387,6 个月 · 全平台 · 全量 SKU · 2026-07-09,published
DJ505257_2,US VD 板式床 掀盖软包靠背 双灯带 4抽 Q款 一件两箱 颜色->白色,ALL,WALMART,C,T99,0.0000,0.0000,0.0000,0.00,0.00,0.00,2,0.0645,6 个月 · 全平台 · 全量 SKU · 2026-07-09,published
DJ505258_1,"US AG 板式床 藤编拼框 4抽 掀盖靠背 F款 一件两箱 颜色->#1,木纹色",ALL,AMAZON,C,T4B,1.2093,0.6501,0.6501,37.49,20.15,20.15,17,0.5484,6 个月 · 全平台 · 全量 SKU · 2026-07-09,published
DJ505258_1,"US AG 板式床 藤编拼框 4抽 掀盖靠背 F款 一件两箱 颜色->#1,木纹色",ALL,UNKNOWN,C,T4B,0.3071,0.1474,0.1474,9.52,4.57,4.57,2,0.0645,6 个月 · 全平台 · 全量 SKU · 2026-07-09,published
DJ505258_1,"US AG 板式床 藤编拼框 4抽 掀盖靠背 F款 一件两箱 颜色->#1,木纹色",ALL,WALMART,C,T99,0.0000,0.0000,0.0000,0.00,0.00,0.00,1,0.0323,6 个月 · 全平台 · 全量 SKU · 2026-07-09,published
DJ505259_1,"US AG 板式床 藤编拼框 4抽 掀盖靠背 Q款 一件两箱 颜色->#1,木纹色",ALL,AMAZON,C,T4B,1.2593,0.6770,0.6770,39.04,20.99,20.99,40,1.2903,6 个月 · 全平台 · 全量 SKU · 2026-07-09,published
DJ505259_1,"US AG 板式床 藤编拼框 4抽 掀盖靠背 Q款 一件两箱 颜色->#1,木纹色",ALL,UNKNOWN,C,T4B,0.2379,0.1279,0.1279,7.37,3.96,3.96,9,0.2903,6 个月 · 全平台 · 全量 SKU · 2026-07-09,published
DJ505260_1,US VD 板式床 推拉谷仓门 4抽 F款 一件两箱 颜色->白色,ALL,AMAZON,C,T4B,0.9484,0.4825,0.4825,29.40,14.96,14.96,28,0.9032,6 个月 · 全平台 · 全量 SKU · 2026-07-09,published
DJ505260_1,US VD 板式床 推拉谷仓门 4抽 F款 一件两箱 颜色->白色,ALL,UNKNOWN,C,T99,0.0000,0.0000,0.0000,0.00,0.00,0.00,2,0.0645,6 个月 · 全平台 · 全量 SKU · 2026-07-09,published
DJ505260_2,US VD 板式床 推拉谷仓门 4抽 F款 一件两箱 颜色->深灰色,ALL,AMAZON,C,T4B,0.7527,0.4047,0.4047,23.33,12.55,12.55,19,0.6129,6 个月 · 全平台 · 全量 SKU · 2026-07-09,published
DJ505260_2,US VD 板式床 推拉谷仓门 4抽 F款 一件两箱 颜色->深灰色,ALL,TIKTOK,C,T99,0.0000,0.0000,0.0000,0.00,0.00,0.00,2,0.0645,6 个月 · 全平台 · 全量 SKU · 2026-07-09,published
DJ505260_2,US VD 板式床 推拉谷仓门 4抽 F款 一件两箱 颜色->深灰色,ALL,UNKNOWN,C,T99,0.0000,0.0000,0.0000,0.00,0.00,0.00,1,0.0323,6 个月 · 全平台 · 全量 SKU · 2026-07-09,published
DJ505260_2,US VD 板式床 推拉谷仓门 4抽 F款 一件两箱 颜色->深灰色,ALL,WALMART,C,T99,0.0000,0.0000,0.0000,0.00,0.00,0.00,0,0.0000,6 个月 · 全平台 · 全量 SKU · 2026-07-09,published
DJ505261_1,US VD 板式床 推拉谷仓门 4抽 Q款 一件两箱 颜色->白色,ALL,AMAZON,D,T99,0.0000,0.0000,0.0000,0.00,0.00,0.00,18,0.5806,6 个月 · 全平台 · 全量 SKU · 2026-07-09,published
DJ505261_2,US VD 板式床 推拉谷仓门 4抽 Q款 一件两箱 颜色->深灰色,ALL,AMAZON,C,T4B,0.6407,0.3075,0.3075,19.86,9.53,9.53,37,1.1935,6 个月 · 全平台 · 全量 SKU · 2026-07-09,published
DJ505261_2,US VD 板式床 推拉谷仓门 4抽 Q款 一件两箱 颜色->深灰色,ALL,UNKNOWN,C,T99,0.0000,0.0000,0.0000,0.00,0.00,0.00,2,0.0645,6 个月 · 全平台 · 全量 SKU · 2026-07-09,published
DJ505261_2,US VD 板式床 推拉谷仓门 4抽 Q款 一件两箱 颜色->深灰色,ALL,WALMART,C,T99,0.0000,0.0000,0.0000,0.00,0.00,0.00,0,0.0000,6 个月 · 全平台 · 全量 SKU · 2026-07-09,published
DJ505262_1,US VD 高架床 L形上下铺 侧边5层布抽 T 一件两箱 颜色->白色,ALL,AMAZON,C,T4B,1.4522,0.7389,0.7389,45.02,22.91,22.91,33,1.0645,6 个月 · 全平台 · 全量 SKU · 2026-07-09,published
DJ505262_1,US VD 高架床 L形上下铺 侧边5层布抽 T 一件两箱 颜色->白色,ALL,UNKNOWN,C,T4B,0.7434,0.3997,0.3997,23.05,12.39,12.39,33,1.0645,6 个月 · 全平台 · 全量 SKU · 2026-07-09,published
DJ505262_1,US VD 高架床 L形上下铺 侧边5层布抽 T 一件两箱 颜色->白色,ALL,WALMART,C,T4B,0.4126,0.1981,0.1981,12.79,6.14,6.14,15,0.4839,6 个月 · 全平台 · 全量 SKU · 2026-07-09,published
DJ505262_1_WF,US VD 高架床 L形上下铺 侧边5层布抽 T 一件两箱 颜色->白色,ALL,UNKNOWN,D,T4B,0.1429,0.0686,0.0686,4.43,2.13,2.13,16,0.5161,6 个月 · 全平台 · 全量 SKU · 2026-07-09,published
DJ505262_2,US VD 高架床 L形上下铺 侧边5层布抽 T 一件两箱 颜色->黑色,ALL,AMAZON,B,T4A,2.3511,1.1564,1.1564,72.88,35.85,35.85,47,1.5161,6 个月 · 全平台 · 全量 SKU · 2026-07-09,published
DJ505262_2,US VD 高架床 L形上下铺 侧边5层布抽 T 一件两箱 颜色->黑色,ALL,TIKTOK,B,T99,0.0000,0.0000,0.0000,0.00,0.00,0.00,8,0.2581,6 个月 · 全平台 · 全量 SKU · 2026-07-09,published
DJ505262_2,US VD 高架床 L形上下铺 侧边5层布抽 T 一件两箱 颜色->黑色,ALL,WALMART,B,T4B,0.8346,0.4487,0.4487,25.87,13.91,13.91,47,1.5161,6 个月 · 全平台 · 全量 SKU · 2026-07-09,published
DJ505262_2_WF,US VD 高架床 L形上下铺 侧边5层布抽 T 一件两箱 颜色->黑色,ALL,UNKNOWN,D,T99,0.0000,0.0000,0.0000,0.00,0.00,0.00,37,1.1935,6 个月 · 全平台 · 全量 SKU · 2026-07-09,published
DJ505263_1,US VD 高架床 L形上下铺 下床头3层置物 5层布抽+挂衣区 T 一件两箱 颜色->白色,ALL,AMAZON,C,T99,0.0000,0.0000,0.0000,0.00,0.00,0.00,5,0.1613,6 个月 · 全平台 · 全量 SKU · 2026-07-09,published
DJ505263_1,US VD 高架床 L形上下铺 下床头3层置物 5层布抽+挂衣区 T 一件两箱 颜色->白色,ALL,UNKNOWN,C,T99,0.0000,0.0000,0.0000,0.00,0.00,0.00,11,0.3548,6 个月 · 全平台 · 全量 SKU · 2026-07-09,published
DJ505263_1,US VD 高架床 L形上下铺 下床头3层置物 5层布抽+挂衣区 T 一件两箱 颜色->白色,ALL,WALMART,C,T99,0.0000,0.0000,0.0000,0.00,0.00,0.00,0,0.0000,6 个月 · 全平台 · 全量 SKU · 2026-07-09,published
DJ505263_2,US VD 高架床 L形上下铺 下床头3层置物 5层布抽+挂衣区 T 一件两箱 颜色->黑色,ALL,UNKNOWN,B,T99,0.0000,0.0000,0.0000,0.00,0.00,0.00,10,0.3226,6 个月 · 全平台 · 全量 SKU · 2026-07-09,published
DJ505263_2,US VD 高架床 L形上下铺 下床头3层置物 5层布抽+挂衣区 T 一件两箱 颜色->黑色,ALL,WALMART,B,T99,0.0000,0.0000,0.0000,0.00,0.00,0.00,3,0.0968,6 个月 · 全平台 · 全量 SKU · 2026-07-09,published
DJ505264_1,US VD 高架床 上下铺 侧边布抽挂衣区 床下书架布抽 T 一件两箱 颜色->白色,ALL,UNKNOWN,C,T4B,0.9885,0.5314,0.5314,30.64,16.47,16.47,127,4.0968,6 个月 · 全平台 · 全量 SKU · 2026-07-09,published
DJ505264_1,US VD 高架床 上下铺 侧边布抽挂衣区 床下书架布抽 T 一件两箱 颜色->白色,ALL,WALMART,C,T99,0.0000,0.0000,0.0000,0.00,0.00,0.00,0,0.0000,6 个月 · 全平台 · 全量 SKU · 2026-07-09,published
DJ505264_2,US VD 高架床 上下铺 侧边布抽挂衣区 床下书架布抽 T 一件两箱 颜色->黑色,ALL,UNKNOWN,C,T4B,0.5505,0.2960,0.2960,17.07,9.18,9.18,95,3.0645,6 个月 · 全平台 · 全量 SKU · 2026-07-09,published
DJ505265_1,US 床YLS-006上F下T床8抽含灯带一件两箱 颜色黑铁+火烧云板,ALL,AMAZON,C,T4B,1.8555,0.7570,0.7570,57.52,23.47,23.47,48,1.5484,6 个月 · 全平台 · 全量 SKU · 2026-07-09,published
DJ505265_2,US 床YLS-006上F下T床8抽含灯带一件两箱 颜色白铁+白樱桃板,ALL,TIKTOK,C,T99,0.0000,0.0000,0.0000,0.00,0.00,0.00,1,0.0323,6 个月 · 全平台 · 全量 SKU · 2026-07-09,published
DJ505265_3,US 床YLS-006上F下T床8抽含灯带一件两箱 颜色黑铁+灰木纹板,ALL,AMAZON,C,T4B,0.6566,0.2679,0.2679,20.35,8.30,8.30,15,0.4839,6 个月 · 全平台 · 全量 SKU · 2026-07-09,published
DJ505266_1,US 床YLS-006上T下T床8抽含灯带一件两箱 颜色黑铁+火烧云板,ALL,TIKTOK,C,T99,0.0000,0.0000,0.0000,0.00,0.00,0.00,0,0.0000,6 个月 · 全平台 · 全量 SKU · 2026-07-09,published
DJ505266_1,US 床YLS-006上T下T床8抽含灯带一件两箱 颜色黑铁+火烧云板,ALL,UNKNOWN,C,T99,0.0000,0.0000,0.0000,0.00,0.00,0.00,1,0.0323,6 个月 · 全平台 · 全量 SKU · 2026-07-09,published
DJ505266_1,US 床YLS-006上T下T床8抽含灯带一件两箱 颜色黑铁+火烧云板,ALL,WALMART,C,T99,0.0000,0.0000,0.0000,0.00,0.00,0.00,2,0.0645,6 个月 · 全平台 · 全量 SKU · 2026-07-09,published
DJ505266_2,US 床YLS-006上T下T床8抽含灯带一件两箱 颜色白铁+白山纹板,ALL,UNKNOWN,C,T99,0.0000,0.0000,0.0000,0.00,0.00,0.00,1,0.0323,6 个月 · 全平台 · 全量 SKU · 2026-07-09,published
DJ505266_3,US 床YLS-006上T下T床8抽含灯带一件两箱 颜色黑铁+灰木纹板,ALL,AMAZON,C,T4B,0.8615,0.3515,0.3515,26.71,10.90,10.90,15,0.4839,6 个月 · 全平台 · 全量 SKU · 2026-07-09,published
DJ505267_2,"US 床RL-510F上床铁网+板下桌挂钩抽屉含插盘灯带137*190一件两箱 颜色->#2,白铁+浅色板",ALL,TIKTOK,B,T99,0.0000,0.0000,0.0000,0.00,0.00,0.00,0,0.0000,6 个月 · 全平台 · 全量 SKU · 2026-07-09,published
DJ505267_2,"US 床RL-510F上床铁网+板下桌挂钩抽屉含插盘灯带137*190一件两箱 颜色->#2,白铁+浅色板",ALL,UNKNOWN,B,T4B,2.9297,1.5750,1.5750,90.82,48.83,48.83,93,3.0000,6 个月 · 全平台 · 全量 SKU · 2026-07-09,published
DJ505267_3,"US 床RL-510F上床铁网+板下桌挂钩抽屉含插盘灯带137*190一件两箱 颜色->#3,黑铁+灰木纹板",ALL,AMAZON,B,T4B,1.0951,0.4468,0.4468,33.95,13.85,13.85,19,0.6129,6 个月 · 全平台 · 全量 SKU · 2026-07-09,published
DJ505267_3,"US 床RL-510F上床铁网+板下桌挂钩抽屉含插盘灯带137*190一件两箱 颜色->#3,黑铁+灰木纹板",ALL,UNKNOWN,B,T4B,1.3511,0.7264,0.7264,41.88,22.52,22.52,37,1.1935,6 个月 · 全平台 · 全量 SKU · 2026-07-09,published
DJ505268_1,"US 床RL-510T上床铁网+板下桌挂钩抽屉含插盘灯带99*190一件两箱 颜色->#1,黑铁+火烧云板",ALL,AMAZON,C,T99,0.0000,0.0000,0.0000,0.00,0.00,0.00,1,0.0323,6 个月 · 全平台 · 全量 SKU · 2026-07-09,published
DJ505268_1,"US 床RL-510T上床铁网+板下桌挂钩抽屉含插盘灯带99*190一件两箱 颜色->#1,黑铁+火烧云板",ALL,TEMU,C,T99,0.0000,0.0000,0.0000,0.00,0.00,0.00,0,0.0000,6 个月 · 全平台 · 全量 SKU · 2026-07-09,published
DJ505268_1,"US 床RL-510T上床铁网+板下桌挂钩抽屉含插盘灯带99*190一件两箱 颜色->#1,黑铁+火烧云板",ALL,TIKTOK,C,T99,0.0000,0.0000,0.0000,0.00,0.00,0.00,0,0.0000,6 个月 · 全平台 · 全量 SKU · 2026-07-09,published
DJ505268_1,"US 床RL-510T上床铁网+板下桌挂钩抽屉含插盘灯带99*190一件两箱 颜色->#1,黑铁+火烧云板",ALL,UNKNOWN,C,T99,0.0000,0.0000,0.0000,0.00,0.00,0.00,0,0.0000,6 个月 · 全平台 · 全量 SKU · 2026-07-09,published
DJ505268_1,"US 床RL-510T上床铁网+板下桌挂钩抽屉含插盘灯带99*190一件两箱 颜色->#1,黑铁+火烧云板",ALL,WALMART,C,T99,0.0000,0.0000,0.0000,0.00,0.00,0.00,0,0.0000,6 个月 · 全平台 · 全量 SKU · 2026-07-09,published
DJ505268_2,"US 床RL-510T上床铁网+板下桌挂钩抽屉含插盘灯带99*190一件两箱 颜色->#2,白铁+浅色板",ALL,AMAZON,D,T99,0.0000,0.0000,0.0000,0.00,0.00,0.00,0,0.0000,6 个月 · 全平台 · 全量 SKU · 2026-07-09,published
DJ505268_2,"US 床RL-510T上床铁网+板下桌挂钩抽屉含插盘灯带99*190一件两箱 颜色->#2,白铁+浅色板",ALL,TIKTOK,D,T99,0.0000,0.0000,0.0000,0.00,0.00,0.00,0,0.0000,6 个月 · 全平台 · 全量 SKU · 2026-07-09,published
DJ505268_2,"US 床RL-510T上床铁网+板下桌挂钩抽屉含插盘灯带99*190一件两箱 颜色->#2,白铁+浅色板",ALL,UNKNOWN,D,T99,0.0000,0.0000,0.0000,0.00,0.00,0.00,0,0.0000,6 个月 · 全平台 · 全量 SKU · 2026-07-09,published
DJ505268_2,"US 床RL-510T上床铁网+板下桌挂钩抽屉含插盘灯带99*190一件两箱 颜色->#2,白铁+浅色板",ALL,WALMART,D,T99,0.0000,0.0000,0.0000,0.00,0.00,0.00,0,0.0000,6 个月 · 全平台 · 全量 SKU · 2026-07-09,published
DJ505269_1,US 床RL-511T上床铁管下桌洞洞板抽屉含插盘灯带99*190一件两箱 颜色黑铁+灰木纹板材,ALL,TIKTOK,C,T99,0.0000,0.0000,0.0000,0.00,0.00,0.00,0,0.0000,6 个月 · 全平台 · 全量 SKU · 2026-07-09,published
DJ505269_1,US 床RL-511T上床铁管下桌洞洞板抽屉含插盘灯带99*190一件两箱 颜色黑铁+灰木纹板材,ALL,UNKNOWN,C,T4B,0.0857,0.0411,0.0411,2.66,1.27,1.27,10,0.3226,6 个月 · 全平台 · 全量 SKU · 2026-07-09,published
DJ505269_1,US 床RL-511T上床铁管下桌洞洞板抽屉含插盘灯带99*190一件两箱 颜色黑铁+灰木纹板材,ALL,WALMART,C,T4B,0.1643,0.0789,0.0789,5.09,2.45,2.45,14,0.4516,6 个月 · 全平台 · 全量 SKU · 2026-07-09,published
DJ505269_2,US 床RL-511T上床铁管下桌洞洞板抽屉含插盘灯带99*190一件两箱 颜色白铁+浅色板材,ALL,UNKNOWN,C,T4B,0.3088,0.1660,0.1660,9.57,5.15,5.15,24,0.7742,6 个月 · 全平台 · 全量 SKU · 2026-07-09,published
DJ505269_2_WF,US 床RL-511T上床铁管下桌洞洞板抽屉含插盘灯带99*190一件两箱 颜色白铁+浅色板材,ALL,UNKNOWN,D,T99,0.0000,0.0000,0.0000,0.00,0.00,0.00,0,0.0000,6 个月 · 全平台 · 全量 SKU · 2026-07-09,published
DJ505270_3,US 床T-B303Q软包床头翻开床尾铝材四抽153*203一件两箱 颜色绒布米白色+白色铁,ALL,AMAZON,D,T99,0.0000,0.0000,0.0000,0.00,0.00,0.00,0,0.0000,6 个月 · 全平台 · 全量 SKU · 2026-07-09,published
DJ505270_3,US 床T-B303Q软包床头翻开床尾铝材四抽153*203一件两箱 颜色绒布米白色+白色铁,ALL,UNKNOWN,D,T99,0.0000,0.0000,0.0000,0.00,0.00,0.00,0,0.0000,6 个月 · 全平台 · 全量 SKU · 2026-07-09,published
DJ505270_3,US 床T-B303Q软包床头翻开床尾铝材四抽153*203一件两箱 颜色绒布米白色+白色铁,ALL,WALMART,D,T99,0.0000,0.0000,0.0000,0.00,0.00,0.00,0,0.0000,6 个月 · 全平台 · 全量 SKU · 2026-07-09,published
DJ505271_2,US 床T-B731F前后围栏四抽水晶扣含插盘灯带137*190 一件两箱粉色绒布+白色铁,ALL,UNKNOWN,B,T99,0.0000,0.0000,0.0000,0.00,0.00,0.00,1,0.0323,6 个月 · 全平台 · 全量 SKU · 2026-07-09,published
DJ505273_1,US 床T-B303F软包床头翻开床尾铝材四抽137*190 一件一箱 颜色麻布深灰,ALL,AMAZON,B,T4B,0.6269,0.3370,0.3370,19.43,10.45,10.45,42,1.3548,6 个月 · 全平台 · 全量 SKU · 2026-07-09,published
DJ505273_2,US 床T-B303F软包床头翻开床尾铝材四抽137*190 一件一箱 颜色PU黑色,ALL,TIKTOK,B,T4B,0.6451,0.3282,0.3282,20.00,10.17,10.17,17,0.5484,6 个月 · 全平台 · 全量 SKU · 2026-07-09,published
DJ505273_3,US 床T-B303F软包床头翻开床尾铝材四抽137*190 一件一箱 颜色绒布白色+白色铁,ALL,AMAZON,A,T3,4.1673,4.3757,4.3757,129.19,135.65,135.65,112,3.6129,6 个月 · 全平台 · 全量 SKU · 2026-07-09,published
DJ505273_3,US 床T-B303F软包床头翻开床尾铝材四抽137*190 一件一箱 颜色绒布白色+白色铁,ALL,UNKNOWN,A,T4B,0.3681,0.1979,0.1979,11.41,6.13,6.13,19,0.6129,6 个月 · 全平台 · 全量 SKU · 2026-07-09,published
DJ505275_1,US 床T-B259Q床头翻开气压杆波浪含插盘灯带床153*203一件两箱 颜色黑色pu,ALL,AMAZON,A,T3,5.7337,5.4503,5.4503,177.74,168.96,168.96,92,2.9677,6 个月 · 全平台 · 全量 SKU · 2026-07-09,published
DJ505275_1,US 床T-B259Q床头翻开气压杆波浪含插盘灯带床153*203一件两箱 颜色黑色pu,ALL,TEMU,A,T99,0.0000,0.0000,0.0000,0.00,0.00,0.00,0,0.0000,6 个月 · 全平台 · 全量 SKU · 2026-07-09,published
DJ505275_1,US 床T-B259Q床头翻开气压杆波浪含插盘灯带床153*203一件两箱 颜色黑色pu,ALL,TIKTOK,A,T99,0.0000,0.0000,0.0000,0.00,0.00,0.00,4,0.1290,6 个月 · 全平台 · 全量 SKU · 2026-07-09,published
DJ505275_1,US 床T-B259Q床头翻开气压杆波浪含插盘灯带床153*203一件两箱 颜色黑色pu,ALL,UNKNOWN,A,T99,0.0000,0.0000,0.0000,0.00,0.00,0.00,0,0.0000,6 个月 · 全平台 · 全量 SKU · 2026-07-09,published
DJ505275_1_WF,US 床T-B259Q床头翻开气压杆波浪含插盘灯带床153*203一件两箱 颜色黑色pu,ALL,UNKNOWN,D,T4B,2.2967,0.9371,0.9371,71.20,29.05,29.05,84,2.7097,6 个月 · 全平台 · 全量 SKU · 2026-07-09,published
DJ505276_1,"US 床T-B259F床头翻开气压杆波浪含插盘灯带床137*190一件两箱 颜色->#1,黑色pu",ALL,AMAZON,B,T4A,1.9906,0.9236,0.9236,61.71,28.63,28.63,53,1.7097,6 个月 · 全平台 · 全量 SKU · 2026-07-09,published
DJ505276_1,"US 床T-B259F床头翻开气压杆波浪含插盘灯带床137*190一件两箱 颜色->#1,黑色pu",ALL,TEMU,B,T99,0.0000,0.0000,0.0000,0.00,0.00,0.00,1,0.0323,6 个月 · 全平台 · 全量 SKU · 2026-07-09,published
DJ505276_1,"US 床T-B259F床头翻开气压杆波浪含插盘灯带床137*190一件两箱 颜色->#1,黑色pu",ALL,UNKNOWN,B,T4B,1.1275,0.5737,0.5737,34.95,17.78,17.78,15,0.4839,6 个月 · 全平台 · 全量 SKU · 2026-07-09,published
DJ505276_2,"US 床T-B259F床头翻开气压杆波浪含插盘灯带床137*190一件两箱 颜色->#2,颜色TX-001米白绒布",ALL,AMAZON,C,T4B,1.1110,0.5653,0.5653,34.44,17.52,17.52,65,2.0968,6 个月 · 全平台 · 全量 SKU · 2026-07-09,published
DJ505276_2,"US 床T-B259F床头翻开气压杆波浪含插盘灯带床137*190一件两箱 颜色->#2,颜色TX-001米白绒布",ALL,TIKTOK,C,T99,0.0000,0.0000,0.0000,0.00,0.00,0.00,2,0.0645,6 个月 · 全平台 · 全量 SKU · 2026-07-09,published
DJ505276_2,"US 床T-B259F床头翻开气压杆波浪含插盘灯带床137*190一件两箱 颜色->#2,颜色TX-001米白绒布",ALL,UNKNOWN,C,T4B,0.7934,0.4037,0.4037,24.60,12.51,12.51,28,0.9032,6 个月 · 全平台 · 全量 SKU · 2026-07-09,published
DJ505277_1,US 床T-B259T床头翻开气压杆波浪含插盘灯带床99*190 颜色黑色pu,ALL,AMAZON,C,T4B,0.6599,0.3358,0.3358,20.46,10.41,10.41,52,1.6774,6 个月 · 全平台 · 全量 SKU · 2026-07-09,published
DJ505277_1,US 床T-B259T床头翻开气压杆波浪含插盘灯带床99*190 颜色黑色pu,ALL,TEMU,C,T99,0.0000,0.0000,0.0000,0.00,0.00,0.00,0,0.0000,6 个月 · 全平台 · 全量 SKU · 2026-07-09,published
DJ505277_1,US 床T-B259T床头翻开气压杆波浪含插盘灯带床99*190 颜色黑色pu,ALL,TIKTOK,C,T99,0.0000,0.0000,0.0000,0.00,0.00,0.00,2,0.0645,6 个月 · 全平台 · 全量 SKU · 2026-07-09,published
DJ505277_1,US 床T-B259T床头翻开气压杆波浪含插盘灯带床99*190 颜色黑色pu,ALL,UNKNOWN,C,T4B,0.3363,0.1808,0.1808,10.43,5.60,5.60,30,0.9677,6 个月 · 全平台 · 全量 SKU · 2026-07-09,published
DJ505277_1,US 床T-B259T床头翻开气压杆波浪含插盘灯带床99*190 颜色黑色pu,ALL,WALMART,C,T99,0.0000,0.0000,0.0000,0.00,0.00,0.00,5,0.1613,6 个月 · 全平台 · 全量 SKU · 2026-07-09,published
DJ505277_2,US 床T-B259T床头翻开气压杆波浪含插盘灯带床99*190 颜色TX-001米白绒布,ALL,AMAZON,C,T4B,0.8890,0.4523,0.4523,27.56,14.02,14.02,50,1.6129,6 个月 · 全平台 · 全量 SKU · 2026-07-09,published
DJ505277_2,US 床T-B259T床头翻开气压杆波浪含插盘灯带床99*190 颜色TX-001米白绒布,ALL,UNKNOWN,C,T4B,0.2885,0.1551,0.1551,8.94,4.81,4.81,12,0.3871,6 个月 · 全平台 · 全量 SKU · 2026-07-09,published
DJ505277_2,US 床T-B259T床头翻开气压杆波浪含插盘灯带床99*190 颜色TX-001米白绒布,ALL,WALMART,C,T4B,0.2231,0.1135,0.1135,6.92,3.52,3.52,10,0.3226,6 个月 · 全平台 · 全量 SKU · 2026-07-09,published
DJ505278_1,US DC 高架床 LB-12 GS 错台U桌+七抽柜款 F尺寸  一件两箱 颜色->黑色,ALL,AMAZON,B,T4A,2.8039,1.4571,1.4571,86.92,45.17,45.17,129,4.1613,6 个月 · 全平台 · 全量 SKU · 2026-07-09,published
DJ505278_1,US DC 高架床 LB-12 GS 错台U桌+七抽柜款 F尺寸  一件两箱 颜色->黑色,ALL,UNKNOWN,B,T99,0.0000,0.0000,0.0000,0.00,0.00,0.00,6,0.1935,6 个月 · 全平台 · 全量 SKU · 2026-07-09,published
DJ505278_1,US DC 高架床 LB-12 GS 错台U桌+七抽柜款 F尺寸  一件两箱 颜色->黑色,ALL,WALMART,B,T4B,0.5115,0.2750,0.2750,15.86,8.53,8.53,43,1.3871,6 个月 · 全平台 · 全量 SKU · 2026-07-09,published
DJ505278_2,US DC 高架床 LB-12 GS 错台U桌+七抽柜款 F尺寸  一件两箱 颜色->白色,ALL,AMAZON,B,T4A,2.5838,1.3428,1.3428,80.10,41.63,41.63,158,5.0968,6 个月 · 全平台 · 全量 SKU · 2026-07-09,published
DJ505278_2,US DC 高架床 LB-12 GS 错台U桌+七抽柜款 F尺寸  一件两箱 颜色->白色,ALL,TIKTOK,B,T99,0.0000,0.0000,0.0000,0.00,0.00,0.00,1,0.0323,6 个月 · 全平台 · 全量 SKU · 2026-07-09,published
DJ505278_2,US DC 高架床 LB-12 GS 错台U桌+七抽柜款 F尺寸  一件两箱 颜色->白色,ALL,UNKNOWN,B,T99,0.0000,0.0000,0.0000,0.00,0.00,0.00,4,0.1290,6 个月 · 全平台 · 全量 SKU · 2026-07-09,published
DJ505278_2,US DC 高架床 LB-12 GS 错台U桌+七抽柜款 F尺寸  一件两箱 颜色->白色,ALL,WALMART,B,T4B,0.2110,0.1134,0.1134,6.54,3.52,3.52,11,0.3548,6 个月 · 全平台 · 全量 SKU · 2026-07-09,published
DJ505279_1,"US 床BJS-543T 落地双层床+储物台阶 一件一箱 99*190 颜色->#1,黑铁+火烧云",ALL,AMAZON,A,T2,9.0422,7.0529,7.0529,280.31,218.64,218.64,127,4.0968,6 个月 · 全平台 · 全量 SKU · 2026-07-09,published
DJ505279_1,"US 床BJS-543T 落地双层床+储物台阶 一件一箱 99*190 颜色->#1,黑铁+火烧云",ALL,TIKTOK,A,T99,0.0000,0.0000,0.0000,0.00,0.00,0.00,6,0.1935,6 个月 · 全平台 · 全量 SKU · 2026-07-09,published
DJ505279_1,"US 床BJS-543T 落地双层床+储物台阶 一件一箱 99*190 颜色->#1,黑铁+火烧云",ALL,WALMART,A,T4B,0.3857,0.1963,0.1963,11.96,6.09,6.09,14,0.4516,6 个月 · 全平台 · 全量 SKU · 2026-07-09,published
DJ505279_2,US 床BJS-543T 落地双层床+储物台阶 一件一箱 99*190 颜色->#2 纯白,ALL,AMAZON,A,T3,4.8170,5.0578,5.0578,149.33,156.79,156.79,77,2.4839,6 个月 · 全平台 · 全量 SKU · 2026-07-09,published
DJ505279_2,US 床BJS-543T 落地双层床+储物台阶 一件一箱 99*190 颜色->#2 纯白,ALL,UNKNOWN,A,T4B,0.9253,0.3775,0.3775,28.68,11.70,11.70,18,0.5806,6 个月 · 全平台 · 全量 SKU · 2026-07-09,published
DJ505279_3,US 床BJS-543T 落地双层床+储物台阶 一件一箱 99*190 颜色->#3粉白拼色,ALL,AMAZON,B,T4B,1.5604,0.6367,0.6367,48.37,19.74,19.74,27,0.8710,6 个月 · 全平台 · 全量 SKU · 2026-07-09,published
DJ505279_3,US 床BJS-543T 落地双层床+储物台阶 一件一箱 99*190 颜色->#3粉白拼色,ALL,TIKTOK,B,T99,0.0000,0.0000,0.0000,0.00,0.00,0.00,2,0.0645,6 个月 · 全平台 · 全量 SKU · 2026-07-09,published
DJ505279_3,US 床BJS-543T 落地双层床+储物台阶 一件一箱 99*190 颜色->#3粉白拼色,ALL,WALMART,B,T99,0.0000,0.0000,0.0000,0.00,0.00,0.00,1,0.0323,6 个月 · 全平台 · 全量 SKU · 2026-07-09,published
DJ505280_1,US UA OTS-TM01 带推车铁木马桶架 一件一箱 颜色->白色,ALL,AMAZON,C,T99,0.0000,0.0000,0.0000,0.00,0.00,0.00,0,0.0000,6 个月 · 全平台 · 全量 SKU · 2026-07-09,published
DJ505280_1,US UA OTS-TM01 带推车铁木马桶架 一件一箱 颜色->白色,ALL,TEMU,C,T4B,1.2593,0.6770,0.6770,39.04,20.99,20.99,0,0.0000,6 个月 · 全平台 · 全量 SKU · 2026-07-09,published
DJ505280_1,US UA OTS-TM01 带推车铁木马桶架 一件一箱 颜色->白色,ALL,UNKNOWN,C,T99,0.0000,0.0000,0.0000,0.00,0.00,0.00,0,0.0000,6 个月 · 全平台 · 全量 SKU · 2026-07-09,published
DJ505280_1,US UA OTS-TM01 带推车铁木马桶架 一件一箱 颜色->白色,ALL,WALMART,C,T99,0.0000,0.0000,0.0000,0.00,0.00,0.00,0,0.0000,6 个月 · 全平台 · 全量 SKU · 2026-07-09,published
DJ505280_2,US UA OTS-TM01 带推车铁木马桶架 一件一箱 颜色->黑色,ALL,AMAZON,C,T99,0.0000,0.0000,0.0000,0.00,0.00,0.00,0,0.0000,6 个月 · 全平台 · 全量 SKU · 2026-07-09,published
DJ505280_2,US UA OTS-TM01 带推车铁木马桶架 一件一箱 颜色->黑色,ALL,TEMU,C,T4B,1.1780,0.6333,0.6333,36.52,19.63,19.63,0,0.0000,6 个月 · 全平台 · 全量 SKU · 2026-07-09,published
DJ505280_2,US UA OTS-TM01 带推车铁木马桶架 一件一箱 颜色->黑色,ALL,WALMART,C,T99,0.0000,0.0000,0.0000,0.00,0.00,0.00,0,0.0000,6 个月 · 全平台 · 全量 SKU · 2026-07-09,published
DJ505284_1,"US 床TB-2324K 5抽床+床头2布抽 一件两箱 颜色->#1,TX-001米白绒布",ALL,AMAZON,C,T4B,0.4720,0.1926,0.1926,14.63,5.97,5.97,12,0.3871,6 个月 · 全平台 · 全量 SKU · 2026-07-09,published
DJ505284_1,"US 床TB-2324K 5抽床+床头2布抽 一件两箱 颜色->#1,TX-001米白绒布",ALL,UNKNOWN,C,T99,0.0000,0.0000,0.0000,0.00,0.00,0.00,1,0.0323,6 个月 · 全平台 · 全量 SKU · 2026-07-09,published
DJ505284_1,"US 床TB-2324K 5抽床+床头2布抽 一件两箱 颜色->#1,TX-001米白绒布",ALL,WALMART,C,T99,0.0000,0.0000,0.0000,0.00,0.00,0.00,0,0.0000,6 个月 · 全平台 · 全量 SKU · 2026-07-09,published
DJ505286_1,"US 床TB-2324Q 5抽床+床头2布抽 一件两箱 颜色->#1,米白绒布",ALL,AMAZON,C,T4B,0.2923,0.1403,0.1403,9.06,4.35,4.35,5,0.1613,6 个月 · 全平台 · 全量 SKU · 2026-07-09,published
DJ505289_1,US HS 梳妆台-VDND-01 金拱门01款 平桌面 七抽  一件两箱 颜色->白色,ALL,AMAZON,C,T4B,1.2198,0.5855,0.5855,37.81,18.15,18.15,54,1.7419,6 个月 · 全平台 · 全量 SKU · 2026-07-09,published
DJ505289_1_WF,US HS 梳妆台-VDND-01 金拱门01款 平桌面 七抽  一件两箱 颜色->白色,ALL,UNKNOWN,C,T4B,0.4588,0.2466,0.2466,14.22,7.64,7.64,6,0.1935,6 个月 · 全平台 · 全量 SKU · 2026-07-09,published
DJ505290_1,US 高架床 LB-06  AF 上床下桌+F&T长桌二抽  F 一件两箱 颜色->黑色,ALL,TIKTOK,C,T99,0.0000,0.0000,0.0000,0.00,0.00,0.00,0,0.0000,6 个月 · 全平台 · 全量 SKU · 2026-07-09,published
DJ505290_1,US 高架床 LB-06  AF 上床下桌+F&T长桌二抽  F 一件两箱 颜色->黑色,ALL,UNKNOWN,C,T99,0.0000,0.0000,0.0000,0.00,0.00,0.00,0,0.0000,6 个月 · 全平台 · 全量 SKU · 2026-07-09,published
DJ505290_1,US 高架床 LB-06  AF 上床下桌+F&T长桌二抽  F 一件两箱 颜色->黑色,ALL,WALMART,C,T4B,0.5011,0.2550,0.2550,15.53,7.91,7.91,16,0.5161,6 个月 · 全平台 · 全量 SKU · 2026-07-09,published
DJ505290_2,US 高架床 LB-06  AF 上床下桌+F&T长桌二抽  F 一件两箱 颜色->白色,ALL,AMAZON,C,T4B,0.3352,0.1802,0.1802,10.39,5.59,5.59,15,0.4839,6 个月 · 全平台 · 全量 SKU · 2026-07-09,published
DJ505290_2,US 高架床 LB-06  AF 上床下桌+F&T长桌二抽  F 一件两箱 颜色->白色,ALL,TIKTOK,C,T99,0.0000,0.0000,0.0000,0.00,0.00,0.00,0,0.0000,6 个月 · 全平台 · 全量 SKU · 2026-07-09,published
DJ505290_2,US 高架床 LB-06  AF 上床下桌+F&T长桌二抽  F 一件两箱 颜色->白色,ALL,UNKNOWN,C,T99,0.0000,0.0000,0.0000,0.00,0.00,0.00,0,0.0000,6 个月 · 全平台 · 全量 SKU · 2026-07-09,published
DJ505290_2,US 高架床 LB-06  AF 上床下桌+F&T长桌二抽  F 一件两箱 颜色->白色,ALL,WALMART,C,T4B,0.1615,0.0868,0.0868,5.01,2.69,2.69,5,0.1613,6 个月 · 全平台 · 全量 SKU · 2026-07-09,published
DJ505291,US HS 梳妆台-VDFX-01错层款滑动镜 一件两箱 颜色->白色,ALL,AMAZON,C,T4A,2.1386,0.9923,0.9923,66.30,30.76,30.76,73,2.3548,6 个月 · 全平台 · 全量 SKU · 2026-07-09,published
DJ505292,US HS 储物柜-DSFT-01DFS简约实木把手9抽带腿造型 2*3+3 一件两箱 白色,ALL,AMAZON,C,T99,0.0000,0.0000,0.0000,0.00,0.00,0.00,0,0.0000,6 个月 · 全平台 · 全量 SKU · 2026-07-09,published
DJ505292,US HS 储物柜-DSFT-01DFS简约实木把手9抽带腿造型 2*3+3 一件两箱 白色,ALL,TIKTOK,C,T99,0.0000,0.0000,0.0000,0.00,0.00,0.00,1,0.0323,6 个月 · 全平台 · 全量 SKU · 2026-07-09,published
DJ505294_1,US 洞洞板升降L桌带柜体 一件两箱 颜色->白色,ALL,AMAZON,C,T4B,0.8401,0.3428,0.3428,26.04,10.63,10.63,34,1.0968,6 个月 · 全平台 · 全量 SKU · 2026-07-09,published
DJ505294_2,US 洞洞板升降L桌带柜体 一件两箱 颜色->黑色,ALL,AMAZON,C,T4B,1.6434,0.7888,0.7888,50.95,24.45,24.45,83,2.6774,6 个月 · 全平台 · 全量 SKU · 2026-07-09,published
DJ505294_3,US 洞洞板升降L桌带柜体 一件两箱 颜色->棕顶+白,ALL,AMAZON,C,T4B,1.8198,0.8735,0.8735,56.41,27.08,27.08,77,2.4839,6 个月 · 全平台 · 全量 SKU · 2026-07-09,published
DJ505295_1,US SD 80cm转角升降桌 一件一箱  颜色->火烧云,ALL,AMAZON,C,T4A,3.5539,1.6490,1.6490,110.17,51.12,51.12,160,5.1613,6 个月 · 全平台 · 全量 SKU · 2026-07-09,published
DJ505295_1,US SD 80cm转角升降桌 一件一箱  颜色->火烧云,ALL,TEMU,C,T99,0.0000,0.0000,0.0000,0.00,0.00,0.00,0,0.0000,6 个月 · 全平台 · 全量 SKU · 2026-07-09,published
DJ505295_1,US SD 80cm转角升降桌 一件一箱  颜色->火烧云,ALL,WALMART,C,T4B,0.2654,0.1427,0.1427,8.23,4.42,4.42,6,0.1935,6 个月 · 全平台 · 全量 SKU · 2026-07-09,published
DJ505295_2,US SD 80cm转角升降桌 一件一箱  颜色->黑麻,ALL,AMAZON,C,T4A,2.5402,1.1787,1.1787,78.75,36.54,36.54,98,3.1613,6 个月 · 全平台 · 全量 SKU · 2026-07-09,published
DJ505295_2,US SD 80cm转角升降桌 一件一箱  颜色->黑麻,ALL,TEMU,C,T99,0.0000,0.0000,0.0000,0.00,0.00,0.00,0,0.0000,6 个月 · 全平台 · 全量 SKU · 2026-07-09,published
DJ505295_2,US SD 80cm转角升降桌 一件一箱  颜色->黑麻,ALL,WALMART,C,T4B,0.2775,0.1492,0.1492,8.60,4.63,4.63,20,0.6452,6 个月 · 全平台 · 全量 SKU · 2026-07-09,published
DJ505295_3,US SD 80cm转角升降桌 一件一箱  颜色->白麻,ALL,AMAZON,C,T4A,2.0312,0.9425,0.9425,62.97,29.22,29.22,79,2.5484,6 个月 · 全平台 · 全量 SKU · 2026-07-09,published
DJ505295_3,US SD 80cm转角升降桌 一件一箱  颜色->白麻,ALL,TEMU,C,T99,0.0000,0.0000,0.0000,0.00,0.00,0.00,0,0.0000,6 个月 · 全平台 · 全量 SKU · 2026-07-09,published
DJ505295_3,US SD 80cm转角升降桌 一件一箱  颜色->白麻,ALL,TIKTOK,C,T99,0.0000,0.0000,0.0000,0.00,0.00,0.00,0,0.0000,6 个月 · 全平台 · 全量 SKU · 2026-07-09,published
DJ505296_1,US UA 大款门厅架带全身镜侧边储物柜 一件两箱 颜色->白色,ALL,AMAZON,C,T4A,2.0617,0.9566,0.9566,63.91,29.65,29.65,38,1.2258,6 个月 · 全平台 · 全量 SKU · 2026-07-09,published
DJ505296_1,US UA 大款门厅架带全身镜侧边储物柜 一件两箱 颜色->白色,ALL,UNKNOWN,C,T4B,0.6231,0.3350,0.3350,19.32,10.39,10.39,28,0.9032,6 个月 · 全平台 · 全量 SKU · 2026-07-09,published
DJ505296_1,US UA 大款门厅架带全身镜侧边储物柜 一件两箱 颜色->白色,ALL,WALMART,C,T99,0.0000,0.0000,0.0000,0.00,0.00,0.00,4,0.1290,6 个月 · 全平台 · 全量 SKU · 2026-07-09,published
DJ505297_1,EU AG JYH213 棉麻软包气杆床 圆弧靠背掀盖 双灯带 90*200m 一件两箱 颜色->深灰色,ALL,AMAZON,C,T99,0.0000,0.0000,0.0000,0.00,0.00,0.00,0,0.0000,6 个月 · 全平台 · 全量 SKU · 2026-07-09,published
DJ505297_2,EU AG JYH213 棉麻软包气杆床 圆弧靠背掀盖 双灯带 90*200m 一件两箱 颜色->米白,ALL,AMAZON,C,T99,0.0000,0.0000,0.0000,0.00,0.00,0.00,0,0.0000,6 个月 · 全平台 · 全量 SKU · 2026-07-09,published
DJ505298_1,US AG 火烧云PU软包 抽屉床 F 一件两箱 颜色->黑色,ALL,UNKNOWN,C,T4B,2.1516,1.0328,1.0328,66.70,32.02,32.02,31,1.0000,6 个月 · 全平台 · 全量 SKU · 2026-07-09,published
DJ505298_1,US AG 火烧云PU软包 抽屉床 F 一件两箱 颜色->黑色,ALL,WALMART,C,T99,0.0000,0.0000,0.0000,0.00,0.00,0.00,1,0.0323,6 个月 · 全平台 · 全量 SKU · 2026-07-09,published
DJ505299_1,US AG 火烧云PU软包 抽屉床 Q 一件两箱 颜色->黑色,ALL,AMAZON,B,T4B,0.4610,0.1881,0.1881,14.29,5.83,5.83,4,0.1290,6 个月 · 全平台 · 全量 SKU · 2026-07-09,published
DJ505299_1,US AG 火烧云PU软包 抽屉床 Q 一件两箱 颜色->黑色,ALL,TIKTOK,B,T99,0.0000,0.0000,0.0000,0.00,0.00,0.00,0,0.0000,6 个月 · 全平台 · 全量 SKU · 2026-07-09,published
DJ505299_1,US AG 火烧云PU软包 抽屉床 Q 一件两箱 颜色->黑色,ALL,UNKNOWN,B,T4B,2.7956,1.3419,1.3419,86.66,41.60,41.60,23,0.7419,6 个月 · 全平台 · 全量 SKU · 2026-07-09,published
DJ505299_2,"US AG 灰色棉麻软包 抽屉床 Q 一件两箱 颜色->深灰色,棉麻",ALL,UNKNOWN,D,T99,0.0000,0.0000,0.0000,0.00,0.00,0.00,43,1.3871,6 个月 · 全平台 · 全量 SKU · 2026-07-09,published
DJ505300_1,US 床GJ-013T低阁楼双层储物6布抽床+空格含灯带一件一箱 颜色黑铁+22022胡挑木,ALL,AMAZON,B,T4A,2.3328,1.0824,1.0824,72.32,33.55,33.55,63,2.0323,6 个月 · 全平台 · 全量 SKU · 2026-07-09,published
DJ505300_1,US 床GJ-013T低阁楼双层储物6布抽床+空格含灯带一件一箱 颜色黑铁+22022胡挑木,ALL,TIKTOK,B,T4B,0.1643,0.0789,0.0789,5.09,2.45,2.45,15,0.4839,6 个月 · 全平台 · 全量 SKU · 2026-07-09,published
DJ505300_1,US 床GJ-013T低阁楼双层储物6布抽床+空格含灯带一件一箱 颜色黑铁+22022胡挑木,ALL,UNKNOWN,B,T4B,0.4385,0.2105,0.2105,13.59,6.53,6.53,15,0.4839,6 个月 · 全平台 · 全量 SKU · 2026-07-09,published
DJ505300_2,US 床GJ-013T低阁楼双层储物6布抽床+空格含灯带一件一箱白铁+白麻板,ALL,AMAZON,A,T3,5.1499,4.8571,4.8571,159.65,150.57,150.57,83,2.6774,6 个月 · 全平台 · 全量 SKU · 2026-07-09,published
DJ505300_2,US 床GJ-013T低阁楼双层储物6布抽床+空格含灯带一件一箱白铁+白麻板,ALL,TIKTOK,A,T4B,0.4038,0.2171,0.2171,12.52,6.73,6.73,23,0.7419,6 个月 · 全平台 · 全量 SKU · 2026-07-09,published
DJ505300_2,US 床GJ-013T低阁楼双层储物6布抽床+空格含灯带一件一箱白铁+白麻板,ALL,UNKNOWN,A,T4B,1.9159,1.0300,1.0300,59.39,31.93,31.93,64,2.0645,6 个月 · 全平台 · 全量 SKU · 2026-07-09,published
DJ505300_2,US 床GJ-013T低阁楼双层储物6布抽床+空格含灯带一件一箱白铁+白麻板,ALL,WALMART,A,T4B,0.3626,0.1480,0.1480,11.24,4.59,4.59,21,0.6774,6 个月 · 全平台 · 全量 SKU · 2026-07-09,published
DJ505300_3,US 床GJ-013T低阁楼双层储物6布抽床+空格含灯带一件一箱黑铁+黑色小浮雕,ALL,AMAZON,A,T4B,3.4181,1.3946,1.3946,105.96,43.23,43.23,116,3.7419,6 个月 · 全平台 · 全量 SKU · 2026-07-09,published
DJ505300_3,US 床GJ-013T低阁楼双层储物6布抽床+空格含灯带一件一箱黑铁+黑色小浮雕,ALL,TIKTOK,A,T4B,0.3852,0.2071,0.2071,11.94,6.42,6.42,28,0.9032,6 个月 · 全平台 · 全量 SKU · 2026-07-09,published
DJ505300_3,US 床GJ-013T低阁楼双层储物6布抽床+空格含灯带一件一箱黑铁+黑色小浮雕,ALL,UNKNOWN,A,T4B,0.4066,0.2069,0.2069,12.60,6.41,6.41,41,1.3226,6 个月 · 全平台 · 全量 SKU · 2026-07-09,published
DJ505300_4,US 床GJ-013T低阁楼双层储物6布抽床+空格含灯带一件一箱粉铁+粉色板,ALL,AMAZON,B,T4A,2.3702,0.9348,0.9348,73.48,28.98,28.98,65,2.0968,6 个月 · 全平台 · 全量 SKU · 2026-07-09,published
DJ505300_4,US 床GJ-013T低阁楼双层储物6布抽床+空格含灯带一件一箱粉铁+粉色板,ALL,TIKTOK,B,T4B,0.1071,0.0514,0.0514,3.32,1.59,1.59,10,0.3226,6 个月 · 全平台 · 全量 SKU · 2026-07-09,published
DJ505300_4,US 床GJ-013T低阁楼双层储物6布抽床+空格含灯带一件一箱粉铁+粉色板,ALL,UNKNOWN,B,T99,0.0000,0.0000,0.0000,0.00,0.00,0.00,21,0.6774,6 个月 · 全平台 · 全量 SKU · 2026-07-09,published
DJ505300_4,US 床GJ-013T低阁楼双层储物6布抽床+空格含灯带一件一箱粉铁+粉色板,ALL,WALMART,B,T99,0.0000,0.0000,0.0000,0.00,0.00,0.00,22,0.7097,6 个月 · 全平台 · 全量 SKU · 2026-07-09,published
DJ505301_2,US 床GJ-012T上床下办公桌+8抽挂衣含灯带一件两箱白铁+白山纹板,ALL,TIKTOK,B,T99,0.0000,0.0000,0.0000,0.00,0.00,0.00,0,0.0000,6 个月 · 全平台 · 全量 SKU · 2026-07-09,published
DJ505303_1,US 床YLS-017上T下F床4抽办公桌含插盘灯带一件两箱黑铁+火烧云板+火烧云抽面,ALL,AMAZON,B,T4B,1.5286,0.6237,0.6237,47.39,19.33,19.33,42,1.3548,6 个月 · 全平台 · 全量 SKU · 2026-07-09,published
DJ505303_1,US 床YLS-017上T下F床4抽办公桌含插盘灯带一件两箱黑铁+火烧云板+火烧云抽面,ALL,UNKNOWN,B,T99,0.0000,0.0000,0.0000,0.00,0.00,0.00,1,0.0323,6 个月 · 全平台 · 全量 SKU · 2026-07-09,published
DJ505303_2,US 床YLS-017上T下F床4抽办公桌含插盘灯带一件两箱白铁+白山纹板+白色PU抽面,ALL,TIKTOK,C,T99,0.0000,0.0000,0.0000,0.00,0.00,0.00,4,0.1290,6 个月 · 全平台 · 全量 SKU · 2026-07-09,published
DJ505303_2,US 床YLS-017上T下F床4抽办公桌含插盘灯带一件两箱白铁+白山纹板+白色PU抽面,ALL,UNKNOWN,C,T4B,0.2742,0.1474,0.1474,8.50,4.57,4.57,15,0.4839,6 个月 · 全平台 · 全量 SKU · 2026-07-09,published
DJ505303_3,US 床YLS-017上T下F床4抽办公桌含插盘灯带一件两箱黑铁+灰木纹板+黑色PU抽面,ALL,AMAZON,B,T4A,2.0886,0.9691,0.9691,64.75,30.04,30.04,65,2.0968,6 个月 · 全平台 · 全量 SKU · 2026-07-09,published
DJ505303_3,US 床YLS-017上T下F床4抽办公桌含插盘灯带一件两箱黑铁+灰木纹板+黑色PU抽面,ALL,TIKTOK,B,T99,0.0000,0.0000,0.0000,0.00,0.00,0.00,6,0.1935,6 个月 · 全平台 · 全量 SKU · 2026-07-09,published
DJ505305_1,US 床YLS-017上F下F床4抽办公桌含插盘灯带一件两箱黑铁+火烧云板+火烧云抽面,ALL,TIKTOK,B,T99,0.0000,0.0000,0.0000,0.00,0.00,0.00,2,0.0645,6 个月 · 全平台 · 全量 SKU · 2026-07-09,published
DJ505305_2,US 床YLS-017上F下F床4抽办公桌含插盘灯带一件两箱白铁+白山纹板+白色PU抽面,ALL,TIKTOK,B,T99,0.0000,0.0000,0.0000,0.00,0.00,0.00,3,0.0968,6 个月 · 全平台 · 全量 SKU · 2026-07-09,published
DJ505305_2,US 床YLS-017上F下F床4抽办公桌含插盘灯带一件两箱白铁+白山纹板+白色PU抽面,ALL,UNKNOWN,B,T4B,1.2104,0.6507,0.6507,37.52,20.17,20.17,36,1.1613,6 个月 · 全平台 · 全量 SKU · 2026-07-09,published
DJ505305_3,US 床YLS-017上F下F床4抽办公桌含插盘灯带一件两箱黑铁+灰木纹板+黑色PU抽面,ALL,AMAZON,A,T4B,2.3297,0.9505,0.9505,72.22,29.47,29.47,47,1.5161,6 个月 · 全平台 · 全量 SKU · 2026-07-09,published
DJ505305_3,US 床YLS-017上F下F床4抽办公桌含插盘灯带一件两箱黑铁+灰木纹板+黑色PU抽面,ALL,UNKNOWN,A,T4B,1.0049,0.5403,0.5403,31.15,16.75,16.75,32,1.0323,6 个月 · 全平台 · 全量 SKU · 2026-07-09,published
DJ505306_1,"US HA 书桌 VT13 8抽波浪纹小款1.3m梳妆台+七彩流光灯+插座 一件两箱A/B 颜色->#1,原木橡木色浮雕",ALL,TIKTOK,C,T99,0.0000,0.0000,0.0000,0.00,0.00,0.00,0,0.0000,6 个月 · 全平台 · 全量 SKU · 2026-07-09,published
DJ505306_2,"US HA 书桌 VT13 8抽波浪纹小款1.3m梳妆台+七彩流光灯+插座 一件两箱A/B 颜色->#2,白色麻面",ALL,AMAZON,C,T4B,1.3302,0.5427,0.5427,41.24,16.82,16.82,94,3.0323,6 个月 · 全平台 · 全量 SKU · 2026-07-09,published
DJ505306_2,"US HA 书桌 VT13 8抽波浪纹小款1.3m梳妆台+七彩流光灯+插座 一件两箱A/B 颜色->#2,白色麻面",ALL,TIKTOK,C,T99,0.0000,0.0000,0.0000,0.00,0.00,0.00,1,0.0323,6 个月 · 全平台 · 全量 SKU · 2026-07-09,published
DJ505307_1,US HS 梳妆台 VDNX-01 改 MFL 错落布局 六抽一门好莱坞灯串 一件一箱 颜色->白色,ALL,AMAZON,C,T4B,1.8907,0.9620,0.9620,58.61,29.82,29.82,78,2.5161,6 个月 · 全平台 · 全量 SKU · 2026-07-09,published
DJ505307_1,US HS 梳妆台 VDNX-01 改 MFL 错落布局 六抽一门好莱坞灯串 一件一箱 颜色->白色,ALL,TIKTOK,C,T4B,0.4379,0.2354,0.2354,13.57,7.30,7.30,47,1.5161,6 个月 · 全平台 · 全量 SKU · 2026-07-09,published
DJ505307_1,US HS 梳妆台 VDNX-01 改 MFL 错落布局 六抽一门好莱坞灯串 一件一箱 颜色->白色,ALL,UNKNOWN,C,T4B,0.7890,0.4242,0.4242,24.46,13.15,13.15,43,1.3871,6 个月 · 全平台 · 全量 SKU · 2026-07-09,published
DJ505307_2,US HS 梳妆台 VDNX-01 改 MFL 错落布局 六抽一门好莱坞灯串 一件一箱 颜色->黑色,ALL,AMAZON,C,T4B,0.7396,0.3550,0.3550,22.93,11.01,11.01,39,1.2581,6 个月 · 全平台 · 全量 SKU · 2026-07-09,published
DJ505307_2,US HS 梳妆台 VDNX-01 改 MFL 错落布局 六抽一门好莱坞灯串 一件一箱 颜色->黑色,ALL,TIKTOK,C,T99,0.0000,0.0000,0.0000,0.00,0.00,0.00,17,0.5484,6 个月 · 全平台 · 全量 SKU · 2026-07-09,published
DJ505307_2,US HS 梳妆台 VDNX-01 改 MFL 错落布局 六抽一门好莱坞灯串 一件一箱 颜色->黑色,ALL,UNKNOWN,C,T99,0.0000,0.0000,0.0000,0.00,0.00,0.00,12,0.3871,6 个月 · 全平台 · 全量 SKU · 2026-07-09,published
DJ505307_2,US HS 梳妆台 VDNX-01 改 MFL 错落布局 六抽一门好莱坞灯串 一件一箱 颜色->黑色,ALL,WALMART,C,T99,0.0000,0.0000,0.0000,0.00,0.00,0.00,2,0.0645,6 个月 · 全平台 · 全量 SKU · 2026-07-09,published
DJ505308,US DC 高架床 LB-W  XF 外置儿童柜款 T尺寸 一件两箱,ALL,AMAZON,B,T3,4.6654,4.7027,4.7027,144.63,145.78,145.78,182,5.8710,6 个月 · 全平台 · 全量 SKU · 2026-07-09,published
DJ505308,US DC 高架床 LB-W  XF 外置儿童柜款 T尺寸 一件两箱,ALL,WALMART,B,T99,0.0000,0.0000,0.0000,0.00,0.00,0.00,0,0.0000,6 个月 · 全平台 · 全量 SKU · 2026-07-09,published
DJ505309_1,US HS 抽屉柜 DDB-06 2x4 底座 无把手 DFS 一件两箱 颜色->黑色,ALL,AMAZON,C,T99,0.0000,0.0000,0.0000,0.00,0.00,0.00,0,0.0000,6 个月 · 全平台 · 全量 SKU · 2026-07-09,published
DJ505309_1,US HS 抽屉柜 DDB-06 2x4 底座 无把手 DFS 一件两箱 颜色->黑色,ALL,TIKTOK,C,T4B,1.3802,0.7420,0.7420,42.79,23.00,23.00,180,5.8065,6 个月 · 全平台 · 全量 SKU · 2026-07-09,published
DJ505309_1,US HS 抽屉柜 DDB-06 2x4 底座 无把手 DFS 一件两箱 颜色->黑色,ALL,UNKNOWN,C,T4B,0.1940,0.0931,0.0931,6.01,2.89,2.89,21,0.6774,6 个月 · 全平台 · 全量 SKU · 2026-07-09,published
DJ505309_1_WF,US HS 抽屉柜 DDB-06 2x4 底座 无把手 DFS 一件两箱 颜色->黑色,ALL,UNKNOWN,C,T4B,1.1429,0.5486,0.5486,35.43,17.01,17.01,40,1.2903,6 个月 · 全平台 · 全量 SKU · 2026-07-09,published
DJ505309_2,US HS 抽屉柜 DDB-06 2x4 底座 无把手 DFS 一件两箱 颜色->白色,ALL,AMAZON,C,T99,0.0000,0.0000,0.0000,0.00,0.00,0.00,0,0.0000,6 个月 · 全平台 · 全量 SKU · 2026-07-09,published
DJ505309_2,US HS 抽屉柜 DDB-06 2x4 底座 无把手 DFS 一件两箱 颜色->白色,ALL,TIKTOK,C,T4B,2.4643,1.3248,1.3248,76.39,41.07,41.07,72,2.3226,6 个月 · 全平台 · 全量 SKU · 2026-07-09,published
DJ505309_2_WF,US HS 抽屉柜 DDB-06 2x4 底座 无把手 DFS 一件两箱 颜色->白色,ALL,UNKNOWN,C,T4B,0.5143,0.2469,0.2469,15.94,7.65,7.65,20,0.6452,6 个月 · 全平台 · 全量 SKU · 2026-07-09,published
DJ505310_1,US HS 抽屉柜 DDB-08 2x3+2 底座 无把手 带灯带插排 一件两箱 颜色->黑色,ALL,AMAZON,C,T99,0.0000,0.0000,0.0000,0.00,0.00,0.00,0,0.0000,6 个月 · 全平台 · 全量 SKU · 2026-07-09,published
DJ505311_1,US HS 抽屉柜 DDB-09 3x3 底座 三孔插排 无把手 一件两箱 颜色->黑色,ALL,AMAZON,C,T99,0.0000,0.0000,0.0000,0.00,0.00,0.00,0,0.0000,6 个月 · 全平台 · 全量 SKU · 2026-07-09,published
DJ505311_1,US HS 抽屉柜 DDB-09 3x3 底座 三孔插排 无把手 一件两箱 颜色->黑色,ALL,UNKNOWN,C,T4B,1.0775,0.5482,0.5482,33.40,16.99,16.99,25,0.8065,6 个月 · 全平台 · 全量 SKU · 2026-07-09,published
DJ505311_1,US HS 抽屉柜 DDB-09 3x3 底座 三孔插排 无把手 一件两箱 颜色->黑色,ALL,WALMART,C,T99,0.0000,0.0000,0.0000,0.00,0.00,0.00,0,0.0000,6 个月 · 全平台 · 全量 SKU · 2026-07-09,published
DJ505311_1_WF,US HS 抽屉柜 DDB-09 3x3 底座 三孔插排 无把手 一件两箱 颜色->黑色,ALL,UNKNOWN,C,T99,0.0000,0.0000,0.0000,0.00,0.00,0.00,31,1.0000,6 个月 · 全平台 · 全量 SKU · 2026-07-09,published
DJ505311_2,US HS 抽屉柜 DDB-09 3x3 底座 三孔插排 无把手 一件两箱 颜色->白色,ALL,AMAZON,C,T99,0.0000,0.0000,0.0000,0.00,0.00,0.00,0,0.0000,6 个月 · 全平台 · 全量 SKU · 2026-07-09,published
DJ505311_2,US HS 抽屉柜 DDB-09 3x3 底座 三孔插排 无把手 一件两箱 颜色->白色,ALL,UNKNOWN,C,T4B,0.4225,0.1724,0.1724,13.10,5.34,5.34,43,1.3871,6 个月 · 全平台 · 全量 SKU · 2026-07-09,published
DJ505311_2_WF,US HS 抽屉柜 DDB-09 3x3 底座 三孔插排 无把手 一件两箱 颜色->白色,ALL,UNKNOWN,C,T4B,0.8571,0.4114,0.4114,26.57,12.75,12.75,0,0.0000,6 个月 · 全平台 · 全量 SKU · 2026-07-09,published
DJ505312_1,EU DC软包床 90x190 BCR-01下翻门+灯带+插排HQ611灰色麻面+火烧云 一件两箱,ALL,AMAZON,C,T4B,0.5357,0.2571,0.2571,16.61,7.97,7.97,51,1.6452,6 个月 · 全平台 · 全量 SKU · 2026-07-09,published
DJ505312_1,EU DC软包床 90x190 BCR-01下翻门+灯带+插排HQ611灰色麻面+火烧云 一件两箱,ALL,UNKNOWN,C,T99,0.0000,0.0000,0.0000,0.00,0.00,0.00,0,0.0000,6 个月 · 全平台 · 全量 SKU · 2026-07-09,published
DJ505312_2,EU DC软包床90x200 BCR-01下翻门+灯带+插排HQ611灰色麻面+火烧云 一件两箱,ALL,AMAZON,C,T4B,0.7000,0.3360,0.3360,21.70,10.42,10.42,54,1.7419,6 个月 · 全平台 · 全量 SKU · 2026-07-09,published
DJ505312_3,EU DC软包床140x190 BCR-01下翻门+灯带+插排HQ611灰色麻面+火烧云 一件两箱,ALL,AMAZON,C,T4B,0.3714,0.1783,0.1783,11.51,5.53,5.53,60,1.9355,6 个月 · 全平台 · 全量 SKU · 2026-07-09,published
DJ505312_4,EU DC软包床140x200BCR-01下翻门+灯带+插排HQ611灰色麻面+火烧云 一件两箱,ALL,AMAZON,C,T4B,0.8214,0.3943,0.3943,25.46,12.22,12.22,40,1.2903,6 个月 · 全平台 · 全量 SKU · 2026-07-09,published
DJ505312_5,EU DC软包床 160x200BCR-01下翻门+灯带+插排HQ611灰色麻面+火烧云 一件两箱,ALL,AMAZON,C,T4B,0.6786,0.3257,0.3257,21.04,10.10,10.10,42,1.3548,6 个月 · 全平台 · 全量 SKU · 2026-07-09,published
DJ505313_3,EU DC软包床 140x190 BCR-01下翻门+灯带+插排HQ611白色麻面+原木 一件两箱,ALL,AMAZON,C,T4B,0.5071,0.2434,0.2434,15.72,7.55,7.55,75,2.4194,6 个月 · 全平台 · 全量 SKU · 2026-07-09,published
DJ505313_4,EU DC软包床 140x200 BCR-01下翻门+灯带+插排HQ611白色麻面+原木 一件两箱,ALL,AMAZON,C,T4B,0.4357,0.2091,0.2091,13.51,6.48,6.48,32,1.0323,6 个月 · 全平台 · 全量 SKU · 2026-07-09,published
DJ505313_4,EU DC软包床 140x200 BCR-01下翻门+灯带+插排HQ611白色麻面+原木 一件两箱,ALL,UNKNOWN,C,T99,0.0000,0.0000,0.0000,0.00,0.00,0.00,0,0.0000,6 个月 · 全平台 · 全量 SKU · 2026-07-09,published
DJ505313_5,EU DC软包床 160x200 BCR-01下翻门+灯带+插排HQ611白色麻面+原木 一件两箱,ALL,AMAZON,C,T4B,0.7143,0.3429,0.3429,22.14,10.63,10.63,32,1.0323,6 个月 · 全平台 · 全量 SKU · 2026-07-09,published
DJ505313_5,EU DC软包床 160x200 BCR-01下翻门+灯带+插排HQ611白色麻面+原木 一件两箱,ALL,UNKNOWN,C,T99,0.0000,0.0000,0.0000,0.00,0.00,0.00,0,0.0000,6 个月 · 全平台 · 全量 SKU · 2026-07-09,published
DJ505316_1,US BF VD19 书桌 铁木开门灯带镜子首饰玻璃门带凳子 一件一箱 颜色->白色,ALL,AMAZON,C,T4B,0.6643,0.3189,0.3189,20.59,9.89,9.89,34,1.0968,6 个月 · 全平台 · 全量 SKU · 2026-07-09,published
DJ505316_1,US BF VD19 书桌 铁木开门灯带镜子首饰玻璃门带凳子 一件一箱 颜色->白色,ALL,TIKTOK,C,T99,0.0000,0.0000,0.0000,0.00,0.00,0.00,0,0.0000,6 个月 · 全平台 · 全量 SKU · 2026-07-09,published
DJ505316_1,US BF VD19 书桌 铁木开门灯带镜子首饰玻璃门带凳子 一件一箱 颜色->白色,ALL,UNKNOWN,C,T4B,0.3214,0.1543,0.1543,9.96,4.78,4.78,35,1.1290,6 个月 · 全平台 · 全量 SKU · 2026-07-09,published
DJ505316_1,US BF VD19 书桌 铁木开门灯带镜子首饰玻璃门带凳子 一件一箱 颜色->白色,ALL,WALMART,C,T99,0.0000,0.0000,0.0000,0.00,0.00,0.00,2,0.0645,6 个月 · 全平台 · 全量 SKU · 2026-07-09,published
DJ505316_2,US BF VD19 书桌 铁木开门灯带镜子首饰玻璃门带凳子 一件一箱 颜色->黑色,ALL,AMAZON,C,T4B,0.7709,0.3922,0.3922,23.90,12.16,12.16,22,0.7097,6 个月 · 全平台 · 全量 SKU · 2026-07-09,published
DJ505317_1_WF,"US BF WD03 写字桌带文件柜十字玻璃门带插排灯带，一件两箱 颜色->白色,拼黑色",ALL,UNKNOWN,D,T4B,2.3286,1.1177,1.1177,72.19,34.65,34.65,107,3.4516,6 个月 · 全平台 · 全量 SKU · 2026-07-09,published
DJ505317_2,US BF WD03 写字桌带文件柜十字玻璃门带插排灯带，一件两箱 颜色->灰色,ALL,UNKNOWN,A,T99,0.0000,0.0000,0.0000,0.00,0.00,0.00,0,0.0000,6 个月 · 全平台 · 全量 SKU · 2026-07-09,published
DJ505317_2,US BF WD03 写字桌带文件柜十字玻璃门带插排灯带，一件两箱 颜色->灰色,ALL,WALMART,A,T4B,0.3720,0.1518,0.1518,11.53,4.71,4.71,11,0.3548,6 个月 · 全平台 · 全量 SKU · 2026-07-09,published
DJ505317_2_WF,US BF WD03 写字桌带文件柜十字玻璃门带插排灯带，一件两箱 颜色->灰色,ALL,UNKNOWN,D,T4B,1.1357,0.5451,0.5451,35.21,16.90,16.90,84,2.7097,6 个月 · 全平台 · 全量 SKU · 2026-07-09,published
DJ505317_3,US BF WD03 写字桌带文件柜十字玻璃门带插排灯带，一件两箱 颜色->黑色,ALL,AMAZON,A,T4A,2.8816,1.3371,1.3371,89.33,41.45,41.45,83,2.6774,6 个月 · 全平台 · 全量 SKU · 2026-07-09,published
DJ505317_3,US BF WD03 写字桌带文件柜十字玻璃门带插排灯带，一件两箱 颜色->黑色,ALL,TIKTOK,A,T99,0.0000,0.0000,0.0000,0.00,0.00,0.00,0,0.0000,6 个月 · 全平台 · 全量 SKU · 2026-07-09,published
DJ505317_3,US BF WD03 写字桌带文件柜十字玻璃门带插排灯带，一件两箱 颜色->黑色,ALL,UNKNOWN,A,T4B,1.6791,0.8060,0.8060,52.05,24.99,24.99,76,2.4516,6 个月 · 全平台 · 全量 SKU · 2026-07-09,published
DJ505317_3,US BF WD03 写字桌带文件柜十字玻璃门带插排灯带，一件两箱 颜色->黑色,ALL,WALMART,A,T4B,0.2538,0.1292,0.1292,7.87,4.01,4.01,5,0.1613,6 个月 · 全平台 · 全量 SKU · 2026-07-09,published
DJ505318_1,"US床T-B715Q床头置物软包床前后铝材灯带四抽含垫一件两箱152.5*203 颜色->#1,颜色黑色PU",ALL,UNKNOWN,A,T4B,0.5440,0.2219,0.2219,16.86,6.88,6.88,36,1.1613,6 个月 · 全平台 · 全量 SKU · 2026-07-09,published
DJ505318_2,"US床T-B715Q床头置物软包床前后铝材灯带四抽含垫一件两箱152.5*203 颜色->#2,米白色绒布白色铁",ALL,AMAZON,C,T99,0.0000,0.0000,0.0000,0.00,0.00,0.00,0,0.0000,6 个月 · 全平台 · 全量 SKU · 2026-07-09,published
DJ505318_2,"US床T-B715Q床头置物软包床前后铝材灯带四抽含垫一件两箱152.5*203 颜色->#2,米白色绒布白色铁",ALL,UNKNOWN,C,T99,0.0000,0.0000,0.0000,0.00,0.00,0.00,0,0.0000,6 个月 · 全平台 · 全量 SKU · 2026-07-09,published
DJ505319_1,US UA MV-HM01 弧面错层梳妆台五抽两柜 一件一箱 颜色->白色,ALL,AMAZON,C,T4B,0.1374,0.0738,0.0738,4.26,2.29,2.29,61,1.9677,6 个月 · 全平台 · 全量 SKU · 2026-07-09,published
DJ505319_1,US UA MV-HM01 弧面错层梳妆台五抽两柜 一件一箱 颜色->白色,ALL,UNKNOWN,C,T99,0.0000,0.0000,0.0000,0.00,0.00,0.00,1,0.0323,6 个月 · 全平台 · 全量 SKU · 2026-07-09,published
DJ505319_1,US UA MV-HM01 弧面错层梳妆台五抽两柜 一件一箱 颜色->白色,ALL,WALMART,C,T4B,0.1357,0.0651,0.0651,4.21,2.02,2.02,8,0.2581,6 个月 · 全平台 · 全量 SKU · 2026-07-09,published
DJ505320_1,EU AG三抽一格玻璃台面床头柜40*35cm含插座2AC+1U+1T 一件一箱 颜色->白色,ALL,AMAZON,C,T4B,1.8610,1.0005,1.0005,57.69,31.02,31.02,206,6.6452,6 个月 · 全平台 · 全量 SKU · 2026-07-09,published
DJ505320_1,EU AG三抽一格玻璃台面床头柜40*35cm含插座2AC+1U+1T 一件一箱 颜色->白色,ALL,UNKNOWN,C,T4B,0.2071,0.0994,0.0994,6.42,3.08,3.08,6,0.1935,6 个月 · 全平台 · 全量 SKU · 2026-07-09,published
DJ505320_2,EU AG三抽一格玻璃台面床头柜40*35cm含插座2AC+1U+1T 一件一箱 颜色->黑色,ALL,AMAZON,C,T4B,2.1088,1.1337,1.1337,65.37,35.14,35.14,160,5.1613,6 个月 · 全平台 · 全量 SKU · 2026-07-09,published
DJ505320_2,EU AG三抽一格玻璃台面床头柜40*35cm含插座2AC+1U+1T 一件一箱 颜色->黑色,ALL,UNKNOWN,C,T4B,0.2000,0.0960,0.0960,6.20,2.98,2.98,4,0.1290,6 个月 · 全平台 · 全量 SKU · 2026-07-09,published
DJ505321_1,US DC 高架床 LBOS-02 L型桌开放格储物款 F 一件两箱 颜色 黑色,ALL,AMAZON,C,T4B,0.4973,0.2673,0.2673,15.42,8.29,8.29,46,1.4839,6 个月 · 全平台 · 全量 SKU · 2026-07-09,published
DJ505321_1,US DC 高架床 LBOS-02 L型桌开放格储物款 F 一件两箱 颜色 黑色,ALL,UNKNOWN,C,T4B,0.4533,0.2437,0.2437,14.05,7.55,7.55,22,0.7097,6 个月 · 全平台 · 全量 SKU · 2026-07-09,published
DJ505321_1,US DC 高架床 LBOS-02 L型桌开放格储物款 F 一件两箱 颜色 黑色,ALL,WALMART,C,T99,0.0000,0.0000,0.0000,0.00,0.00,0.00,4,0.1290,6 个月 · 全平台 · 全量 SKU · 2026-07-09,published
DJ505321_2,US DC 高架床 LBOS-02 L型桌开放格储物款 F 一件两箱 颜色 白色,ALL,AMAZON,C,T4B,0.8632,0.4640,0.4640,26.76,14.38,14.38,83,2.6774,6 个月 · 全平台 · 全量 SKU · 2026-07-09,published
DJ505321_2,US DC 高架床 LBOS-02 L型桌开放格储物款 F 一件两箱 颜色 白色,ALL,UNKNOWN,C,T4B,0.2758,0.1483,0.1483,8.55,4.60,4.60,15,0.4839,6 个月 · 全平台 · 全量 SKU · 2026-07-09,published
DJ505321_2,US DC 高架床 LBOS-02 L型桌开放格储物款 F 一件两箱 颜色 白色,ALL,WALMART,C,T99,0.0000,0.0000,0.0000,0.00,0.00,0.00,6,0.1935,6 个月 · 全平台 · 全量 SKU · 2026-07-09,published
DJ505323_1,US 床GSI-005T带步梯双层2抽+6布抽床含灯带99*190一件两箱黑铁+火烧云板,ALL,AMAZON,A,T3,6.6550,6.3488,6.3488,206.31,196.81,196.81,301,9.7097,6 个月 · 全平台 · 全量 SKU · 2026-07-09,published
DJ505323_1,US 床GSI-005T带步梯双层2抽+6布抽床含灯带99*190一件两箱黑铁+火烧云板,ALL,UNKNOWN,A,T4B,1.0033,0.5394,0.5394,31.10,16.72,16.72,55,1.7742,6 个月 · 全平台 · 全量 SKU · 2026-07-09,published
DJ505323_2,US 床GSI-005T带步梯双层2抽+6布抽床含灯带99*190一件两箱黑铁+黑山纹板,ALL,AMAZON,A,T3,8.4762,7.6286,7.6286,262.76,236.49,236.49,486,15.6774,6 个月 · 全平台 · 全量 SKU · 2026-07-09,published
DJ505323_2,US 床GSI-005T带步梯双层2抽+6布抽床含灯带99*190一件两箱黑铁+黑山纹板,ALL,WALMART,A,T99,0.0000,0.0000,0.0000,0.00,0.00,0.00,6,0.1935,6 个月 · 全平台 · 全量 SKU · 2026-07-09,published
DJ505323_3,US 床GSI-005T带步梯双层2抽+6布抽床含灯带99*190一件两箱白铁+白山纹板,ALL,AMAZON,A,T3,9.4000,8.9676,8.9676,291.40,278.00,278.00,404,13.0323,6 个月 · 全平台 · 全量 SKU · 2026-07-09,published
DJ505324_2,US 床GSI-006T带储物柜上床下桌床含灯带插盘99*190一件两箱白铁+白麻板,ALL,AMAZON,D,T4B,0.6445,0.3279,0.3279,19.98,10.16,10.16,7,0.2258,6 个月 · 全平台 · 全量 SKU · 2026-07-09,published
DJ505324_2,US 床GSI-006T带储物柜上床下桌床含灯带插盘99*190一件两箱白铁+白麻板,ALL,WALMART,D,T99,0.0000,0.0000,0.0000,0.00,0.00,0.00,1,0.0323,6 个月 · 全平台 · 全量 SKU · 2026-07-09,published
DJ505325_1,US 床GSI-006F带储物柜上床下桌床含灯带插盘137*190一件两箱黑铁+火烧云板,ALL,AMAZON,C,T4B,2.0918,1.0643,1.0643,64.85,32.99,32.99,0,0.0000,6 个月 · 全平台 · 全量 SKU · 2026-07-09,published
DJ505325_1,US 床GSI-006F带储物柜上床下桌床含灯带插盘137*190一件两箱黑铁+火烧云板,ALL,TIKTOK,C,T4B,0.1571,0.0754,0.0754,4.87,2.34,2.34,0,0.0000,6 个月 · 全平台 · 全量 SKU · 2026-07-09,published
DJ505325_1,US 床GSI-006F带储物柜上床下桌床含灯带插盘137*190一件两箱黑铁+火烧云板,ALL,UNKNOWN,C,T99,0.0000,0.0000,0.0000,0.00,0.00,0.00,0,0.0000,6 个月 · 全平台 · 全量 SKU · 2026-07-09,published
DJ505325_2,US 床GSI-006F带储物柜上床下桌床含灯带插盘137*190一件两箱白铁+白麻板,ALL,AMAZON,D,T4B,0.5429,0.2762,0.2762,16.83,8.56,8.56,32,1.0323,6 个月 · 全平台 · 全量 SKU · 2026-07-09,published
DJ505325_2,US 床GSI-006F带储物柜上床下桌床含灯带插盘137*190一件两箱白铁+白麻板,ALL,UNKNOWN,D,T99,0.0000,0.0000,0.0000,0.00,0.00,0.00,0,0.0000,6 个月 · 全平台 · 全量 SKU · 2026-07-09,published
DJ505326_2,US UA BF-LB T尺寸4抽上床下桌 一件两箱 颜色->白色,ALL,AMAZON,D,T99,0.0000,0.0000,0.0000,0.00,0.00,0.00,9,0.2903,6 个月 · 全平台 · 全量 SKU · 2026-07-09,published
DJ505326_2,US UA BF-LB T尺寸4抽上床下桌 一件两箱 颜色->白色,ALL,WALMART,D,T99,0.0000,0.0000,0.0000,0.00,0.00,0.00,9,0.2903,6 个月 · 全平台 · 全量 SKU · 2026-07-09,published
DJ505328_1,US DC 矮高架床 LBB-02 BD163 树屋+短桌+层架双床 双T 黑色 一件一箱,ALL,AMAZON,C,T4B,0.2115,0.1137,0.1137,6.56,3.52,3.52,12,0.3871,6 个月 · 全平台 · 全量 SKU · 2026-07-09,published
DJ505328_2,US DC 矮高架床 LBB-02 BD163 树屋+短桌+层架双床 双T 白色 一件一箱,ALL,AMAZON,C,T4B,0.3879,0.2085,0.2085,12.02,6.46,6.46,30,0.9677,6 个月 · 全平台 · 全量 SKU · 2026-07-09,published
DJ505328_2,US DC 矮高架床 LBB-02 BD163 树屋+短桌+层架双床 双T 白色 一件一箱,ALL,UNKNOWN,C,T4B,0.3269,0.1758,0.1758,10.13,5.45,5.45,22,0.7097,6 个月 · 全平台 · 全量 SKU · 2026-07-09,published
DJ505329_1,"US ER DK-TM01 双侧储物行政电脑桌 一件两箱 颜色->#1,胡桃木色+黑麻",ALL,AMAZON,D,T4A,2.0560,0.9540,0.9540,63.74,29.57,29.57,72,2.3226,6 个月 · 全平台 · 全量 SKU · 2026-07-09,published
DJ505329_1,"US ER DK-TM01 双侧储物行政电脑桌 一件两箱 颜色->#1,胡桃木色+黑麻",ALL,UNKNOWN,D,T4B,0.3275,0.1760,0.1760,10.15,5.46,5.46,32,1.0323,6 个月 · 全平台 · 全量 SKU · 2026-07-09,published
DJ505329_2,US ER DK-TM01 双侧储物行政电脑桌 一件两箱 颜色->#2复古色+黑麻,ALL,AMAZON,D,T4B,0.6857,0.3291,0.3291,21.26,10.20,10.20,56,1.8065,6 个月 · 全平台 · 全量 SKU · 2026-07-09,published
DJ505329_2,US ER DK-TM01 双侧储物行政电脑桌 一件两箱 颜色->#2复古色+黑麻,ALL,WALMART,D,T99,0.0000,0.0000,0.0000,0.00,0.00,0.00,3,0.0968,6 个月 · 全平台 · 全量 SKU · 2026-07-09,published
DJ505329_3,US ER DK-TM01 双侧储物行政电脑桌 一件两箱 颜色->#3 灰色（复古灰7201）+黑麻色,ALL,AMAZON,D,T4B,1.1786,0.5657,0.5657,36.54,17.54,17.54,77,2.4839,6 个月 · 全平台 · 全量 SKU · 2026-07-09,published
DJ505329_3,US ER DK-TM01 双侧储物行政电脑桌 一件两箱 颜色->#3 灰色（复古灰7201）+黑麻色,ALL,UNKNOWN,D,T4B,0.1571,0.0754,0.0754,4.87,2.34,2.34,21,0.6774,6 个月 · 全平台 · 全量 SKU · 2026-07-09,published
DJ505329_4,US ER DK-TM01 双侧储物行政电脑桌 一件两箱 颜色->#4 大理石色+黑麻,ALL,AMAZON,D,T4B,0.4929,0.2366,0.2366,15.28,7.33,7.33,35,1.1290,6 个月 · 全平台 · 全量 SKU · 2026-07-09,published
DJ505329_4,US ER DK-TM01 双侧储物行政电脑桌 一件两箱 颜色->#4 大理石色+黑麻,ALL,UNKNOWN,D,T4B,0.1071,0.0514,0.0514,3.32,1.59,1.59,17,0.5484,6 个月 · 全平台 · 全量 SKU · 2026-07-09,published
DJ505329_4,US ER DK-TM01 双侧储物行政电脑桌 一件两箱 颜色->#4 大理石色+黑麻,ALL,WALMART,D,T99,0.0000,0.0000,0.0000,0.00,0.00,0.00,4,0.1290,6 个月 · 全平台 · 全量 SKU · 2026-07-09,published
DJ505330_1,EU DC CBQ-05 客卧气动款青少年床90*190 灰色 一件两箱,ALL,AMAZON,C,T4B,0.6269,0.3370,0.3370,19.43,10.45,10.45,16,0.5161,6 个月 · 全平台 · 全量 SKU · 2026-07-09,published
DJ505330_1,EU DC CBQ-05 客卧气动款青少年床90*190 灰色 一件两箱,ALL,UNKNOWN,C,T4B,0.2071,0.0994,0.0994,6.42,3.08,3.08,1,0.0323,6 个月 · 全平台 · 全量 SKU · 2026-07-09,published
DJ505330_2,EU DC CBQ-05 客卧气动款青少年床90*200 灰色 一件两箱,ALL,UNKNOWN,B,T99,0.0000,0.0000,0.0000,0.00,0.00,0.00,0,0.0000,6 个月 · 全平台 · 全量 SKU · 2026-07-09,published
DJ505331_1,EU DC CBQ-05 客卧气动款青少年床90*190 白色 一件两箱,ALL,AMAZON,C,T4B,0.4209,0.2263,0.2263,13.05,7.02,7.02,50,1.6129,6 个月 · 全平台 · 全量 SKU · 2026-07-09,published
DJ505331_2,EU DC CBQ-05 客卧气动款青少年床90*200 白色 一件两箱,ALL,AMAZON,C,T4B,0.9769,0.5252,0.5252,30.28,16.28,16.28,6,0.1935,6 个月 · 全平台 · 全量 SKU · 2026-07-09,published
DJ505331_2,EU DC CBQ-05 客卧气动款青少年床90*200 白色 一件两箱,ALL,UNKNOWN,C,T99,0.0000,0.0000,0.0000,0.00,0.00,0.00,0,0.0000,6 个月 · 全平台 · 全量 SKU · 2026-07-09,published
DJ505333,UK DC CBQ-05 客卧气动款青少年床90*190 白色 一件两箱,ALL,AMAZON,B,T99,0.0000,0.0000,0.0000,0.00,0.00,0.00,0,0.0000,6 个月 · 全平台 · 全量 SKU · 2026-07-09,published
DJ505334_1,US BF VD22 书桌 造型款灯带镜子双十字造型玻璃门+灯带 一件两箱 颜色->白色,ALL,TEMU,C,T99,0.0000,0.0000,0.0000,0.00,0.00,0.00,2,0.0645,6 个月 · 全平台 · 全量 SKU · 2026-07-09,published
DJ505334_1,US BF VD22 书桌 造型款灯带镜子双十字造型玻璃门+灯带 一件两箱 颜色->白色,ALL,UNKNOWN,C,T99,0.0000,0.0000,0.0000,0.00,0.00,0.00,23,0.7419,6 个月 · 全平台 · 全量 SKU · 2026-07-09,published
DJ505334_1,US BF VD22 书桌 造型款灯带镜子双十字造型玻璃门+灯带 一件两箱 颜色->白色,ALL,WALMART,C,T99,0.0000,0.0000,0.0000,0.00,0.00,0.00,0,0.0000,6 个月 · 全平台 · 全量 SKU · 2026-07-09,published
DJ505334_2,US BF VD22 书桌 造型款灯带镜子双十字造型玻璃门+灯带 一件两箱 颜色->黑色,ALL,TEMU,C,T99,0.0000,0.0000,0.0000,0.00,0.00,0.00,0,0.0000,6 个月 · 全平台 · 全量 SKU · 2026-07-09,published
DJ505334_2,US BF VD22 书桌 造型款灯带镜子双十字造型玻璃门+灯带 一件两箱 颜色->黑色,ALL,WALMART,C,T99,0.0000,0.0000,0.0000,0.00,0.00,0.00,0,0.0000,6 个月 · 全平台 · 全量 SKU · 2026-07-09,published
DJ505334_3,"US BF VD22 书桌 造型款灯带镜子双十字造型玻璃门+灯带 一件两箱 颜色->#4,原木色",ALL,TIKTOK,C,T99,0.0000,0.0000,0.0000,0.00,0.00,0.00,0,0.0000,6 个月 · 全平台 · 全量 SKU · 2026-07-09,published
DJ505334_3,"US BF VD22 书桌 造型款灯带镜子双十字造型玻璃门+灯带 一件两箱 颜色->#4,原木色",ALL,UNKNOWN,C,T4B,0.2852,0.1533,0.1533,8.84,4.75,4.75,16,0.5161,6 个月 · 全平台 · 全量 SKU · 2026-07-09,published
DJ505335_1,US YW03F 4抽双F上下铺含插排灯带床头挂袋 一件两箱 颜色->黑色,ALL,UNKNOWN,B,T99,0.0000,0.0000,0.0000,0.00,0.00,0.00,8,0.2581,6 个月 · 全平台 · 全量 SKU · 2026-07-09,published
DJ505335_1,US YW03F 4抽双F上下铺含插排灯带床头挂袋 一件两箱 颜色->黑色,ALL,WALMART,B,T99,0.0000,0.0000,0.0000,0.00,0.00,0.00,2,0.0645,6 个月 · 全平台 · 全量 SKU · 2026-07-09,published
DJ505335_2,US YW03F 4抽双F上下铺含插排灯带床头挂袋 一件两箱 颜色->白色,ALL,AMAZON,D,T4B,1.2736,0.5196,0.5196,39.48,16.11,16.11,20,0.6452,6 个月 · 全平台 · 全量 SKU · 2026-07-09,published
DJ505335_2,US YW03F 4抽双F上下铺含插排灯带床头挂袋 一件两箱 颜色->白色,ALL,WALMART,D,T99,0.0000,0.0000,0.0000,0.00,0.00,0.00,0,0.0000,6 个月 · 全平台 · 全量 SKU · 2026-07-09,published
DJ505336,US 593款 T尺寸火烧云颜色上床下桌8抽带灯带插排  一件两箱,ALL,AMAZON,C,T99,0.0000,0.0000,0.0000,0.00,0.00,0.00,1,0.0323,6 个月 · 全平台 · 全量 SKU · 2026-07-09,published
DJ505337_1,US VD 板式床 乡村风掀盖米字拼框 6抽 F款 一件两箱 颜色->白色,ALL,AMAZON,C,T4B,1.3912,0.7078,0.7078,43.13,21.94,21.94,69,2.2258,6 个月 · 全平台 · 全量 SKU · 2026-07-09,published
DJ505337_1,US VD 板式床 乡村风掀盖米字拼框 6抽 F款 一件两箱 颜色->白色,ALL,UNKNOWN,C,T4B,0.5396,0.2745,0.2745,16.73,8.51,8.51,25,0.8065,6 个月 · 全平台 · 全量 SKU · 2026-07-09,published
DJ505337_1_WF,US VD 板式床 乡村风掀盖米字拼框 6抽 F款 一件两箱 颜色->白色,ALL,UNKNOWN,D,T4B,0.1571,0.0754,0.0754,4.87,2.34,2.34,26,0.8387,6 个月 · 全平台 · 全量 SKU · 2026-07-09,published
DJ505337_2,US VD 板式床 乡村风掀盖米字拼框 6抽 F款 一件两箱 颜色->棕色,ALL,AMAZON,C,T4B,0.4934,0.2510,0.2510,15.30,7.78,7.78,51,1.6452,6 个月 · 全平台 · 全量 SKU · 2026-07-09,published
DJ505337_3,US VD 板式床 乡村风掀盖米字拼框 6抽 F款 一件两箱 颜色->灰色,ALL,AMAZON,D,T99,0.0000,0.0000,0.0000,0.00,0.00,0.00,62,2.0000,6 个月 · 全平台 · 全量 SKU · 2026-07-09,published
DJ505337_3,US VD 板式床 乡村风掀盖米字拼框 6抽 F款 一件两箱 颜色->灰色,ALL,UNKNOWN,D,T99,0.0000,0.0000,0.0000,0.00,0.00,0.00,23,0.7419,6 个月 · 全平台 · 全量 SKU · 2026-07-09,published
DJ505337_3,US VD 板式床 乡村风掀盖米字拼框 6抽 F款 一件两箱 颜色->灰色,ALL,WALMART,D,T99,0.0000,0.0000,0.0000,0.00,0.00,0.00,17,0.5484,6 个月 · 全平台 · 全量 SKU · 2026-07-09,published
DJ505338_1,US VD 板式床 乡村风掀盖米字拼框 6抽 Q款 一件两箱 颜色->白色,ALL,AMAZON,B,T4B,1.6027,0.8155,0.8155,49.68,25.28,25.28,156,5.0323,6 个月 · 全平台 · 全量 SKU · 2026-07-09,published
DJ505338_1,US VD 板式床 乡村风掀盖米字拼框 6抽 Q款 一件两箱 颜色->白色,ALL,UNKNOWN,B,T4B,0.5060,0.2575,0.2575,15.69,7.98,7.98,4,0.1290,6 个月 · 全平台 · 全量 SKU · 2026-07-09,published
DJ505338_1_WF,US VD 板式床 乡村风掀盖米字拼框 6抽 Q款 一件两箱 颜色->白色,ALL,UNKNOWN,D,T99,0.0000,0.0000,0.0000,0.00,0.00,0.00,23,0.7419,6 个月 · 全平台 · 全量 SKU · 2026-07-09,published
DJ505338_2,US VD 板式床 乡村风掀盖米字拼框 6抽 Q款 一件两箱 颜色->棕色,ALL,AMAZON,C,T4B,0.6379,0.3246,0.3246,19.77,10.06,10.06,70,2.2581,6 个月 · 全平台 · 全量 SKU · 2026-07-09,published
DJ505338_2,US VD 板式床 乡村风掀盖米字拼框 6抽 Q款 一件两箱 颜色->棕色,ALL,UNKNOWN,C,T4B,0.2181,0.1110,0.1110,6.76,3.44,3.44,23,0.7419,6 个月 · 全平台 · 全量 SKU · 2026-07-09,published
DJ505338_3,US VD 板式床 乡村风掀盖米字拼框 6抽 Q款 一件两箱 颜色->灰色,ALL,AMAZON,D,T99,0.0000,0.0000,0.0000,0.00,0.00,0.00,89,2.8710,6 个月 · 全平台 · 全量 SKU · 2026-07-09,published
DJ505338_3,US VD 板式床 乡村风掀盖米字拼框 6抽 Q款 一件两箱 颜色->灰色,ALL,UNKNOWN,D,T99,0.0000,0.0000,0.0000,0.00,0.00,0.00,57,1.8387,6 个月 · 全平台 · 全量 SKU · 2026-07-09,published
DJ505338_3,US VD 板式床 乡村风掀盖米字拼框 6抽 Q款 一件两箱 颜色->灰色,ALL,WALMART,D,T99,0.0000,0.0000,0.0000,0.00,0.00,0.00,19,0.6129,6 个月 · 全平台 · 全量 SKU · 2026-07-09,published
DJ505339_1,US VD JYH205 泰迪绒软包4抽床 弧形掀盖靠背 双灯带 F 一件两箱 颜色->米白,ALL,AMAZON,C,T4B,0.6571,0.3154,0.3154,20.37,9.78,9.78,16,0.5161,6 个月 · 全平台 · 全量 SKU · 2026-07-09,published
DJ505339_1,US VD JYH205 泰迪绒软包4抽床 弧形掀盖靠背 双灯带 F 一件两箱 颜色->米白,ALL,UNKNOWN,C,T4B,0.6308,0.3209,0.3209,19.55,9.95,9.95,25,0.8065,6 个月 · 全平台 · 全量 SKU · 2026-07-09,published
DJ505339_1,US VD JYH205 泰迪绒软包4抽床 弧形掀盖靠背 双灯带 F 一件两箱 颜色->米白,ALL,WALMART,C,T99,0.0000,0.0000,0.0000,0.00,0.00,0.00,0,0.0000,6 个月 · 全平台 · 全量 SKU · 2026-07-09,published
DJ505340_1,US VD JYH205 泰迪绒软包4抽床 弧形掀盖靠背 双灯带 Q 一件两箱 颜色->米白,ALL,AMAZON,C,T4B,0.7813,0.3750,0.3750,24.22,11.63,11.63,24,0.7742,6 个月 · 全平台 · 全量 SKU · 2026-07-09,published
DJ505341_1,US VD JYH205 PU软包4抽床 弧形掀盖靠背 双灯带 F 一件两箱 颜色->黑色,ALL,AMAZON,B,T4B,1.0544,0.5061,0.5061,32.69,15.69,15.69,41,1.3226,6 个月 · 全平台 · 全量 SKU · 2026-07-09,published
DJ505341_1,US VD JYH205 PU软包4抽床 弧形掀盖靠背 双灯带 F 一件两箱 颜色->黑色,ALL,UNKNOWN,B,T4B,2.5401,1.2193,1.2193,78.74,37.80,37.80,3,0.0968,6 个月 · 全平台 · 全量 SKU · 2026-07-09,published
DJ505341_2,US VD JYH205 绒布软包4抽床 弧形掀盖靠背 双灯带 F 一件两箱 颜色->粉色,ALL,AMAZON,C,T4B,0.2286,0.1097,0.1097,7.09,3.40,3.40,23,0.7419,6 个月 · 全平台 · 全量 SKU · 2026-07-09,published
DJ505341_2,US VD JYH205 绒布软包4抽床 弧形掀盖靠背 双灯带 F 一件两箱 颜色->粉色,ALL,UNKNOWN,C,T4B,0.0929,0.0446,0.0446,2.88,1.38,1.38,20,0.6452,6 个月 · 全平台 · 全量 SKU · 2026-07-09,published
DJ505341_2,US VD JYH205 绒布软包4抽床 弧形掀盖靠背 双灯带 F 一件两箱 颜色->粉色,ALL,WALMART,C,T99,0.0000,0.0000,0.0000,0.00,0.00,0.00,3,0.0968,6 个月 · 全平台 · 全量 SKU · 2026-07-09,published
DJ505342_1,US VD JYH205 PU软包4抽床 弧形掀盖靠背 双灯带 Q 一件两箱 颜色->黑色,ALL,AMAZON,C,T4B,1.5582,0.7480,0.7480,48.30,23.19,23.19,54,1.7419,6 个月 · 全平台 · 全量 SKU · 2026-07-09,published
DJ505342_1_WF,US VD JYH205 PU软包4抽床 弧形掀盖靠背 双灯带 Q 一件两箱 颜色->黑色,ALL,UNKNOWN,D,T99,0.0000,0.0000,0.0000,0.00,0.00,0.00,94,3.0323,6 个月 · 全平台 · 全量 SKU · 2026-07-09,published
DJ505342_2,US VD JYH205 绒布软包4抽床 弧形掀盖靠背 双灯带 Q 一件两箱 颜色->粉色,ALL,AMAZON,C,T4B,0.4857,0.2331,0.2331,15.06,7.23,7.23,41,1.3226,6 个月 · 全平台 · 全量 SKU · 2026-07-09,published
DJ505343_1,US AG 板式床 乡村风拼框 掀盖靠背 4抽 Q款 一件两箱 颜色->白色,ALL,AMAZON,D,T99,0.0000,0.0000,0.0000,0.00,0.00,0.00,0,0.0000,6 个月 · 全平台 · 全量 SKU · 2026-07-09,published
DJ505343_1,US AG 板式床 乡村风拼框 掀盖靠背 4抽 Q款 一件两箱 颜色->白色,ALL,TIKTOK,D,T99,0.0000,0.0000,0.0000,0.00,0.00,0.00,0,0.0000,6 个月 · 全平台 · 全量 SKU · 2026-07-09,published
DJ505343_1,US AG 板式床 乡村风拼框 掀盖靠背 4抽 Q款 一件两箱 颜色->白色,ALL,UNKNOWN,D,T99,0.0000,0.0000,0.0000,0.00,0.00,0.00,0,0.0000,6 个月 · 全平台 · 全量 SKU · 2026-07-09,published
DJ505343_1,US AG 板式床 乡村风拼框 掀盖靠背 4抽 Q款 一件两箱 颜色->白色,ALL,WALMART,D,T99,0.0000,0.0000,0.0000,0.00,0.00,0.00,0,0.0000,6 个月 · 全平台 · 全量 SKU · 2026-07-09,published
DJ505343_2,US AG 板式床 乡村风拼框 掀盖靠背 4抽 Q款 一件两箱 颜色->灰色,ALL,AMAZON,D,T99,0.0000,0.0000,0.0000,0.00,0.00,0.00,0,0.0000,6 个月 · 全平台 · 全量 SKU · 2026-07-09,published
DJ505343_2,US AG 板式床 乡村风拼框 掀盖靠背 4抽 Q款 一件两箱 颜色->灰色,ALL,UNKNOWN,D,T99,0.0000,0.0000,0.0000,0.00,0.00,0.00,0,0.0000,6 个月 · 全平台 · 全量 SKU · 2026-07-09,published
DJ505343_2,US AG 板式床 乡村风拼框 掀盖靠背 4抽 Q款 一件两箱 颜色->灰色,ALL,WALMART,D,T99,0.0000,0.0000,0.0000,0.00,0.00,0.00,0,0.0000,6 个月 · 全平台 · 全量 SKU · 2026-07-09,published
DJ505344_1,US VD 高架床 L形桌 书架 5布抽 布袋 铁网格 挂衣杆 F 一件两箱 颜色->白色,ALL,AMAZON,C,T99,0.0000,0.0000,0.0000,0.00,0.00,0.00,12,0.3871,6 个月 · 全平台 · 全量 SKU · 2026-07-09,published
DJ505344_1,US VD 高架床 L形桌 书架 5布抽 布袋 铁网格 挂衣杆 F 一件两箱 颜色->白色,ALL,UNKNOWN,C,T4B,0.8670,0.3537,0.3537,26.88,10.96,10.96,86,2.7742,6 个月 · 全平台 · 全量 SKU · 2026-07-09,published
DJ505344_1,US VD 高架床 L形桌 书架 5布抽 布袋 铁网格 挂衣杆 F 一件两箱 颜色->白色,ALL,WALMART,C,T99,0.0000,0.0000,0.0000,0.00,0.00,0.00,3,0.0968,6 个月 · 全平台 · 全量 SKU · 2026-07-09,published
DJ505344_2,US VD 高架床 L形桌 书架 5布抽 布袋 铁网格 挂衣杆 F 一件两箱 颜色->黑色,ALL,AMAZON,C,T99,0.0000,0.0000,0.0000,0.00,0.00,0.00,15,0.4839,6 个月 · 全平台 · 全量 SKU · 2026-07-09,published
DJ505344_2,US VD 高架床 L形桌 书架 5布抽 布袋 铁网格 挂衣杆 F 一件两箱 颜色->黑色,ALL,UNKNOWN,C,T4B,1.0478,0.5029,0.5029,32.48,15.59,15.59,88,2.8387,6 个月 · 全平台 · 全量 SKU · 2026-07-09,published
DJ505344_2,US VD 高架床 L形桌 书架 5布抽 布袋 铁网格 挂衣杆 F 一件两箱 颜色->黑色,ALL,WALMART,C,T99,0.0000,0.0000,0.0000,0.00,0.00,0.00,4,0.1290,6 个月 · 全平台 · 全量 SKU · 2026-07-09,published
DJ505345_1,EU VD 角落气杆软包床 2层置物 欧标床垫0.9*2m 一件两箱 颜色->深灰色,ALL,AMAZON,C,T4B,0.7214,0.3463,0.3463,22.36,10.74,10.74,57,1.8387,6 个月 · 全平台 · 全量 SKU · 2026-07-09,published
DJ505345_1,EU VD 角落气杆软包床 2层置物 欧标床垫0.9*2m 一件两箱 颜色->深灰色,ALL,UNKNOWN,C,T4B,0.1429,0.0686,0.0686,4.43,2.13,2.13,21,0.6774,6 个月 · 全平台 · 全量 SKU · 2026-07-09,published
DJ505345_2,EU VD 角落气杆软包床 2层置物 欧标床垫0.9*2m 一件两箱 颜色->米白,ALL,AMAZON,C,T4B,0.2286,0.1097,0.1097,7.09,3.40,3.40,50,1.6129,6 个月 · 全平台 · 全量 SKU · 2026-07-09,published
DJ505345_2,EU VD 角落气杆软包床 2层置物 欧标床垫0.9*2m 一件两箱 颜色->米白,ALL,UNKNOWN,C,T4B,0.1071,0.0514,0.0514,3.32,1.59,1.59,14,0.4516,6 个月 · 全平台 · 全量 SKU · 2026-07-09,published
DJ505347_1,US 1.1变1.5米圆形带层架餐桌椅套装 一件一箱 颜色->灰古木-40三胺,ALL,TEMU,C,T99,0.0000,0.0000,0.0000,0.00,0.00,0.00,0,0.0000,6 个月 · 全平台 · 全量 SKU · 2026-07-09,published
DJ505347_1,US 1.1变1.5米圆形带层架餐桌椅套装 一件一箱 颜色->灰古木-40三胺,ALL,UNKNOWN,C,T99,0.0000,0.0000,0.0000,0.00,0.00,0.00,0,0.0000,6 个月 · 全平台 · 全量 SKU · 2026-07-09,published
DJ505347_2,US 1.1变1.5米圆形带层架餐桌椅套装 一件一箱 颜色->夏特胡桃,ALL,TEMU,C,T99,0.0000,0.0000,0.0000,0.00,0.00,0.00,0,0.0000,6 个月 · 全平台 · 全量 SKU · 2026-07-09,published
DJ505347_2,US 1.1变1.5米圆形带层架餐桌椅套装 一件一箱 颜色->夏特胡桃,ALL,UNKNOWN,C,T99,0.0000,0.0000,0.0000,0.00,0.00,0.00,0,0.0000,6 个月 · 全平台 · 全量 SKU · 2026-07-09,published
DJ505347_3,US 1.1变1.5米圆形带层架餐桌椅套装 一件一箱 颜色->黑色,ALL,AMAZON,C,T4B,0.8319,0.4472,0.4472,25.79,13.86,13.86,38,1.2258,6 个月 · 全平台 · 全量 SKU · 2026-07-09,published
DJ505347_3,US 1.1变1.5米圆形带层架餐桌椅套装 一件一箱 颜色->黑色,ALL,TEMU,C,T4B,0.2736,0.1471,0.1471,8.48,4.56,4.56,0,0.0000,6 个月 · 全平台 · 全量 SKU · 2026-07-09,published
DJ505347_3,US 1.1变1.5米圆形带层架餐桌椅套装 一件一箱 颜色->黑色,ALL,UNKNOWN,C,T4B,0.3286,0.1577,0.1577,10.19,4.89,4.89,13,0.4194,6 个月 · 全平台 · 全量 SKU · 2026-07-09,published
DJ505348_1,US DC 矮高架床 LBB-04 YL L形+三斗+弹力绳储物双床 双T 黑色 一件一箱,ALL,AMAZON,C,T99,0.0000,0.0000,0.0000,0.00,0.00,0.00,4,0.1290,6 个月 · 全平台 · 全量 SKU · 2026-07-09,published
DJ505348_2,US DC 矮高架床 LBB-04 YL L形+三斗+弹力绳储物双床 双T 白色 一件一箱,ALL,TIKTOK,C,T99,0.0000,0.0000,0.0000,0.00,0.00,0.00,0,0.0000,6 个月 · 全平台 · 全量 SKU · 2026-07-09,published
DJ505349_1,UK BW铁木软包床LIWS-01  HQ 灰色+火烧色 一件一箱 90*190,ALL,AMAZON,C,T4B,2.3143,1.2442,1.2442,71.74,38.57,38.57,85,2.7419,6 个月 · 全平台 · 全量 SKU · 2026-07-09,published
DJ505349_2,UK BW铁木软包床LIWS-01  HQ 灰色+火烧色 一件一箱 135*190,ALL,AMAZON,C,T4B,1.6313,0.8770,0.8770,50.57,27.19,27.19,133,4.2903,6 个月 · 全平台 · 全量 SKU · 2026-07-09,published
DJ505349_3,UK BW铁木软包床LIWS-01  HQ 灰色+火烧色 一件一箱 150*200,ALL,AMAZON,C,T4B,0.8720,0.4688,0.4688,27.03,14.53,14.53,96,3.0968,6 个月 · 全平台 · 全量 SKU · 2026-07-09,published
DJ505349_4,UK BW铁木软包床LIWS-01  HQ 灰色+火烧色 一件一箱 120*190,ALL,AMAZON,C,T4B,1.5593,0.8383,0.8383,48.34,25.99,25.99,119,3.8387,6 个月 · 全平台 · 全量 SKU · 2026-07-09,published
DJ505350_1,UK BW铁木软包床LIWS-01  HQ 白色+原木色 一件一箱 90*190,ALL,AMAZON,C,T99,0.0000,0.0000,0.0000,0.00,0.00,0.00,0,0.0000,6 个月 · 全平台 · 全量 SKU · 2026-07-09,published
DJ505350_2,UK BW铁木软包床LIWS-01  HQ 白色+原木色 一件一箱 135*190,ALL,AMAZON,C,T4B,1.1780,0.6333,0.6333,36.52,19.63,19.63,3,0.0968,6 个月 · 全平台 · 全量 SKU · 2026-07-09,published
DJ505350_3,UK BW铁木软包床LIWS-01  HQ 白色+原木色 一件一箱 150*200,ALL,AMAZON,C,T4B,0.5577,0.2998,0.2998,17.29,9.29,9.29,84,2.7097,6 个月 · 全平台 · 全量 SKU · 2026-07-09,published
DJ505351_1,UK BW铁木软包床LIWS-01  HQ 黑色PU+黑色 一件一箱 90*190,ALL,AMAZON,C,T99,0.0000,0.0000,0.0000,0.00,0.00,0.00,1,0.0323,6 个月 · 全平台 · 全量 SKU · 2026-07-09,published
DJ505351_3,UK BW铁木软包床LIWS-01  HQ 黑色PU+黑色 一件一箱 150*200,ALL,AMAZON,C,T4B,1.0692,0.5748,0.5748,33.15,17.82,17.82,19,0.6129,6 个月 · 全平台 · 全量 SKU · 2026-07-09,published
DJ505352_1,"UK DC铁木床LIW-01  HQ 黑色+火烧色  一件一箱 ,90*190",ALL,AMAZON,C,T4B,1.9022,1.0226,1.0226,58.97,31.70,31.70,151,4.8710,6 个月 · 全平台 · 全量 SKU · 2026-07-09,published
DJ505352_2,"UK DC铁木床LIW-01  HQ 黑色+火烧色  一件一箱,135*190",ALL,AMAZON,C,T4A,2.4194,1.2573,1.2573,75.00,38.98,38.98,26,0.8387,6 个月 · 全平台 · 全量 SKU · 2026-07-09,published
DJ505352_3,UK DC铁木床LIW-01  HQ 黑色+火烧色  一件一箱 150*200,ALL,AMAZON,C,T4B,1.4505,0.7798,0.7798,44.97,24.17,24.17,111,3.5806,6 个月 · 全平台 · 全量 SKU · 2026-07-09,published
DJ505353_1,"US HA 书桌 VT06 冰箱门转角波浪纹加高梳妆台玻璃柜+七彩流光灯+插座 一件两箱A/B 颜色->#1,原木橡木色",ALL,UNKNOWN,C,T99,0.0000,0.0000,0.0000,0.00,0.00,0.00,5,0.1613,6 个月 · 全平台 · 全量 SKU · 2026-07-09,published
DJ505353_1,"US HA 书桌 VT06 冰箱门转角波浪纹加高梳妆台玻璃柜+七彩流光灯+插座 一件两箱A/B 颜色->#1,原木橡木色",ALL,WALMART,C,T99,0.0000,0.0000,0.0000,0.00,0.00,0.00,0,0.0000,6 个月 · 全平台 · 全量 SKU · 2026-07-09,published
DJ505353_2,"US HA 书桌 VT06 冰箱门转角波浪纹加高梳妆台玻璃柜+七彩流光灯+插座 一件两箱A/B 颜色->#2,白色麻面",ALL,AMAZON,C,T4B,0.6126,0.3294,0.3294,18.99,10.21,10.21,0,0.0000,6 个月 · 全平台 · 全量 SKU · 2026-07-09,published
DJ505354_1,"US BF 储物柜 DT13 10抽复古回型抽面 一件两箱A/B 颜色->#1,黑顶+白麻面",ALL,UNKNOWN,C,T4B,1.1066,0.5312,0.5312,34.30,16.47,16.47,47,1.5161,6 个月 · 全平台 · 全量 SKU · 2026-07-09,published
DJ505354_2_WF,"US BF 储物柜 DT13 10抽复古回型抽面 一件两箱A/B 颜色->#2,纯黑麻面",ALL,UNKNOWN,D,T99,0.0000,0.0000,0.0000,0.00,0.00,0.00,0,0.0000,6 个月 · 全平台 · 全量 SKU · 2026-07-09,published
DJ505355_1,EU BW 悬浮床BXF-Q01床头两层+灯带+插排HQ602灰色麻布+火烧色 一件一箱90*190,ALL,AMAZON,C,T4B,0.6401,0.3441,0.3441,19.84,10.67,10.67,76,2.4516,6 个月 · 全平台 · 全量 SKU · 2026-07-09,published
DJ505355_2,EU BW 悬浮床BXF-Q01床头两层+灯带+插排HQ602灰色麻布+火烧色 一件一箱90*200,ALL,AMAZON,C,T4B,0.7258,0.3902,0.3902,22.50,12.10,12.10,53,1.7097,6 个月 · 全平台 · 全量 SKU · 2026-07-09,published
DJ505356_1,EU BW 悬浮床BXF-Q01床头两层+灯带+插排HQ602白色麻布+原木色 一件一箱90*190,ALL,AMAZON,C,T4B,0.4830,0.2596,0.2596,14.97,8.05,8.05,60,1.9355,6 个月 · 全平台 · 全量 SKU · 2026-07-09,published
DJ505356_2,EU BW 悬浮床BXF-Q01床头两层+灯带+插排HQ602白色麻布+原木色 一件一箱90*200,ALL,AMAZON,C,T4B,0.3181,0.1710,0.1710,9.86,5.30,5.30,23,0.7419,6 个月 · 全平台 · 全量 SKU · 2026-07-09,published
DJ505357_2,"US HA BT01 模块化竖条纹对开门餐边柜不超22kg 一件一箱 颜色->#2,黑色浮雕",ALL,AMAZON,C,T4B,0.5896,0.2830,0.2830,18.28,8.77,8.77,26,0.8387,6 个月 · 全平台 · 全量 SKU · 2026-07-09,published
DJ505358_1,EU FR镜柜 大小门弧角双灯带80*60cm 欧标2AC+1U1T 一件一箱 颜色->白色,ALL,AMAZON,C,T4B,1.3681,0.7355,0.7355,42.41,22.80,22.80,74,2.3871,6 个月 · 全平台 · 全量 SKU · 2026-07-09,published
DJ505359_1,EU FR镜柜 大小门单灯带无挂篮80*60cm 欧标2AC+1U1T 一件一箱 颜色->白色,ALL,AMAZON,C,T4B,0.4808,0.2585,0.2585,14.90,8.01,8.01,254,8.1935,6 个月 · 全平台 · 全量 SKU · 2026-07-09,published
DJ505360_1,EU FR镜柜 大小门单灯带 1层开放格有挂篮80*70cm 欧标2AC+1U1T 一件一箱 颜色->白色,ALL,AMAZON,C,T4B,0.8665,0.4658,0.4658,26.86,14.44,14.44,74,2.3871,6 个月 · 全平台 · 全量 SKU · 2026-07-09,published
DJ505361_1,EU FR浴室窄高柜 板式 一抽+纸巾架 铣槽包覆柜门一件一箱 颜色->白色,ALL,AMAZON,C,T4B,1.6418,0.8826,0.8826,50.90,27.36,27.36,69,2.2258,6 个月 · 全平台 · 全量 SKU · 2026-07-09,published
DJ505362_1,EU FR浴室窄高柜 板式 两抽三格 铣槽包覆柜门 一件一箱 颜色->白色,ALL,AMAZON,C,T4B,1.7731,0.9532,0.9532,54.97,29.55,29.55,60,1.9355,6 个月 · 全平台 · 全量 SKU · 2026-07-09,published
DJ505363_1,EU FR镜柜 拼色板式大小门双灯带80*65cm 欧标2AC+1U1T 一件一箱 颜色->白色,ALL,AMAZON,C,T99,0.0000,0.0000,0.0000,0.00,0.00,0.00,0,0.0000,6 个月 · 全平台 · 全量 SKU · 2026-07-09,published
DJ505364_1,EU FR板竹双开门水槽柜 一件一箱 颜色->白色,ALL,AMAZON,B,T4B,4.2484,2.2839,2.2839,131.70,70.80,70.80,215,6.9355,6 个月 · 全平台 · 全量 SKU · 2026-07-09,published
DJ505368_1,US 拱形书架L高桌 一件两箱 颜色->白麻,ALL,AMAZON,C,T99,0.0000,0.0000,0.0000,0.00,0.00,0.00,9,0.2903,6 个月 · 全平台 · 全量 SKU · 2026-07-09,published
DJ505368_1,US 拱形书架L高桌 一件两箱 颜色->白麻,ALL,TEMU,C,T99,0.0000,0.0000,0.0000,0.00,0.00,0.00,0,0.0000,6 个月 · 全平台 · 全量 SKU · 2026-07-09,published
DJ505368_1,US 拱形书架L高桌 一件两箱 颜色->白麻,ALL,UNKNOWN,C,T99,0.0000,0.0000,0.0000,0.00,0.00,0.00,0,0.0000,6 个月 · 全平台 · 全量 SKU · 2026-07-09,published
DJ505368_1,US 拱形书架L高桌 一件两箱 颜色->白麻,ALL,WALMART,C,T99,0.0000,0.0000,0.0000,0.00,0.00,0.00,0,0.0000,6 个月 · 全平台 · 全量 SKU · 2026-07-09,published
DJ505368_2,US 拱形书架L高桌 一件两箱 颜色->黑麻,ALL,AMAZON,C,T99,0.0000,0.0000,0.0000,0.00,0.00,0.00,1,0.0323,6 个月 · 全平台 · 全量 SKU · 2026-07-09,published
DJ505368_2,US 拱形书架L高桌 一件两箱 颜色->黑麻,ALL,TEMU,C,T99,0.0000,0.0000,0.0000,0.00,0.00,0.00,0,0.0000,6 个月 · 全平台 · 全量 SKU · 2026-07-09,published
DJ505368_2,US 拱形书架L高桌 一件两箱 颜色->黑麻,ALL,UNKNOWN,C,T99,0.0000,0.0000,0.0000,0.00,0.00,0.00,0,0.0000,6 个月 · 全平台 · 全量 SKU · 2026-07-09,published
DJ505368_2,US 拱形书架L高桌 一件两箱 颜色->黑麻,ALL,WALMART,C,T99,0.0000,0.0000,0.0000,0.00,0.00,0.00,0,0.0000,6 个月 · 全平台 · 全量 SKU · 2026-07-09,published
DJ505368_3,US 拱形书架L高桌 一件两箱 颜色->棕色,ALL,AMAZON,C,T99,0.0000,0.0000,0.0000,0.00,0.00,0.00,24,0.7742,6 个月 · 全平台 · 全量 SKU · 2026-07-09,published
DJ505368_3,US 拱形书架L高桌 一件两箱 颜色->棕色,ALL,TEMU,C,T99,0.0000,0.0000,0.0000,0.00,0.00,0.00,0,0.0000,6 个月 · 全平台 · 全量 SKU · 2026-07-09,published
DJ505368_3,US 拱形书架L高桌 一件两箱 颜色->棕色,ALL,UNKNOWN,C,T99,0.0000,0.0000,0.0000,0.00,0.00,0.00,0,0.0000,6 个月 · 全平台 · 全量 SKU · 2026-07-09,published
DJ505369_1,EU AG软包床 绒布四抽 1灯带 欧标3U+1T插排 1.6*2m 一件两箱 颜色->米白,ALL,AMAZON,C,T4B,0.5714,0.3072,0.3072,17.71,9.52,9.52,35,1.1290,6 个月 · 全平台 · 全量 SKU · 2026-07-09,published
DJ505370_1,"UK DC气动床BQD-01 603 HQ 白色麻布+原木色一件两箱,90*190",ALL,AMAZON,C,T99,0.0000,0.0000,0.0000,0.00,0.00,0.00,0,0.0000,6 个月 · 全平台 · 全量 SKU · 2026-07-09,published
DJ505370_3,UK DC气动床BQD-01 603 HQ 白色麻布+原木色一件两箱150*200,ALL,AMAZON,C,T4B,0.5995,0.3223,0.3223,18.58,9.99,9.99,3,0.0968,6 个月 · 全平台 · 全量 SKU · 2026-07-09,published
DJ505370_4,UK DC气动床BQD-01 603 HQ 白色麻布+原木色一件两箱 120*190,ALL,AMAZON,D,T99,0.0000,0.0000,0.0000,0.00,0.00,0.00,77,2.4839,6 个月 · 全平台 · 全量 SKU · 2026-07-09,published
DJ505371_1,US UA 大款(120cm)可拉伸镜面梳妆台 一件两箱 颜色->白色,ALL,UNKNOWN,C,T4B,0.2775,0.1492,0.1492,8.60,4.63,4.63,15,0.4839,6 个月 · 全平台 · 全量 SKU · 2026-07-09,published
DJ505371_1,US UA 大款(120cm)可拉伸镜面梳妆台 一件两箱 颜色->白色,ALL,WALMART,C,T99,0.0000,0.0000,0.0000,0.00,0.00,0.00,2,0.0645,6 个月 · 全平台 · 全量 SKU · 2026-07-09,published
DJ505372_1,US 现代轻美式双侧储物L行政桌 一件两箱 颜色->黑麻+棕,ALL,AMAZON,C,T99,0.0000,0.0000,0.0000,0.00,0.00,0.00,0,0.0000,6 个月 · 全平台 · 全量 SKU · 2026-07-09,published
DJ505372_1,US 现代轻美式双侧储物L行政桌 一件两箱 颜色->黑麻+棕,ALL,TEMU,C,T99,0.0000,0.0000,0.0000,0.00,0.00,0.00,0,0.0000,6 个月 · 全平台 · 全量 SKU · 2026-07-09,published
DJ505372_1,US 现代轻美式双侧储物L行政桌 一件两箱 颜色->黑麻+棕,ALL,UNKNOWN,C,T99,0.0000,0.0000,0.0000,0.00,0.00,0.00,0,0.0000,6 个月 · 全平台 · 全量 SKU · 2026-07-09,published
DJ505372_2,US 现代轻美式双侧储物L行政桌 一件两箱 颜色->黑麻+989-3灰色,ALL,AMAZON,C,T99,0.0000,0.0000,0.0000,0.00,0.00,0.00,0,0.0000,6 个月 · 全平台 · 全量 SKU · 2026-07-09,published
DJ505372_2,US 现代轻美式双侧储物L行政桌 一件两箱 颜色->黑麻+989-3灰色,ALL,TEMU,C,T99,0.0000,0.0000,0.0000,0.00,0.00,0.00,0,0.0000,6 个月 · 全平台 · 全量 SKU · 2026-07-09,published
DJ505372_2,US 现代轻美式双侧储物L行政桌 一件两箱 颜色->黑麻+989-3灰色,ALL,TIKTOK,C,T99,0.0000,0.0000,0.0000,0.00,0.00,0.00,0,0.0000,6 个月 · 全平台 · 全量 SKU · 2026-07-09,published
DJ505372_2,US 现代轻美式双侧储物L行政桌 一件两箱 颜色->黑麻+989-3灰色,ALL,UNKNOWN,C,T99,0.0000,0.0000,0.0000,0.00,0.00,0.00,0,0.0000,6 个月 · 全平台 · 全量 SKU · 2026-07-09,published
DJ505372_2,US 现代轻美式双侧储物L行政桌 一件两箱 颜色->黑麻+989-3灰色,ALL,WALMART,C,T99,0.0000,0.0000,0.0000,0.00,0.00,0.00,0,0.0000,6 个月 · 全平台 · 全量 SKU · 2026-07-09,published
DJ505372_3,US 现代轻美式双侧储物L行政桌 一件两箱 颜色->白麻+棕,ALL,AMAZON,C,T99,0.0000,0.0000,0.0000,0.00,0.00,0.00,0,0.0000,6 个月 · 全平台 · 全量 SKU · 2026-07-09,published
DJ505372_3,US 现代轻美式双侧储物L行政桌 一件两箱 颜色->白麻+棕,ALL,TEMU,C,T99,0.0000,0.0000,0.0000,0.00,0.00,0.00,0,0.0000,6 个月 · 全平台 · 全量 SKU · 2026-07-09,published
DJ505372_3,US 现代轻美式双侧储物L行政桌 一件两箱 颜色->白麻+棕,ALL,UNKNOWN,C,T99,0.0000,0.0000,0.0000,0.00,0.00,0.00,0,0.0000,6 个月 · 全平台 · 全量 SKU · 2026-07-09,published
DJ505372_3,US 现代轻美式双侧储物L行政桌 一件两箱 颜色->白麻+棕,ALL,WALMART,C,T99,0.0000,0.0000,0.0000,0.00,0.00,0.00,0,0.0000,6 个月 · 全平台 · 全量 SKU · 2026-07-09,published
DJ505373_1,"US ER DK-TM02 71英寸升降行政桌 一件两箱 颜色->#1,胡桃木+黑麻",ALL,AMAZON,D,T99,0.0000,0.0000,0.0000,0.00,0.00,0.00,71,2.2903,6 个月 · 全平台 · 全量 SKU · 2026-07-09,published
DJ505373_1,"US ER DK-TM02 71英寸升降行政桌 一件两箱 颜色->#1,胡桃木+黑麻",ALL,UNKNOWN,D,T99,0.0000,0.0000,0.0000,0.00,0.00,0.00,42,1.3548,6 个月 · 全平台 · 全量 SKU · 2026-07-09,published
DJ505373_1,"US ER DK-TM02 71英寸升降行政桌 一件两箱 颜色->#1,胡桃木+黑麻",ALL,WALMART,D,T99,0.0000,0.0000,0.0000,0.00,0.00,0.00,0,0.0000,6 个月 · 全平台 · 全量 SKU · 2026-07-09,published
DJ505374_1,EU AG 角落软包床 4抽 2置物层 0.9*2m 一件两箱 颜色->深灰色,ALL,AMAZON,B,T99,0.0000,0.0000,0.0000,0.00,0.00,0.00,0,0.0000,6 个月 · 全平台 · 全量 SKU · 2026-07-09,published
DJ505374_1,EU AG 角落软包床 4抽 2置物层 0.9*2m 一件两箱 颜色->深灰色,ALL,UNKNOWN,B,T99,0.0000,0.0000,0.0000,0.00,0.00,0.00,0,0.0000,6 个月 · 全平台 · 全量 SKU · 2026-07-09,published
DJ505374_2,EU AG 角落软包床 4抽 2置物层 0.9*2m 一件两箱 颜色->米白,ALL,UNKNOWN,B,T99,0.0000,0.0000,0.0000,0.00,0.00,0.00,0,0.0000,6 个月 · 全平台 · 全量 SKU · 2026-07-09,published
DJ505375_1,EU AG 角落软包床 4抽 2置物层 1.4*2m 一件两箱 颜色->深灰色,ALL,AMAZON,B,T99,0.0000,0.0000,0.0000,0.00,0.00,0.00,0,0.0000,6 个月 · 全平台 · 全量 SKU · 2026-07-09,published
DJ505375_1,EU AG 角落软包床 4抽 2置物层 1.4*2m 一件两箱 颜色->深灰色,ALL,UNKNOWN,B,T99,0.0000,0.0000,0.0000,0.00,0.00,0.00,0,0.0000,6 个月 · 全平台 · 全量 SKU · 2026-07-09,published
DJ505375_2,EU AG 角落软包床 4抽 2置物层 1.4*2m 一件两箱 颜色->米白,ALL,UNKNOWN,B,T99,0.0000,0.0000,0.0000,0.00,0.00,0.00,0,0.0000,6 个月 · 全平台 · 全量 SKU · 2026-07-09,published
DJ505376_1,EU VD 板式面盆柜 上下双抽 一件一箱 颜色->白色,ALL,AMAZON,C,T4B,1.0890,0.5855,0.5855,33.76,18.15,18.15,84,2.7097,6 个月 · 全平台 · 全量 SKU · 2026-07-09,published
DJ505377_1,EU VD 板式面盆柜 上下双抽 侧边置物层左右互换 一件一箱 颜色->白色,ALL,AMAZON,C,T4B,0.4626,0.2487,0.2487,14.34,7.71,7.71,26,0.8387,6 个月 · 全平台 · 全量 SKU · 2026-07-09,published
DJ505378_2,US AG 板式床 乡村风拼框 掀盖靠背 4抽 F款 一件两箱 颜色->灰色,ALL,AMAZON,D,T99,0.0000,0.0000,0.0000,0.00,0.00,0.00,0,0.0000,6 个月 · 全平台 · 全量 SKU · 2026-07-09,published
DJ505378_2,US AG 板式床 乡村风拼框 掀盖靠背 4抽 F款 一件两箱 颜色->灰色,ALL,WALMART,D,T99,0.0000,0.0000,0.0000,0.00,0.00,0.00,0,0.0000,6 个月 · 全平台 · 全量 SKU · 2026-07-09,published
DJ505379_1,EU FR浴室宽高柜 拼框玻璃柜门含灯光 上下双开门 两格H180 一件一箱  颜色->白色,ALL,AMAZON,C,T4B,1.1143,0.5349,0.5349,34.54,16.58,16.58,43,1.3871,6 个月 · 全平台 · 全量 SKU · 2026-07-09,published
DJ505380_1,EU FR浴室高柜 拼框玻璃柜门含灯光 上下单开门 两格H190 一件一箱  颜色->白色,ALL,AMAZON,C,T4B,0.5071,0.2434,0.2434,15.72,7.55,7.55,112,3.6129,6 个月 · 全平台 · 全量 SKU · 2026-07-09,published
DJ505381_1,EU FR浴室高柜 拼框玻璃柜门含灯光 上下单开门 1格1抽H180 一件一箱 颜色->白色,ALL,AMAZON,C,T4B,0.2571,0.1234,0.1234,7.97,3.83,3.83,57,1.8387,6 个月 · 全平台 · 全量 SKU · 2026-07-09,published
DJ505382_1,EU FR浴室窄高柜 拼框玻璃柜门含灯光 上下单开门 三格H180 一件一箱 颜色->白色,ALL,AMAZON,C,T4B,0.1143,0.0549,0.0549,3.54,1.70,1.70,180,5.8065,6 个月 · 全平台 · 全量 SKU · 2026-07-09,published
DJ505383_1,"US GSI-921T 儿童双层床+小桌 99*190 一件一箱  颜色->#1,白色",ALL,TIKTOK,B,T99,0.0000,0.0000,0.0000,0.00,0.00,0.00,7,0.2258,6 个月 · 全平台 · 全量 SKU · 2026-07-09,published
DJ505383_1,"US GSI-921T 儿童双层床+小桌 99*190 一件一箱  颜色->#1,白色",ALL,WALMART,B,T99,0.0000,0.0000,0.0000,0.00,0.00,0.00,8,0.2581,6 个月 · 全平台 · 全量 SKU · 2026-07-09,published
DJ505383_2,US GSI-921T 儿童双层床+小桌 99*190 一件一箱  颜色->黑色,ALL,TIKTOK,B,T99,0.0000,0.0000,0.0000,0.00,0.00,0.00,8,0.2581,6 个月 · 全平台 · 全量 SKU · 2026-07-09,published
DJ505384_1,"US GSI-922T 儿童双层床+书柜 99*190 一件一箱  颜色->#1,纯白",ALL,AMAZON,B,T4A,2.6970,1.2514,1.2514,83.61,38.79,38.79,106,3.4194,6 个月 · 全平台 · 全量 SKU · 2026-07-09,published
DJ505384_1,"US GSI-922T 儿童双层床+书柜 99*190 一件一箱  颜色->#1,纯白",ALL,TIKTOK,B,T99,0.0000,0.0000,0.0000,0.00,0.00,0.00,6,0.1935,6 个月 · 全平台 · 全量 SKU · 2026-07-09,published
DJ505384_1,"US GSI-922T 儿童双层床+书柜 99*190 一件一箱  颜色->#1,纯白",ALL,WALMART,B,T99,0.0000,0.0000,0.0000,0.00,0.00,0.00,5,0.1613,6 个月 · 全平台 · 全量 SKU · 2026-07-09,published
DJ505384_2,US GSI-922T 儿童双层床+书柜 99*190 一件一箱  颜色->黑色,ALL,UNKNOWN,B,T99,0.0000,0.0000,0.0000,0.00,0.00,0.00,15,0.4839,6 个月 · 全平台 · 全量 SKU · 2026-07-09,published
DJ505384_3,US GSI-922T 儿童双层床+书柜 99*190 一件一箱  颜色->粉色,ALL,AMAZON,B,T4B,0.8626,0.4141,0.4141,26.74,12.84,12.84,72,2.3226,6 个月 · 全平台 · 全量 SKU · 2026-07-09,published
DJ505384_3,US GSI-922T 儿童双层床+书柜 99*190 一件一箱  颜色->粉色,ALL,TIKTOK,B,T99,0.0000,0.0000,0.0000,0.00,0.00,0.00,7,0.2258,6 个月 · 全平台 · 全量 SKU · 2026-07-09,published
DJ505385_1,"USHA DFS-DT48 凹槽抽面无把手12抽矮柜 160cm 一件两箱 颜色->#1,黑色麻面",ALL,WALMART,C,T99,0.0000,0.0000,0.0000,0.00,0.00,0.00,0,0.0000,6 个月 · 全平台 · 全量 SKU · 2026-07-09,published
DJ505385_2,"USHA DFS-DT48 凹槽抽面无把手12抽矮柜 160cm 一件两箱 颜色->#2,白色麻面",ALL,AMAZON,C,T4B,0.6720,0.2742,0.2742,20.83,8.50,8.50,6,0.1935,6 个月 · 全平台 · 全量 SKU · 2026-07-09,published
DJ505385_2,"USHA DFS-DT48 凹槽抽面无把手12抽矮柜 160cm 一件两箱 颜色->#2,白色麻面",ALL,TIKTOK,C,T99,0.0000,0.0000,0.0000,0.00,0.00,0.00,0,0.0000,6 个月 · 全平台 · 全量 SKU · 2026-07-09,published
DJ505386_1,"USHA DFS-DT19 凹槽抽面无拉手8抽矮柜 140cm 一件两箱 颜色->#1,黑色麻面",ALL,AMAZON,C,T99,0.0000,0.0000,0.0000,0.00,0.00,0.00,0,0.0000,6 个月 · 全平台 · 全量 SKU · 2026-07-09,published
DJ505386_1,"USHA DFS-DT19 凹槽抽面无拉手8抽矮柜 140cm 一件两箱 颜色->#1,黑色麻面",ALL,TIKTOK,C,T99,0.0000,0.0000,0.0000,0.00,0.00,0.00,0,0.0000,6 个月 · 全平台 · 全量 SKU · 2026-07-09,published
DJ505386_1,"USHA DFS-DT19 凹槽抽面无拉手8抽矮柜 140cm 一件两箱 颜色->#1,黑色麻面",ALL,UNKNOWN,C,T99,0.0000,0.0000,0.0000,0.00,0.00,0.00,0,0.0000,6 个月 · 全平台 · 全量 SKU · 2026-07-09,published
DJ505386_1,"USHA DFS-DT19 凹槽抽面无拉手8抽矮柜 140cm 一件两箱 颜色->#1,黑色麻面",ALL,WALMART,C,T99,0.0000,0.0000,0.0000,0.00,0.00,0.00,0,0.0000,6 个月 · 全平台 · 全量 SKU · 2026-07-09,published
DJ505386_2,"USHA DFS-DT19 凹槽抽面无拉手8抽矮柜 140cm 一件两箱 颜色->#2,白色麻面",ALL,AMAZON,C,T99,0.0000,0.0000,0.0000,0.00,0.00,0.00,0,0.0000,6 个月 · 全平台 · 全量 SKU · 2026-07-09,published
DJ505386_2,"USHA DFS-DT19 凹槽抽面无拉手8抽矮柜 140cm 一件两箱 颜色->#2,白色麻面",ALL,TEMU,C,T99,0.0000,0.0000,0.0000,0.00,0.00,0.00,0,0.0000,6 个月 · 全平台 · 全量 SKU · 2026-07-09,published
DJ505386_2,"USHA DFS-DT19 凹槽抽面无拉手8抽矮柜 140cm 一件两箱 颜色->#2,白色麻面",ALL,TIKTOK,C,T99,0.0000,0.0000,0.0000,0.00,0.00,0.00,0,0.0000,6 个月 · 全平台 · 全量 SKU · 2026-07-09,published
DJ505386_2,"USHA DFS-DT19 凹槽抽面无拉手8抽矮柜 140cm 一件两箱 颜色->#2,白色麻面",ALL,UNKNOWN,C,T99,0.0000,0.0000,0.0000,0.00,0.00,0.00,0,0.0000,6 个月 · 全平台 · 全量 SKU · 2026-07-09,published
DJ505386_2,"USHA DFS-DT19 凹槽抽面无拉手8抽矮柜 140cm 一件两箱 颜色->#2,白色麻面",ALL,WALMART,C,T99,0.0000,0.0000,0.0000,0.00,0.00,0.00,0,0.0000,6 个月 · 全平台 · 全量 SKU · 2026-07-09,published
DJ505387_1,US SD 1.8米商用升降桌 一件两箱  颜色->棕+黑,ALL,AMAZON,C,T99,0.0000,0.0000,0.0000,0.00,0.00,0.00,288,9.2903,6 个月 · 全平台 · 全量 SKU · 2026-07-09,published
DJ505387_2,US SD 1.8米商用升降桌 一件两箱  颜色->灰+黑,ALL,AMAZON,C,T99,0.0000,0.0000,0.0000,0.00,0.00,0.00,172,5.5484,6 个月 · 全平台 · 全量 SKU · 2026-07-09,published
DJ505387_3,US SD 1.8米商用升降桌 一件两箱  颜色->白麻,ALL,AMAZON,C,T99,0.0000,0.0000,0.0000,0.00,0.00,0.00,96,3.0968,6 个月 · 全平台 · 全量 SKU · 2026-07-09,published
DJ505390_3,US SSR OFD-03 斜侧框 2抽+1置物空格床头柜 一件一包 颜色->白橡色,ALL,AMAZON,C,T99,0.0000,0.0000,0.0000,0.00,0.00,0.00,0,0.0000,6 个月 · 全平台 · 全量 SKU · 2026-07-09,published
DJ505390_3,US SSR OFD-03 斜侧框 2抽+1置物空格床头柜 一件一包 颜色->白橡色,ALL,UNKNOWN,C,T99,0.0000,0.0000,0.0000,0.00,0.00,0.00,0,0.0000,6 个月 · 全平台 · 全量 SKU · 2026-07-09,published
DJ505391_1,"USHA YSY-DT53 模块化竖条抽面造型6斗矮柜 140cm 一件一箱 颜色->#1,原木橡木",ALL,WALMART,D,T99,0.0000,0.0000,0.0000,0.00,0.00,0.00,6,0.1935,6 个月 · 全平台 · 全量 SKU · 2026-07-09,published
DJ505391_2,"USHA YSY-DT53 模块化竖条抽面造型6斗矮柜 140cm 一件一箱 颜色->#2,黑色浮雕",ALL,WALMART,D,T99,0.0000,0.0000,0.0000,0.00,0.00,0.00,5,0.1613,6 个月 · 全平台 · 全量 SKU · 2026-07-09,published
DJ505392_1,"USHA YSY-DT54 模块化竖条抽面造型5斗高柜 70cm 一件一箱 颜色->#1,原木橡木",ALL,WALMART,D,T99,0.0000,0.0000,0.0000,0.00,0.00,0.00,0,0.0000,6 个月 · 全平台 · 全量 SKU · 2026-07-09,published
DJ505393_1,"US UA CNT-CW01储物玄关桌180cm长 一件一箱 颜色->#1,原木色",ALL,TEMU,C,T4B,0.6714,0.3223,0.3223,20.81,9.99,9.99,17,0.5484,6 个月 · 全平台 · 全量 SKU · 2026-07-09,published
DJ505393_1,"US UA CNT-CW01储物玄关桌180cm长 一件一箱 颜色->#1,原木色",ALL,UNKNOWN,C,T99,0.0000,0.0000,0.0000,0.00,0.00,0.00,3,0.0968,6 个月 · 全平台 · 全量 SKU · 2026-07-09,published
DJ505394_1,US DC 铁木床 CBF-10L 铁木角落床气动款- 150G T 一件一箱 颜色->黑色,ALL,AMAZON,C,T4A,2.7595,1.2804,1.2804,85.54,39.69,39.69,103,3.3226,6 个月 · 全平台 · 全量 SKU · 2026-07-09,published
DJ505394_1,US DC 铁木床 CBF-10L 铁木角落床气动款- 150G T 一件一箱 颜色->黑色,ALL,UNKNOWN,C,T99,0.0000,0.0000,0.0000,0.00,0.00,0.00,0,0.0000,6 个月 · 全平台 · 全量 SKU · 2026-07-09,published
DJ505394_2,US DC 铁木床 CBF-10L 铁木角落床气动款- 150G T 一件一箱 颜色->白色,ALL,AMAZON,C,T4B,0.8615,0.4384,0.4384,26.71,13.59,13.59,24,0.7742,6 个月 · 全平台 · 全量 SKU · 2026-07-09,published
DJ505394_2,US DC 铁木床 CBF-10L 铁木角落床气动款- 150G T 一件一箱 颜色->白色,ALL,UNKNOWN,C,T99,0.0000,0.0000,0.0000,0.00,0.00,0.00,1,0.0323,6 个月 · 全平台 · 全量 SKU · 2026-07-09,published
DJ505395_1,US DC 铁木床 CBF-10L 铁木角落床气动款- 150G F  一件两箱 颜色->黑色,ALL,AMAZON,C,T4B,1.8000,0.8640,0.8640,55.80,26.78,26.78,58,1.8710,6 个月 · 全平台 · 全量 SKU · 2026-07-09,published
DJ505395_1,US DC 铁木床 CBF-10L 铁木角落床气动款- 150G F  一件两箱 颜色->黑色,ALL,TIKTOK,C,T99,0.0000,0.0000,0.0000,0.00,0.00,0.00,3,0.0968,6 个月 · 全平台 · 全量 SKU · 2026-07-09,published
DJ505395_1,US DC 铁木床 CBF-10L 铁木角落床气动款- 150G F  一件两箱 颜色->黑色,ALL,UNKNOWN,C,T99,0.0000,0.0000,0.0000,0.00,0.00,0.00,1,0.0323,6 个月 · 全平台 · 全量 SKU · 2026-07-09,published
DJ505395_2,US DC 铁木床 CBF-10L 铁木角落床气动款- 150G F  一件两箱 颜色->白色,ALL,AMAZON,C,T4B,0.4786,0.2435,0.2435,14.84,7.55,7.55,13,0.4194,6 个月 · 全平台 · 全量 SKU · 2026-07-09,published
DJ505395_2,US DC 铁木床 CBF-10L 铁木角落床气动款- 150G F  一件两箱 颜色->白色,ALL,TIKTOK,C,T99,0.0000,0.0000,0.0000,0.00,0.00,0.00,0,0.0000,6 个月 · 全平台 · 全量 SKU · 2026-07-09,published
DJ505395_2,US DC 铁木床 CBF-10L 铁木角落床气动款- 150G F  一件两箱 颜色->白色,ALL,UNKNOWN,C,T99,0.0000,0.0000,0.0000,0.00,0.00,0.00,1,0.0323,6 个月 · 全平台 · 全量 SKU · 2026-07-09,published
DJ505396_1,US  XF-VD19 铁木梳妆台开门灯带镜子首饰玻璃门带凳子 一件两箱 颜色->白色,ALL,AMAZON,D,T99,0.0000,0.0000,0.0000,0.00,0.00,0.00,0,0.0000,6 个月 · 全平台 · 全量 SKU · 2026-07-09,published
DJ505396_1,US  XF-VD19 铁木梳妆台开门灯带镜子首饰玻璃门带凳子 一件两箱 颜色->白色,ALL,UNKNOWN,D,T99,0.0000,0.0000,0.0000,0.00,0.00,0.00,0,0.0000,6 个月 · 全平台 · 全量 SKU · 2026-07-09,published
DJ505396_1,US  XF-VD19 铁木梳妆台开门灯带镜子首饰玻璃门带凳子 一件两箱 颜色->白色,ALL,WALMART,D,T99,0.0000,0.0000,0.0000,0.00,0.00,0.00,0,0.0000,6 个月 · 全平台 · 全量 SKU · 2026-07-09,published
DJ505397_1,EU DC 铁木床 CBF-11L 方管铁木角落床带抽篮-138G 黑 90×190 一件两箱,ALL,AMAZON,C,T4B,0.7418,0.3988,0.3988,23.00,12.36,12.36,34,1.0968,6 个月 · 全平台 · 全量 SKU · 2026-07-09,published
DJ505397_1,EU DC 铁木床 CBF-11L 方管铁木角落床带抽篮-138G 黑 90×190 一件两箱,ALL,UNKNOWN,C,T99,0.0000,0.0000,0.0000,0.00,0.00,0.00,0,0.0000,6 个月 · 全平台 · 全量 SKU · 2026-07-09,published
DJ505397_2,EU DC 铁木床 CBF-11L 方管铁木角落床带抽篮-138G 黑 90×200 一件两箱,ALL,AMAZON,C,T4B,0.8725,0.4691,0.4691,27.05,14.54,14.54,1,0.0323,6 个月 · 全平台 · 全量 SKU · 2026-07-09,published
DJ505398_1,US DC 高架床 TPB-02  AF 9抽 F+2T尺寸 三人床 一件两箱 颜色->黑色,ALL,UNKNOWN,B,T99,0.0000,0.0000,0.0000,0.00,0.00,0.00,0,0.0000,6 个月 · 全平台 · 全量 SKU · 2026-07-09,published
DJ505398_1,US DC 高架床 TPB-02  AF 9抽 F+2T尺寸 三人床 一件两箱 颜色->黑色,ALL,WALMART,B,T99,0.0000,0.0000,0.0000,0.00,0.00,0.00,0,0.0000,6 个月 · 全平台 · 全量 SKU · 2026-07-09,published
DJ505398_2,US DC 高架床 TPB-02  AF 9抽 F+2T尺寸 三人床 一件两箱 颜色->白色,ALL,AMAZON,C,T4B,0.8758,0.4708,0.4708,27.15,14.59,14.59,0,0.0000,6 个月 · 全平台 · 全量 SKU · 2026-07-09,published
DJ505399_1,"US AG 双柜门翻盖板式床 侧边4抽 铝槽灯带+排插 F款 一件两箱 尺码->#10,橡木色",ALL,AMAZON,C,T4B,0.5714,0.3072,0.3072,17.71,9.52,9.52,25,0.8065,6 个月 · 全平台 · 全量 SKU · 2026-07-09,published
DJ505399_2,US AG 双柜门翻盖板式床 侧边4抽 铝槽灯带+排插 F款 一件两箱 颜色->白色,ALL,AMAZON,C,T4B,0.5764,0.2767,0.2767,17.87,8.58,8.58,31,1.0000,6 个月 · 全平台 · 全量 SKU · 2026-07-09,published
DJ505399_2,US AG 双柜门翻盖板式床 侧边4抽 铝槽灯带+排插 F款 一件两箱 颜色->白色,ALL,UNKNOWN,C,T4B,0.3692,0.1506,0.1506,11.45,4.67,4.67,8,0.2581,6 个月 · 全平台 · 全量 SKU · 2026-07-09,published
DJ505399_2,US AG 双柜门翻盖板式床 侧边4抽 铝槽灯带+排插 F款 一件两箱 颜色->白色,ALL,WALMART,C,T99,0.0000,0.0000,0.0000,0.00,0.00,0.00,1,0.0323,6 个月 · 全平台 · 全量 SKU · 2026-07-09,published
DJ505400_1,"US AG 双柜门翻盖板式床 侧边4抽 铝槽灯带+排插 Q款 一件两箱 尺码->#10,橡木色",ALL,AMAZON,C,T4B,0.8198,0.3345,0.3345,25.41,10.37,10.37,10,0.3226,6 个月 · 全平台 · 全量 SKU · 2026-07-09,published
DJ505400_1,"US AG 双柜门翻盖板式床 侧边4抽 铝槽灯带+排插 Q款 一件两箱 尺码->#10,橡木色",ALL,UNKNOWN,C,T4B,0.2731,0.1389,0.1389,8.47,4.31,4.31,2,0.0645,6 个月 · 全平台 · 全量 SKU · 2026-07-09,published
DJ505400_2,US AG 双柜门翻盖板式床 侧边4抽 铝槽灯带+排插 Q款 一件两箱 颜色->白色,ALL,AMAZON,C,T4B,0.7011,0.3365,0.3365,21.73,10.43,10.43,30,0.9677,6 个月 · 全平台 · 全量 SKU · 2026-07-09,published
DJ505400_2,US AG 双柜门翻盖板式床 侧边4抽 铝槽灯带+排插 Q款 一件两箱 颜色->白色,ALL,WALMART,C,T99,0.0000,0.0000,0.0000,0.00,0.00,0.00,0,0.0000,6 个月 · 全平台 · 全量 SKU · 2026-07-09,published
DJ505401_1,US JYH-229Q软包床尾储物四抽灯带153*203  一件两箱 颜色黑条纹绒布+灰木纹板,ALL,TIKTOK,D,T99,0.0000,0.0000,0.0000,0.00,0.00,0.00,0,0.0000,6 个月 · 全平台 · 全量 SKU · 2026-07-09,published
DJ505401_1,US JYH-229Q软包床尾储物四抽灯带153*203  一件两箱 颜色黑条纹绒布+灰木纹板,ALL,UNKNOWN,D,T99,0.0000,0.0000,0.0000,0.00,0.00,0.00,0,0.0000,6 个月 · 全平台 · 全量 SKU · 2026-07-09,published
DJ505401_1,US JYH-229Q软包床尾储物四抽灯带153*203  一件两箱 颜色黑条纹绒布+灰木纹板,ALL,WALMART,D,T99,0.0000,0.0000,0.0000,0.00,0.00,0.00,0,0.0000,6 个月 · 全平台 · 全量 SKU · 2026-07-09,published
DJ505401_2,US JYH-229Q软包床尾储物四抽灯带153*203  一件两箱 颜色米色条纹绒布+白樱桃板,ALL,AMAZON,D,T99,0.0000,0.0000,0.0000,0.00,0.00,0.00,1,0.0323,6 个月 · 全平台 · 全量 SKU · 2026-07-09,published
DJ505404_1,US JYH-229CK软包床尾储物四抽灯带183*213 一件两箱 颜色黑条纹绒布+灰木纹板,ALL,TIKTOK,D,T99,0.0000,0.0000,0.0000,0.00,0.00,0.00,2,0.0645,6 个月 · 全平台 · 全量 SKU · 2026-07-09,published
DJ505404_2,US JYH-229CK软包床尾储物四抽灯带183*213 一件两箱 颜色米色条纹绒布+白樱桃板,ALL,AMAZON,D,T99,0.0000,0.0000,0.0000,0.00,0.00,0.00,10,0.3226,6 个月 · 全平台 · 全量 SKU · 2026-07-09,published
DJ505405_1,"US UA DK-NS01 农舍风灯柜板式电脑桌 一件两箱 颜色->#1,白色+胡桃色",ALL,AMAZON,C,T4B,1.0846,0.5519,0.5519,33.62,17.11,17.11,72,2.3226,6 个月 · 全平台 · 全量 SKU · 2026-07-09,published
DJ505405_1,"US UA DK-NS01 农舍风灯柜板式电脑桌 一件两箱 颜色->#1,白色+胡桃色",ALL,TEMU,C,T99,0.0000,0.0000,0.0000,0.00,0.00,0.00,3,0.0968,6 个月 · 全平台 · 全量 SKU · 2026-07-09,published
DJ505405_1,"US UA DK-NS01 农舍风灯柜板式电脑桌 一件两箱 颜色->#1,白色+胡桃色",ALL,UNKNOWN,C,T4B,0.8247,0.3959,0.3959,25.57,12.27,12.27,27,0.8710,6 个月 · 全平台 · 全量 SKU · 2026-07-09,published
DJ505405_2,"US UA DK-NS01 农舍风灯柜板式电脑桌 一件两箱 颜色->#2,棕色",ALL,AMAZON,C,T4B,0.7978,0.4059,0.4059,24.73,12.58,12.58,26,0.8387,6 个月 · 全平台 · 全量 SKU · 2026-07-09,published
DJ505405_2,"US UA DK-NS01 农舍风灯柜板式电脑桌 一件两箱 颜色->#2,棕色",ALL,TEMU,C,T99,0.0000,0.0000,0.0000,0.00,0.00,0.00,0,0.0000,6 个月 · 全平台 · 全量 SKU · 2026-07-09,published
DJ505405_2,"US UA DK-NS01 农舍风灯柜板式电脑桌 一件两箱 颜色->#2,棕色",ALL,UNKNOWN,C,T4B,0.3489,0.1675,0.1675,10.82,5.19,5.19,14,0.4516,6 个月 · 全平台 · 全量 SKU · 2026-07-09,published
DJ505406_1,US BJS-102T带帐蓬屋顶双层床含灯带99*190 一件一箱  颜色粉铁+粉色布,ALL,AMAZON,B,T4A,1.7983,0.8344,0.8344,55.75,25.87,25.87,99,3.1935,6 个月 · 全平台 · 全量 SKU · 2026-07-09,published
DJ505406_1,US BJS-102T带帐蓬屋顶双层床含灯带99*190 一件一箱  颜色粉铁+粉色布,ALL,WALMART,B,T99,0.0000,0.0000,0.0000,0.00,0.00,0.00,8,0.2581,6 个月 · 全平台 · 全量 SKU · 2026-07-09,published
DJ505406_2,US BJS-102T带帐蓬屋顶双层床含灯带99*190 一件一箱  颜色白铁+米色布,ALL,TIKTOK,B,T4B,0.1093,0.0588,0.0588,3.39,1.82,1.82,9,0.2903,6 个月 · 全平台 · 全量 SKU · 2026-07-09,published
DJ505406_3,US BJS-102T带帐蓬屋顶双层床含灯带99*190 一件一箱  颜色黑铁+蓝色布,ALL,AMAZON,C,T4B,0.2714,0.1303,0.1303,8.41,4.04,4.04,15,0.4839,6 个月 · 全平台 · 全量 SKU · 2026-07-09,published
DJ505406_3,US BJS-102T带帐蓬屋顶双层床含灯带99*190 一件一箱  颜色黑铁+蓝色布,ALL,TIKTOK,C,T99,0.0000,0.0000,0.0000,0.00,0.00,0.00,2,0.0645,6 个月 · 全平台 · 全量 SKU · 2026-07-09,published
DJ505407_1,"USHA MFL-DT40 圆弧角斗柜9抽矮柜 150cm 一件两箱 颜色->#1,橡木色",ALL,AMAZON,C,T99,0.0000,0.0000,0.0000,0.00,0.00,0.00,69,2.2258,6 个月 · 全平台 · 全量 SKU · 2026-07-09,published
DJ505407_1,"USHA MFL-DT40 圆弧角斗柜9抽矮柜 150cm 一件两箱 颜色->#1,橡木色",ALL,UNKNOWN,C,T99,0.0000,0.0000,0.0000,0.00,0.00,0.00,0,0.0000,6 个月 · 全平台 · 全量 SKU · 2026-07-09,published
DJ505407_2,"USHA MFL-DT40 圆弧角斗柜9抽矮柜 150cm 一件两箱 颜色->#2,胡桃色",ALL,AMAZON,C,T99,0.0000,0.0000,0.0000,0.00,0.00,0.00,37,1.1935,6 个月 · 全平台 · 全量 SKU · 2026-07-09,published
DJ505407_2,"USHA MFL-DT40 圆弧角斗柜9抽矮柜 150cm 一件两箱 颜色->#2,胡桃色",ALL,TIKTOK,C,T99,0.0000,0.0000,0.0000,0.00,0.00,0.00,0,0.0000,6 个月 · 全平台 · 全量 SKU · 2026-07-09,published
DJ505407_2,"USHA MFL-DT40 圆弧角斗柜9抽矮柜 150cm 一件两箱 颜色->#2,胡桃色",ALL,UNKNOWN,C,T99,0.0000,0.0000,0.0000,0.00,0.00,0.00,40,1.2903,6 个月 · 全平台 · 全量 SKU · 2026-07-09,published
DJ505408_1,"EU KM BF-TCC01 板式-侧4抽双灯带 两箱包 尺码->L,140*190;颜色->白色,白色+原木色",ALL,AMAZON,C,T4B,0.5489,0.2951,0.2951,17.02,9.15,9.15,18,0.5806,6 个月 · 全平台 · 全量 SKU · 2026-07-09,published
DJ505408_2,"EU KM BF-TCC01 板式-侧4抽双灯带 两箱包 尺码->XL,140*200;颜色->白色,白色+原木色",ALL,UNKNOWN,C,T99,0.0000,0.0000,0.0000,0.00,0.00,0.00,0,0.0000,6 个月 · 全平台 · 全量 SKU · 2026-07-09,published
DJ505408_3,"EU KM BF-TCC01 板式-侧4抽双灯带 两箱包 尺码->XXL,160*200;颜色->白色,白色+原木色",ALL,AMAZON,C,T4B,0.5297,0.2848,0.2848,16.42,8.83,8.83,63,2.0323,6 个月 · 全平台 · 全量 SKU · 2026-07-09,published
DJ505408_3,"EU KM BF-TCC01 板式-侧4抽双灯带 两箱包 尺码->XXL,160*200;颜色->白色,白色+原木色",ALL,UNKNOWN,C,T99,0.0000,0.0000,0.0000,0.00,0.00,0.00,0,0.0000,6 个月 · 全平台 · 全量 SKU · 2026-07-09,published
DJ505409_1,"EU KM BF-RC02 软包-床头拼接侧4抽 两箱包 尺码->L,140*190;颜色->米白,天鹅绒-米白",ALL,UNKNOWN,C,T99,0.0000,0.0000,0.0000,0.00,0.00,0.00,1,0.0323,6 个月 · 全平台 · 全量 SKU · 2026-07-09,published
DJ505409_2,"EU KM BF-RC02 软包-床头拼接侧4抽 两箱包 尺码->XL,140*200;颜色->米白,天鹅绒-米白",ALL,UNKNOWN,C,T99,0.0000,0.0000,0.0000,0.00,0.00,0.00,1,0.0323,6 个月 · 全平台 · 全量 SKU · 2026-07-09,published
DJ505409_3,"EU KM BF-RC02 软包-床头拼接侧4抽 两箱包 尺码->XXL,160*200;颜色->米白,天鹅绒-米白",ALL,UNKNOWN,C,T99,0.0000,0.0000,0.0000,0.00,0.00,0.00,0,0.0000,6 个月 · 全平台 · 全量 SKU · 2026-07-09,published
DJ505411_2,US SSR JYCS-01 5抽挂衣杆衣柜 带感应射灯 一件两箱 颜色->白色,ALL,AMAZON,D,T4B,0.5286,0.2537,0.2537,16.39,7.86,7.86,15,0.4839,6 个月 · 全平台 · 全量 SKU · 2026-07-09,published
DJ505411_2,US SSR JYCS-01 5抽挂衣杆衣柜 带感应射灯 一件两箱 颜色->白色,ALL,WALMART,D,T99,0.0000,0.0000,0.0000,0.00,0.00,0.00,0,0.0000,6 个月 · 全平台 · 全量 SKU · 2026-07-09,published
DJ505412_2,US SSR JYCS-02 3抽+2浅抽6宫格+4开放空格衣柜 一件两箱 颜色->白色,ALL,AMAZON,D,T4B,0.4000,0.1920,0.1920,12.40,5.95,5.95,46,1.4839,6 个月 · 全平台 · 全量 SKU · 2026-07-09,published
DJ505413_2,US SSR JYCS-03 2×4 8抽挂衣杆衣柜 折叠穿衣镜 带感应射灯 一件两箱 颜色->白色,ALL,AMAZON,D,T4B,0.5066,0.2578,0.2578,15.70,7.99,7.99,10,0.3226,6 个月 · 全平台 · 全量 SKU · 2026-07-09,published
DJ505413_2,US SSR JYCS-03 2×4 8抽挂衣杆衣柜 折叠穿衣镜 带感应射灯 一件两箱 颜色->白色,ALL,WALMART,D,T99,0.0000,0.0000,0.0000,0.00,0.00,0.00,0,0.0000,6 个月 · 全平台 · 全量 SKU · 2026-07-09,published
DJ505418_1,"US AG 乡村风板式翻盖气撑床架 F 一件两箱 尺码->#1,仿古白色",ALL,AMAZON,C,T4B,0.4945,0.2018,0.2018,15.33,6.26,6.26,42,1.3548,6 个月 · 全平台 · 全量 SKU · 2026-07-09,published
DJ505418_1,"US AG 乡村风板式翻盖气撑床架 F 一件两箱 尺码->#1,仿古白色",ALL,WALMART,C,T99,0.0000,0.0000,0.0000,0.00,0.00,0.00,4,0.1290,6 个月 · 全平台 · 全量 SKU · 2026-07-09,published
DJ505418_2,"US AG 乡村风板式翻盖气撑床架 F 一件两箱 尺码->#2,胡桃木色",ALL,AMAZON,D,T4B,0.3758,0.1804,0.1804,11.65,5.59,5.59,22,0.7097,6 个月 · 全平台 · 全量 SKU · 2026-07-09,published
DJ505418_3,"US AG 乡村风板式翻盖气撑床架 F 一件两箱 尺码->#3,灰色",ALL,AMAZON,D,T99,0.0000,0.0000,0.0000,0.00,0.00,0.00,20,0.6452,6 个月 · 全平台 · 全量 SKU · 2026-07-09,published
DJ505418_3,"US AG 乡村风板式翻盖气撑床架 F 一件两箱 尺码->#3,灰色",ALL,UNKNOWN,D,T99,0.0000,0.0000,0.0000,0.00,0.00,0.00,1,0.0323,6 个月 · 全平台 · 全量 SKU · 2026-07-09,published
DJ505418_3,"US AG 乡村风板式翻盖气撑床架 F 一件两箱 尺码->#3,灰色",ALL,WALMART,D,T99,0.0000,0.0000,0.0000,0.00,0.00,0.00,0,0.0000,6 个月 · 全平台 · 全量 SKU · 2026-07-09,published
DJ505419_1,"US AG 乡村风板式翻盖气撑床架 Q 一件两箱 尺码->#1,仿古白色",ALL,AMAZON,C,T4B,1.3335,0.6785,0.6785,41.34,21.03,21.03,65,2.0968,6 个月 · 全平台 · 全量 SKU · 2026-07-09,published
DJ505419_2,"US AG 乡村风板式翻盖气撑床架 Q 一件两箱 尺码->#2,胡桃木色",ALL,AMAZON,C,T4B,0.7505,0.4035,0.4035,23.27,12.51,12.51,43,1.3871,6 个月 · 全平台 · 全量 SKU · 2026-07-09,published
DJ505419_3,"US AG 乡村风板式翻盖气撑床架 Q 一件两箱 尺码->#3,灰色",ALL,AMAZON,D,T99,0.0000,0.0000,0.0000,0.00,0.00,0.00,26,0.8387,6 个月 · 全平台 · 全量 SKU · 2026-07-09,published
DJ505419_3,"US AG 乡村风板式翻盖气撑床架 Q 一件两箱 尺码->#3,灰色",ALL,UNKNOWN,D,T99,0.0000,0.0000,0.0000,0.00,0.00,0.00,6,0.1935,6 个月 · 全平台 · 全量 SKU · 2026-07-09,published
DJ505420_2,"US AG 斜百叶抽面板式抽屉床 F 一件两箱 尺码->#2,浅榨木色",ALL,AMAZON,D,T99,0.0000,0.0000,0.0000,0.00,0.00,0.00,0,0.0000,6 个月 · 全平台 · 全量 SKU · 2026-07-09,published
DJ505420_2,"US AG 斜百叶抽面板式抽屉床 F 一件两箱 尺码->#2,浅榨木色",ALL,UNKNOWN,D,T99,0.0000,0.0000,0.0000,0.00,0.00,0.00,0,0.0000,6 个月 · 全平台 · 全量 SKU · 2026-07-09,published
DJ505421_2,"US AG 斜百叶抽面板式抽屉床 Q 一件两箱 尺码->#2,浅榨木色",ALL,AMAZON,D,T99,0.0000,0.0000,0.0000,0.00,0.00,0.00,0,0.0000,6 个月 · 全平台 · 全量 SKU · 2026-07-09,published
DJ505421_2,"US AG 斜百叶抽面板式抽屉床 Q 一件两箱 尺码->#2,浅榨木色",ALL,UNKNOWN,D,T99,0.0000,0.0000,0.0000,0.00,0.00,0.00,0,0.0000,6 个月 · 全平台 · 全量 SKU · 2026-07-09,published
DJ505422_2,"US AG 柔光灯箱板式抽屉床 F 一件两箱 尺码->#2,浅榨木色",ALL,AMAZON,D,T99,0.0000,0.0000,0.0000,0.00,0.00,0.00,0,0.0000,6 个月 · 全平台 · 全量 SKU · 2026-07-09,published
DJ505423_2,"US AG 柔光灯箱板式抽屉床 Q 一件两箱 尺码->#2,浅榨木色",ALL,AMAZON,C,T4B,0.9335,0.4481,0.4481,28.94,13.89,13.89,55,1.7742,6 个月 · 全平台 · 全量 SKU · 2026-07-09,published
DJ505423_2,"US AG 柔光灯箱板式抽屉床 Q 一件两箱 尺码->#2,浅榨木色",ALL,WALMART,C,T99,0.0000,0.0000,0.0000,0.00,0.00,0.00,0,0.0000,6 个月 · 全平台 · 全量 SKU · 2026-07-09,published
DJ505424_1,US SD 美式乡村竖条纹4抽文件柜 一件一箱 颜色->棕色,ALL,AMAZON,C,T4B,0.8214,0.3943,0.3943,25.46,12.22,12.22,40,1.2903,6 个月 · 全平台 · 全量 SKU · 2026-07-09,published
DJ505424_1,US SD 美式乡村竖条纹4抽文件柜 一件一箱 颜色->棕色,ALL,TEMU,C,T99,0.0000,0.0000,0.0000,0.00,0.00,0.00,0,0.0000,6 个月 · 全平台 · 全量 SKU · 2026-07-09,published
DJ505424_1,US SD 美式乡村竖条纹4抽文件柜 一件一箱 颜色->棕色,ALL,UNKNOWN,C,T99,0.0000,0.0000,0.0000,0.00,0.00,0.00,8,0.2581,6 个月 · 全平台 · 全量 SKU · 2026-07-09,published
DJ505424_1,US SD 美式乡村竖条纹4抽文件柜 一件一箱 颜色->棕色,ALL,WALMART,C,T99,0.0000,0.0000,0.0000,0.00,0.00,0.00,3,0.0968,6 个月 · 全平台 · 全量 SKU · 2026-07-09,published
DJ505424_2,US SD 美式乡村竖条纹4抽文件柜 一件一箱 颜色->棕+白,ALL,AMAZON,C,T4B,0.7643,0.3669,0.3669,23.69,11.37,11.37,42,1.3548,6 个月 · 全平台 · 全量 SKU · 2026-07-09,published
DJ505424_2,US SD 美式乡村竖条纹4抽文件柜 一件一箱 颜色->棕+白,ALL,WALMART,C,T99,0.0000,0.0000,0.0000,0.00,0.00,0.00,0,0.0000,6 个月 · 全平台 · 全量 SKU · 2026-07-09,published
DJ505424_3,US SD 美式乡村竖条纹4抽文件柜 一件一箱 颜色->棕+黑,ALL,WALMART,C,T99,0.0000,0.0000,0.0000,0.00,0.00,0.00,0,0.0000,6 个月 · 全平台 · 全量 SKU · 2026-07-09,published
DJ505425_1,US DC 板式床 BFX-03软包开合储物床下四抽屉-282 Q 黑麻面 一件两箱,ALL,AMAZON,C,T4B,0.3357,0.1611,0.1611,10.41,4.99,4.99,21,0.6774,6 个月 · 全平台 · 全量 SKU · 2026-07-09,published
DJ505425_2,US DC 板式床 BFX-03软包开合储物床下四抽屉-282 K 黑麻面 一件两箱,ALL,AMAZON,C,T4B,0.7643,0.3669,0.3669,23.69,11.37,11.37,49,1.5806,6 个月 · 全平台 · 全量 SKU · 2026-07-09,published
DJ505425_2,US DC 板式床 BFX-03软包开合储物床下四抽屉-282 K 黑麻面 一件两箱,ALL,UNKNOWN,C,T99,0.0000,0.0000,0.0000,0.00,0.00,0.00,0,0.0000,6 个月 · 全平台 · 全量 SKU · 2026-07-09,published
DJ505425_2,US DC 板式床 BFX-03软包开合储物床下四抽屉-282 K 黑麻面 一件两箱,ALL,WALMART,C,T99,0.0000,0.0000,0.0000,0.00,0.00,0.00,1,0.0323,6 个月 · 全平台 · 全量 SKU · 2026-07-09,published
DJ505426_1,EU AG灯芯绒床 围环绕灯带 0.9*2m气杆床 2AC+1U1T插孔 一件两箱 颜色->米白,ALL,AMAZON,C,T4B,0.5357,0.2571,0.2571,16.61,7.97,7.97,72,2.3226,6 个月 · 全平台 · 全量 SKU · 2026-07-09,published
DJ505426_1,EU AG灯芯绒床 围环绕灯带 0.9*2m气杆床 2AC+1U1T插孔 一件两箱 颜色->米白,ALL,UNKNOWN,C,T99,0.0000,0.0000,0.0000,0.00,0.00,0.00,3,0.0968,6 个月 · 全平台 · 全量 SKU · 2026-07-09,published
DJ505426_2,EU AG灯芯绒床 围环绕灯带 0.9*2m气杆床 2AC+1U1T插孔 一件两箱 颜色->深灰色,ALL,AMAZON,C,T4B,0.6071,0.2914,0.2914,18.82,9.03,9.03,27,0.8710,6 个月 · 全平台 · 全量 SKU · 2026-07-09,published
DJ505426_2,EU AG灯芯绒床 围环绕灯带 0.9*2m气杆床 2AC+1U1T插孔 一件两箱 颜色->深灰色,ALL,UNKNOWN,C,T99,0.0000,0.0000,0.0000,0.00,0.00,0.00,2,0.0645,6 个月 · 全平台 · 全量 SKU · 2026-07-09,published
DJ505427_1,EU DC 软包双灯款气动床BQQ-02 ZY 93款  灰色 一件两箱 90*200,ALL,AMAZON,C,T4B,0.2714,0.1303,0.1303,8.41,4.04,4.04,42,1.3548,6 个月 · 全平台 · 全量 SKU · 2026-07-09,published
DJ505427_2,EU DC 软包双灯款气动床BQQ-02 ZY 93款  灰色 一件两箱 140*190,ALL,AMAZON,C,T4B,0.4143,0.1989,0.1989,12.84,6.17,6.17,73,2.3548,6 个月 · 全平台 · 全量 SKU · 2026-07-09,published
DJ505427_3,EU DC 软包双灯款气动床BQQ-02 ZY 93款  灰色 一件两箱 140*200,ALL,AMAZON,C,T4B,0.7071,0.3394,0.3394,21.92,10.52,10.52,61,1.9677,6 个月 · 全平台 · 全量 SKU · 2026-07-09,published
DJ505427_4,EU DC 软包双灯款气动床BQQ-02 ZY 93款  灰色 一件两箱 160*200,ALL,AMAZON,C,T4B,0.8214,0.3943,0.3943,25.46,12.22,12.22,18,0.5806,6 个月 · 全平台 · 全量 SKU · 2026-07-09,published
DJ505427_5,EU DC 软包双灯款气动床BQQ-02 ZY 93款  灰色 一件两箱 180*200,ALL,AMAZON,B,T99,0.0000,0.0000,0.0000,0.00,0.00,0.00,0,0.0000,6 个月 · 全平台 · 全量 SKU · 2026-07-09,published
DJ505427_6,EU DC 软包双灯款气动床BQQ-02 ZY 93款  灰色 一件两箱 90*190,ALL,AMAZON,C,T4B,0.7071,0.3394,0.3394,21.92,10.52,10.52,18,0.5806,6 个月 · 全平台 · 全量 SKU · 2026-07-09,published
DJ505428_1,EU BW 软包折叠储物气动床BQQ-03 ZY 95款 灰色 一件两箱 90*200,ALL,AMAZON,C,T4B,0.3143,0.1509,0.1509,9.74,4.68,4.68,40,1.2903,6 个月 · 全平台 · 全量 SKU · 2026-07-09,published
DJ505428_2,EU BW 软包折叠储物气动床BQQ-03 ZY 95款 灰色 一件两箱140*190,ALL,AMAZON,C,T4B,0.2429,0.1166,0.1166,7.53,3.61,3.61,32,1.0323,6 个月 · 全平台 · 全量 SKU · 2026-07-09,published
DJ505428_3,EU BW 软包折叠储物气动床BQQ-03 ZY 95款 灰色 一件两箱140*200,ALL,AMAZON,C,T4B,0.1643,0.0789,0.0789,5.09,2.45,2.45,36,1.1613,6 个月 · 全平台 · 全量 SKU · 2026-07-09,published
DJ505428_4,EU BW 软包折叠储物气动床BQQ-03 ZY 95款 灰色 一件两箱160*200,ALL,AMAZON,C,T4B,0.3714,0.1783,0.1783,11.51,5.53,5.53,60,1.9355,6 个月 · 全平台 · 全量 SKU · 2026-07-09,published
DJ505428_5,EU BW 软包折叠储物气动床BQQ-03 ZY 95款 灰色 一件两箱180*200,ALL,AMAZON,C,T4B,0.7857,0.3771,0.3771,24.36,11.69,11.69,3,0.0968,6 个月 · 全平台 · 全量 SKU · 2026-07-09,published
DJ505428_6,"EU BW 软包折叠储物气动床BQQ-03 ZY 95款 灰色 一件两箱,90*190",ALL,AMAZON,C,T4B,0.2214,0.1063,0.1063,6.86,3.30,3.30,46,1.4839,6 个月 · 全平台 · 全量 SKU · 2026-07-09,published
DJ505429_1,US RL- 923T 树屋地板床+绘本架 一件一箱 99*190 颜色->白色,ALL,AMAZON,C,T4B,0.6890,0.3307,0.3307,21.36,10.25,10.25,24,0.7742,6 个月 · 全平台 · 全量 SKU · 2026-07-09,published
DJ505429_1,US RL- 923T 树屋地板床+绘本架 一件一箱 99*190 颜色->白色,ALL,TIKTOK,C,T99,0.0000,0.0000,0.0000,0.00,0.00,0.00,0,0.0000,6 个月 · 全平台 · 全量 SKU · 2026-07-09,published
DJ505429_1,US RL- 923T 树屋地板床+绘本架 一件一箱 99*190 颜色->白色,ALL,WALMART,C,T99,0.0000,0.0000,0.0000,0.00,0.00,0.00,1,0.0323,6 个月 · 全平台 · 全量 SKU · 2026-07-09,published
DJ505429_2,US RL- 923T 树屋地板床+绘本架 一件一箱 99*190 颜色->粉色,ALL,AMAZON,C,T99,0.0000,0.0000,0.0000,0.00,0.00,0.00,119,3.8387,6 个月 · 全平台 · 全量 SKU · 2026-07-09,published
DJ505429_2,US RL- 923T 树屋地板床+绘本架 一件一箱 99*190 颜色->粉色,ALL,UNKNOWN,C,T99,0.0000,0.0000,0.0000,0.00,0.00,0.00,27,0.8710,6 个月 · 全平台 · 全量 SKU · 2026-07-09,published
DJ505429_2,US RL- 923T 树屋地板床+绘本架 一件一箱 99*190 颜色->粉色,ALL,WALMART,C,T99,0.0000,0.0000,0.0000,0.00,0.00,0.00,6,0.1935,6 个月 · 全平台 · 全量 SKU · 2026-07-09,published
DJ505429_3,US RL- 923T 树屋地板床+绘本架 一件一箱 99*190 颜色->黑色,ALL,AMAZON,C,T4B,0.1786,0.0857,0.0857,5.54,2.66,2.66,27,0.8710,6 个月 · 全平台 · 全量 SKU · 2026-07-09,published
DJ505429_3,US RL- 923T 树屋地板床+绘本架 一件一箱 99*190 颜色->黑色,ALL,TIKTOK,C,T99,0.0000,0.0000,0.0000,0.00,0.00,0.00,1,0.0323,6 个月 · 全平台 · 全量 SKU · 2026-07-09,published
DJ505429_4,US RL- 923T 树屋地板床+绘本架 一件一箱 99*190 颜色->浅蓝色,ALL,AMAZON,C,T4B,0.1571,0.0754,0.0754,4.87,2.34,2.34,24,0.7742,6 个月 · 全平台 · 全量 SKU · 2026-07-09,published
DJ505429_4,US RL- 923T 树屋地板床+绘本架 一件一箱 99*190 颜色->浅蓝色,ALL,UNKNOWN,C,T99,0.0000,0.0000,0.0000,0.00,0.00,0.00,1,0.0323,6 个月 · 全平台 · 全量 SKU · 2026-07-09,published
DJ505430_1,US RL- 923F 树屋地板床+绘本架 一件一箱 137*190 颜色->粉色,ALL,AMAZON,C,T4B,1.3951,0.7098,0.7098,43.25,22.00,22.00,59,1.9032,6 个月 · 全平台 · 全量 SKU · 2026-07-09,published
DJ505430_2,US RL- 923F 树屋地板床+绘本架 一件一箱 137*190 颜色->白色,ALL,WALMART,C,T99,0.0000,0.0000,0.0000,0.00,0.00,0.00,0,0.0000,6 个月 · 全平台 · 全量 SKU · 2026-07-09,published
DJ505430_3,US RL- 923F 树屋地板床+绘本架 一件一箱 137*190 颜色->黑色,ALL,AMAZON,C,T4B,0.2500,0.1200,0.1200,7.75,3.72,3.72,46,1.4839,6 个月 · 全平台 · 全量 SKU · 2026-07-09,published
DJ505430_3,US RL- 923F 树屋地板床+绘本架 一件一箱 137*190 颜色->黑色,ALL,TIKTOK,C,T99,0.0000,0.0000,0.0000,0.00,0.00,0.00,3,0.0968,6 个月 · 全平台 · 全量 SKU · 2026-07-09,published
DJ505430_3,US RL- 923F 树屋地板床+绘本架 一件一箱 137*190 颜色->黑色,ALL,UNKNOWN,C,T99,0.0000,0.0000,0.0000,0.00,0.00,0.00,2,0.0645,6 个月 · 全平台 · 全量 SKU · 2026-07-09,published
DJ505430_4,US RL- 923F 树屋地板床+绘本架 一件一箱 137*190 颜色->浅蓝色,ALL,AMAZON,C,T4B,0.2000,0.0960,0.0960,6.20,2.98,2.98,16,0.5161,6 个月 · 全平台 · 全量 SKU · 2026-07-09,published
DJ505430_4,US RL- 923F 树屋地板床+绘本架 一件一箱 137*190 颜色->浅蓝色,ALL,TIKTOK,C,T99,0.0000,0.0000,0.0000,0.00,0.00,0.00,4,0.1290,6 个月 · 全平台 · 全量 SKU · 2026-07-09,published
DJ505431_1,"US AG 厚重小波浪电视柜 两柜一抽 1.8米 一件两箱 尺码->#10,木色",ALL,AMAZON,D,T99,0.0000,0.0000,0.0000,0.00,0.00,0.00,0,0.0000,6 个月 · 全平台 · 全量 SKU · 2026-07-09,published
DJ505432_1,US SD 1.7米美式乡村竖条纹L桌 一件两箱   颜色->棕+白,ALL,AMAZON,C,T4B,1.0918,0.5869,0.5869,33.85,18.19,18.19,46,1.4839,6 个月 · 全平台 · 全量 SKU · 2026-07-09,published
DJ505432_2,US SD 1.7米美式乡村竖条纹L桌 一件两箱  颜色->棕+黑,ALL,AMAZON,C,T99,0.0000,0.0000,0.0000,0.00,0.00,0.00,30,0.9677,6 个月 · 全平台 · 全量 SKU · 2026-07-09,published
DJ505432_2,US SD 1.7米美式乡村竖条纹L桌 一件两箱  颜色->棕+黑,ALL,TEMU,C,T99,0.0000,0.0000,0.0000,0.00,0.00,0.00,0,0.0000,6 个月 · 全平台 · 全量 SKU · 2026-07-09,published
DJ505432_2,US SD 1.7米美式乡村竖条纹L桌 一件两箱  颜色->棕+黑,ALL,WALMART,C,T99,0.0000,0.0000,0.0000,0.00,0.00,0.00,0,0.0000,6 个月 · 全平台 · 全量 SKU · 2026-07-09,published
DJ505432_3,US SD 1.7米美式乡村竖条纹L桌 一件两箱   颜色->黑色,ALL,AMAZON,C,T4B,1.0989,0.5908,0.5908,34.07,18.31,18.31,1,0.0323,6 个月 · 全平台 · 全量 SKU · 2026-07-09,published
DJ505432_3,US SD 1.7米美式乡村竖条纹L桌 一件两箱   颜色->黑色,ALL,TEMU,C,T99,0.0000,0.0000,0.0000,0.00,0.00,0.00,0,0.0000,6 个月 · 全平台 · 全量 SKU · 2026-07-09,published
DJ505432_3,US SD 1.7米美式乡村竖条纹L桌 一件两箱   颜色->黑色,ALL,TIKTOK,C,T99,0.0000,0.0000,0.0000,0.00,0.00,0.00,0,0.0000,6 个月 · 全平台 · 全量 SKU · 2026-07-09,published
DJ505432_3,US SD 1.7米美式乡村竖条纹L桌 一件两箱   颜色->黑色,ALL,WALMART,C,T99,0.0000,0.0000,0.0000,0.00,0.00,0.00,0,0.0000,6 个月 · 全平台 · 全量 SKU · 2026-07-09,published
DJ505433_1,US HS NSFH-02L 边柜 纯木 农舍带灯插板 双抽 DFS 一件一箱  颜色->胡桃白,ALL,AMAZON,D,T99,0.0000,0.0000,0.0000,0.00,0.00,0.00,64,2.0645,6 个月 · 全平台 · 全量 SKU · 2026-07-09,published
DJ505434_1,US HS NSFH-03L 边柜 纯木 农舍带灯插板铁网 三抽 DFS 一件一箱 颜色->胡桃白,ALL,AMAZON,D,T99,0.0000,0.0000,0.0000,0.00,0.00,0.00,27,0.8710,6 个月 · 全平台 · 全量 SKU · 2026-07-09,published
DJ505435_1,US SD 190cm两门高桌 一件一箱  颜色->黑麻,ALL,AMAZON,C,T4B,1.7000,0.8160,0.8160,52.70,25.30,25.30,101,3.2581,6 个月 · 全平台 · 全量 SKU · 2026-07-09,published
DJ505435_1,US SD 190cm两门高桌 一件一箱  颜色->黑麻,ALL,UNKNOWN,C,T4B,0.5863,0.3152,0.3152,18.18,9.77,9.77,11,0.3548,6 个月 · 全平台 · 全量 SKU · 2026-07-09,published
DJ505435_2,US SD 190cm两门高桌 一件一箱  颜色->白麻,ALL,AMAZON,C,T4B,0.3940,0.2004,0.2004,12.21,6.21,6.21,26,0.8387,6 个月 · 全平台 · 全量 SKU · 2026-07-09,published
DJ505435_2,US SD 190cm两门高桌 一件一箱  颜色->白麻,ALL,WALMART,C,T99,0.0000,0.0000,0.0000,0.00,0.00,0.00,0,0.0000,6 个月 · 全平台 · 全量 SKU · 2026-07-09,published
DJ505436_1,US SD 80cmL桌高桌 一件一箱  颜色->火烧云,ALL,AMAZON,C,T4B,0.7143,0.3429,0.3429,22.14,10.63,10.63,57,1.8387,6 个月 · 全平台 · 全量 SKU · 2026-07-09,published
DJ505436_1,US SD 80cmL桌高桌 一件一箱  颜色->火烧云,ALL,TIKTOK,C,T99,0.0000,0.0000,0.0000,0.00,0.00,0.00,6,0.1935,6 个月 · 全平台 · 全量 SKU · 2026-07-09,published
DJ505436_2,US SD 80cmL桌高桌 一件一箱  颜色->黑麻,ALL,AMAZON,C,T4B,2.0286,0.9737,0.9737,62.89,30.18,30.18,161,5.1935,6 个月 · 全平台 · 全量 SKU · 2026-07-09,published
DJ505436_2,US SD 80cmL桌高桌 一件一箱  颜色->黑麻,ALL,TEMU,C,T4B,0.2286,0.1097,0.1097,7.09,3.40,3.40,25,0.8065,6 个月 · 全平台 · 全量 SKU · 2026-07-09,published
DJ505436_2,US SD 80cmL桌高桌 一件一箱  颜色->黑麻,ALL,UNKNOWN,C,T4B,0.3214,0.1543,0.1543,9.96,4.78,4.78,20,0.6452,6 个月 · 全平台 · 全量 SKU · 2026-07-09,published
DJ505436_2,US SD 80cmL桌高桌 一件一箱  颜色->黑麻,ALL,WALMART,C,T99,0.0000,0.0000,0.0000,0.00,0.00,0.00,1,0.0323,6 个月 · 全平台 · 全量 SKU · 2026-07-09,published
DJ505436_3,US SD 80cmL桌高桌 一件一箱  颜色->白麻,ALL,AMAZON,C,T4B,0.4786,0.2297,0.2297,14.84,7.12,7.12,58,1.8710,6 个月 · 全平台 · 全量 SKU · 2026-07-09,published
DJ505436_3,US SD 80cmL桌高桌 一件一箱  颜色->白麻,ALL,TIKTOK,C,T4B,0.0929,0.0446,0.0446,2.88,1.38,1.38,23,0.7419,6 个月 · 全平台 · 全量 SKU · 2026-07-09,published
DJ505437_1,US DC 现代农舍 BFMH-01床下六抽屉 Q 黑色 一件两箱,ALL,AMAZON,C,T4B,0.0857,0.0411,0.0411,2.66,1.27,1.27,34,1.0968,6 个月 · 全平台 · 全量 SKU · 2026-07-09,published
DJ505437_1,US DC 现代农舍 BFMH-01床下六抽屉 Q 黑色 一件两箱,ALL,UNKNOWN,C,T4B,0.0929,0.0446,0.0446,2.88,1.38,1.38,74,2.3871,6 个月 · 全平台 · 全量 SKU · 2026-07-09,published
DJ505437_2,US DC 现代农舍 BFMH-01床下六抽屉 K 黑色 一件两箱,ALL,AMAZON,C,T4B,0.2786,0.1337,0.1337,8.64,4.14,4.14,50,1.6129,6 个月 · 全平台 · 全量 SKU · 2026-07-09,published
DJ505437_2,US DC 现代农舍 BFMH-01床下六抽屉 K 黑色 一件两箱,ALL,WALMART,C,T99,0.0000,0.0000,0.0000,0.00,0.00,0.00,1,0.0323,6 个月 · 全平台 · 全量 SKU · 2026-07-09,published
DJ505437_3,US DC 现代农舍 BFMH-01床下六抽屉 CK 黑色 一件两箱,ALL,AMAZON,C,T4B,0.5286,0.2537,0.2537,16.39,7.86,7.86,94,3.0323,6 个月 · 全平台 · 全量 SKU · 2026-07-09,published
DJ505437_3,US DC 现代农舍 BFMH-01床下六抽屉 CK 黑色 一件两箱,ALL,WALMART,C,T99,0.0000,0.0000,0.0000,0.00,0.00,0.00,4,0.1290,6 个月 · 全平台 · 全量 SKU · 2026-07-09,published
DJ505438_1,US DC 现代农舍 BFMH-01床下六抽屉 Q 白色 一件两箱,ALL,AMAZON,C,T4B,0.1429,0.0686,0.0686,4.43,2.13,2.13,38,1.2258,6 个月 · 全平台 · 全量 SKU · 2026-07-09,published
DJ505438_1,US DC 现代农舍 BFMH-01床下六抽屉 Q 白色 一件两箱,ALL,UNKNOWN,C,T99,0.0000,0.0000,0.0000,0.00,0.00,0.00,35,1.1290,6 个月 · 全平台 · 全量 SKU · 2026-07-09,published
DJ505438_1,US DC 现代农舍 BFMH-01床下六抽屉 Q 白色 一件两箱,ALL,WALMART,C,T99,0.0000,0.0000,0.0000,0.00,0.00,0.00,1,0.0323,6 个月 · 全平台 · 全量 SKU · 2026-07-09,published
DJ505438_2,US DC 现代农舍 BFMH-01床下六抽屉 K 白色 一件两箱,ALL,AMAZON,C,T4B,0.2643,0.1269,0.1269,8.19,3.93,3.93,65,2.0968,6 个月 · 全平台 · 全量 SKU · 2026-07-09,published
DJ505438_2,US DC 现代农舍 BFMH-01床下六抽屉 K 白色 一件两箱,ALL,UNKNOWN,C,T99,0.0000,0.0000,0.0000,0.00,0.00,0.00,16,0.5161,6 个月 · 全平台 · 全量 SKU · 2026-07-09,published
DJ505438_2,US DC 现代农舍 BFMH-01床下六抽屉 K 白色 一件两箱,ALL,WALMART,C,T99,0.0000,0.0000,0.0000,0.00,0.00,0.00,0,0.0000,6 个月 · 全平台 · 全量 SKU · 2026-07-09,published
DJ505438_3,US DC 现代农舍 BFMH-01床下六抽屉 CK 白色 一件两箱,ALL,AMAZON,C,T4B,0.3643,0.1749,0.1749,11.29,5.42,5.42,48,1.5484,6 个月 · 全平台 · 全量 SKU · 2026-07-09,published
DJ505438_3,US DC 现代农舍 BFMH-01床下六抽屉 CK 白色 一件两箱,ALL,UNKNOWN,C,T99,0.0000,0.0000,0.0000,0.00,0.00,0.00,11,0.3548,6 个月 · 全平台 · 全量 SKU · 2026-07-09,published
DJ505438_3,US DC 现代农舍 BFMH-01床下六抽屉 CK 白色 一件两箱,ALL,WALMART,C,T99,0.0000,0.0000,0.0000,0.00,0.00,0.00,2,0.0645,6 个月 · 全平台 · 全量 SKU · 2026-07-09,published
DJ505439_1,EU DC 铁木床 CBF-11L 方管铁木角落床带抽篮-138G 灰 90×190 一件两箱,ALL,AMAZON,B,T4B,1.6967,0.9121,0.9121,52.60,28.28,28.28,59,1.9032,6 个月 · 全平台 · 全量 SKU · 2026-07-09,published
DJ505439_2,EU DC 铁木床 CBF-11L 方管铁木角落床带抽篮-138G 灰 90×200 一件两箱,ALL,AMAZON,C,T4B,0.6786,0.3257,0.3257,21.04,10.10,10.10,99,3.1935,6 个月 · 全平台 · 全量 SKU · 2026-07-09,published
DJ505440_1,EU DC 铁木床 CBF-11L 方管铁木角落床带抽篮-138G 白 90×190 一件两箱,ALL,AMAZON,C,T4B,0.5286,0.2537,0.2537,16.39,7.86,7.86,85,2.7419,6 个月 · 全平台 · 全量 SKU · 2026-07-09,published
DJ505440_1,EU DC 铁木床 CBF-11L 方管铁木角落床带抽篮-138G 白 90×190 一件两箱,ALL,UNKNOWN,C,T99,0.0000,0.0000,0.0000,0.00,0.00,0.00,0,0.0000,6 个月 · 全平台 · 全量 SKU · 2026-07-09,published
DJ505440_2,EU DC 铁木床 CBF-11L 方管铁木角落床带抽篮-138G 白 90×200 一件两箱,ALL,AMAZON,D,T99,0.0000,0.0000,0.0000,0.00,0.00,0.00,49,1.5806,6 个月 · 全平台 · 全量 SKU · 2026-07-09,published
DJ505440_2,EU DC 铁木床 CBF-11L 方管铁木角落床带抽篮-138G 白 90×200 一件两箱,ALL,UNKNOWN,D,T99,0.0000,0.0000,0.0000,0.00,0.00,0.00,3,0.0968,6 个月 · 全平台 · 全量 SKU · 2026-07-09,published
DJ505441_1,"US AG 升级款双柜门翻盖板式床 侧边4抽 铝槽灯带+排插 F款 一件两箱 尺码->#10,橡木色",ALL,AMAZON,C,T4B,0.4495,0.2416,0.2416,13.93,7.49,7.49,7,0.2258,6 个月 · 全平台 · 全量 SKU · 2026-07-09,published
DJ505441_2,US AG 升级款双柜门翻盖板式床 侧边4抽 铝槽灯带+排插 F款 一件两箱 颜色->白色,ALL,AMAZON,C,T4B,0.7099,0.3816,0.3816,22.01,11.83,11.83,23,0.7419,6 个月 · 全平台 · 全量 SKU · 2026-07-09,published
DJ505442_1,"US AG 升级款双柜门翻盖板式床 侧边4抽 铝槽灯带+排插 Q款 一件两箱 尺码->#10,橡木色",ALL,WALMART,C,T99,0.0000,0.0000,0.0000,0.00,0.00,0.00,0,0.0000,6 个月 · 全平台 · 全量 SKU · 2026-07-09,published
DJ505442_2,US AG 升级款双柜门翻盖板式床 侧边4抽 铝槽灯带+排插 Q款 一件两箱 颜色->白色,ALL,AMAZON,C,T99,0.0000,0.0000,0.0000,0.00,0.00,0.00,9,0.2903,6 个月 · 全平台 · 全量 SKU · 2026-07-09,published
DJ505442_2,US AG 升级款双柜门翻盖板式床 侧边4抽 铝槽灯带+排插 Q款 一件两箱 颜色->白色,ALL,UNKNOWN,C,T99,0.0000,0.0000,0.0000,0.00,0.00,0.00,0,0.0000,6 个月 · 全平台 · 全量 SKU · 2026-07-09,published
DJ505442_2,US AG 升级款双柜门翻盖板式床 侧边4抽 铝槽灯带+排插 Q款 一件两箱 颜色->白色,ALL,WALMART,C,T99,0.0000,0.0000,0.0000,0.00,0.00,0.00,0,0.0000,6 个月 · 全平台 · 全量 SKU · 2026-07-09,published
DJ505443_1,US AG 3翻门板式四抽床 F款 一件两箱 颜色->白色,ALL,AMAZON,C,T4B,0.6451,0.3468,0.3468,20.00,10.75,10.75,2,0.0645,6 个月 · 全平台 · 全量 SKU · 2026-07-09,published
DJ505443_2,US AG 3翻门板式四抽床 F款 一件两箱 颜色->灰色,ALL,AMAZON,C,T4B,0.4390,0.2360,0.2360,13.61,7.32,7.32,9,0.2903,6 个月 · 全平台 · 全量 SKU · 2026-07-09,published
DJ505444_1,US AG 3翻门板式四抽床 Q款 一件两箱 颜色->白色,ALL,AMAZON,C,T99,0.0000,0.0000,0.0000,0.00,0.00,0.00,10,0.3226,6 个月 · 全平台 · 全量 SKU · 2026-07-09,published
DJ505444_1,US AG 3翻门板式四抽床 Q款 一件两箱 颜色->白色,ALL,UNKNOWN,C,T99,0.0000,0.0000,0.0000,0.00,0.00,0.00,1,0.0323,6 个月 · 全平台 · 全量 SKU · 2026-07-09,published
DJ505444_1,US AG 3翻门板式四抽床 Q款 一件两箱 颜色->白色,ALL,WALMART,C,T99,0.0000,0.0000,0.0000,0.00,0.00,0.00,1,0.0323,6 个月 · 全平台 · 全量 SKU · 2026-07-09,published
DJ505444_2,US AG 3翻门板式四抽床 Q款 一件两箱 颜色->灰色,ALL,AMAZON,C,T99,0.0000,0.0000,0.0000,0.00,0.00,0.00,4,0.1290,6 个月 · 全平台 · 全量 SKU · 2026-07-09,published
DJ505444_2,US AG 3翻门板式四抽床 Q款 一件两箱 颜色->灰色,ALL,UNKNOWN,C,T99,0.0000,0.0000,0.0000,0.00,0.00,0.00,2,0.0645,6 个月 · 全平台 · 全量 SKU · 2026-07-09,published
DJ505444_2,US AG 3翻门板式四抽床 Q款 一件两箱 颜色->灰色,ALL,WALMART,C,T99,0.0000,0.0000,0.0000,0.00,0.00,0.00,1,0.0323,6 个月 · 全平台 · 全量 SKU · 2026-07-09,published
DJ505445_1,"EU AG 软包沙发床 带挡板拖床棉麻 一件两箱 尺码->#1,深灰色",ALL,AMAZON,B,T99,0.0000,0.0000,0.0000,0.00,0.00,0.00,0,0.0000,6 个月 · 全平台 · 全量 SKU · 2026-07-09,published
DJ505445_2,"EU AG 软包沙发床 带挡板拖床棉麻 一件两箱 尺码->#2,米白色",ALL,AMAZON,C,T4B,0.6071,0.2914,0.2914,18.82,9.03,9.03,0,0.0000,6 个月 · 全平台 · 全量 SKU · 2026-07-09,published
DJ505446_2,"US AG 斜百叶抽面板式抽屉床 加翻盖 F 一件两箱 尺码->#2,浅榨木色",ALL,AMAZON,C,T4B,0.4571,0.2194,0.2194,14.17,6.80,6.80,58,1.8710,6 个月 · 全平台 · 全量 SKU · 2026-07-09,published
DJ505446_2,"US AG 斜百叶抽面板式抽屉床 加翻盖 F 一件两箱 尺码->#2,浅榨木色",ALL,UNKNOWN,C,T99,0.0000,0.0000,0.0000,0.00,0.00,0.00,44,1.4194,6 个月 · 全平台 · 全量 SKU · 2026-07-09,published
DJ505447_2,"US AG 斜百叶抽面板式抽屉床 加翻盖 Q 一件两箱 尺码->#2,浅榨木色",ALL,AMAZON,C,T4B,0.6071,0.2914,0.2914,18.82,9.03,9.03,31,1.0000,6 个月 · 全平台 · 全量 SKU · 2026-07-09,published
DJ505450_4,"EU KM BF-CJ01 床头斜线绗缝 基础款软包床 单箱装 尺码->XL,140*200;颜色->灰色,亚麻-灰",ALL,AMAZON,C,T4B,0.2429,0.1166,0.1166,7.53,3.61,3.61,26,0.8387,6 个月 · 全平台 · 全量 SKU · 2026-07-09,published
DJ505450_6,"EU KM BF-CJ01 床头斜线绗缝 基础款软包床 单箱装 尺码->XXL,160*200;颜色->灰色,亚麻-灰",ALL,AMAZON,C,T4B,0.2429,0.1166,0.1166,7.53,3.61,3.61,19,0.6129,6 个月 · 全平台 · 全量 SKU · 2026-07-09,published
DJ505451_1,"UK KM BF-CJ01 床头斜线绗缝 基础款软包床 单包 尺码->M,90*190;颜色->白色,PU-白",ALL,AMAZON,D,T99,0.0000,0.0000,0.0000,0.00,0.00,0.00,35,1.1290,6 个月 · 全平台 · 全量 SKU · 2026-07-09,published
DJ505451_3,"UK KM BF-CJ01 床头斜线绗缝 基础款软包床 单包 尺码->L,135*190;颜色->白色,PU-白",ALL,AMAZON,C,T4B,0.6011,0.3232,0.3232,18.63,10.02,10.02,28,0.9032,6 个月 · 全平台 · 全量 SKU · 2026-07-09,published
DJ505452_1,US DC 现代板式 BFTD-01床下五布抽 T 黑色 一件一箱,ALL,AMAZON,B,T99,0.0000,0.0000,0.0000,0.00,0.00,0.00,0,0.0000,6 个月 · 全平台 · 全量 SKU · 2026-07-09,published
DJ505452_1,US DC 现代板式 BFTD-01床下五布抽 T 黑色 一件一箱,ALL,UNKNOWN,B,T99,0.0000,0.0000,0.0000,0.00,0.00,0.00,0,0.0000,6 个月 · 全平台 · 全量 SKU · 2026-07-09,published
DJ505452_1,US DC 现代板式 BFTD-01床下五布抽 T 黑色 一件一箱,ALL,WALMART,B,T99,0.0000,0.0000,0.0000,0.00,0.00,0.00,0,0.0000,6 个月 · 全平台 · 全量 SKU · 2026-07-09,published
DJ505452_2,US DC 现代板式 BFTD-01床下五布抽 F 黑色 一件一箱,ALL,AMAZON,B,T99,0.0000,0.0000,0.0000,0.00,0.00,0.00,0,0.0000,6 个月 · 全平台 · 全量 SKU · 2026-07-09,published
DJ505452_2,US DC 现代板式 BFTD-01床下五布抽 F 黑色 一件一箱,ALL,UNKNOWN,B,T99,0.0000,0.0000,0.0000,0.00,0.00,0.00,0,0.0000,6 个月 · 全平台 · 全量 SKU · 2026-07-09,published
DJ505452_2,US DC 现代板式 BFTD-01床下五布抽 F 黑色 一件一箱,ALL,WALMART,B,T99,0.0000,0.0000,0.0000,0.00,0.00,0.00,0,0.0000,6 个月 · 全平台 · 全量 SKU · 2026-07-09,published
DJ505452_3,US DC 现代板式 BFTD-01床下五布抽 Q 黑色 一件一箱,ALL,AMAZON,B,T99,0.0000,0.0000,0.0000,0.00,0.00,0.00,0,0.0000,6 个月 · 全平台 · 全量 SKU · 2026-07-09,published
DJ505452_3,US DC 现代板式 BFTD-01床下五布抽 Q 黑色 一件一箱,ALL,UNKNOWN,B,T99,0.0000,0.0000,0.0000,0.00,0.00,0.00,0,0.0000,6 个月 · 全平台 · 全量 SKU · 2026-07-09,published
DJ505452_3,US DC 现代板式 BFTD-01床下五布抽 Q 黑色 一件一箱,ALL,WALMART,B,T99,0.0000,0.0000,0.0000,0.00,0.00,0.00,0,0.0000,6 个月 · 全平台 · 全量 SKU · 2026-07-09,published
DJ505454_1,"US UA DK-XZ07 分离式储物柜行政桌 一件两箱 颜色->#1,胡桃色+麻面黑（原4848）",ALL,AMAZON,C,T99,0.0000,0.0000,0.0000,0.00,0.00,0.00,0,0.0000,6 个月 · 全平台 · 全量 SKU · 2026-07-09,published
DJ505454_1,"US UA DK-XZ07 分离式储物柜行政桌 一件两箱 颜色->#1,胡桃色+麻面黑（原4848）",ALL,TEMU,C,T99,0.0000,0.0000,0.0000,0.00,0.00,0.00,0,0.0000,6 个月 · 全平台 · 全量 SKU · 2026-07-09,published
DJ505454_1,"US UA DK-XZ07 分离式储物柜行政桌 一件两箱 颜色->#1,胡桃色+麻面黑（原4848）",ALL,UNKNOWN,C,T99,0.0000,0.0000,0.0000,0.00,0.00,0.00,0,0.0000,6 个月 · 全平台 · 全量 SKU · 2026-07-09,published
DJ505454_1,"US UA DK-XZ07 分离式储物柜行政桌 一件两箱 颜色->#1,胡桃色+麻面黑（原4848）",ALL,WALMART,C,T99,0.0000,0.0000,0.0000,0.00,0.00,0.00,0,0.0000,6 个月 · 全平台 · 全量 SKU · 2026-07-09,published
DJ505454_2,"US UA DK-XZ07 分离式储物柜行政桌 一件两箱 颜色->#2,灰色+麻面黑（原4848）",ALL,AMAZON,C,T4B,1.4104,0.6770,0.6770,43.72,20.99,20.99,48,1.5484,6 个月 · 全平台 · 全量 SKU · 2026-07-09,published
DJ505455_1,US DC 矮高架床 LBB-05 GS L形+6斗开放储物双床+LED 双T 黑色 一件一箱,ALL,UNKNOWN,C,T99,0.0000,0.0000,0.0000,0.00,0.00,0.00,0,0.0000,6 个月 · 全平台 · 全量 SKU · 2026-07-09,published
DJ505455_2,US DC 矮高架床 LBB-05 GS L形+6斗开放储物双床+LED 双T 白色 一件一箱,ALL,UNKNOWN,C,T99,0.0000,0.0000,0.0000,0.00,0.00,0.00,2,0.0645,6 个月 · 全平台 · 全量 SKU · 2026-07-09,published
DJ505455_2,US DC 矮高架床 LBB-05 GS L形+6斗开放储物双床+LED 双T 白色 一件一箱,ALL,WALMART,C,T99,0.0000,0.0000,0.0000,0.00,0.00,0.00,0,0.0000,6 个月 · 全平台 · 全量 SKU · 2026-07-09,published
DJ505456_1,US DC 矮高架床 LBB-06 GS L形+6封闭+3开放储物双床+LED 双T 黑色 一件一箱,ALL,TIKTOK,C,T99,0.0000,0.0000,0.0000,0.00,0.00,0.00,0,0.0000,6 个月 · 全平台 · 全量 SKU · 2026-07-09,published
DJ505456_2,US DC 矮高架床 LBB-06 GS L形+6封闭+3开放储物双床+LED 双T 白色 一件一箱,ALL,TIKTOK,C,T99,0.0000,0.0000,0.0000,0.00,0.00,0.00,3,0.0968,6 个月 · 全平台 · 全量 SKU · 2026-07-09,published
DJ505456_3,US DC 矮高架床 LBB-06 GS L形+6封闭+3开放储物双床+LED 双T 粉色 一件一箱,ALL,TIKTOK,C,T99,0.0000,0.0000,0.0000,0.00,0.00,0.00,0,0.0000,6 个月 · 全平台 · 全量 SKU · 2026-07-09,published
DJ505456_3,US DC 矮高架床 LBB-06 GS L形+6封闭+3开放储物双床+LED 双T 粉色 一件一箱,ALL,UNKNOWN,C,T99,0.0000,0.0000,0.0000,0.00,0.00,0.00,0,0.0000,6 个月 · 全平台 · 全量 SKU · 2026-07-09,published
DJ505456_3,US DC 矮高架床 LBB-06 GS L形+6封闭+3开放储物双床+LED 双T 粉色 一件一箱,ALL,WALMART,C,T99,0.0000,0.0000,0.0000,0.00,0.00,0.00,0,0.0000,6 个月 · 全平台 · 全量 SKU · 2026-07-09,published
DJ505458_1,US SD X1.4米6抽升降桌 一件一箱 颜色->棕色+黑色PU,ALL,TEMU,C,T99,0.0000,0.0000,0.0000,0.00,0.00,0.00,31,1.0000,6 个月 · 全平台 · 全量 SKU · 2026-07-09,published
DJ505458_1,US SD X1.4米6抽升降桌 一件一箱 颜色->棕色+黑色PU,ALL,UNKNOWN,C,T99,0.0000,0.0000,0.0000,0.00,0.00,0.00,20,0.6452,6 个月 · 全平台 · 全量 SKU · 2026-07-09,published
DJ505458_1,US SD X1.4米6抽升降桌 一件一箱 颜色->棕色+黑色PU,ALL,WALMART,C,T99,0.0000,0.0000,0.0000,0.00,0.00,0.00,20,0.6452,6 个月 · 全平台 · 全量 SKU · 2026-07-09,published
DJ505458_2,US SD X1.4米6抽升降桌 一件一箱 颜色->黑麻+黑色PU,ALL,TEMU,C,T99,0.0000,0.0000,0.0000,0.00,0.00,0.00,16,0.5161,6 个月 · 全平台 · 全量 SKU · 2026-07-09,published
DJ505458_2,US SD X1.4米6抽升降桌 一件一箱 颜色->黑麻+黑色PU,ALL,UNKNOWN,C,T99,0.0000,0.0000,0.0000,0.00,0.00,0.00,11,0.3548,6 个月 · 全平台 · 全量 SKU · 2026-07-09,published
DJ505458_2,US SD X1.4米6抽升降桌 一件一箱 颜色->黑麻+黑色PU,ALL,WALMART,C,T99,0.0000,0.0000,0.0000,0.00,0.00,0.00,7,0.2258,6 个月 · 全平台 · 全量 SKU · 2026-07-09,published
DJ505458_3,US SD X1.4米6抽升降桌 一件一箱 颜色->原木色+白色PU,ALL,AMAZON,C,T4B,1.1313,0.4616,0.4616,35.07,14.31,14.31,78,2.5161,6 个月 · 全平台 · 全量 SKU · 2026-07-09,published
DJ505458_4,US SD X1.4米6抽升降桌 一件一箱 颜色->棕色+白色PU,ALL,AMAZON,D,T99,0.0000,0.0000,0.0000,0.00,0.00,0.00,93,3.0000,6 个月 · 全平台 · 全量 SKU · 2026-07-09,published
DJ505458_4,US SD X1.4米6抽升降桌 一件一箱 颜色->棕色+白色PU,ALL,TIKTOK,D,T99,0.0000,0.0000,0.0000,0.00,0.00,0.00,4,0.1290,6 个月 · 全平台 · 全量 SKU · 2026-07-09,published
DJ505459_1,US 连拱谷仓门高文件柜 一件一箱 颜色->顶板棕+白,ALL,AMAZON,C,T4B,1.4901,0.7582,0.7582,46.19,23.50,23.50,125,4.0323,6 个月 · 全平台 · 全量 SKU · 2026-07-09,published
DJ505459_1,US 连拱谷仓门高文件柜 一件一箱 颜色->顶板棕+白,ALL,TIKTOK,C,T99,0.0000,0.0000,0.0000,0.00,0.00,0.00,0,0.0000,6 个月 · 全平台 · 全量 SKU · 2026-07-09,published
DJ505459_1,US 连拱谷仓门高文件柜 一件一箱 颜色->顶板棕+白,ALL,UNKNOWN,C,T99,0.0000,0.0000,0.0000,0.00,0.00,0.00,2,0.0645,6 个月 · 全平台 · 全量 SKU · 2026-07-09,published
DJ505459_1,US 连拱谷仓门高文件柜 一件一箱 颜色->顶板棕+白,ALL,WALMART,C,T99,0.0000,0.0000,0.0000,0.00,0.00,0.00,1,0.0323,6 个月 · 全平台 · 全量 SKU · 2026-07-09,published
DJ505459_2,US 连拱谷仓门高文件柜 一件一箱 颜色->顶板棕+黑,ALL,AMAZON,C,T4B,1.4071,0.6754,0.6754,43.62,20.94,20.94,129,4.1613,6 个月 · 全平台 · 全量 SKU · 2026-07-09,published
DJ505459_2,US 连拱谷仓门高文件柜 一件一箱 颜色->顶板棕+黑,ALL,UNKNOWN,C,T99,0.0000,0.0000,0.0000,0.00,0.00,0.00,0,0.0000,6 个月 · 全平台 · 全量 SKU · 2026-07-09,published
DJ505459_3,US 连拱谷仓门高文件柜 一件一箱 颜色->象牙灰,ALL,AMAZON,C,T4B,1.1918,0.6407,0.6407,36.95,19.86,19.86,56,1.8065,6 个月 · 全平台 · 全量 SKU · 2026-07-09,published
DJ505459_3,US 连拱谷仓门高文件柜 一件一箱 颜色->象牙灰,ALL,UNKNOWN,C,T99,0.0000,0.0000,0.0000,0.00,0.00,0.00,0,0.0000,6 个月 · 全平台 · 全量 SKU · 2026-07-09,published
DJ505460_1,"US ER DK-BS01 L型板式波浪纹电脑桌 一件一箱  颜色->#1,实木色",ALL,AMAZON,D,T99,0.0000,0.0000,0.0000,0.00,0.00,0.00,15,0.4839,6 个月 · 全平台 · 全量 SKU · 2026-07-09,published
DJ505460_1,"US ER DK-BS01 L型板式波浪纹电脑桌 一件一箱  颜色->#1,实木色",ALL,UNKNOWN,D,T99,0.0000,0.0000,0.0000,0.00,0.00,0.00,36,1.1613,6 个月 · 全平台 · 全量 SKU · 2026-07-09,published
DJ505460_1,"US ER DK-BS01 L型板式波浪纹电脑桌 一件一箱  颜色->#1,实木色",ALL,WALMART,D,T99,0.0000,0.0000,0.0000,0.00,0.00,0.00,8,0.2581,6 个月 · 全平台 · 全量 SKU · 2026-07-09,published
DJ505461_1,US DC 高架床 LLB-02 YL 树屋款低阁楼床 T尺寸  一件两箱 颜色->黑色,ALL,TIKTOK,C,T99,0.0000,0.0000,0.0000,0.00,0.00,0.00,2,0.0645,6 个月 · 全平台 · 全量 SKU · 2026-07-09,published
DJ505461_2,US DC 高架床 LLB-02 YL 树屋款低阁楼床 T尺寸  一件两箱 颜色->白色,ALL,TIKTOK,B,T99,0.0000,0.0000,0.0000,0.00,0.00,0.00,2,0.0645,6 个月 · 全平台 · 全量 SKU · 2026-07-09,published
DJ505461_2,US DC 高架床 LLB-02 YL 树屋款低阁楼床 T尺寸  一件两箱 颜色->白色,ALL,UNKNOWN,B,T4B,1.5577,0.8374,0.8374,48.29,25.96,25.96,33,1.0645,6 个月 · 全平台 · 全量 SKU · 2026-07-09,published
DJ505461_3,US DC 高架床 LLB-02 YL 树屋款低阁楼床 T尺寸  一件两箱 颜色->粉色,ALL,AMAZON,B,T99,0.0000,0.0000,0.0000,0.00,0.00,0.00,9,0.2903,6 个月 · 全平台 · 全量 SKU · 2026-07-09,published
DJ505461_3,US DC 高架床 LLB-02 YL 树屋款低阁楼床 T尺寸  一件两箱 颜色->粉色,ALL,TIKTOK,B,T99,0.0000,0.0000,0.0000,0.00,0.00,0.00,0,0.0000,6 个月 · 全平台 · 全量 SKU · 2026-07-09,published
DJ505461_3,US DC 高架床 LLB-02 YL 树屋款低阁楼床 T尺寸  一件两箱 颜色->粉色,ALL,UNKNOWN,B,T99,0.0000,0.0000,0.0000,0.00,0.00,0.00,7,0.2258,6 个月 · 全平台 · 全量 SKU · 2026-07-09,published
DJ505461_3,US DC 高架床 LLB-02 YL 树屋款低阁楼床 T尺寸  一件两箱 颜色->粉色,ALL,WALMART,B,T99,0.0000,0.0000,0.0000,0.00,0.00,0.00,3,0.0968,6 个月 · 全平台 · 全量 SKU · 2026-07-09,published
DJ505462_1,UK DC铁木软包床LIWS-01  HQ 灰色+火烧色 一件一箱 90*190,ALL,AMAZON,C,T4B,2.2374,1.2028,1.2028,69.36,37.29,37.29,81,2.6129,6 个月 · 全平台 · 全量 SKU · 2026-07-09,published
DJ505462_2,"UK DC铁木软包床LIWS-01  HQ 灰色+火烧色 一件一箱,135*190",ALL,AMAZON,C,T4B,1.2874,0.6921,0.6921,39.91,21.46,21.46,107,3.4516,6 个月 · 全平台 · 全量 SKU · 2026-07-09,published
DJ505462_3,"UK DC铁木软包床LIWS-01  HQ 灰色+火烧色 一件一箱 ,150*200",ALL,AMAZON,C,T4B,0.4637,0.2493,0.2493,14.37,7.73,7.73,59,1.9032,6 个月 · 全平台 · 全量 SKU · 2026-07-09,published
DJ505463_1,UK DC 悬浮床BXF-Q01 602 HQ 灰色麻布+火烧色 一件一箱90*190,ALL,AMAZON,C,T4B,1.0060,0.5408,0.5408,31.19,16.76,16.76,80,2.5806,6 个月 · 全平台 · 全量 SKU · 2026-07-09,published
DJ505463_2,UK DC 悬浮床BXF-Q01 602 HQ 白色麻布+原木色 一件一箱 90*190,ALL,AMAZON,C,T4B,0.7687,0.4132,0.4132,23.83,12.81,12.81,54,1.7419,6 个月 · 全平台 · 全量 SKU · 2026-07-09,published
DJ505464_1,"UK DC 悬浮床BXF-Q01 602 HQ 白色麻布+原木色 一件两箱135*190 尺码->S,135*190",ALL,AMAZON,C,T4B,0.8379,0.4505,0.4505,25.97,13.97,13.97,37,1.1935,6 个月 · 全平台 · 全量 SKU · 2026-07-09,published
DJ505464_2,"UK DC 悬浮床BXF-Q01 602 HQ 白色麻布+原木色 一件两箱135*190 尺码->M,150*200",ALL,AMAZON,C,T4B,0.4951,0.2661,0.2661,15.35,8.25,8.25,22,0.7097,6 个月 · 全平台 · 全量 SKU · 2026-07-09,published
DJ505465_2,US UA BK-GD02拱顶书柜宽60cm带灯 一件一箱 颜色->棕色G29024I,ALL,AMAZON,C,T4B,1.2374,0.6652,0.6652,38.36,20.62,20.62,2,0.0645,6 个月 · 全平台 · 全量 SKU · 2026-07-09,published
DJ505465_2,US UA BK-GD02拱顶书柜宽60cm带灯 一件一箱 颜色->棕色G29024I,ALL,UNKNOWN,C,T4B,1.2571,0.6034,0.6034,38.97,18.71,18.71,0,0.0000,6 个月 · 全平台 · 全量 SKU · 2026-07-09,published
DJ505465_3,"US UA BK-GD02拱顶书柜宽60cm带灯 一件一箱 颜色->#3,橡木色",ALL,UNKNOWN,B,T99,0.0000,0.0000,0.0000,0.00,0.00,0.00,18,0.5806,6 个月 · 全平台 · 全量 SKU · 2026-07-09,published
DJ505465_3,"US UA BK-GD02拱顶书柜宽60cm带灯 一件一箱 颜色->#3,橡木色",ALL,WALMART,B,T99,0.0000,0.0000,0.0000,0.00,0.00,0.00,2,0.0645,6 个月 · 全平台 · 全量 SKU · 2026-07-09,published
DJ505466_1,US DC 软包床 BWR-01 ZY双侧护栏床尾带抽篮-2366 T 米色 一件一箱,ALL,AMAZON,C,T4A,2.2145,1.0275,1.0275,68.65,31.85,31.85,86,2.7742,6 个月 · 全平台 · 全量 SKU · 2026-07-09,published
DJ505466_2,US DC 软包床 BWR-01 ZY双侧护栏床尾带抽篮-2366 F 米色 一件一箱,ALL,AMAZON,C,T4B,0.9247,0.4439,0.4439,28.67,13.76,13.76,47,1.5161,6 个月 · 全平台 · 全量 SKU · 2026-07-09,published
DJ505466_2,US DC 软包床 BWR-01 ZY双侧护栏床尾带抽篮-2366 F 米色 一件一箱,ALL,UNKNOWN,C,T4B,0.1989,0.0955,0.0955,6.17,2.96,2.96,6,0.1935,6 个月 · 全平台 · 全量 SKU · 2026-07-09,published
DJ505467_1,US DC 软包床 BWR-01 ZY双侧护栏床尾带抽篮-2366 T 粉色 一件一箱,ALL,AMAZON,C,T4A,3.3814,1.6631,1.6631,104.82,51.56,51.56,163,5.2581,6 个月 · 全平台 · 全量 SKU · 2026-07-09,published
DJ505467_1,US DC 软包床 BWR-01 ZY双侧护栏床尾带抽篮-2366 T 粉色 一件一箱,ALL,WALMART,C,T4B,0.2236,0.1202,0.1202,6.93,3.73,3.73,5,0.1613,6 个月 · 全平台 · 全量 SKU · 2026-07-09,published
DJ505467_2,US DC 软包床 BWR-01 ZY双侧护栏床尾带抽篮-2366 F 粉色 一件一箱,ALL,AMAZON,C,T4B,1.5088,0.7242,0.7242,46.77,22.45,22.45,81,2.6129,6 个月 · 全平台 · 全量 SKU · 2026-07-09,published
DJ505467_2,US DC 软包床 BWR-01 ZY双侧护栏床尾带抽篮-2366 F 粉色 一件一箱,ALL,UNKNOWN,C,T99,0.0000,0.0000,0.0000,0.00,0.00,0.00,6,0.1935,6 个月 · 全平台 · 全量 SKU · 2026-07-09,published
DJ505468_1,US DC 矮高架床 LBB-07 BD164 适配成长 变形款储物双床+LED 双T 黑色 一件一箱,ALL,AMAZON,C,T4B,0.5786,0.2777,0.2777,17.94,8.61,8.61,6,0.1935,6 个月 · 全平台 · 全量 SKU · 2026-07-09,published
DJ505468_1,US DC 矮高架床 LBB-07 BD164 适配成长 变形款储物双床+LED 双T 黑色 一件一箱,ALL,WALMART,C,T99,0.0000,0.0000,0.0000,0.00,0.00,0.00,5,0.1613,6 个月 · 全平台 · 全量 SKU · 2026-07-09,published
DJ505468_2,US DC 矮高架床 LBB-07 BD164 适配成长 变形款储物双床+LED 双T 白色+粉抽 一件一箱,ALL,AMAZON,C,T4B,0.3000,0.1440,0.1440,9.30,4.46,4.46,5,0.1613,6 个月 · 全平台 · 全量 SKU · 2026-07-09,published
DJ505468_2,US DC 矮高架床 LBB-07 BD164 适配成长 变形款储物双床+LED 双T 白色+粉抽 一件一箱,ALL,UNKNOWN,C,T99,0.0000,0.0000,0.0000,0.00,0.00,0.00,9,0.2903,6 个月 · 全平台 · 全量 SKU · 2026-07-09,published
DJ505468_2,US DC 矮高架床 LBB-07 BD164 适配成长 变形款储物双床+LED 双T 白色+粉抽 一件一箱,ALL,WALMART,C,T99,0.0000,0.0000,0.0000,0.00,0.00,0.00,0,0.0000,6 个月 · 全平台 · 全量 SKU · 2026-07-09,published
DJ505469_1,"US UA BK-LMZ01矮款罗马柱书柜160cm 一件一箱 颜色->#1,做旧白+朱庇特胡桃",ALL,AMAZON,B,T99,0.0000,0.0000,0.0000,0.00,0.00,0.00,0,0.0000,6 个月 · 全平台 · 全量 SKU · 2026-07-09,published
DJ505469_1,"US UA BK-LMZ01矮款罗马柱书柜160cm 一件一箱 颜色->#1,做旧白+朱庇特胡桃",ALL,UNKNOWN,B,T99,0.0000,0.0000,0.0000,0.00,0.00,0.00,0,0.0000,6 个月 · 全平台 · 全量 SKU · 2026-07-09,published
DJ505469_1,"US UA BK-LMZ01矮款罗马柱书柜160cm 一件一箱 颜色->#1,做旧白+朱庇特胡桃",ALL,WALMART,B,T99,0.0000,0.0000,0.0000,0.00,0.00,0.00,0,0.0000,6 个月 · 全平台 · 全量 SKU · 2026-07-09,published
DJ505470_1,US SD 升降假L桌带文件柜 一件一箱  颜色->原木色+白麻,ALL,AMAZON,C,T99,0.0000,0.0000,0.0000,0.00,0.00,0.00,0,0.0000,6 个月 · 全平台 · 全量 SKU · 2026-07-09,published
DJ505470_1,US SD 升降假L桌带文件柜 一件一箱  颜色->原木色+白麻,ALL,TEMU,C,T99,0.0000,0.0000,0.0000,0.00,0.00,0.00,0,0.0000,6 个月 · 全平台 · 全量 SKU · 2026-07-09,published
DJ505470_1,US SD 升降假L桌带文件柜 一件一箱  颜色->原木色+白麻,ALL,UNKNOWN,C,T99,0.0000,0.0000,0.0000,0.00,0.00,0.00,0,0.0000,6 个月 · 全平台 · 全量 SKU · 2026-07-09,published
DJ505470_2,US SD 升降假L桌带文件柜 一件一箱  颜色->棕+黑麻,ALL,AMAZON,C,T99,0.0000,0.0000,0.0000,0.00,0.00,0.00,0,0.0000,6 个月 · 全平台 · 全量 SKU · 2026-07-09,published
DJ505470_3,US SD 升降假L桌带文件柜 一件一箱  颜色->黑麻+白麻,ALL,AMAZON,C,T99,0.0000,0.0000,0.0000,0.00,0.00,0.00,0,0.0000,6 个月 · 全平台 · 全量 SKU · 2026-07-09,published
DJ505470_3,US SD 升降假L桌带文件柜 一件一箱  颜色->黑麻+白麻,ALL,TEMU,C,T99,0.0000,0.0000,0.0000,0.00,0.00,0.00,0,0.0000,6 个月 · 全平台 · 全量 SKU · 2026-07-09,published
DJ505470_3,US SD 升降假L桌带文件柜 一件一箱  颜色->黑麻+白麻,ALL,UNKNOWN,C,T99,0.0000,0.0000,0.0000,0.00,0.00,0.00,0,0.0000,6 个月 · 全平台 · 全量 SKU · 2026-07-09,published
DJ505470_3,US SD 升降假L桌带文件柜 一件一箱  颜色->黑麻+白麻,ALL,WALMART,C,T99,0.0000,0.0000,0.0000,0.00,0.00,0.00,0,0.0000,6 个月 · 全平台 · 全量 SKU · 2026-07-09,published
DJ505471_1,UK DC 软包双灯款气动床BQQ-02 ZY 93款  灰色 一件两箱 90*190,ALL,AMAZON,B,T99,0.0000,0.0000,0.0000,0.00,0.00,0.00,113,3.6452,6 个月 · 全平台 · 全量 SKU · 2026-07-09,published
DJ505471_2,UK DC 软包双灯款气动床BQQ-02 ZY 93款  灰色 一件两箱135*190,ALL,AMAZON,B,T99,0.0000,0.0000,0.0000,0.00,0.00,0.00,56,1.8065,6 个月 · 全平台 · 全量 SKU · 2026-07-09,published
DJ505473_1,UK AG 铁木悬浮床 软包靠背 双层置物 USB插排 灯带 床垫135*190cm 一件一箱 颜色->深灰色,ALL,AMAZON,C,T4B,0.8736,0.4697,0.4697,27.08,14.56,14.56,3,0.0968,6 个月 · 全平台 · 全量 SKU · 2026-07-09,published
DJ505473_1,UK AG 铁木悬浮床 软包靠背 双层置物 USB插排 灯带 床垫135*190cm 一件一箱 颜色->深灰色,ALL,UNKNOWN,C,T4B,0.5286,0.2537,0.2537,16.39,7.86,7.86,0,0.0000,6 个月 · 全平台 · 全量 SKU · 2026-07-09,published
DJ505473_2,UK AG 铁木悬浮床 软包靠背 双层置物 USB插排 灯带 床垫135*190cm 一件一箱 颜色->米白,ALL,AMAZON,C,T4B,0.3000,0.1440,0.1440,9.30,4.46,4.46,22,0.7097,6 个月 · 全平台 · 全量 SKU · 2026-07-09,published
DJ505473_2,UK AG 铁木悬浮床 软包靠背 双层置物 USB插排 灯带 床垫135*190cm 一件一箱 颜色->米白,ALL,UNKNOWN,C,T4B,0.1357,0.0651,0.0651,4.21,2.02,2.02,17,0.5484,6 个月 · 全平台 · 全量 SKU · 2026-07-09,published
DJ505474_1,UK AG 铁木悬浮床 软包靠背 双层置物 USB插排 灯带 床垫150*200cm 一件一箱 颜色->深灰色,ALL,AMAZON,C,T4B,0.1643,0.0789,0.0789,5.09,2.45,2.45,86,2.7742,6 个月 · 全平台 · 全量 SKU · 2026-07-09,published
DJ505474_1,UK AG 铁木悬浮床 软包靠背 双层置物 USB插排 灯带 床垫150*200cm 一件一箱 颜色->深灰色,ALL,UNKNOWN,C,T4B,0.1857,0.0891,0.0891,5.76,2.76,2.76,8,0.2581,6 个月 · 全平台 · 全量 SKU · 2026-07-09,published
DJ505475_1,US AG 板式床 亚克力推拉门 靠背翻盖 造型立柱 4抽 F款 一件两箱 颜色->白色,ALL,AMAZON,C,T4B,0.4571,0.2194,0.2194,14.17,6.80,6.80,10,0.3226,6 个月 · 全平台 · 全量 SKU · 2026-07-09,published
DJ505475_1,US AG 板式床 亚克力推拉门 靠背翻盖 造型立柱 4抽 F款 一件两箱 颜色->白色,ALL,WALMART,C,T99,0.0000,0.0000,0.0000,0.00,0.00,0.00,0,0.0000,6 个月 · 全平台 · 全量 SKU · 2026-07-09,published
DJ505475_2,US AG 板式床 亚克力推拉门 靠背翻盖 造型立柱 4抽 F款 一件两箱 颜色->灰色,ALL,UNKNOWN,C,T99,0.0000,0.0000,0.0000,0.00,0.00,0.00,8,0.2581,6 个月 · 全平台 · 全量 SKU · 2026-07-09,published
DJ505475_2,US AG 板式床 亚克力推拉门 靠背翻盖 造型立柱 4抽 F款 一件两箱 颜色->灰色,ALL,WALMART,C,T99,0.0000,0.0000,0.0000,0.00,0.00,0.00,0,0.0000,6 个月 · 全平台 · 全量 SKU · 2026-07-09,published
DJ505476_1,US AG 板式床 亚克力推拉门 靠背翻盖 造型立柱 4抽 Q款 一件两箱 颜色->白色,ALL,UNKNOWN,C,T99,0.0000,0.0000,0.0000,0.00,0.00,0.00,0,0.0000,6 个月 · 全平台 · 全量 SKU · 2026-07-09,published
DJ505476_2,US AG 板式床 亚克力推拉门 靠背翻盖 造型立柱 4抽 Q款 一件两箱 颜色->灰色,ALL,AMAZON,C,T4B,0.5214,0.2503,0.2503,16.16,7.76,7.76,4,0.1290,6 个月 · 全平台 · 全量 SKU · 2026-07-09,published
DJ505476_2,US AG 板式床 亚克力推拉门 靠背翻盖 造型立柱 4抽 Q款 一件两箱 颜色->灰色,ALL,WALMART,C,T99,0.0000,0.0000,0.0000,0.00,0.00,0.00,0,0.0000,6 个月 · 全平台 · 全量 SKU · 2026-07-09,published
DJ505477_1,US VD 低高架床 侧边步梯 渐变色9布抽 F 一件两箱 颜色->白色,ALL,AMAZON,C,T4B,1.4005,0.7126,0.7126,43.42,22.09,22.09,29,0.9355,6 个月 · 全平台 · 全量 SKU · 2026-07-09,published
DJ505477_1,US VD 低高架床 侧边步梯 渐变色9布抽 F 一件两箱 颜色->白色,ALL,UNKNOWN,C,T4B,0.6676,0.3589,0.3589,20.70,11.13,11.13,25,0.8065,6 个月 · 全平台 · 全量 SKU · 2026-07-09,published
DJ505477_2,US VD 低高架床 侧边步梯 渐变色9布抽 F 一件两箱 颜色->灰色,ALL,AMAZON,B,T4B,1.5604,0.7940,0.7940,48.37,24.61,24.61,57,1.8387,6 个月 · 全平台 · 全量 SKU · 2026-07-09,published
DJ505477_2,US VD 低高架床 侧边步梯 渐变色9布抽 F 一件两箱 颜色->灰色,ALL,UNKNOWN,B,T4B,1.1088,0.5961,0.5961,34.37,18.48,18.48,40,1.2903,6 个月 · 全平台 · 全量 SKU · 2026-07-09,published
DJ505477_2,US VD 低高架床 侧边步梯 渐变色9布抽 F 一件两箱 颜色->灰色,ALL,WALMART,B,T4B,0.2154,0.1158,0.1158,6.68,3.59,3.59,11,0.3548,6 个月 · 全平台 · 全量 SKU · 2026-07-09,published
DJ505478_1,US VD JYH216 PU软包4抽床 火烧云板 靠背掀盖 双灯带 F 一件两箱 颜色->黑色,ALL,AMAZON,C,T4B,0.4879,0.1991,0.1991,15.12,6.17,6.17,26,0.8387,6 个月 · 全平台 · 全量 SKU · 2026-07-09,published
DJ505478_2,US VD JYH216 PU软包4抽床 灰色板 靠背掀盖 双灯带 F 一件两箱 颜色->白色,ALL,AMAZON,C,T4B,0.8247,0.4196,0.4196,25.57,13.01,13.01,22,0.7097,6 个月 · 全平台 · 全量 SKU · 2026-07-09,published
DJ505479_1,US AG 柜门翻盖四抽书架床 T 一件一箱 颜色->白色,ALL,AMAZON,C,T4B,0.7440,0.3785,0.3785,23.06,11.73,11.73,17,0.5484,6 个月 · 全平台 · 全量 SKU · 2026-07-09,published
DJ505479_2,US AG 柜门翻盖四抽书架床 T 一件一箱 颜色->灰色,ALL,AMAZON,C,T4B,0.6170,0.3317,0.3317,19.13,10.28,10.28,25,0.8065,6 个月 · 全平台 · 全量 SKU · 2026-07-09,published
DJ505480_1,US AG 柜门翻盖四抽书架床 F 一件两箱 颜色->白色,ALL,AMAZON,B,T4B,1.3132,0.6681,0.6681,40.71,20.71,20.71,56,1.8065,6 个月 · 全平台 · 全量 SKU · 2026-07-09,published
DJ505480_1,US AG 柜门翻盖四抽书架床 F 一件两箱 颜色->白色,ALL,UNKNOWN,B,T4B,0.7165,0.3852,0.3852,22.21,11.94,11.94,18,0.5806,6 个月 · 全平台 · 全量 SKU · 2026-07-09,published
DJ505480_2,US AG 柜门翻盖四抽书架床 F 一件两箱 颜色->灰色,ALL,AMAZON,C,T4B,0.5055,0.2572,0.2572,15.67,7.97,7.97,18,0.5806,6 个月 · 全平台 · 全量 SKU · 2026-07-09,published
DJ505481_1,US AG 柜门翻盖四抽书架床 Q 一件两箱 颜色->白色,ALL,AMAZON,C,T4B,1.1027,0.5611,0.5611,34.18,17.39,17.39,46,1.4839,6 个月 · 全平台 · 全量 SKU · 2026-07-09,published
DJ505481_1,US AG 柜门翻盖四抽书架床 Q 一件两箱 颜色->白色,ALL,UNKNOWN,C,T4B,0.4566,0.2192,0.2192,14.15,6.80,6.80,17,0.5484,6 个月 · 全平台 · 全量 SKU · 2026-07-09,published
DJ505481_1,US AG 柜门翻盖四抽书架床 Q 一件两箱 颜色->白色,ALL,WALMART,C,T99,0.0000,0.0000,0.0000,0.00,0.00,0.00,7,0.2258,6 个月 · 全平台 · 全量 SKU · 2026-07-09,published
DJ505481_2,US AG 柜门翻盖四抽书架床 Q 一件两箱 颜色->灰色,ALL,AMAZON,C,T4B,0.8478,0.4558,0.4558,26.28,14.13,14.13,30,0.9677,6 个月 · 全平台 · 全量 SKU · 2026-07-09,published
DJ505482_1,US 80cm拱形板式储物马桶架 一件一箱 颜色->7625手抓纹三胺,ALL,TEMU,C,T99,0.0000,0.0000,0.0000,0.00,0.00,0.00,0,0.0000,6 个月 · 全平台 · 全量 SKU · 2026-07-09,published
DJ505482_1,US 80cm拱形板式储物马桶架 一件一箱 颜色->7625手抓纹三胺,ALL,WALMART,C,T99,0.0000,0.0000,0.0000,0.00,0.00,0.00,0,0.0000,6 个月 · 全平台 · 全量 SKU · 2026-07-09,published
DJ505482_2,US 80cm拱形板式储物马桶架 一件一箱 颜色->黑色,ALL,AMAZON,B,T99,0.0000,0.0000,0.0000,0.00,0.00,0.00,0,0.0000,6 个月 · 全平台 · 全量 SKU · 2026-07-09,published
DJ505482_2,US 80cm拱形板式储物马桶架 一件一箱 颜色->黑色,ALL,TEMU,B,T99,0.0000,0.0000,0.0000,0.00,0.00,0.00,0,0.0000,6 个月 · 全平台 · 全量 SKU · 2026-07-09,published
DJ505482_2,US 80cm拱形板式储物马桶架 一件一箱 颜色->黑色,ALL,WALMART,B,T99,0.0000,0.0000,0.0000,0.00,0.00,0.00,0,0.0000,6 个月 · 全平台 · 全量 SKU · 2026-07-09,published
DJ505483_1,US 1.2米双铁网门厨房置物架 一件一箱 颜色-> 颜色->黑麻,ALL,AMAZON,C,T4B,1.2857,0.6171,0.6171,39.86,19.13,19.13,43,1.3871,6 个月 · 全平台 · 全量 SKU · 2026-07-09,published
DJ505483_1,US 1.2米双铁网门厨房置物架 一件一箱 颜色-> 颜色->黑麻,ALL,TEMU,C,T4B,0.2571,0.1234,0.1234,7.97,3.83,3.83,9,0.2903,6 个月 · 全平台 · 全量 SKU · 2026-07-09,published
DJ505483_1,US 1.2米双铁网门厨房置物架 一件一箱 颜色-> 颜色->黑麻,ALL,UNKNOWN,C,T99,0.0000,0.0000,0.0000,0.00,0.00,0.00,3,0.0968,6 个月 · 全平台 · 全量 SKU · 2026-07-09,published
DJ505483_2,US 1.2米双铁网门厨房置物架 一件一箱 颜色-> 颜色->复古白,ALL,AMAZON,C,T4B,0.7929,0.3806,0.3806,24.58,11.80,11.80,36,1.1613,6 个月 · 全平台 · 全量 SKU · 2026-07-09,published
DJ505483_2,US 1.2米双铁网门厨房置物架 一件一箱 颜色-> 颜色->复古白,ALL,TEMU,C,T4B,0.2214,0.1063,0.1063,6.86,3.30,3.30,12,0.3871,6 个月 · 全平台 · 全量 SKU · 2026-07-09,published
DJ505483_3,US 1.2米双铁网门厨房置物架 一件一箱 颜色-> 颜色->火烧云,ALL,AMAZON,C,T4B,1.9742,1.0613,1.0613,61.20,32.90,32.90,67,2.1613,6 个月 · 全平台 · 全量 SKU · 2026-07-09,published
DJ505483_3,US 1.2米双铁网门厨房置物架 一件一箱 颜色-> 颜色->火烧云,ALL,TEMU,C,T4B,0.3214,0.1543,0.1543,9.96,4.78,4.78,23,0.7419,6 个月 · 全平台 · 全量 SKU · 2026-07-09,published
DJ505485_1,"US UA DK-SJ02 板式一型带灯侧柜升降桌 一件两箱 颜色->#1,胡桃色+白色",ALL,WALMART,C,T99,0.0000,0.0000,0.0000,0.00,0.00,0.00,4,0.1290,6 个月 · 全平台 · 全量 SKU · 2026-07-09,published
DJ505486_1,"US UA SH 带轮托盘换鞋凳150cm 一件一箱 颜色->#1,做旧白+胡桃木",ALL,AMAZON,C,T4B,0.5725,0.3078,0.3078,17.75,9.54,9.54,21,0.6774,6 个月 · 全平台 · 全量 SKU · 2026-07-09,published
DJ505486_1,"US UA SH 带轮托盘换鞋凳150cm 一件一箱 颜色->#1,做旧白+胡桃木",ALL,TEMU,C,T99,0.0000,0.0000,0.0000,0.00,0.00,0.00,2,0.0645,6 个月 · 全平台 · 全量 SKU · 2026-07-09,published
DJ505486_1,"US UA SH 带轮托盘换鞋凳150cm 一件一箱 颜色->#1,做旧白+胡桃木",ALL,TIKTOK,C,T99,0.0000,0.0000,0.0000,0.00,0.00,0.00,0,0.0000,6 个月 · 全平台 · 全量 SKU · 2026-07-09,published
DJ505487_1,"UK KM BF-TR01 基础款铁木床头软包床 尺码->L,135*190;颜色->白色,白色+原木色",ALL,AMAZON,C,T4B,0.6005,0.3229,0.3229,18.62,10.01,10.01,55,1.7742,6 个月 · 全平台 · 全量 SKU · 2026-07-09,published
DJ505487_2,"UK KM BF-TR01 基础款铁木床头软包床 尺码->L,135*190;颜色->灰色,灰色+复古色",ALL,AMAZON,C,T4B,1.1588,0.6230,0.6230,35.92,19.31,19.31,33,1.0645,6 个月 · 全平台 · 全量 SKU · 2026-07-09,published
DJ505488_1,"UK KM BF-XF01 软包带床头-悬浮床 一箱一个  尺码->L,135*190;颜色->灰色,亚麻-灰色",ALL,AMAZON,C,T4B,1.0104,0.5432,0.5432,31.32,16.84,16.84,46,1.4839,6 个月 · 全平台 · 全量 SKU · 2026-07-09,published
DJ505489_1,"UK KM BF-RK01 软包基础靠背收纳款 尺码->L,135*190;颜色->灰色,亚麻-灰",ALL,AMAZON,C,T4B,0.7022,0.3775,0.3775,21.77,11.70,11.70,24,0.7742,6 个月 · 全平台 · 全量 SKU · 2026-07-09,published
DJ505490_1,"UK KM BF TM02 床头拼板3灯带 单包 尺码->L,135*190;颜色->黑色,包覆+麻面",ALL,AMAZON,C,T4B,0.9176,0.4933,0.4933,28.45,15.29,15.29,60,1.9355,6 个月 · 全平台 · 全量 SKU · 2026-07-09,published
DJ505491_1,"UK KM BF-LA01 铁木床铁线镂空  一箱一件  尺码->L,135*190;颜色->棕色,复古色",ALL,AMAZON,C,T4B,1.1319,0.6085,0.6085,35.09,18.86,18.86,69,2.2258,6 个月 · 全平台 · 全量 SKU · 2026-07-09,published
DJ505492_1,UK KM 板式镜柜LED 白色 一箱一个 颜色->白色,ALL,AMAZON,C,T4B,1.2115,0.6513,0.6513,37.56,20.19,20.19,29,0.9355,6 个月 · 全平台 · 全量 SKU · 2026-07-09,published
DJ505493_1,US 1.15米铁木四门厨房置物架带灯 一件一箱 颜色->黑色,ALL,AMAZON,D,T99,0.0000,0.0000,0.0000,0.00,0.00,0.00,45,1.4516,6 个月 · 全平台 · 全量 SKU · 2026-07-09,published
DJ505493_1,US 1.15米铁木四门厨房置物架带灯 一件一箱 颜色->黑色,ALL,TEMU,D,T99,0.0000,0.0000,0.0000,0.00,0.00,0.00,30,0.9677,6 个月 · 全平台 · 全量 SKU · 2026-07-09,published
DJ505493_1,US 1.15米铁木四门厨房置物架带灯 一件一箱 颜色->黑色,ALL,TIKTOK,D,T99,0.0000,0.0000,0.0000,0.00,0.00,0.00,195,6.2903,6 个月 · 全平台 · 全量 SKU · 2026-07-09,published
DJ505493_1,US 1.15米铁木四门厨房置物架带灯 一件一箱 颜色->黑色,ALL,UNKNOWN,D,T99,0.0000,0.0000,0.0000,0.00,0.00,0.00,5,0.1613,6 个月 · 全平台 · 全量 SKU · 2026-07-09,published
DJ505493_1,US 1.15米铁木四门厨房置物架带灯 一件一箱 颜色->黑色,ALL,WALMART,D,T99,0.0000,0.0000,0.0000,0.00,0.00,0.00,6,0.1935,6 个月 · 全平台 · 全量 SKU · 2026-07-09,published
DJ505493_2,US 1.15米铁木四门厨房置物架带灯 一件一箱 颜色->989-3灰色,ALL,AMAZON,C,T4B,0.4857,0.2331,0.2331,15.06,7.23,7.23,55,1.7742,6 个月 · 全平台 · 全量 SKU · 2026-07-09,published
DJ505493_2,US 1.15米铁木四门厨房置物架带灯 一件一箱 颜色->989-3灰色,ALL,TEMU,C,T99,0.0000,0.0000,0.0000,0.00,0.00,0.00,14,0.4516,6 个月 · 全平台 · 全量 SKU · 2026-07-09,published
DJ505493_2,US 1.15米铁木四门厨房置物架带灯 一件一箱 颜色->989-3灰色,ALL,TIKTOK,C,T99,0.0000,0.0000,0.0000,0.00,0.00,0.00,175,5.6452,6 个月 · 全平台 · 全量 SKU · 2026-07-09,published
DJ505493_2,US 1.15米铁木四门厨房置物架带灯 一件一箱 颜色->989-3灰色,ALL,UNKNOWN,C,T99,0.0000,0.0000,0.0000,0.00,0.00,0.00,3,0.0968,6 个月 · 全平台 · 全量 SKU · 2026-07-09,published
DJ505493_2,US 1.15米铁木四门厨房置物架带灯 一件一箱 颜色->989-3灰色,ALL,WALMART,C,T99,0.0000,0.0000,0.0000,0.00,0.00,0.00,9,0.2903,6 个月 · 全平台 · 全量 SKU · 2026-07-09,published
DJ505493_3,US 1.15米铁木四门厨房置物架带灯 一件一箱 颜色->火烧云,ALL,AMAZON,C,T4B,0.7357,0.3531,0.3531,22.81,10.95,10.95,167,5.3871,6 个月 · 全平台 · 全量 SKU · 2026-07-09,published
DJ505493_3,US 1.15米铁木四门厨房置物架带灯 一件一箱 颜色->火烧云,ALL,TEMU,C,T99,0.0000,0.0000,0.0000,0.00,0.00,0.00,45,1.4516,6 个月 · 全平台 · 全量 SKU · 2026-07-09,published
DJ505493_3,US 1.15米铁木四门厨房置物架带灯 一件一箱 颜色->火烧云,ALL,TIKTOK,C,T4B,0.3500,0.1680,0.1680,10.85,5.21,5.21,416,13.4194,6 个月 · 全平台 · 全量 SKU · 2026-07-09,published
DJ505493_3,US 1.15米铁木四门厨房置物架带灯 一件一箱 颜色->火烧云,ALL,UNKNOWN,C,T99,0.0000,0.0000,0.0000,0.00,0.00,0.00,1,0.0323,6 个月 · 全平台 · 全量 SKU · 2026-07-09,published
DJ505493_3,US 1.15米铁木四门厨房置物架带灯 一件一箱 颜色->火烧云,ALL,WALMART,C,T99,0.0000,0.0000,0.0000,0.00,0.00,0.00,5,0.1613,6 个月 · 全平台 · 全量 SKU · 2026-07-09,published
DJ505493_4,US 1.15米铁木四门厨房置物架带灯 一件一箱 颜色->白色,ALL,AMAZON,C,T4B,0.3643,0.1749,0.1749,11.29,5.42,5.42,46,1.4839,6 个月 · 全平台 · 全量 SKU · 2026-07-09,published
DJ505493_4,US 1.15米铁木四门厨房置物架带灯 一件一箱 颜色->白色,ALL,TEMU,C,T99,0.0000,0.0000,0.0000,0.00,0.00,0.00,46,1.4839,6 个月 · 全平台 · 全量 SKU · 2026-07-09,published
DJ505493_4,US 1.15米铁木四门厨房置物架带灯 一件一箱 颜色->白色,ALL,TIKTOK,C,T99,0.0000,0.0000,0.0000,0.00,0.00,0.00,118,3.8065,6 个月 · 全平台 · 全量 SKU · 2026-07-09,published
DJ505493_4,US 1.15米铁木四门厨房置物架带灯 一件一箱 颜色->白色,ALL,UNKNOWN,C,T99,0.0000,0.0000,0.0000,0.00,0.00,0.00,10,0.3226,6 个月 · 全平台 · 全量 SKU · 2026-07-09,published
DJ505494_1,"US UA DK-XZ08 一型圆拱腿开放置物行政桌 一件一箱 颜色->黑色,山纹黑",ALL,AMAZON,C,T4B,0.7643,0.3669,0.3669,23.69,11.37,11.37,50,1.6129,6 个月 · 全平台 · 全量 SKU · 2026-07-09,published
DJ505494_1,"US UA DK-XZ08 一型圆拱腿开放置物行政桌 一件一箱 颜色->黑色,山纹黑",ALL,UNKNOWN,C,T4B,0.4560,0.2452,0.2452,14.14,7.60,7.60,42,1.3548,6 个月 · 全平台 · 全量 SKU · 2026-07-09,published
DJ505494_1,"US UA DK-XZ08 一型圆拱腿开放置物行政桌 一件一箱 颜色->黑色,山纹黑",ALL,WALMART,C,T99,0.0000,0.0000,0.0000,0.00,0.00,0.00,4,0.1290,6 个月 · 全平台 · 全量 SKU · 2026-07-09,published
DJ505494_2,US UA DK-XZ08 一型圆拱腿开放置物行政桌 一件一箱 颜色->年轮橡木,ALL,AMAZON,D,T99,0.0000,0.0000,0.0000,0.00,0.00,0.00,96,3.0968,6 个月 · 全平台 · 全量 SKU · 2026-07-09,published
DJ505494_2,US UA DK-XZ08 一型圆拱腿开放置物行政桌 一件一箱 颜色->年轮橡木,ALL,UNKNOWN,D,T99,0.0000,0.0000,0.0000,0.00,0.00,0.00,27,0.8710,6 个月 · 全平台 · 全量 SKU · 2026-07-09,published
DJ505494_2,US UA DK-XZ08 一型圆拱腿开放置物行政桌 一件一箱 颜色->年轮橡木,ALL,WALMART,D,T99,0.0000,0.0000,0.0000,0.00,0.00,0.00,8,0.2581,6 个月 · 全平台 · 全量 SKU · 2026-07-09,published
DJ505495_1,US YL-924T储物低阁楼床+拖床 99*190cm 一件一箱 颜色->白色,ALL,UNKNOWN,C,T4B,0.2896,0.1557,0.1557,8.98,4.83,4.83,16,0.5161,6 个月 · 全平台 · 全量 SKU · 2026-07-09,published
DJ505495_2,US YL-924T储物低阁楼床+拖床 99*190cm 一件一箱 颜色->黑色,ALL,WALMART,C,T99,0.0000,0.0000,0.0000,0.00,0.00,0.00,2,0.0645,6 个月 · 全平台 · 全量 SKU · 2026-07-09,published
DJ505495_3,US YL-924T储物低阁楼床+拖床 99*190cm 一件一箱 颜色->粉色,ALL,AMAZON,C,T4B,0.3582,0.1462,0.1462,11.10,4.53,4.53,1,0.0323,6 个月 · 全平台 · 全量 SKU · 2026-07-09,published
DJ505495_3,US YL-924T储物低阁楼床+拖床 99*190cm 一件一箱 颜色->粉色,ALL,WALMART,C,T99,0.0000,0.0000,0.0000,0.00,0.00,0.00,1,0.0323,6 个月 · 全平台 · 全量 SKU · 2026-07-09,published
DJ505496_1,US 床BJS-2408T拱形双开门含插盘灯带 99*190 一件一箱 颜色 粉色绒布+白板,ALL,AMAZON,B,T4B,1.6330,0.8309,0.8309,50.62,25.76,25.76,37,1.1935,6 个月 · 全平台 · 全量 SKU · 2026-07-09,published
DJ505496_1,US 床BJS-2408T拱形双开门含插盘灯带 99*190 一件一箱 颜色 粉色绒布+白板,ALL,TIKTOK,B,T99,0.0000,0.0000,0.0000,0.00,0.00,0.00,7,0.2258,6 个月 · 全平台 · 全量 SKU · 2026-07-09,published
DJ505496_1,US 床BJS-2408T拱形双开门含插盘灯带 99*190 一件一箱 颜色 粉色绒布+白板,ALL,UNKNOWN,B,T4B,0.3874,0.2082,0.2082,12.01,6.45,6.45,20,0.6452,6 个月 · 全平台 · 全量 SKU · 2026-07-09,published
DJ505496_2,US 床BJS-2408T拱形双开门含插盘灯带 99*190 一件一箱 颜色 米白绒布+白板,ALL,TIKTOK,B,T99,0.0000,0.0000,0.0000,0.00,0.00,0.00,1,0.0323,6 个月 · 全平台 · 全量 SKU · 2026-07-09,published
DJ505496_2,US 床BJS-2408T拱形双开门含插盘灯带 99*190 一件一箱 颜色 米白绒布+白板,ALL,UNKNOWN,B,T4B,0.8571,0.4114,0.4114,26.57,12.75,12.75,61,1.9677,6 个月 · 全平台 · 全量 SKU · 2026-07-09,published
DJ505496_2,US 床BJS-2408T拱形双开门含插盘灯带 99*190 一件一箱 颜色 米白绒布+白板,ALL,WALMART,B,T99,0.0000,0.0000,0.0000,0.00,0.00,0.00,0,0.0000,6 个月 · 全平台 · 全量 SKU · 2026-07-09,published
DJ505497_1,EU AG 布抽软包靠背角落床 90*190 一件两箱 颜色->火烧云,ALL,AMAZON,D,T99,0.0000,0.0000,0.0000,0.00,0.00,0.00,61,1.9677,6 个月 · 全平台 · 全量 SKU · 2026-07-09,published
DJ505497_2,EU AG 布抽软包靠背角落床 90*190 一件两箱 颜色->白色,ALL,AMAZON,D,T4B,0.7786,0.3737,0.3737,24.14,11.58,11.58,30,0.9677,6 个月 · 全平台 · 全量 SKU · 2026-07-09,published
DJ505497_2,EU AG 布抽软包靠背角落床 90*190 一件两箱 颜色->白色,ALL,UNKNOWN,D,T99,0.0000,0.0000,0.0000,0.00,0.00,0.00,0,0.0000,6 个月 · 全平台 · 全量 SKU · 2026-07-09,published
DJ505498_1,EU AG 布抽软包靠背角落床 90*200 一件两箱 颜色->火烧云,ALL,AMAZON,C,T4B,0.2429,0.1166,0.1166,7.53,3.61,3.61,58,1.8710,6 个月 · 全平台 · 全量 SKU · 2026-07-09,published
DJ505498_1,EU AG 布抽软包靠背角落床 90*200 一件两箱 颜色->火烧云,ALL,UNKNOWN,C,T99,0.0000,0.0000,0.0000,0.00,0.00,0.00,27,0.8710,6 个月 · 全平台 · 全量 SKU · 2026-07-09,published
DJ505498_2,EU AG 布抽软包靠背角落床 90*200 一件两箱 颜色->白色,ALL,AMAZON,C,T4B,0.6214,0.2983,0.2983,19.26,9.25,9.25,75,2.4194,6 个月 · 全平台 · 全量 SKU · 2026-07-09,published
DJ505498_2,EU AG 布抽软包靠背角落床 90*200 一件两箱 颜色->白色,ALL,UNKNOWN,C,T99,0.0000,0.0000,0.0000,0.00,0.00,0.00,64,2.0645,6 个月 · 全平台 · 全量 SKU · 2026-07-09,published
DJ505498_3,EU AG 布抽软包靠背角落床 90*200 一件两箱 颜色->黑灰色,ALL,AMAZON,C,T4B,0.3714,0.1783,0.1783,11.51,5.53,5.53,52,1.6774,6 个月 · 全平台 · 全量 SKU · 2026-07-09,published
DJ505498_3,EU AG 布抽软包靠背角落床 90*200 一件两箱 颜色->黑灰色,ALL,UNKNOWN,C,T99,0.0000,0.0000,0.0000,0.00,0.00,0.00,18,0.5806,6 个月 · 全平台 · 全量 SKU · 2026-07-09,published
DJ505499_1,EU AG 布抽软包靠背角落床 140*190 一件两箱 颜色->火烧云,ALL,AMAZON,C,T4B,0.4071,0.1954,0.1954,12.62,6.06,6.06,86,2.7742,6 个月 · 全平台 · 全量 SKU · 2026-07-09,published
DJ505499_1,EU AG 布抽软包靠背角落床 140*190 一件两箱 颜色->火烧云,ALL,UNKNOWN,C,T99,0.0000,0.0000,0.0000,0.00,0.00,0.00,0,0.0000,6 个月 · 全平台 · 全量 SKU · 2026-07-09,published
DJ505499_2,EU AG 布抽软包靠背角落床 140*190 一件两箱 颜色->白色,ALL,AMAZON,C,T4B,0.6143,0.2949,0.2949,19.04,9.14,9.14,62,2.0000,6 个月 · 全平台 · 全量 SKU · 2026-07-09,published
DJ505500_1,EU AG 布抽软包靠背角落床 140*200 一件两箱 颜色->火烧云,ALL,AMAZON,C,T4B,0.2357,0.1131,0.1131,7.31,3.51,3.51,82,2.6452,6 个月 · 全平台 · 全量 SKU · 2026-07-09,published
DJ505500_1,EU AG 布抽软包靠背角落床 140*200 一件两箱 颜色->火烧云,ALL,UNKNOWN,C,T99,0.0000,0.0000,0.0000,0.00,0.00,0.00,25,0.8065,6 个月 · 全平台 · 全量 SKU · 2026-07-09,published
DJ505500_2,EU AG 布抽软包靠背角落床 140*200 一件两箱 颜色->白色,ALL,AMAZON,C,T4B,0.5357,0.2571,0.2571,16.61,7.97,7.97,39,1.2581,6 个月 · 全平台 · 全量 SKU · 2026-07-09,published
DJ505500_2,EU AG 布抽软包靠背角落床 140*200 一件两箱 颜色->白色,ALL,UNKNOWN,C,T99,0.0000,0.0000,0.0000,0.00,0.00,0.00,23,0.7419,6 个月 · 全平台 · 全量 SKU · 2026-07-09,published
DJ505500_3,EU AG 布抽软包靠背角落床 140*200 一件两箱 颜色->黑灰色,ALL,AMAZON,C,T4B,0.6214,0.2983,0.2983,19.26,9.25,9.25,2,0.0645,6 个月 · 全平台 · 全量 SKU · 2026-07-09,published
DJ505500_3,EU AG 布抽软包靠背角落床 140*200 一件两箱 颜色->黑灰色,ALL,UNKNOWN,C,T99,0.0000,0.0000,0.0000,0.00,0.00,0.00,0,0.0000,6 个月 · 全平台 · 全量 SKU · 2026-07-09,published
DJ505501_1,US DC 高架床 LB-01  GS 上床下桌+L桌布抽款  T 尺寸 一件两箱 颜色->黑色,ALL,TIKTOK,C,T99,0.0000,0.0000,0.0000,0.00,0.00,0.00,2,0.0645,6 个月 · 全平台 · 全量 SKU · 2026-07-09,published
DJ505501_2,US DC 高架床 LB-01  GS 上床下桌+L桌布抽款  T 尺寸 一件两箱 颜色->白色,ALL,AMAZON,C,T4B,0.7852,0.3203,0.3203,24.34,9.93,9.93,2,0.0645,6 个月 · 全平台 · 全量 SKU · 2026-07-09,published
DJ505502_1,"US 床YLS-208K软包全拆弧形床头悬浮含插盘灯带 193*203 一件两箱  颜色,麻布深灰",ALL,TIKTOK,C,T99,0.0000,0.0000,0.0000,0.00,0.00,0.00,0,0.0000,6 个月 · 全平台 · 全量 SKU · 2026-07-09,published
DJ505503_1_WF,"US 床YLS-263K软包全拆弧形床头悬浮含插盘灯193*203 一件两箱 颜色->#1,黑色PU",ALL,UNKNOWN,C,T4B,1.4143,0.6789,0.6789,43.84,21.05,21.05,16,0.5161,6 个月 · 全平台 · 全量 SKU · 2026-07-09,published
DJ505504_1,UK AG JYH213A 棉麻软包气杆床 圆弧掀盖靠背 双灯带 90*190cm 一件两箱 颜色->深灰色,ALL,AMAZON,C,T4B,0.6571,0.3154,0.3154,20.37,9.78,9.78,0,0.0000,6 个月 · 全平台 · 全量 SKU · 2026-07-09,published
DJ505504_1,UK AG JYH213A 棉麻软包气杆床 圆弧掀盖靠背 双灯带 90*190cm 一件两箱 颜色->深灰色,ALL,UNKNOWN,C,T99,0.0000,0.0000,0.0000,0.00,0.00,0.00,0,0.0000,6 个月 · 全平台 · 全量 SKU · 2026-07-09,published
DJ505504_2,UK AG JYH213A 棉麻软包气杆床 圆弧掀盖靠背 双灯带 90*190cm 一件两箱 颜色->米白,ALL,AMAZON,C,T4B,0.6571,0.3154,0.3154,20.37,9.78,9.78,0,0.0000,6 个月 · 全平台 · 全量 SKU · 2026-07-09,published
DJ505505_1,UK AG JYH213A 棉麻软包气杆床 圆弧掀盖靠背 双灯带 135*190cm 一件两箱 颜色->深灰色,ALL,AMAZON,C,T4B,0.4714,0.2263,0.2263,14.61,7.02,7.02,119,3.8387,6 个月 · 全平台 · 全量 SKU · 2026-07-09,published
DJ505505_2,UK AG JYH213A 棉麻软包气杆床 圆弧掀盖靠背 双灯带 135*190cm 一件两箱 颜色->米白,ALL,AMAZON,C,T4B,0.4500,0.2160,0.2160,13.95,6.70,6.70,76,2.4516,6 个月 · 全平台 · 全量 SKU · 2026-07-09,published
DJ505505_2,UK AG JYH213A 棉麻软包气杆床 圆弧掀盖靠背 双灯带 135*190cm 一件两箱 颜色->米白,ALL,UNKNOWN,C,T99,0.0000,0.0000,0.0000,0.00,0.00,0.00,4,0.1290,6 个月 · 全平台 · 全量 SKU · 2026-07-09,published
DJ505506_1,UK AG JYH205A 棉麻软包气杆床 圆弧掀盖靠背 双灯带 150*200cm 一件两箱 颜色->深灰色,ALL,AMAZON,D,T99,0.0000,0.0000,0.0000,0.00,0.00,0.00,18,0.5806,6 个月 · 全平台 · 全量 SKU · 2026-07-09,published
DJ505506_1,UK AG JYH205A 棉麻软包气杆床 圆弧掀盖靠背 双灯带 150*200cm 一件两箱 颜色->深灰色,ALL,UNKNOWN,D,T99,0.0000,0.0000,0.0000,0.00,0.00,0.00,0,0.0000,6 个月 · 全平台 · 全量 SKU · 2026-07-09,published
DJ505506_2,UK AG JYH205A 棉麻软包气杆床 圆弧掀盖靠背 双灯带 150*200cm 一件两箱 颜色->米白,ALL,AMAZON,D,T99,0.0000,0.0000,0.0000,0.00,0.00,0.00,13,0.4194,6 个月 · 全平台 · 全量 SKU · 2026-07-09,published
DJ505506_2,UK AG JYH205A 棉麻软包气杆床 圆弧掀盖靠背 双灯带 150*200cm 一件两箱 颜色->米白,ALL,UNKNOWN,D,T99,0.0000,0.0000,0.0000,0.00,0.00,0.00,3,0.0968,6 个月 · 全平台 · 全量 SKU · 2026-07-09,published
DJ505507_1,UK AG JYH208A 棉麻软包气杆床 床耳床尾3灯带 靠背翻盖 135*190cm 一件两箱 颜色->深灰色,ALL,AMAZON,B,T4B,1.8346,0.9863,0.9863,56.87,30.58,30.58,63,2.0323,6 个月 · 全平台 · 全量 SKU · 2026-07-09,published
DJ505507_1,UK AG JYH208A 棉麻软包气杆床 床耳床尾3灯带 靠背翻盖 135*190cm 一件两箱 颜色->深灰色,ALL,UNKNOWN,B,T99,0.0000,0.0000,0.0000,0.00,0.00,0.00,8,0.2581,6 个月 · 全平台 · 全量 SKU · 2026-07-09,published
DJ505507_2,UK AG JYH208A 棉麻软包气杆床 床耳床尾3灯带 靠背翻盖 135*190cm 一件两箱 颜色->米白,ALL,UNKNOWN,C,T99,0.0000,0.0000,0.0000,0.00,0.00,0.00,2,0.0645,6 个月 · 全平台 · 全量 SKU · 2026-07-09,published
DJ505508_1,UK AG JYH208A 棉麻软包气杆床 床耳床尾3灯带 靠背翻盖 150*200cm 一件两箱 颜色->深灰色,ALL,UNKNOWN,C,T99,0.0000,0.0000,0.0000,0.00,0.00,0.00,0,0.0000,6 个月 · 全平台 · 全量 SKU · 2026-07-09,published
DJ505508_2,UK AG JYH208A 棉麻软包气杆床 床耳床尾3灯带 靠背翻盖 150*200cm 一件两箱 颜色->米白,ALL,AMAZON,C,T4B,0.2571,0.1234,0.1234,7.97,3.83,3.83,16,0.5161,6 个月 · 全平台 · 全量 SKU · 2026-07-09,published
DJ505509_1,UK AG JYH215A 棉麻软包气杆床 火烧云板 靠背掀盖 双灯带 90*190cm 一件两箱 颜色->深灰色,ALL,AMAZON,C,T99,0.0000,0.0000,0.0000,0.00,0.00,0.00,43,1.3871,6 个月 · 全平台 · 全量 SKU · 2026-07-09,published
DJ505509_1,UK AG JYH215A 棉麻软包气杆床 火烧云板 靠背掀盖 双灯带 90*190cm 一件两箱 颜色->深灰色,ALL,UNKNOWN,C,T99,0.0000,0.0000,0.0000,0.00,0.00,0.00,26,0.8387,6 个月 · 全平台 · 全量 SKU · 2026-07-09,published
DJ505509_2,UK AG JYH215A 棉麻软包气杆床 灰色板 靠背掀盖 双灯带 90*190cm 一件两箱 颜色->米白,ALL,UNKNOWN,C,T99,0.0000,0.0000,0.0000,0.00,0.00,0.00,22,0.7097,6 个月 · 全平台 · 全量 SKU · 2026-07-09,published
DJ505510_1,UK AG JYH215A 棉麻软包气杆床 火烧云板 靠背掀盖 双灯带 135*190cm 一件两箱 颜色->深灰色,ALL,AMAZON,C,T99,0.0000,0.0000,0.0000,0.00,0.00,0.00,26,0.8387,6 个月 · 全平台 · 全量 SKU · 2026-07-09,published
DJ505510_1,UK AG JYH215A 棉麻软包气杆床 火烧云板 靠背掀盖 双灯带 135*190cm 一件两箱 颜色->深灰色,ALL,UNKNOWN,C,T99,0.0000,0.0000,0.0000,0.00,0.00,0.00,50,1.6129,6 个月 · 全平台 · 全量 SKU · 2026-07-09,published
DJ505510_2,UK AG JYH215A 棉麻软包气杆床 灰色板 靠背掀盖 双灯带 135*190cm 一件两箱 颜色->米白,ALL,UNKNOWN,C,T99,0.0000,0.0000,0.0000,0.00,0.00,0.00,32,1.0323,6 个月 · 全平台 · 全量 SKU · 2026-07-09,published
DJ505511_2,UK AG JYH215A 棉麻软包气杆床 灰色板 靠背掀盖 双灯带 150*200cm 一件两箱 颜色->米白,ALL,UNKNOWN,C,T4B,0.3000,0.1440,0.1440,9.30,4.46,4.46,19,0.6129,6 个月 · 全平台 · 全量 SKU · 2026-07-09,published
DJ505512_1,US VD JYH216 PU软包4抽床 火烧云板 靠背掀盖 双灯带 Q 一件两箱 颜色->黑色,ALL,AMAZON,C,T4B,0.4500,0.2160,0.2160,13.95,6.70,6.70,7,0.2258,6 个月 · 全平台 · 全量 SKU · 2026-07-09,published
DJ505512_2,US VD JYH216 PU软包4抽床 灰色板 靠背掀盖 双灯带 Q 一件两箱 颜色->白色,ALL,AMAZON,C,T4B,0.2857,0.1371,0.1371,8.86,4.25,4.25,21,0.6774,6 个月 · 全平台 · 全量 SKU · 2026-07-09,published
DJ505512_2,US VD JYH216 PU软包4抽床 灰色板 靠背掀盖 双灯带 Q 一件两箱 颜色->白色,ALL,WALMART,C,T99,0.0000,0.0000,0.0000,0.00,0.00,0.00,2,0.0645,6 个月 · 全平台 · 全量 SKU · 2026-07-09,published
DJ505513_1,US AG 柜门翻盖四抽书架床 K 一件两箱 颜色->白色,ALL,AMAZON,C,T99,0.0000,0.0000,0.0000,0.00,0.00,0.00,18,0.5806,6 个月 · 全平台 · 全量 SKU · 2026-07-09,published
DJ505513_1,US AG 柜门翻盖四抽书架床 K 一件两箱 颜色->白色,ALL,UNKNOWN,C,T99,0.0000,0.0000,0.0000,0.00,0.00,0.00,5,0.1613,6 个月 · 全平台 · 全量 SKU · 2026-07-09,published
DJ505513_1,US AG 柜门翻盖四抽书架床 K 一件两箱 颜色->白色,ALL,WALMART,C,T99,0.0000,0.0000,0.0000,0.00,0.00,0.00,3,0.0968,6 个月 · 全平台 · 全量 SKU · 2026-07-09,published
DJ505513_2,US AG 柜门翻盖四抽书架床 K 一件两箱 颜色->灰色,ALL,AMAZON,C,T99,0.0000,0.0000,0.0000,0.00,0.00,0.00,17,0.5484,6 个月 · 全平台 · 全量 SKU · 2026-07-09,published
DJ505513_2,US AG 柜门翻盖四抽书架床 K 一件两箱 颜色->灰色,ALL,UNKNOWN,C,T99,0.0000,0.0000,0.0000,0.00,0.00,0.00,1,0.0323,6 个月 · 全平台 · 全量 SKU · 2026-07-09,published
DJ505513_2,US AG 柜门翻盖四抽书架床 K 一件两箱 颜色->灰色,ALL,WALMART,C,T99,0.0000,0.0000,0.0000,0.00,0.00,0.00,0,0.0000,6 个月 · 全平台 · 全量 SKU · 2026-07-09,published
DJ505514_1,UK AG JYH208A 棉麻软包气杆床 床耳床尾3灯带 靠背翻盖 90*190cm 一件两箱 颜色->深灰色,ALL,AMAZON,C,T4B,0.7000,0.3360,0.3360,21.70,10.42,10.42,1,0.0323,6 个月 · 全平台 · 全量 SKU · 2026-07-09,published
DJ505514_1,UK AG JYH208A 棉麻软包气杆床 床耳床尾3灯带 靠背翻盖 90*190cm 一件两箱 颜色->深灰色,ALL,UNKNOWN,C,T99,0.0000,0.0000,0.0000,0.00,0.00,0.00,0,0.0000,6 个月 · 全平台 · 全量 SKU · 2026-07-09,published
DJ505514_2,UK AG JYH208A 棉麻软包气杆床 床耳床尾3灯带 靠背翻盖 90*190cm 一件两箱 颜色->米白,ALL,AMAZON,C,T4B,0.3286,0.1577,0.1577,10.19,4.89,4.89,44,1.4194,6 个月 · 全平台 · 全量 SKU · 2026-07-09,published
DJ505514_2,UK AG JYH208A 棉麻软包气杆床 床耳床尾3灯带 靠背翻盖 90*190cm 一件两箱 颜色->米白,ALL,UNKNOWN,C,T99,0.0000,0.0000,0.0000,0.00,0.00,0.00,2,0.0645,6 个月 · 全平台 · 全量 SKU · 2026-07-09,published
DJ505515_1,US AG 板式床 乡村风拼框 掀盖靠背 4抽 K款 一件两箱 颜色->白色,ALL,AMAZON,C,T4B,0.5643,0.2709,0.2709,17.49,8.40,8.40,27,0.8710,6 个月 · 全平台 · 全量 SKU · 2026-07-09,published
DJ505515_1,US AG 板式床 乡村风拼框 掀盖靠背 4抽 K款 一件两箱 颜色->白色,ALL,UNKNOWN,C,T4B,0.2857,0.1371,0.1371,8.86,4.25,4.25,22,0.7097,6 个月 · 全平台 · 全量 SKU · 2026-07-09,published
DJ505515_2,US AG 板式床 乡村风拼框 掀盖靠背 4抽 K款 一件两箱 颜色->灰色,ALL,AMAZON,C,T4B,1.3896,0.7470,0.7470,43.08,23.16,23.16,57,1.8387,6 个月 · 全平台 · 全量 SKU · 2026-07-09,published
DJ505515_2,US AG 板式床 乡村风拼框 掀盖靠背 4抽 K款 一件两箱 颜色->灰色,ALL,UNKNOWN,C,T4B,0.2533,0.1362,0.1362,7.85,4.22,4.22,14,0.4516,6 个月 · 全平台 · 全量 SKU · 2026-07-09,published
DJ505516_1,EU BW 软包气动床BQQ-01 HQ 608 白色 一件两箱90*190,ALL,AMAZON,C,T4B,0.3143,0.1509,0.1509,9.74,4.68,4.68,13,0.4194,6 个月 · 全平台 · 全量 SKU · 2026-07-09,published
DJ505516_2,"EU BW 软包气动床BQQ-01 HQ 608 白色 一件两箱,90*200",ALL,AMAZON,C,T4B,0.4500,0.2160,0.2160,13.95,6.70,6.70,8,0.2581,6 个月 · 全平台 · 全量 SKU · 2026-07-09,published
DJ505516_3,EU BW 软包气动床BQQ-01 HQ 608 白色 一件两箱 140*190,ALL,AMAZON,C,T4B,0.4879,0.2623,0.2623,15.12,8.13,8.13,25,0.8065,6 个月 · 全平台 · 全量 SKU · 2026-07-09,published
DJ505516_4,EU BW 软包气动床BQQ-01 HQ 608 白色 一件两箱 140*200,ALL,AMAZON,C,T4B,0.5857,0.2811,0.2811,18.16,8.71,8.71,21,0.6774,6 个月 · 全平台 · 全量 SKU · 2026-07-09,published
DJ505516_5,EU BW 软包气动床BQQ-01 HQ 608 白色 一件两箱 160*200,ALL,AMAZON,C,T4B,0.7857,0.3771,0.3771,24.36,11.69,11.69,37,1.1935,6 个月 · 全平台 · 全量 SKU · 2026-07-09,published
DJ505516_6,EU BW 软包气动床BQQ-01 HQ 608 白色 一件两箱 180*200,ALL,AMAZON,C,T4B,0.9357,0.4491,0.4491,29.01,13.92,13.92,9,0.2903,6 个月 · 全平台 · 全量 SKU · 2026-07-09,published
DJ505517_1,UK BW 软包气动床BQQ-01 HQ 608 白色 一件两箱90*190,ALL,AMAZON,C,T4B,0.8286,0.3977,0.3977,25.69,12.33,12.33,51,1.6452,6 个月 · 全平台 · 全量 SKU · 2026-07-09,published
DJ505517_2,"UK BW 软包气动床BQQ-01 HQ 608 白色 一件两箱,135*190",ALL,AMAZON,C,T4B,1.3429,0.6446,0.6446,41.63,19.98,19.98,10,0.3226,6 个月 · 全平台 · 全量 SKU · 2026-07-09,published
DJ505517_3,"UK BW 软包气动床BQQ-01 HQ 608 白色 一件两箱,150*200",ALL,AMAZON,C,T4B,1.0786,0.5177,0.5177,33.44,16.05,16.05,29,0.9355,6 个月 · 全平台 · 全量 SKU · 2026-07-09,published
DJ505518_1,UK BW 床头柜 窄柜 NSQL-01+感应灯+插排 DFS 白色 一件一箱,ALL,AMAZON,C,T4B,0.3143,0.1509,0.1509,9.74,4.68,4.68,71,2.2903,6 个月 · 全平台 · 全量 SKU · 2026-07-09,published
DJ505518_2,UK BW 床头柜 窄柜 NSQL-01+感应灯+插排 DFS 白色 两件一箱,ALL,AMAZON,C,T4B,0.3214,0.1543,0.1543,9.96,4.78,4.78,58,1.8710,6 个月 · 全平台 · 全量 SKU · 2026-07-09,published
DJ505519_2,UK BW SCQL-01鞋柜3翻盖6隔板+冷轧钢翻转  白色 一件一箱,ALL,AMAZON,C,T4B,0.3929,0.1886,0.1886,12.18,5.85,5.85,148,4.7742,6 个月 · 全平台 · 全量 SKU · 2026-07-09,published
DJ505519_3,UK BW SCQL-01鞋柜4翻盖8隔板+冷轧钢翻转  白色 一件一箱,ALL,AMAZON,C,T4B,0.6357,0.3051,0.3051,19.71,9.46,9.46,55,1.7742,6 个月 · 全平台 · 全量 SKU · 2026-07-09,published
DJ505520_1,UK BW CBQ-02 客卧床尾桌款青少年床90*190 白色 一件两箱,ALL,AMAZON,C,T4B,1.2857,0.6171,0.6171,39.86,19.13,19.13,0,0.0000,6 个月 · 全平台 · 全量 SKU · 2026-07-09,published
DJ505521_1,UK BW CBQ-04 客卧床尾收纳柜款青少年床90*190 白色 一件两箱,ALL,AMAZON,C,T4B,1.2571,0.6034,0.6034,38.97,18.71,18.71,0,0.0000,6 个月 · 全平台 · 全量 SKU · 2026-07-09,published
DJ505522_1,UK BW CBQ-06 客卧储物款青少年床90*190 橡木灰色 一件两箱,ALL,AMAZON,B,T99,0.0000,0.0000,0.0000,0.00,0.00,0.00,0,0.0000,6 个月 · 全平台 · 全量 SKU · 2026-07-09,published
DJ505522_2,UK BW CBQ-06 客卧储物款青少年床90*190 白色 一件两箱,ALL,AMAZON,C,T4B,1.1643,0.5589,0.5589,36.09,17.33,17.33,14,0.4516,6 个月 · 全平台 · 全量 SKU · 2026-07-09,published
DJ505522_2,UK BW CBQ-06 客卧储物款青少年床90*190 白色 一件两箱,ALL,UNKNOWN,C,T99,0.0000,0.0000,0.0000,0.00,0.00,0.00,0,0.0000,6 个月 · 全平台 · 全量 SKU · 2026-07-09,published
DJ505523_1,US UA BK-LMZ02 三拱门罗马柱书柜 一件一箱 颜色->黑色,ALL,AMAZON,C,T4B,0.7929,0.3806,0.3806,24.58,11.80,11.80,64,2.0645,6 个月 · 全平台 · 全量 SKU · 2026-07-09,published
DJ505524_1,US UA BK-LMZ03 单拱门罗马柱书柜80cm 一件一箱 颜色->黑色,ALL,AMAZON,C,T4B,0.6500,0.3120,0.3120,20.15,9.67,9.67,62,2.0000,6 个月 · 全平台 · 全量 SKU · 2026-07-09,published
DJ505524_1,US UA BK-LMZ03 单拱门罗马柱书柜80cm 一件一箱 颜色->黑色,ALL,TIKTOK,C,T99,0.0000,0.0000,0.0000,0.00,0.00,0.00,2,0.0645,6 个月 · 全平台 · 全量 SKU · 2026-07-09,published
DJ505524_1,US UA BK-LMZ03 单拱门罗马柱书柜80cm 一件一箱 颜色->黑色,ALL,UNKNOWN,C,T99,0.0000,0.0000,0.0000,0.00,0.00,0.00,29,0.9355,6 个月 · 全平台 · 全量 SKU · 2026-07-09,published
DJ505524_1,US UA BK-LMZ03 单拱门罗马柱书柜80cm 一件一箱 颜色->黑色,ALL,WALMART,C,T99,0.0000,0.0000,0.0000,0.00,0.00,0.00,2,0.0645,6 个月 · 全平台 · 全量 SKU · 2026-07-09,published
DJ505524_2,US UA BK-LMZ03 单拱门罗马柱书柜80cm 一件一箱 颜色->白色,ALL,AMAZON,C,T4B,0.6000,0.2880,0.2880,18.60,8.93,8.93,28,0.9032,6 个月 · 全平台 · 全量 SKU · 2026-07-09,published
DJ505525_1,US 床BJS-2406Q空格翻盖悬浮软包含插盘灯带153*203 一件一箱 颜色麻布深灰+木纹黑色板,ALL,TEMU,C,T4B,0.2956,0.1504,0.1504,9.16,4.66,4.66,1,0.0323,6 个月 · 全平台 · 全量 SKU · 2026-07-09,published
DJ505525_1,US 床BJS-2406Q空格翻盖悬浮软包含插盘灯带153*203 一件一箱 颜色麻布深灰+木纹黑色板,ALL,UNKNOWN,C,T4B,0.2159,0.1161,0.1161,6.69,3.60,3.60,15,0.4839,6 个月 · 全平台 · 全量 SKU · 2026-07-09,published
DJ505525_1,US 床BJS-2406Q空格翻盖悬浮软包含插盘灯带153*203 一件一箱 颜色麻布深灰+木纹黑色板,ALL,WALMART,C,T99,0.0000,0.0000,0.0000,0.00,0.00,0.00,0,0.0000,6 个月 · 全平台 · 全量 SKU · 2026-07-09,published
DJ505525_1_WF,US 床BJS-2406Q空格翻盖悬浮软包含插盘灯带153*203 一件一箱 颜色麻布深灰+木纹黑色板,ALL,UNKNOWN,D,T4B,1.2813,0.6519,0.6519,39.72,20.21,20.21,66,2.1290,6 个月 · 全平台 · 全量 SKU · 2026-07-09,published
DJ505526_1,US 床BJS-2406F空格翻盖悬浮软包含插盘灯带137*190 一件一箱 颜色 麻布深灰+木纹黑色板,ALL,TEMU,C,T99,0.0000,0.0000,0.0000,0.00,0.00,0.00,4,0.1290,6 个月 · 全平台 · 全量 SKU · 2026-07-09,published
DJ505526_1,US 床BJS-2406F空格翻盖悬浮软包含插盘灯带137*190 一件一箱 颜色 麻布深灰+木纹黑色板,ALL,TIKTOK,C,T99,0.0000,0.0000,0.0000,0.00,0.00,0.00,3,0.0968,6 个月 · 全平台 · 全量 SKU · 2026-07-09,published
DJ505526_1,US 床BJS-2406F空格翻盖悬浮软包含插盘灯带137*190 一件一箱 颜色 麻布深灰+木纹黑色板,ALL,UNKNOWN,C,T99,0.0000,0.0000,0.0000,0.00,0.00,0.00,14,0.4516,6 个月 · 全平台 · 全量 SKU · 2026-07-09,published
DJ505528_1,EU DC 铁木床 CBF-01L HQ 方管软包角落床带抽篮-606G 90*190 米白色 一件一箱,ALL,AMAZON,D,T4B,0.4214,0.2023,0.2023,13.06,6.27,6.27,40,1.2903,6 个月 · 全平台 · 全量 SKU · 2026-07-09,published
DJ505528_2,EU DC 铁木床 CBF-01L HQ 方管软包角落床带抽篮-606G 90*200 米白色 一件一箱,ALL,AMAZON,C,T4B,0.8571,0.4114,0.4114,26.57,12.75,12.75,10,0.3226,6 个月 · 全平台 · 全量 SKU · 2026-07-09,published
DJ505529_1,US 1.4米升降桌 一件两箱 颜色->橡木纹,ALL,AMAZON,C,T4B,1.7478,0.9396,0.9396,54.18,29.13,29.13,132,4.2581,6 个月 · 全平台 · 全量 SKU · 2026-07-09,published
DJ505529_1,US 1.4米升降桌 一件两箱 颜色->橡木纹,ALL,TEMU,C,T99,0.0000,0.0000,0.0000,0.00,0.00,0.00,3,0.0968,6 个月 · 全平台 · 全量 SKU · 2026-07-09,published
DJ505529_1,US 1.4米升降桌 一件两箱 颜色->橡木纹,ALL,UNKNOWN,C,T99,0.0000,0.0000,0.0000,0.00,0.00,0.00,0,0.0000,6 个月 · 全平台 · 全量 SKU · 2026-07-09,published
DJ505529_1,US 1.4米升降桌 一件两箱 颜色->橡木纹,ALL,WALMART,C,T99,0.0000,0.0000,0.0000,0.00,0.00,0.00,0,0.0000,6 个月 · 全平台 · 全量 SKU · 2026-07-09,published
DJ505530_1,US 纯板材吸塑竖条纹错层L高桌 一件两箱 颜色->原木色,ALL,AMAZON,C,T4B,0.9929,0.4766,0.4766,30.78,14.77,14.77,63,2.0323,6 个月 · 全平台 · 全量 SKU · 2026-07-09,published
DJ505530_1,US 纯板材吸塑竖条纹错层L高桌 一件两箱 颜色->原木色,ALL,TEMU,C,T99,0.0000,0.0000,0.0000,0.00,0.00,0.00,0,0.0000,6 个月 · 全平台 · 全量 SKU · 2026-07-09,published
DJ505530_1,US 纯板材吸塑竖条纹错层L高桌 一件两箱 颜色->原木色,ALL,TIKTOK,C,T99,0.0000,0.0000,0.0000,0.00,0.00,0.00,2,0.0645,6 个月 · 全平台 · 全量 SKU · 2026-07-09,published
DJ505530_2,US 纯板材吸塑竖条纹错层L高桌 一件两箱 颜色->黑色,ALL,AMAZON,C,T99,0.0000,0.0000,0.0000,0.00,0.00,0.00,96,3.0968,6 个月 · 全平台 · 全量 SKU · 2026-07-09,published
DJ505530_2,US 纯板材吸塑竖条纹错层L高桌 一件两箱 颜色->黑色,ALL,TEMU,C,T99,0.0000,0.0000,0.0000,0.00,0.00,0.00,3,0.0968,6 个月 · 全平台 · 全量 SKU · 2026-07-09,published
DJ505530_2,US 纯板材吸塑竖条纹错层L高桌 一件两箱 颜色->黑色,ALL,UNKNOWN,C,T99,0.0000,0.0000,0.0000,0.00,0.00,0.00,30,0.9677,6 个月 · 全平台 · 全量 SKU · 2026-07-09,published
DJ505530_2,US 纯板材吸塑竖条纹错层L高桌 一件两箱 颜色->黑色,ALL,WALMART,C,T99,0.0000,0.0000,0.0000,0.00,0.00,0.00,4,0.1290,6 个月 · 全平台 · 全量 SKU · 2026-07-09,published
DJ505530_3,US 纯板材吸塑竖条纹错层L高桌 一件两箱 颜色->棕色,ALL,TEMU,C,T99,0.0000,0.0000,0.0000,0.00,0.00,0.00,0,0.0000,6 个月 · 全平台 · 全量 SKU · 2026-07-09,published
DJ505530_3,US 纯板材吸塑竖条纹错层L高桌 一件两箱 颜色->棕色,ALL,UNKNOWN,C,T99,0.0000,0.0000,0.0000,0.00,0.00,0.00,0,0.0000,6 个月 · 全平台 · 全量 SKU · 2026-07-09,published
DJ505531_1,US DC 铁木床 CBF-01L 方管软包角落床带抽篮-112 粉色 T  一件一箱,ALL,AMAZON,B,T4B,1.0973,0.5267,0.5267,34.02,16.33,16.33,150,4.8387,6 个月 · 全平台 · 全量 SKU · 2026-07-09,published
DJ505531_1,US DC 铁木床 CBF-01L 方管软包角落床带抽篮-112 粉色 T  一件一箱,ALL,UNKNOWN,B,T99,0.0000,0.0000,0.0000,0.00,0.00,0.00,0,0.0000,6 个月 · 全平台 · 全量 SKU · 2026-07-09,published
DJ505531_1,US DC 铁木床 CBF-01L 方管软包角落床带抽篮-112 粉色 T  一件一箱,ALL,WALMART,B,T99,0.0000,0.0000,0.0000,0.00,0.00,0.00,9,0.2903,6 个月 · 全平台 · 全量 SKU · 2026-07-09,published
DJ505531_2,US DC 铁木床 CBF-01L 方管软包角落床带抽篮-112 粉色 F 一件一箱,ALL,AMAZON,D,T99,0.0000,0.0000,0.0000,0.00,0.00,0.00,80,2.5806,6 个月 · 全平台 · 全量 SKU · 2026-07-09,published
DJ505531_2,US DC 铁木床 CBF-01L 方管软包角落床带抽篮-112 粉色 F 一件一箱,ALL,TIKTOK,D,T99,0.0000,0.0000,0.0000,0.00,0.00,0.00,4,0.1290,6 个月 · 全平台 · 全量 SKU · 2026-07-09,published
DJ505532_1,US 1.4米单人6抽升降桌 一件两箱 颜色->棕色+白色,ALL,AMAZON,C,T4B,2.4610,1.3230,1.3230,76.29,41.01,41.01,42,1.3548,6 个月 · 全平台 · 全量 SKU · 2026-07-09,published
DJ505532_1,US 1.4米单人6抽升降桌 一件两箱 颜色->棕色+白色,ALL,TIKTOK,C,T99,0.0000,0.0000,0.0000,0.00,0.00,0.00,0,0.0000,6 个月 · 全平台 · 全量 SKU · 2026-07-09,published
DJ505532_1,US 1.4米单人6抽升降桌 一件两箱 颜色->棕色+白色,ALL,WALMART,C,T99,0.0000,0.0000,0.0000,0.00,0.00,0.00,0,0.0000,6 个月 · 全平台 · 全量 SKU · 2026-07-09,published
DJ505532_2,US 1.4米单人6抽升降桌 一件两箱 颜色->棕色+黑色,ALL,AMAZON,B,T4B,6.1808,3.3228,3.3228,191.60,103.01,103.01,33,1.0645,6 个月 · 全平台 · 全量 SKU · 2026-07-09,published
DJ505532_2,US 1.4米单人6抽升降桌 一件两箱 颜色->棕色+黑色,ALL,TEMU,B,T99,0.0000,0.0000,0.0000,0.00,0.00,0.00,0,0.0000,6 个月 · 全平台 · 全量 SKU · 2026-07-09,published
DJ505532_2,US 1.4米单人6抽升降桌 一件两箱 颜色->棕色+黑色,ALL,TIKTOK,B,T4B,0.3929,0.1886,0.1886,12.18,5.85,5.85,1,0.0323,6 个月 · 全平台 · 全量 SKU · 2026-07-09,published
DJ505532_2,US 1.4米单人6抽升降桌 一件两箱 颜色->棕色+黑色,ALL,WALMART,B,T99,0.0000,0.0000,0.0000,0.00,0.00,0.00,0,0.0000,6 个月 · 全平台 · 全量 SKU · 2026-07-09,published
DJ505532_3,US 1.4米单人6抽升降桌 一件两箱 颜色->橡木纹+白色,ALL,AMAZON,C,T4B,1.7077,0.9181,0.9181,52.94,28.46,28.46,12,0.3871,6 个月 · 全平台 · 全量 SKU · 2026-07-09,published
DJ505532_3,US 1.4米单人6抽升降桌 一件两箱 颜色->橡木纹+白色,ALL,TEMU,C,T99,0.0000,0.0000,0.0000,0.00,0.00,0.00,0,0.0000,6 个月 · 全平台 · 全量 SKU · 2026-07-09,published
DJ505532_3,US 1.4米单人6抽升降桌 一件两箱 颜色->橡木纹+白色,ALL,UNKNOWN,C,T99,0.0000,0.0000,0.0000,0.00,0.00,0.00,0,0.0000,6 个月 · 全平台 · 全量 SKU · 2026-07-09,published
DJ505532_3,US 1.4米单人6抽升降桌 一件两箱 颜色->橡木纹+白色,ALL,WALMART,C,T99,0.0000,0.0000,0.0000,0.00,0.00,0.00,0,0.0000,6 个月 · 全平台 · 全量 SKU · 2026-07-09,published
DJ505533_1,US 1.4米单人竖条纹6抽升降桌 一件两箱 颜色->橡木纹,ALL,AMAZON,C,T99,0.0000,0.0000,0.0000,0.00,0.00,0.00,0,0.0000,6 个月 · 全平台 · 全量 SKU · 2026-07-09,published
DJ505533_1,US 1.4米单人竖条纹6抽升降桌 一件两箱 颜色->橡木纹,ALL,TEMU,C,T99,0.0000,0.0000,0.0000,0.00,0.00,0.00,0,0.0000,6 个月 · 全平台 · 全量 SKU · 2026-07-09,published
DJ505533_1,US 1.4米单人竖条纹6抽升降桌 一件两箱 颜色->橡木纹,ALL,TIKTOK,C,T99,0.0000,0.0000,0.0000,0.00,0.00,0.00,0,0.0000,6 个月 · 全平台 · 全量 SKU · 2026-07-09,published
DJ505533_1,US 1.4米单人竖条纹6抽升降桌 一件两箱 颜色->橡木纹,ALL,UNKNOWN,C,T99,0.0000,0.0000,0.0000,0.00,0.00,0.00,0,0.0000,6 个月 · 全平台 · 全量 SKU · 2026-07-09,published
DJ505533_1,US 1.4米单人竖条纹6抽升降桌 一件两箱 颜色->橡木纹,ALL,WALMART,C,T99,0.0000,0.0000,0.0000,0.00,0.00,0.00,0,0.0000,6 个月 · 全平台 · 全量 SKU · 2026-07-09,published
DJ505534_1,US SD L桌五抽带两组亚克力门  一件一箱 颜色->火烧云,ALL,AMAZON,C,T4B,1.5929,0.7646,0.7646,49.38,23.70,23.70,122,3.9355,6 个月 · 全平台 · 全量 SKU · 2026-07-09,published
DJ505534_1,US SD L桌五抽带两组亚克力门  一件一箱 颜色->火烧云,ALL,TEMU,C,T4B,0.1286,0.0617,0.0617,3.99,1.91,1.91,12,0.3871,6 个月 · 全平台 · 全量 SKU · 2026-07-09,published
DJ505534_1,US SD L桌五抽带两组亚克力门  一件一箱 颜色->火烧云,ALL,TIKTOK,C,T4B,0.1286,0.0617,0.0617,3.99,1.91,1.91,45,1.4516,6 个月 · 全平台 · 全量 SKU · 2026-07-09,published
DJ505534_1,US SD L桌五抽带两组亚克力门  一件一箱 颜色->火烧云,ALL,WALMART,C,T99,0.0000,0.0000,0.0000,0.00,0.00,0.00,0,0.0000,6 个月 · 全平台 · 全量 SKU · 2026-07-09,published
DJ505534_2,US SD L桌五抽带两组亚克力门  一件一箱 颜色->黑麻,ALL,AMAZON,A,T4B,10.1016,5.4306,5.4306,313.15,168.35,168.35,498,16.0645,6 个月 · 全平台 · 全量 SKU · 2026-07-09,published
DJ505534_2,US SD L桌五抽带两组亚克力门  一件一箱 颜色->黑麻,ALL,TIKTOK,A,T4B,1.1967,0.6433,0.6433,37.10,19.94,19.94,272,8.7742,6 个月 · 全平台 · 全量 SKU · 2026-07-09,published
DJ505534_2,US SD L桌五抽带两组亚克力门  一件一箱 颜色->黑麻,ALL,UNKNOWN,A,T99,0.0000,0.0000,0.0000,0.00,0.00,0.00,4,0.1290,6 个月 · 全平台 · 全量 SKU · 2026-07-09,published
DJ505534_3,US SD L桌五抽带两组亚克力门  一件一箱 颜色->白麻,ALL,AMAZON,C,T4B,1.0071,0.4834,0.4834,31.22,14.99,14.99,77,2.4839,6 个月 · 全平台 · 全量 SKU · 2026-07-09,published
DJ505534_3,US SD L桌五抽带两组亚克力门  一件一箱 颜色->白麻,ALL,TIKTOK,C,T4B,0.5071,0.2434,0.2434,15.72,7.55,7.55,186,6.0000,6 个月 · 全平台 · 全量 SKU · 2026-07-09,published
DJ505534_3,US SD L桌五抽带两组亚克力门  一件一箱 颜色->白麻,ALL,UNKNOWN,C,T99,0.0000,0.0000,0.0000,0.00,0.00,0.00,4,0.1290,6 个月 · 全平台 · 全量 SKU · 2026-07-09,published
DJ505534_3,US SD L桌五抽带两组亚克力门  一件一箱 颜色->白麻,ALL,WALMART,C,T99,0.0000,0.0000,0.0000,0.00,0.00,0.00,0,0.0000,6 个月 · 全平台 · 全量 SKU · 2026-07-09,published
DJ505535_1,US 床YW-43F上床下电竞桌3抽储物柜含灯带137*190 一件两箱 颜色黑色铁+黑麻板,ALL,AMAZON,A,T3,5.2208,4.9806,4.9806,161.84,154.40,154.40,215,6.9355,6 个月 · 全平台 · 全量 SKU · 2026-07-09,published
DJ505535_1,US 床YW-43F上床下电竞桌3抽储物柜含灯带137*190 一件两箱 颜色黑色铁+黑麻板,ALL,UNKNOWN,A,T99,0.0000,0.0000,0.0000,0.00,0.00,0.00,4,0.1290,6 个月 · 全平台 · 全量 SKU · 2026-07-09,published
DJ505535_2,US 床YW-43F上床下电竞桌3抽储物柜含灯带137*190 一件两箱 颜色白色铁+白板,ALL,AMAZON,B,T4B,1.3945,0.7095,0.7095,43.23,21.99,21.99,71,2.2903,6 个月 · 全平台 · 全量 SKU · 2026-07-09,published
DJ505535_2,US 床YW-43F上床下电竞桌3抽储物柜含灯带137*190 一件两箱 颜色白色铁+白板,ALL,UNKNOWN,B,T4B,1.7385,0.9346,0.9346,53.89,28.97,28.97,20,0.6452,6 个月 · 全平台 · 全量 SKU · 2026-07-09,published
DJ505536_1,US DC 高架床 TPB-04  RL 幼儿风格 树屋款  三人床 一件一箱 颜色->黑色,ALL,AMAZON,C,T4B,0.8643,0.4149,0.4149,26.79,12.86,12.86,1,0.0323,6 个月 · 全平台 · 全量 SKU · 2026-07-09,published
DJ505536_1,US DC 高架床 TPB-04  RL 幼儿风格 树屋款  三人床 一件一箱 颜色->黑色,ALL,WALMART,C,T4B,0.1786,0.0857,0.0857,5.54,2.66,2.66,0,0.0000,6 个月 · 全平台 · 全量 SKU · 2026-07-09,published
DJ505536_2,US DC 高架床 TPB-04  RL 幼儿风格 树屋款  三人床 一件一箱 颜色->白色,ALL,AMAZON,C,T4B,0.5000,0.2400,0.2400,15.50,7.44,7.44,14,0.4516,6 个月 · 全平台 · 全量 SKU · 2026-07-09,published
DJ505536_2,US DC 高架床 TPB-04  RL 幼儿风格 树屋款  三人床 一件一箱 颜色->白色,ALL,WALMART,C,T4B,0.1857,0.0891,0.0891,5.76,2.76,2.76,9,0.2903,6 个月 · 全平台 · 全量 SKU · 2026-07-09,published
DJ505537_1,US YL-601T床头屋顶床尾书架床99*190一件一箱 颜色 粉铁+粉麻板+粉牛津布,ALL,AMAZON,C,T99,0.0000,0.0000,0.0000,0.00,0.00,0.00,0,0.0000,6 个月 · 全平台 · 全量 SKU · 2026-07-09,published
DJ505537_1,US YL-601T床头屋顶床尾书架床99*190一件一箱 颜色 粉铁+粉麻板+粉牛津布,ALL,UNKNOWN,C,T99,0.0000,0.0000,0.0000,0.00,0.00,0.00,7,0.2258,6 个月 · 全平台 · 全量 SKU · 2026-07-09,published
DJ505537_2,US YL-601T床头屋顶床尾书架床99*190一件一箱 颜色 白铁+白麻板+浅灰色布,ALL,AMAZON,C,T99,0.0000,0.0000,0.0000,0.00,0.00,0.00,0,0.0000,6 个月 · 全平台 · 全量 SKU · 2026-07-09,published
DJ505537_2,US YL-601T床头屋顶床尾书架床99*190一件一箱 颜色 白铁+白麻板+浅灰色布,ALL,UNKNOWN,C,T4B,0.2714,0.1303,0.1303,8.41,4.04,4.04,50,1.6129,6 个月 · 全平台 · 全量 SKU · 2026-07-09,published
DJ505538_1,US DC 板式床 BFX-02黑麻面床下四抽屉-GS021 Q 黑 一件两箱,ALL,AMAZON,C,T4B,0.8725,0.4691,0.4691,27.05,14.54,14.54,51,1.6452,6 个月 · 全平台 · 全量 SKU · 2026-07-09,published
DJ505538_1,US DC 板式床 BFX-02黑麻面床下四抽屉-GS021 Q 黑 一件两箱,ALL,WALMART,C,T99,0.0000,0.0000,0.0000,0.00,0.00,0.00,4,0.1290,6 个月 · 全平台 · 全量 SKU · 2026-07-09,published
DJ505538_2,US DC 板式床 BFX-02黑麻面床下四抽屉-GS021 K 黑 一件两箱,ALL,AMAZON,C,T4B,1.5945,0.8572,0.8572,49.43,26.57,26.57,42,1.3548,6 个月 · 全平台 · 全量 SKU · 2026-07-09,published
DJ505538_2,US DC 板式床 BFX-02黑麻面床下四抽屉-GS021 K 黑 一件两箱,ALL,UNKNOWN,C,T99,0.0000,0.0000,0.0000,0.00,0.00,0.00,1,0.0323,6 个月 · 全平台 · 全量 SKU · 2026-07-09,published
DJ505538_2,US DC 板式床 BFX-02黑麻面床下四抽屉-GS021 K 黑 一件两箱,ALL,WALMART,C,T99,0.0000,0.0000,0.0000,0.00,0.00,0.00,1,0.0323,6 个月 · 全平台 · 全量 SKU · 2026-07-09,published
DJ505538_3,US DC 板式床 BFX-02黑麻面床下四抽屉-GS021 CK 黑 一件两箱,ALL,UNKNOWN,C,T99,0.0000,0.0000,0.0000,0.00,0.00,0.00,2,0.0645,6 个月 · 全平台 · 全量 SKU · 2026-07-09,published
DJ505538_3,US DC 板式床 BFX-02黑麻面床下四抽屉-GS021 CK 黑 一件两箱,ALL,WALMART,C,T99,0.0000,0.0000,0.0000,0.00,0.00,0.00,2,0.0645,6 个月 · 全平台 · 全量 SKU · 2026-07-09,published
DJ505539_1,UK VD 角落气杆软包床 2层置物 床垫90*190cm 一件两箱 颜色->深灰色,ALL,AMAZON,C,T4B,0.4857,0.2331,0.2331,15.06,7.23,7.23,2,0.0645,6 个月 · 全平台 · 全量 SKU · 2026-07-09,published
DJ505539_1,UK VD 角落气杆软包床 2层置物 床垫90*190cm 一件两箱 颜色->深灰色,ALL,UNKNOWN,C,T4B,0.2071,0.0994,0.0994,6.42,3.08,3.08,0,0.0000,6 个月 · 全平台 · 全量 SKU · 2026-07-09,published
DJ505539_2,UK VD 角落气杆软包床 2层置物 床垫90*190cm 一件两箱 颜色->米白,ALL,AMAZON,C,T4B,0.2643,0.1269,0.1269,8.19,3.93,3.93,30,0.9677,6 个月 · 全平台 · 全量 SKU · 2026-07-09,published
DJ505540_1,UK VD 角落气杆软包床 2层置物 床垫135*190cm 一件两箱 颜色->深灰色,ALL,AMAZON,C,T4B,0.3429,0.1646,0.1646,10.63,5.10,5.10,59,1.9032,6 个月 · 全平台 · 全量 SKU · 2026-07-09,published
DJ505540_2,UK VD 角落气杆软包床 2层置物 床垫135*190cm 一件两箱 颜色->米白色,ALL,AMAZON,C,T4B,0.1214,0.0583,0.0583,3.76,1.81,1.81,31,1.0000,6 个月 · 全平台 · 全量 SKU · 2026-07-09,published
DJ505544_1,EU AG 棉麻软包床 欧洲基础款升级双置物层 灯带 排插 90*200cm 一件一箱 颜色->深灰色,ALL,AMAZON,D,T99,0.0000,0.0000,0.0000,0.00,0.00,0.00,53,1.7097,6 个月 · 全平台 · 全量 SKU · 2026-07-09,published
DJ505544_2,EU AG 棉麻软包床 欧洲基础款升级双置物层 灯带 排插 90*200cm 一件一箱 颜色->米白,ALL,AMAZON,D,T99,0.0000,0.0000,0.0000,0.00,0.00,0.00,50,1.6129,6 个月 · 全平台 · 全量 SKU · 2026-07-09,published
DJ505545_1,EU AG 棉麻软包床 欧洲基础款升级双置物层 灯带 排插 140*200cm 一件一箱 颜色->深灰色,ALL,AMAZON,D,T99,0.0000,0.0000,0.0000,0.00,0.00,0.00,77,2.4839,6 个月 · 全平台 · 全量 SKU · 2026-07-09,published
DJ505545_2,EU AG 棉麻软包床 欧洲基础款升级双置物层 灯带 排插 140*200cm 一件一箱 颜色->米白,ALL,AMAZON,D,T99,0.0000,0.0000,0.0000,0.00,0.00,0.00,21,0.6774,6 个月 · 全平台 · 全量 SKU · 2026-07-09,published
DJ505546_2,UK AG 软包悬浮床 床头分隔置物层 135*190cm 一件两箱 颜色->米白,ALL,UNKNOWN,C,T99,0.0000,0.0000,0.0000,0.00,0.00,0.00,2,0.0645,6 个月 · 全平台 · 全量 SKU · 2026-07-09,published
DJ505547_1,UK AG 软包悬浮床 床头分隔置物层 150*200cm 一件两箱 颜色->深灰色,ALL,AMAZON,C,T99,0.0000,0.0000,0.0000,0.00,0.00,0.00,142,4.5806,6 个月 · 全平台 · 全量 SKU · 2026-07-09,published
DJ505548_4,US床ZY-221Q软包Y形格子柜含插盘灯带152.5*203一件一箱 颜色黑铁+粉色绒布+白樱桃板,ALL,AMAZON,B,T99,0.0000,0.0000,0.0000,0.00,0.00,0.00,18,0.5806,6 个月 · 全平台 · 全量 SKU · 2026-07-09,published
DJ505549_2,US床ZY-221F软包Y形格子柜含插盘灯带137*190一件一箱 颜色黑铁+黑色PU+火烧云板,ALL,AMAZON,C,T4B,0.1214,0.0583,0.0583,3.76,1.81,1.81,11,0.3548,6 个月 · 全平台 · 全量 SKU · 2026-07-09,published
DJ505549_2,US床ZY-221F软包Y形格子柜含插盘灯带137*190一件一箱 颜色黑铁+黑色PU+火烧云板,ALL,WALMART,C,T99,0.0000,0.0000,0.0000,0.00,0.00,0.00,0,0.0000,6 个月 · 全平台 · 全量 SKU · 2026-07-09,published
DJ505549_4,US床ZY-221F软包Y形格子柜含插盘灯带137*190一件一箱 颜色黑铁+粉色绒布+白樱桃板,ALL,AMAZON,B,T99,0.0000,0.0000,0.0000,0.00,0.00,0.00,26,0.8387,6 个月 · 全平台 · 全量 SKU · 2026-07-09,published
DJ505550_1,"US UA DK-SJ03 L型板式储物升降电脑桌 一件两箱 颜色->#1,胡桃色+黑色",ALL,AMAZON,C,T4B,3.1593,1.6985,1.6985,97.94,52.65,52.65,89,2.8710,6 个月 · 全平台 · 全量 SKU · 2026-07-09,published
DJ505550_1,"US UA DK-SJ03 L型板式储物升降电脑桌 一件两箱 颜色->#1,胡桃色+黑色",ALL,UNKNOWN,C,T4B,0.5929,0.2846,0.2846,18.38,8.82,8.82,42,1.3548,6 个月 · 全平台 · 全量 SKU · 2026-07-09,published
DJ505550_1,"US UA DK-SJ03 L型板式储物升降电脑桌 一件两箱 颜色->#1,胡桃色+黑色",ALL,WALMART,C,T4B,0.2236,0.1202,0.1202,6.93,3.73,3.73,9,0.2903,6 个月 · 全平台 · 全量 SKU · 2026-07-09,published
DJ505550_2,"US UA DK-SJ03 L型板式储物升降电脑桌 一件两箱 颜色->#2,胡桃色+白色",ALL,AMAZON,C,T4B,0.7599,0.4085,0.4085,23.56,12.66,12.66,26,0.8387,6 个月 · 全平台 · 全量 SKU · 2026-07-09,published
DJ505550_2,"US UA DK-SJ03 L型板式储物升降电脑桌 一件两箱 颜色->#2,胡桃色+白色",ALL,UNKNOWN,C,T99,0.0000,0.0000,0.0000,0.00,0.00,0.00,0,0.0000,6 个月 · 全平台 · 全量 SKU · 2026-07-09,published
DJ505551_1,"USHA MFL-TV07 格栅横条纹两门电视柜 1.5m 一件一箱 颜色->#1,原木橡木色",ALL,AMAZON,D,T4B,0.4000,0.1920,0.1920,12.40,5.95,5.95,22,0.7097,6 个月 · 全平台 · 全量 SKU · 2026-07-09,published
DJ505551_1,"USHA MFL-TV07 格栅横条纹两门电视柜 1.5m 一件一箱 颜色->#1,原木橡木色",ALL,TIKTOK,D,T99,0.0000,0.0000,0.0000,0.00,0.00,0.00,0,0.0000,6 个月 · 全平台 · 全量 SKU · 2026-07-09,published
DJ505551_2,"USHA MFL-TV07 格栅横条纹两门电视柜 1.5m 一件一箱 颜色->#2,原木胡桃木色",ALL,TIKTOK,D,T99,0.0000,0.0000,0.0000,0.00,0.00,0.00,0,0.0000,6 个月 · 全平台 · 全量 SKU · 2026-07-09,published
DJ505552_2,"USHA MFL-TV08 格栅横条纹三门电视柜 1.8m 一件一箱 颜色->#2,原木胡桃木色",ALL,AMAZON,D,T99,0.0000,0.0000,0.0000,0.00,0.00,0.00,0,0.0000,6 个月 · 全平台 · 全量 SKU · 2026-07-09,published
DJ505553_1,US RL-R154款 T尺寸双窗三床上下铺带2个床侧挂袋重量不超49KG包装不超130 一件一箱 颜色->黑色,ALL,AMAZON,D,T99,0.0000,0.0000,0.0000,0.00,0.00,0.00,14,0.4516,6 个月 · 全平台 · 全量 SKU · 2026-07-09,published
DJ505553_1,US RL-R154款 T尺寸双窗三床上下铺带2个床侧挂袋重量不超49KG包装不超130 一件一箱 颜色->黑色,ALL,UNKNOWN,D,T99,0.0000,0.0000,0.0000,0.00,0.00,0.00,22,0.7097,6 个月 · 全平台 · 全量 SKU · 2026-07-09,published
DJ505554_1,US YSY-694款 T尺寸14抽上床下桌带排插灯带 一件两箱 颜色->火烧云,ALL,AMAZON,D,T4B,0.7505,0.3819,0.3819,23.27,11.84,11.84,32,1.0323,6 个月 · 全平台 · 全量 SKU · 2026-07-09,published
DJ505554_1,US YSY-694款 T尺寸14抽上床下桌带排插灯带 一件两箱 颜色->火烧云,ALL,UNKNOWN,D,T99,0.0000,0.0000,0.0000,0.00,0.00,0.00,17,0.5484,6 个月 · 全平台 · 全量 SKU · 2026-07-09,published
DJ505554_1,US YSY-694款 T尺寸14抽上床下桌带排插灯带 一件两箱 颜色->火烧云,ALL,WALMART,D,T99,0.0000,0.0000,0.0000,0.00,0.00,0.00,0,0.0000,6 个月 · 全平台 · 全量 SKU · 2026-07-09,published
DJ505554_2,US YSY-694款 T尺寸14抽上床下桌带排插灯带 一件两箱 颜色->白色,ALL,AMAZON,D,T4B,2.7165,1.4604,1.4604,84.21,45.27,45.27,117,3.7742,6 个月 · 全平台 · 全量 SKU · 2026-07-09,published
DJ505554_2,US YSY-694款 T尺寸14抽上床下桌带排插灯带 一件两箱 颜色->白色,ALL,UNKNOWN,D,T99,0.0000,0.0000,0.0000,0.00,0.00,0.00,46,1.4839,6 个月 · 全平台 · 全量 SKU · 2026-07-09,published
DJ505554_2,US YSY-694款 T尺寸14抽上床下桌带排插灯带 一件两箱 颜色->白色,ALL,WALMART,D,T99,0.0000,0.0000,0.0000,0.00,0.00,0.00,0,0.0000,6 个月 · 全平台 · 全量 SKU · 2026-07-09,published
DJ505554_3,US YSY-694款 T尺寸14抽上床下桌带排插灯带 一件两箱 颜色->灰色,ALL,AMAZON,D,T4B,1.8286,0.9304,0.9304,56.69,28.84,28.84,88,2.8387,6 个月 · 全平台 · 全量 SKU · 2026-07-09,published
DJ505554_3,US YSY-694款 T尺寸14抽上床下桌带排插灯带 一件两箱 颜色->灰色,ALL,TIKTOK,D,T99,0.0000,0.0000,0.0000,0.00,0.00,0.00,1,0.0323,6 个月 · 全平台 · 全量 SKU · 2026-07-09,published
DJ505554_3,US YSY-694款 T尺寸14抽上床下桌带排插灯带 一件两箱 颜色->灰色,ALL,UNKNOWN,D,T99,0.0000,0.0000,0.0000,0.00,0.00,0.00,28,0.9032,6 个月 · 全平台 · 全量 SKU · 2026-07-09,published
DJ505555_1,UK AG三抽一格玻璃台面床头柜40*35英规排插2AC+1U+1T 一件一箱 颜色->白色,ALL,UNKNOWN,C,T99,0.0000,0.0000,0.0000,0.00,0.00,0.00,0,0.0000,6 个月 · 全平台 · 全量 SKU · 2026-07-09,published
DJ505555_2,UK AG三抽一格玻璃台面床头柜40*35英规排插2AC+1U+1T 一件一箱 颜色->黑色,ALL,AMAZON,C,T4B,1.0286,0.4937,0.4937,31.89,15.30,15.30,0,0.0000,6 个月 · 全平台 · 全量 SKU · 2026-07-09,published
DJ505555_2,UK AG三抽一格玻璃台面床头柜40*35英规排插2AC+1U+1T 一件一箱 颜色->黑色,ALL,UNKNOWN,C,T99,0.0000,0.0000,0.0000,0.00,0.00,0.00,0,0.0000,6 个月 · 全平台 · 全量 SKU · 2026-07-09,published
DJ505556_1,EU AG 床头柜 全板式三抽一开放格 单灯带 欧标2AC+1U1T 一件一箱 颜色->白色,ALL,AMAZON,C,T4B,1.1830,0.6360,0.6360,36.67,19.72,19.72,100,3.2258,6 个月 · 全平台 · 全量 SKU · 2026-07-09,published
DJ505556_2,EU AG 床头柜 全板式三抽一开放格 单灯带 欧标2AC+1U1T 一件一箱 颜色->黑色,ALL,AMAZON,C,T4B,1.1044,0.5937,0.5937,34.24,18.40,18.40,107,3.4516,6 个月 · 全平台 · 全量 SKU · 2026-07-09,published
DJ505557_1,EU FR洗衣机架 板竹双开门-上下单侧敞口置物 一件一箱 颜色->白色,ALL,AMAZON,C,T4B,0.6071,0.2914,0.2914,18.82,9.03,9.03,51,1.6452,6 个月 · 全平台 · 全量 SKU · 2026-07-09,published
DJ505558_1,"EU KM BF-RK01 软包基础靠背收纳款 单包装 尺码->L,140*190;颜色->白色,pu-油腊皮纹",ALL,AMAZON,C,T4B,0.7571,0.3634,0.3634,23.47,11.27,11.27,112,3.6129,6 个月 · 全平台 · 全量 SKU · 2026-07-09,published
DJ505558_2,"EU KM BF-RK01 软包基础靠背收纳款 单包装 尺码->L,140*190;颜色->黑色,pu-荔枝纹",ALL,AMAZON,C,T4B,0.5929,0.2846,0.2846,18.38,8.82,8.82,58,1.8710,6 个月 · 全平台 · 全量 SKU · 2026-07-09,published
DJ505558_3,"EU KM BF-RK01 软包基础靠背收纳款 单包装 尺码->XL,140*200;颜色->白色,pu-油腊皮纹",ALL,AMAZON,C,T4B,0.1714,0.0823,0.0823,5.31,2.55,2.55,36,1.1613,6 个月 · 全平台 · 全量 SKU · 2026-07-09,published
DJ505558_3,"EU KM BF-RK01 软包基础靠背收纳款 单包装 尺码->XL,140*200;颜色->白色,pu-油腊皮纹",ALL,UNKNOWN,C,T99,0.0000,0.0000,0.0000,0.00,0.00,0.00,0,0.0000,6 个月 · 全平台 · 全量 SKU · 2026-07-09,published
DJ505558_4,"EU KM BF-RK01 软包基础靠背收纳款 单包装 尺码->XL,140*200;颜色->黑色,pu-荔枝纹",ALL,UNKNOWN,C,T99,0.0000,0.0000,0.0000,0.00,0.00,0.00,1,0.0323,6 个月 · 全平台 · 全量 SKU · 2026-07-09,published
DJ505559_1,"EU KM BF-RK01 软包基础靠背收纳款 双包装 码数->XXL,160*200;颜色->黑色,PU-荔枝纹",ALL,AMAZON,D,T99,0.0000,0.0000,0.0000,0.00,0.00,0.00,35,1.1290,6 个月 · 全平台 · 全量 SKU · 2026-07-09,published
DJ505560_5,"EU KM BF-RX02 带床头靠背储物悬浮床 双包装 尺码->XXXL,180*200;颜色->灰色,亚麻灰",ALL,AMAZON,C,T4B,0.1714,0.0823,0.0823,5.31,2.55,2.55,6,0.1935,6 个月 · 全平台 · 全量 SKU · 2026-07-09,published
DJ505561_1,"USHA MFL-DT36 无拉手9抽悬浮矮柜含灯带 一件两箱 颜色->#1,黑色麻面",ALL,AMAZON,B,T4B,2.2341,1.2010,1.2010,69.26,37.23,37.23,14,0.4516,6 个月 · 全平台 · 全量 SKU · 2026-07-09,published
DJ505561_1,"USHA MFL-DT36 无拉手9抽悬浮矮柜含灯带 一件两箱 颜色->#1,黑色麻面",ALL,UNKNOWN,B,T99,0.0000,0.0000,0.0000,0.00,0.00,0.00,1,0.0323,6 个月 · 全平台 · 全量 SKU · 2026-07-09,published
DJ505561_2,"USHA MFL-DT36 无拉手9抽悬浮矮柜含灯带 一件两箱 颜色->#2,白色麻面",ALL,AMAZON,C,T4B,1.5044,0.8088,0.8088,46.64,25.07,25.07,27,0.8710,6 个月 · 全平台 · 全量 SKU · 2026-07-09,published
DJ505562_1,"USHA MFL-DT37 无拉手假12抽斗柜矮柜 一件两箱 颜色->#1,黑色麻面",ALL,TIKTOK,B,T99,0.0000,0.0000,0.0000,0.00,0.00,0.00,0,0.0000,6 个月 · 全平台 · 全量 SKU · 2026-07-09,published
DJ505562_1,"USHA MFL-DT37 无拉手假12抽斗柜矮柜 一件两箱 颜色->#1,黑色麻面",ALL,UNKNOWN,B,T99,0.0000,0.0000,0.0000,0.00,0.00,0.00,0,0.0000,6 个月 · 全平台 · 全量 SKU · 2026-07-09,published
DJ505562_2,"USHA MFL-DT37 无拉手假12抽斗柜矮柜 一件两箱 颜色->#2,白色麻面",ALL,AMAZON,C,T4B,1.3505,0.7261,0.7261,41.87,22.51,22.51,41,1.3226,6 个月 · 全平台 · 全量 SKU · 2026-07-09,published
DJ505563_1,"USHA MFL-DT35 无拉手8抽悬浮矮柜含灯带 一件两箱 颜色->#1,黑色麻面",ALL,AMAZON,B,T4B,2.3214,1.2480,1.2480,71.96,38.69,38.69,49,1.5806,6 个月 · 全平台 · 全量 SKU · 2026-07-09,published
DJ505563_1,"USHA MFL-DT35 无拉手8抽悬浮矮柜含灯带 一件两箱 颜色->#1,黑色麻面",ALL,TIKTOK,B,T99,0.0000,0.0000,0.0000,0.00,0.00,0.00,0,0.0000,6 个月 · 全平台 · 全量 SKU · 2026-07-09,published
DJ505563_1,"USHA MFL-DT35 无拉手8抽悬浮矮柜含灯带 一件两箱 颜色->#1,黑色麻面",ALL,UNKNOWN,B,T99,0.0000,0.0000,0.0000,0.00,0.00,0.00,0,0.0000,6 个月 · 全平台 · 全量 SKU · 2026-07-09,published
DJ505563_2,"USHA MFL-DT35 无拉手8抽悬浮矮柜含灯带 一件两箱 颜色->#2,白色麻面",ALL,AMAZON,C,T4B,1.6852,0.9059,0.9059,52.24,28.08,28.08,9,0.2903,6 个月 · 全平台 · 全量 SKU · 2026-07-09,published
DJ505563_2,"USHA MFL-DT35 无拉手8抽悬浮矮柜含灯带 一件两箱 颜色->#2,白色麻面",ALL,UNKNOWN,C,T99,0.0000,0.0000,0.0000,0.00,0.00,0.00,0,0.0000,6 个月 · 全平台 · 全量 SKU · 2026-07-09,published
DJ505564_1,US UA LB—HB01儿童绘本架矮床T尺寸 一件一箱  颜色->黑色,ALL,AMAZON,C,T99,0.0000,0.0000,0.0000,0.00,0.00,0.00,10,0.3226,6 个月 · 全平台 · 全量 SKU · 2026-07-09,published
DJ505564_1,US UA LB—HB01儿童绘本架矮床T尺寸 一件一箱  颜色->黑色,ALL,UNKNOWN,C,T99,0.0000,0.0000,0.0000,0.00,0.00,0.00,22,0.7097,6 个月 · 全平台 · 全量 SKU · 2026-07-09,published
DJ505564_1,US UA LB—HB01儿童绘本架矮床T尺寸 一件一箱  颜色->黑色,ALL,WALMART,C,T99,0.0000,0.0000,0.0000,0.00,0.00,0.00,1,0.0323,6 个月 · 全平台 · 全量 SKU · 2026-07-09,published
DJ505564_2,US UA LB—HB01儿童绘本架矮床T尺寸 一件一箱  颜色->白色,ALL,UNKNOWN,C,T99,0.0000,0.0000,0.0000,0.00,0.00,0.00,18,0.5806,6 个月 · 全平台 · 全量 SKU · 2026-07-09,published
DJ505565_2,US UA BK--ST01 上F下T儿童储物床 一件一箱 颜色->白色,ALL,AMAZON,C,T4B,0.5071,0.2434,0.2434,15.72,7.55,7.55,9,0.2903,6 个月 · 全平台 · 全量 SKU · 2026-07-09,published
DJ505565_2,US UA BK--ST01 上F下T儿童储物床 一件一箱 颜色->白色,ALL,WALMART,C,T4B,0.1143,0.0549,0.0549,3.54,1.70,1.70,0,0.0000,6 个月 · 全平台 · 全量 SKU · 2026-07-09,published
DJ505566_1,EU FR拼色浴室面盆柜单开门+三抽70 一件一箱 颜色->白色,ALL,AMAZON,C,T99,0.0000,0.0000,0.0000,0.00,0.00,0.00,0,0.0000,6 个月 · 全平台 · 全量 SKU · 2026-07-09,published
DJ505567_1,UK AG铁木软包转角床0.9*1.9m简约款拉网造型 一拖二灯带+英规3U1T插排一件一箱  颜色->深灰色,ALL,AMAZON,B,T99,0.0000,0.0000,0.0000,0.00,0.00,0.00,0,0.0000,6 个月 · 全平台 · 全量 SKU · 2026-07-09,published
DJ505567_1,UK AG铁木软包转角床0.9*1.9m简约款拉网造型 一拖二灯带+英规3U1T插排一件一箱  颜色->深灰色,ALL,UNKNOWN,B,T99,0.0000,0.0000,0.0000,0.00,0.00,0.00,0,0.0000,6 个月 · 全平台 · 全量 SKU · 2026-07-09,published
DJ505568_1,UK AG床头柜 全板式三抽一格 单灯带 英规2AC+1U1T 一件一箱 颜色->白色,ALL,AMAZON,C,T4B,0.4000,0.1920,0.1920,12.40,5.95,5.95,94,3.0323,6 个月 · 全平台 · 全量 SKU · 2026-07-09,published
DJ505568_2,UK AG床头柜 全板式三抽一格 单灯带 英规2AC+1U1T 一件一箱 颜色->黑色,ALL,AMAZON,C,T4B,0.4143,0.1989,0.1989,12.84,6.17,6.17,86,2.7742,6 个月 · 全平台 · 全量 SKU · 2026-07-09,published
DJ505569_1,US 竖条正方形滑动咖啡桌 一件一箱 颜色->洞石拼7625手抓纹,ALL,AMAZON,C,T4B,0.1929,0.0926,0.0926,5.98,2.87,2.87,13,0.4194,6 个月 · 全平台 · 全量 SKU · 2026-07-09,published
DJ505569_1,US 竖条正方形滑动咖啡桌 一件一箱 颜色->洞石拼7625手抓纹,ALL,WALMART,C,T99,0.0000,0.0000,0.0000,0.00,0.00,0.00,3,0.0968,6 个月 · 全平台 · 全量 SKU · 2026-07-09,published
DJ505569_2,US 竖条正方形滑动咖啡桌 一件一箱 颜色->夏特胡桃,ALL,AMAZON,C,T4B,0.3071,0.1474,0.1474,9.52,4.57,4.57,47,1.5161,6 个月 · 全平台 · 全量 SKU · 2026-07-09,published
DJ505569_2,US 竖条正方形滑动咖啡桌 一件一箱 颜色->夏特胡桃,ALL,TEMU,C,T4B,0.3357,0.1611,0.1611,10.41,4.99,4.99,25,0.8065,6 个月 · 全平台 · 全量 SKU · 2026-07-09,published
DJ505569_2,US 竖条正方形滑动咖啡桌 一件一箱 颜色->夏特胡桃,ALL,WALMART,C,T99,0.0000,0.0000,0.0000,0.00,0.00,0.00,4,0.1290,6 个月 · 全平台 · 全量 SKU · 2026-07-09,published
DJ505570_1,US 床CY-303Q软包床头翻开床尾铝材四抽灯带153*203 一件一箱 颜色深灰麻布+黑铁,ALL,AMAZON,A,T4B,1.1473,0.6168,0.6168,35.57,19.12,19.12,45,1.4516,6 个月 · 全平台 · 全量 SKU · 2026-07-09,published
DJ505570_2,US 床CY-303Q软包床头翻开床尾铝材四抽灯带153*203 一件一箱 颜色黑色PU+黑铁,ALL,TIKTOK,A,T4B,0.7033,0.3781,0.3781,21.80,11.72,11.72,37,1.1935,6 个月 · 全平台 · 全量 SKU · 2026-07-09,published
DJ505570_3,US 床CY-303Q软包床头翻开床尾铝材四抽灯带153*203 一件一箱 颜色米白绒布+白铁,ALL,AMAZON,B,T4B,1.2643,0.6069,0.6069,39.19,18.81,18.81,104,3.3548,6 个月 · 全平台 · 全量 SKU · 2026-07-09,published
DJ505572_1,US DC 高架床 LB-11  YL   六抽门架款   一件两箱 颜色->黑色,ALL,AMAZON,B,T3,3.7137,3.5428,3.5428,115.12,109.83,109.83,157,5.0645,6 个月 · 全平台 · 全量 SKU · 2026-07-09,published
DJ505572_1,US DC 高架床 LB-11  YL   六抽门架款   一件两箱 颜色->黑色,ALL,UNKNOWN,B,T4B,1.3621,0.7323,0.7323,42.23,22.70,22.70,76,2.4516,6 个月 · 全平台 · 全量 SKU · 2026-07-09,published
DJ505572_2,US DC 高架床 LB-11  YL   六抽门架款   一件两箱 颜色->白色,ALL,AMAZON,B,T3,6.1675,6.2168,6.2168,191.19,192.72,192.72,261,8.4194,6 个月 · 全平台 · 全量 SKU · 2026-07-09,published
DJ505572_2,US DC 高架床 LB-11  YL   六抽门架款   一件两箱 颜色->白色,ALL,UNKNOWN,B,T4B,1.2813,0.6888,0.6888,39.72,21.35,21.35,28,0.9032,6 个月 · 全平台 · 全量 SKU · 2026-07-09,published
DJ505573_1,"USHA XF-BT02 模块化格栅镂空对开门餐边柜 一件一箱 颜色->#1,原木橡木色",ALL,AMAZON,C,T99,0.0000,0.0000,0.0000,0.00,0.00,0.00,0,0.0000,6 个月 · 全平台 · 全量 SKU · 2026-07-09,published
DJ505573_1,"USHA XF-BT02 模块化格栅镂空对开门餐边柜 一件一箱 颜色->#1,原木橡木色",ALL,TIKTOK,C,T99,0.0000,0.0000,0.0000,0.00,0.00,0.00,0,0.0000,6 个月 · 全平台 · 全量 SKU · 2026-07-09,published
DJ505573_1,"USHA XF-BT02 模块化格栅镂空对开门餐边柜 一件一箱 颜色->#1,原木橡木色",ALL,UNKNOWN,C,T99,0.0000,0.0000,0.0000,0.00,0.00,0.00,0,0.0000,6 个月 · 全平台 · 全量 SKU · 2026-07-09,published
DJ505573_2,"USHA XF-BT02 模块化格栅镂空对开门餐边柜 一件一箱 颜色->#2,白橡木色",ALL,AMAZON,C,T99,0.0000,0.0000,0.0000,0.00,0.00,0.00,4,0.1290,6 个月 · 全平台 · 全量 SKU · 2026-07-09,published
DJ505574_1,US DC 步梯高架床 LBWS-01 八抽一字桌款GS031  黑色+橡木灰 一件二箱,ALL,AMAZON,B,T4B,1.1643,0.5589,0.5589,36.09,17.33,17.33,0,0.0000,6 个月 · 全平台 · 全量 SKU · 2026-07-09,published
DJ505574_1,US DC 步梯高架床 LBWS-01 八抽一字桌款GS031  黑色+橡木灰 一件二箱,ALL,UNKNOWN,B,T99,0.0000,0.0000,0.0000,0.00,0.00,0.00,0,0.0000,6 个月 · 全平台 · 全量 SKU · 2026-07-09,published
DJ505574_1,US DC 步梯高架床 LBWS-01 八抽一字桌款GS031  黑色+橡木灰 一件二箱,ALL,WALMART,B,T4B,0.2143,0.1029,0.1029,6.64,3.19,3.19,0,0.0000,6 个月 · 全平台 · 全量 SKU · 2026-07-09,published
DJ505574_2,US DC 步梯高架床 LBWS-01 八抽一字桌款GS031  白色+原木色 一件二箱,ALL,AMAZON,C,T4B,1.0357,0.4971,0.4971,32.11,15.41,15.41,0,0.0000,6 个月 · 全平台 · 全量 SKU · 2026-07-09,published
DJ505574_2,US DC 步梯高架床 LBWS-01 八抽一字桌款GS031  白色+原木色 一件二箱,ALL,WALMART,C,T4B,0.3643,0.1749,0.1749,11.29,5.42,5.42,0,0.0000,6 个月 · 全平台 · 全量 SKU · 2026-07-09,published
DJ505574_3,US DC 步梯高架床 LBWS-01 八抽一字桌款GS031  白色+渐变粉 一件二箱,ALL,AMAZON,C,T4B,1.4786,0.7097,0.7097,45.84,22.00,22.00,0,0.0000,6 个月 · 全平台 · 全量 SKU · 2026-07-09,published
DJ505574_3,US DC 步梯高架床 LBWS-01 八抽一字桌款GS031  白色+渐变粉 一件二箱,ALL,WALMART,C,T4B,0.1929,0.0926,0.0926,5.98,2.87,2.87,0,0.0000,6 个月 · 全平台 · 全量 SKU · 2026-07-09,published
DJ505575_1,UK DC 悬浮床 BXF-02L 床头槽灯菱形扣款-HQ108 135*190 灰色麻布,ALL,AMAZON,C,T4B,0.7429,0.3566,0.3566,23.03,11.05,11.05,74,2.3871,6 个月 · 全平台 · 全量 SKU · 2026-07-09,published
DJ505575_2,UK DC 悬浮床 BXF-02L 床头槽灯菱形扣款-HQ108 150*200 灰色麻布,ALL,AMAZON,C,T4B,0.4357,0.2091,0.2091,13.51,6.48,6.48,73,2.3548,6 个月 · 全平台 · 全量 SKU · 2026-07-09,published
DJ505576_1,US SD 1.52米单门高桌 一件一箱  颜色->黑麻,ALL,AMAZON,C,T4B,3.4154,1.8361,1.8361,105.88,56.92,56.92,93,3.0000,6 个月 · 全平台 · 全量 SKU · 2026-07-09,published
DJ505576_1,US SD 1.52米单门高桌 一件一箱  颜色->黑麻,ALL,TEMU,C,T4B,0.1516,0.0815,0.0815,4.70,2.53,2.53,1,0.0323,6 个月 · 全平台 · 全量 SKU · 2026-07-09,published
DJ505576_1,US SD 1.52米单门高桌 一件一箱  颜色->黑麻,ALL,UNKNOWN,C,T4B,0.4758,0.2558,0.2558,14.75,7.93,7.93,0,0.0000,6 个月 · 全平台 · 全量 SKU · 2026-07-09,published
DJ505576_1,US SD 1.52米单门高桌 一件一箱  颜色->黑麻,ALL,WALMART,C,T99,0.0000,0.0000,0.0000,0.00,0.00,0.00,0,0.0000,6 个月 · 全平台 · 全量 SKU · 2026-07-09,published
DJ505576_2,US SD 1.52米单门高桌 一件一箱  颜色->火烧云,ALL,AMAZON,C,T4B,1.4264,0.7668,0.7668,44.22,23.77,23.77,63,2.0323,6 个月 · 全平台 · 全量 SKU · 2026-07-09,published
DJ505576_3,US SD 1.52米单门高桌 一件一箱  颜色->白麻,ALL,AMAZON,C,T4B,1.8379,0.9881,0.9881,56.97,30.63,30.63,32,1.0323,6 个月 · 全平台 · 全量 SKU · 2026-07-09,published
DJ505576_3,US SD 1.52米单门高桌 一件一箱  颜色->白麻,ALL,TIKTOK,C,T99,0.0000,0.0000,0.0000,0.00,0.00,0.00,0,0.0000,6 个月 · 全平台 · 全量 SKU · 2026-07-09,published
DJ505576_3,US SD 1.52米单门高桌 一件一箱  颜色->白麻,ALL,WALMART,C,T99,0.0000,0.0000,0.0000,0.00,0.00,0.00,0,0.0000,6 个月 · 全平台 · 全量 SKU · 2026-07-09,published
DJ505577_1,UK DC 铁木床 CBF-11L 方管铁木角落床带抽篮-152G 灰 90×190 一件两箱,ALL,AMAZON,C,T4B,1.2714,0.6103,0.6103,39.41,18.92,18.92,107,3.4516,6 个月 · 全平台 · 全量 SKU · 2026-07-09,published
DJ505577_2,UK DC 铁木床 CBF-11L 方管铁木角落床带抽篮-152G 灰 135×190 一件两箱,ALL,AMAZON,D,T99,0.0000,0.0000,0.0000,0.00,0.00,0.00,36,1.1613,6 个月 · 全平台 · 全量 SKU · 2026-07-09,published
DJ505578_1,US 现代简约风移动柜行政桌 一件一箱 颜色->棕+黑,ALL,AMAZON,C,T4B,0.6000,0.2880,0.2880,18.60,8.93,8.93,0,0.0000,6 个月 · 全平台 · 全量 SKU · 2026-07-09,published
DJ505578_1,US 现代简约风移动柜行政桌 一件一箱 颜色->棕+黑,ALL,TEMU,C,T99,0.0000,0.0000,0.0000,0.00,0.00,0.00,0,0.0000,6 个月 · 全平台 · 全量 SKU · 2026-07-09,published
DJ505578_1,US 现代简约风移动柜行政桌 一件一箱 颜色->棕+黑,ALL,UNKNOWN,C,T99,0.0000,0.0000,0.0000,0.00,0.00,0.00,0,0.0000,6 个月 · 全平台 · 全量 SKU · 2026-07-09,published
DJ505578_1,US 现代简约风移动柜行政桌 一件一箱 颜色->棕+黑,ALL,WALMART,C,T99,0.0000,0.0000,0.0000,0.00,0.00,0.00,0,0.0000,6 个月 · 全平台 · 全量 SKU · 2026-07-09,published
DJ505578_2,US 现代简约风移动柜行政桌 一件一箱 颜色->989-3+黑,ALL,AMAZON,C,T4B,0.7286,0.3497,0.3497,22.59,10.84,10.84,16,0.5161,6 个月 · 全平台 · 全量 SKU · 2026-07-09,published
DJ505578_2,US 现代简约风移动柜行政桌 一件一箱 颜色->989-3+黑,ALL,WALMART,C,T99,0.0000,0.0000,0.0000,0.00,0.00,0.00,0,0.0000,6 个月 · 全平台 · 全量 SKU · 2026-07-09,published
DJ505578_3,US 现代简约风移动柜行政桌 一件一箱 颜色->浅棕+白,ALL,AMAZON,C,T4B,0.4500,0.2160,0.2160,13.95,6.70,6.70,28,0.9032,6 个月 · 全平台 · 全量 SKU · 2026-07-09,published
DJ505578_3,US 现代简约风移动柜行政桌 一件一箱 颜色->浅棕+白,ALL,TEMU,C,T99,0.0000,0.0000,0.0000,0.00,0.00,0.00,0,0.0000,6 个月 · 全平台 · 全量 SKU · 2026-07-09,published
DJ505578_3,US 现代简约风移动柜行政桌 一件一箱 颜色->浅棕+白,ALL,UNKNOWN,C,T4B,0.3571,0.1714,0.1714,11.07,5.31,5.31,8,0.2581,6 个月 · 全平台 · 全量 SKU · 2026-07-09,published
DJ505579_1,US 八抽上床下桌带洞洞板  一件两箱  颜色->火烧云,ALL,AMAZON,B,T4B,0.6709,0.2737,0.2737,20.80,8.48,8.48,25,0.8065,6 个月 · 全平台 · 全量 SKU · 2026-07-09,published
DJ505579_1,US 八抽上床下桌带洞洞板  一件两箱  颜色->火烧云,ALL,TEMU,B,T4B,0.8357,0.4493,0.4493,25.91,13.93,13.93,57,1.8387,6 个月 · 全平台 · 全量 SKU · 2026-07-09,published
DJ505579_1,US 八抽上床下桌带洞洞板  一件两箱  颜色->火烧云,ALL,UNKNOWN,B,T4B,1.2000,0.6451,0.6451,37.20,20.00,20.00,115,3.7097,6 个月 · 全平台 · 全量 SKU · 2026-07-09,published
DJ505579_2,US 八抽上床下桌带洞洞板  一件两箱  颜色->白色,ALL,AMAZON,B,T4B,1.2533,0.6377,0.6377,38.85,19.77,19.77,79,2.5484,6 个月 · 全平台 · 全量 SKU · 2026-07-09,published
DJ505579_2,US 八抽上床下桌带洞洞板  一件两箱  颜色->白色,ALL,TEMU,B,T4B,0.7060,0.3592,0.3592,21.89,11.14,11.14,33,1.0645,6 个月 · 全平台 · 全量 SKU · 2026-07-09,published
DJ505579_2,US 八抽上床下桌带洞洞板  一件两箱  颜色->白色,ALL,UNKNOWN,B,T4B,2.0055,1.0782,1.0782,62.17,33.42,33.42,118,3.8065,6 个月 · 全平台 · 全量 SKU · 2026-07-09,published
DJ505581_1,EU BW铁木软包床LIWS-01 HQ  122款 粉色 一件一箱 90*190,ALL,AMAZON,C,T4B,0.2429,0.1166,0.1166,7.53,3.61,3.61,59,1.9032,6 个月 · 全平台 · 全量 SKU · 2026-07-09,published
DJ505581_2,EU BW铁木软包床LIWS-01 HQ  122款 粉色 一件一箱 90*200,ALL,AMAZON,C,T4B,0.6143,0.2949,0.2949,19.04,9.14,9.14,70,2.2581,6 个月 · 全平台 · 全量 SKU · 2026-07-09,published
DJ505581_3,EU BW铁木软包床LIWS-01 HQ  122款 粉色 一件一箱 120*200,ALL,AMAZON,C,T4B,0.1286,0.0617,0.0617,3.99,1.91,1.91,30,0.9677,6 个月 · 全平台 · 全量 SKU · 2026-07-09,published
DJ505583_1,US SD 2.3米双人双抽电脑桌 一件一箱 颜色->7625手抓纹,ALL,AMAZON,C,T4B,0.6505,0.3497,0.3497,20.17,10.84,10.84,18,0.5806,6 个月 · 全平台 · 全量 SKU · 2026-07-09,published
DJ505583_1,US SD 2.3米双人双抽电脑桌 一件一箱 颜色->7625手抓纹,ALL,TEMU,C,T99,0.0000,0.0000,0.0000,0.00,0.00,0.00,0,0.0000,6 个月 · 全平台 · 全量 SKU · 2026-07-09,published
DJ505583_1,US SD 2.3米双人双抽电脑桌 一件一箱 颜色->7625手抓纹,ALL,TIKTOK,C,T99,0.0000,0.0000,0.0000,0.00,0.00,0.00,0,0.0000,6 个月 · 全平台 · 全量 SKU · 2026-07-09,published
DJ505583_1,US SD 2.3米双人双抽电脑桌 一件一箱 颜色->7625手抓纹,ALL,UNKNOWN,C,T99,0.0000,0.0000,0.0000,0.00,0.00,0.00,4,0.1290,6 个月 · 全平台 · 全量 SKU · 2026-07-09,published
DJ505583_1,US SD 2.3米双人双抽电脑桌 一件一箱 颜色->7625手抓纹,ALL,WALMART,C,T99,0.0000,0.0000,0.0000,0.00,0.00,0.00,0,0.0000,6 个月 · 全平台 · 全量 SKU · 2026-07-09,published
DJ505583_2,US SD 2.3米双人双抽电脑桌 一件一箱 颜色->胡桃棕+白,ALL,AMAZON,C,T4B,0.9132,0.4909,0.4909,28.31,15.22,15.22,11,0.3548,6 个月 · 全平台 · 全量 SKU · 2026-07-09,published
DJ505583_2,US SD 2.3米双人双抽电脑桌 一件一箱 颜色->胡桃棕+白,ALL,TEMU,C,T99,0.0000,0.0000,0.0000,0.00,0.00,0.00,0,0.0000,6 个月 · 全平台 · 全量 SKU · 2026-07-09,published
DJ505583_2,US SD 2.3米双人双抽电脑桌 一件一箱 颜色->胡桃棕+白,ALL,UNKNOWN,C,T99,0.0000,0.0000,0.0000,0.00,0.00,0.00,0,0.0000,6 个月 · 全平台 · 全量 SKU · 2026-07-09,published
DJ505583_2,US SD 2.3米双人双抽电脑桌 一件一箱 颜色->胡桃棕+白,ALL,WALMART,C,T99,0.0000,0.0000,0.0000,0.00,0.00,0.00,0,0.0000,6 个月 · 全平台 · 全量 SKU · 2026-07-09,published
DJ505583_3,US SD 2.3米双人双抽电脑桌 一件一箱 颜色->胡桃棕+黑色,ALL,AMAZON,C,T99,0.0000,0.0000,0.0000,0.00,0.00,0.00,16,0.5161,6 个月 · 全平台 · 全量 SKU · 2026-07-09,published
DJ505583_3,US SD 2.3米双人双抽电脑桌 一件一箱 颜色->胡桃棕+黑色,ALL,TEMU,C,T99,0.0000,0.0000,0.0000,0.00,0.00,0.00,0,0.0000,6 个月 · 全平台 · 全量 SKU · 2026-07-09,published
DJ505583_3,US SD 2.3米双人双抽电脑桌 一件一箱 颜色->胡桃棕+黑色,ALL,TIKTOK,C,T99,0.0000,0.0000,0.0000,0.00,0.00,0.00,0,0.0000,6 个月 · 全平台 · 全量 SKU · 2026-07-09,published
DJ505583_3,US SD 2.3米双人双抽电脑桌 一件一箱 颜色->胡桃棕+黑色,ALL,UNKNOWN,C,T99,0.0000,0.0000,0.0000,0.00,0.00,0.00,15,0.4839,6 个月 · 全平台 · 全量 SKU · 2026-07-09,published
DJ505583_3,US SD 2.3米双人双抽电脑桌 一件一箱 颜色->胡桃棕+黑色,ALL,WALMART,C,T99,0.0000,0.0000,0.0000,0.00,0.00,0.00,0,0.0000,6 个月 · 全平台 · 全量 SKU · 2026-07-09,published
DJ505586_1,EU AG 绒布软包床 欧洲基础款升级双置物层 灯带 排插 90*190cm 一件一箱 颜色->米白,ALL,AMAZON,D,T99,0.0000,0.0000,0.0000,0.00,0.00,0.00,45,1.4516,6 个月 · 全平台 · 全量 SKU · 2026-07-09,published
DJ505587_1,EU AG 绒布软包床 欧洲基础款升级双置物层 灯带 排插 140*190cm 一件一箱 颜色->米白,ALL,AMAZON,D,T99,0.0000,0.0000,0.0000,0.00,0.00,0.00,13,0.4194,6 个月 · 全平台 · 全量 SKU · 2026-07-09,published
DJ505588_1,EU AG JYH210 棉麻软包气杆床 靠背2档调节 双灯带 180*200cm 一件两箱 颜色->深灰色,ALL,AMAZON,C,T4B,0.7286,0.3497,0.3497,22.59,10.84,10.84,56,1.8065,6 个月 · 全平台 · 全量 SKU · 2026-07-09,published
DJ505588_1,EU AG JYH210 棉麻软包气杆床 靠背2档调节 双灯带 180*200cm 一件两箱 颜色->深灰色,ALL,UNKNOWN,C,T99,0.0000,0.0000,0.0000,0.00,0.00,0.00,0,0.0000,6 个月 · 全平台 · 全量 SKU · 2026-07-09,published
DJ505588_2,EU AG JYH210 棉麻软包气杆床 靠背2档调节 双灯带 180*200cm 一件两箱 颜色->米白,ALL,AMAZON,C,T4B,0.5214,0.2503,0.2503,16.16,7.76,7.76,38,1.2258,6 个月 · 全平台 · 全量 SKU · 2026-07-09,published
DJ505589_1,EU MS 猫爬架 2顶窝猫房爬梯猫勺吊床 一件一箱 颜色->米白,ALL,AMAZON,C,T4B,0.2786,0.1337,0.1337,8.64,4.14,4.14,69,2.2258,6 个月 · 全平台 · 全量 SKU · 2026-07-09,published
DJ505589_2,EU MS 猫爬架 2顶窝猫房爬梯猫勺吊床 一件一箱 颜色->深灰色,ALL,AMAZON,C,T4B,0.4929,0.2366,0.2366,15.28,7.33,7.33,84,2.7097,6 个月 · 全平台 · 全量 SKU · 2026-07-09,published
DJ505589_3,EU MS 猫爬架 2顶窝猫房爬梯猫勺吊床 一件一箱 颜色->浅灰色,ALL,AMAZON,C,T4B,2.2929,1.1006,1.1006,71.08,34.12,34.12,70,2.2581,6 个月 · 全平台 · 全量 SKU · 2026-07-09,published
DJ505592_1,EU AG JYH233 棉麻软包气杆床 靠背U形灯带翻盖 90*200cm 一件两箱 颜色->深灰色,ALL,AMAZON,D,T99,0.0000,0.0000,0.0000,0.00,0.00,0.00,47,1.5161,6 个月 · 全平台 · 全量 SKU · 2026-07-09,published
DJ505592_2,EU AG JYH233 棉麻软包气杆床 靠背U形灯带翻盖 90*200cm 一件两箱 颜色->米白,ALL,AMAZON,D,T99,0.0000,0.0000,0.0000,0.00,0.00,0.00,54,1.7419,6 个月 · 全平台 · 全量 SKU · 2026-07-09,published
DJ505593_2,EU AG JYH233 棉麻软包气杆床 靠背U形灯带翻盖 140*190cm 一件两箱 颜色->米白,ALL,AMAZON,D,T99,0.0000,0.0000,0.0000,0.00,0.00,0.00,7,0.2258,6 个月 · 全平台 · 全量 SKU · 2026-07-09,published
DJ505594_1,EU AG JYH233 棉麻软包气杆床 靠背U形灯带翻盖 140*200cm 一件两箱 颜色->深灰色,ALL,AMAZON,D,T99,0.0000,0.0000,0.0000,0.00,0.00,0.00,21,0.6774,6 个月 · 全平台 · 全量 SKU · 2026-07-09,published
DJ505595_1,EU AG JYH234 棉麻软包气杆床 黑灰色2027板 掀盖靠背 双灯带 90*200cm 一件两箱 颜色->深灰色,ALL,AMAZON,C,T4B,0.2929,0.1406,0.1406,9.08,4.36,4.36,23,0.7419,6 个月 · 全平台 · 全量 SKU · 2026-07-09,published
DJ505595_2,EU AG JYH234 棉麻软包气杆床 尼罗橡木板 掀盖靠背 双灯带 90*200cm 一件两箱 颜色->米白,ALL,AMAZON,D,T99,0.0000,0.0000,0.0000,0.00,0.00,0.00,17,0.5484,6 个月 · 全平台 · 全量 SKU · 2026-07-09,published
DJ505596_1,EU AG JYH234 棉麻软包气杆床 黑灰色2027板 掀盖靠背 双灯带  140*190cm 一件两箱 颜色->深灰色,ALL,AMAZON,C,T4B,0.3071,0.1474,0.1474,9.52,4.57,4.57,64,2.0645,6 个月 · 全平台 · 全量 SKU · 2026-07-09,published
DJ505596_2,EU AG JYH234 棉麻软包气杆床 尼罗橡木板 掀盖靠背 双灯带 140*190cm 一件两箱 颜色->米白,ALL,AMAZON,C,T4B,0.6071,0.2914,0.2914,18.82,9.03,9.03,42,1.3548,6 个月 · 全平台 · 全量 SKU · 2026-07-09,published
DJ505597_1,EU AG JYH234 棉麻软包气杆床 黑灰色2027板 掀盖靠背 双灯带 140*200cm 一件两箱 颜色->深灰色,ALL,AMAZON,C,T4B,0.2143,0.1029,0.1029,6.64,3.19,3.19,45,1.4516,6 个月 · 全平台 · 全量 SKU · 2026-07-09,published
DJ505597_1,EU AG JYH234 棉麻软包气杆床 黑灰色2027板 掀盖靠背 双灯带 140*200cm 一件两箱 颜色->深灰色,ALL,UNKNOWN,C,T99,0.0000,0.0000,0.0000,0.00,0.00,0.00,3,0.0968,6 个月 · 全平台 · 全量 SKU · 2026-07-09,published
DJ505597_2,EU AG JYH234 棉麻软包气杆床 尼罗橡木板 掀盖靠背 双灯带 140*200cm 一件两箱 颜色->米白,ALL,AMAZON,C,T4B,0.3500,0.1680,0.1680,10.85,5.21,5.21,31,1.0000,6 个月 · 全平台 · 全量 SKU · 2026-07-09,published
DJ505597_2,EU AG JYH234 棉麻软包气杆床 尼罗橡木板 掀盖靠背 双灯带 140*200cm 一件两箱 颜色->米白,ALL,UNKNOWN,C,T99,0.0000,0.0000,0.0000,0.00,0.00,0.00,5,0.1613,6 个月 · 全平台 · 全量 SKU · 2026-07-09,published
DJ505598_1,US 床GSI-004T上下双层床带侧边办公桌床含插盘灯带99*190 一件两箱 颜色黑铁+火烧云板,ALL,UNKNOWN,C,T4B,0.1874,0.1007,0.1007,5.81,3.12,3.12,12,0.3871,6 个月 · 全平台 · 全量 SKU · 2026-07-09,published
DJ505598_1,US 床GSI-004T上下双层床带侧边办公桌床含插盘灯带99*190 一件两箱 颜色黑铁+火烧云板,ALL,WALMART,C,T99,0.0000,0.0000,0.0000,0.00,0.00,0.00,0,0.0000,6 个月 · 全平台 · 全量 SKU · 2026-07-09,published
DJ505598_2,US 床GSI-004T上下双层床带侧边办公桌床含插盘灯带99*190 一件两箱 颜色黑铁+灰山纹板,ALL,WALMART,C,T99,0.0000,0.0000,0.0000,0.00,0.00,0.00,0,0.0000,6 个月 · 全平台 · 全量 SKU · 2026-07-09,published
DJ505598_3,US 床GSI-004T上下双层床带侧边办公桌床含插盘灯带99*190 一件两箱 颜色白铁+白山纹板,ALL,AMAZON,C,T4B,1.3714,0.6978,0.6978,42.51,21.63,21.63,34,1.0968,6 个月 · 全平台 · 全量 SKU · 2026-07-09,published
DJ505598_3,US 床GSI-004T上下双层床带侧边办公桌床含插盘灯带99*190 一件两箱 颜色白铁+白山纹板,ALL,UNKNOWN,C,T4B,0.5291,0.2845,0.2845,16.40,8.82,8.82,27,0.8710,6 个月 · 全平台 · 全量 SKU · 2026-07-09,published
DJ505599_2,"EU KM BF-GJ04 铁木拐角床头侧软包带柜门 尺码->S,90*190;颜色->黑色,黑板+灰软包",ALL,AMAZON,C,T4B,0.5159,0.2774,0.2774,15.99,8.60,8.60,27,0.8710,6 个月 · 全平台 · 全量 SKU · 2026-07-09,published
DJ505599_4,"EU KM BF-GJ04 铁木拐角床头侧软包带柜门 尺码->M,90*200;颜色->黑色,黑板+灰软包",ALL,AMAZON,C,T4B,1.1984,0.6442,0.6442,37.15,19.97,19.97,52,1.6774,6 个月 · 全平台 · 全量 SKU · 2026-07-09,published
DJ505599_4,"EU KM BF-GJ04 铁木拐角床头侧软包带柜门 尺码->M,90*200;颜色->黑色,黑板+灰软包",ALL,UNKNOWN,C,T4B,0.1714,0.0823,0.0823,5.31,2.55,2.55,9,0.2903,6 个月 · 全平台 · 全量 SKU · 2026-07-09,published
DJ505600,US DC 炫酷软包床 BFCB-01 PU材质 床头下翻门 灯带插排 T 白色 一件一箱,ALL,AMAZON,C,T4B,0.5511,0.2963,0.2963,17.08,9.19,9.19,14,0.4516,6 个月 · 全平台 · 全量 SKU · 2026-07-09,published
DJ505600,US DC 炫酷软包床 BFCB-01 PU材质 床头下翻门 灯带插排 T 白色 一件一箱,ALL,WALMART,C,T99,0.0000,0.0000,0.0000,0.00,0.00,0.00,4,0.1290,6 个月 · 全平台 · 全量 SKU · 2026-07-09,published
DJ505601_1,US DC 炫酷软包床 BFCB-01 PU材质 床头下翻门 灯带插排 Q 黑色 一件两箱,ALL,AMAZON,B,T4A,2.4867,1.2923,1.2923,77.09,40.06,40.06,168,5.4194,6 个月 · 全平台 · 全量 SKU · 2026-07-09,published
DJ505601_1,US DC 炫酷软包床 BFCB-01 PU材质 床头下翻门 灯带插排 Q 黑色 一件两箱,ALL,UNKNOWN,B,T4B,0.3571,0.1714,0.1714,11.07,5.31,5.31,41,1.3226,6 个月 · 全平台 · 全量 SKU · 2026-07-09,published
DJ505601_2,US DC 炫酷软包床 BFCB-01 PU材质 床头下翻门 灯带插排 Q 白色 一件两箱,ALL,AMAZON,C,T4B,0.3143,0.1509,0.1509,9.74,4.68,4.68,17,0.5484,6 个月 · 全平台 · 全量 SKU · 2026-07-09,published
DJ505602_1,US YW-925T 落地三床+储物楼梯 99*190 一件两箱 颜色->黑色,ALL,TIKTOK,A,T99,0.0000,0.0000,0.0000,0.00,0.00,0.00,2,0.0645,6 个月 · 全平台 · 全量 SKU · 2026-07-09,published
DJ505602_1,US YW-925T 落地三床+储物楼梯 99*190 一件两箱 颜色->黑色,ALL,UNKNOWN,A,T99,0.0000,0.0000,0.0000,0.00,0.00,0.00,58,1.8710,6 个月 · 全平台 · 全量 SKU · 2026-07-09,published
DJ505602_1,US YW-925T 落地三床+储物楼梯 99*190 一件两箱 颜色->黑色,ALL,WALMART,A,T99,0.0000,0.0000,0.0000,0.00,0.00,0.00,4,0.1290,6 个月 · 全平台 · 全量 SKU · 2026-07-09,published
DJ505602_2,US YW-925T 落地三床+储物楼梯 99*190 一件两箱 颜色->白色,ALL,WALMART,A,T99,0.0000,0.0000,0.0000,0.00,0.00,0.00,6,0.1935,6 个月 · 全平台 · 全量 SKU · 2026-07-09,published
DJ505605_1,"EU KM BF-TG02 铁木软包大床头拐角床 双包装 尺码->S,90*190;颜色->灰色,亚麻-灰",ALL,AMAZON,C,T4B,0.2143,0.1029,0.1029,6.64,3.19,3.19,14,0.4516,6 个月 · 全平台 · 全量 SKU · 2026-07-09,published
DJ505605_2,"EU KM BF-TG02 铁木软包大床头拐角床 双包装 尺码->M,90*200;颜色->灰色,亚麻-灰",ALL,AMAZON,C,T4B,0.5929,0.2846,0.2846,18.38,8.82,8.82,30,0.9677,6 个月 · 全平台 · 全量 SKU · 2026-07-09,published
DJ505605_2,"EU KM BF-TG02 铁木软包大床头拐角床 双包装 尺码->M,90*200;颜色->灰色,亚麻-灰",ALL,UNKNOWN,C,T99,0.0000,0.0000,0.0000,0.00,0.00,0.00,54,1.7419,6 个月 · 全平台 · 全量 SKU · 2026-07-09,published
DJ505605_3,"EU KM BF-TG02 铁木软包大床头拐角床 双包装 尺码->L,140*190;颜色->灰色,亚麻-灰",ALL,AMAZON,C,T4B,0.4429,0.2126,0.2126,13.73,6.59,6.59,29,0.9355,6 个月 · 全平台 · 全量 SKU · 2026-07-09,published
DJ505605_3,"EU KM BF-TG02 铁木软包大床头拐角床 双包装 尺码->L,140*190;颜色->灰色,亚麻-灰",ALL,UNKNOWN,C,T99,0.0000,0.0000,0.0000,0.00,0.00,0.00,4,0.1290,6 个月 · 全平台 · 全量 SKU · 2026-07-09,published
DJ505605_4,"EU KM BF-TG02 铁木软包大床头拐角床 双包装 尺码->XL,140*200;颜色->灰色,亚麻-灰",ALL,AMAZON,C,T4B,0.4500,0.2160,0.2160,13.95,6.70,6.70,20,0.6452,6 个月 · 全平台 · 全量 SKU · 2026-07-09,published
DJ505606_1,EU AG 绒布皇冠公主床 两抽可左右互换 90*200 一件两箱 颜色->白色,ALL,AMAZON,D,T99,0.0000,0.0000,0.0000,0.00,0.00,0.00,10,0.3226,6 个月 · 全平台 · 全量 SKU · 2026-07-09,published
DJ505606_2,EU AG 绒布皇冠公主床 两抽可左右互换 90*200 一件两箱 颜色->粉色,ALL,AMAZON,D,T99,0.0000,0.0000,0.0000,0.00,0.00,0.00,59,1.9032,6 个月 · 全平台 · 全量 SKU · 2026-07-09,published
DJ505606_2,EU AG 绒布皇冠公主床 两抽可左右互换 90*200 一件两箱 颜色->粉色,ALL,UNKNOWN,D,T99,0.0000,0.0000,0.0000,0.00,0.00,0.00,48,1.5484,6 个月 · 全平台 · 全量 SKU · 2026-07-09,published
DJ505608_1,EU AG 绒布皇冠公主床 两抽可左右互换 140*200 一件两箱 颜色->白色,ALL,AMAZON,D,T99,0.0000,0.0000,0.0000,0.00,0.00,0.00,2,0.0645,6 个月 · 全平台 · 全量 SKU · 2026-07-09,published
DJ505609_2,UK BW 边柜NSD-04 英标插排 3抽 一件一箱 颜色->白色,ALL,AMAZON,D,T99,0.0000,0.0000,0.0000,0.00,0.00,0.00,13,0.4194,6 个月 · 全平台 · 全量 SKU · 2026-07-09,published
DJ505610_1,UK BW 边柜NSD-03 英标插排氛围灯款 上空2抽 两件一箱 颜色->黑色,ALL,AMAZON,C,T4B,0.2000,0.0960,0.0960,6.20,2.98,2.98,42,1.3548,6 个月 · 全平台 · 全量 SKU · 2026-07-09,published
DJ505610_2,UK BW 边柜NSD-03 英标插排氛围灯款 上空2抽 两件一箱 颜色->白色,ALL,AMAZON,C,T4B,0.4714,0.2263,0.2263,14.61,7.02,7.02,64,2.0645,6 个月 · 全平台 · 全量 SKU · 2026-07-09,published
DJ505610_3,UK BW 边柜NSD-03 英标插排氛围灯款 上空2抽 两件一箱 颜色->浅橡木直纹,ALL,AMAZON,D,T99,0.0000,0.0000,0.0000,0.00,0.00,0.00,19,0.6129,6 个月 · 全平台 · 全量 SKU · 2026-07-09,published
DJ505611_1,UK BW 边柜NSD-04 英标插排 3抽 两件一箱 颜色->黑色,ALL,AMAZON,D,T4B,0.0857,0.0411,0.0411,2.66,1.27,1.27,10,0.3226,6 个月 · 全平台 · 全量 SKU · 2026-07-09,published
DJ505611_1,UK BW 边柜NSD-04 英标插排 3抽 两件一箱 颜色->黑色,ALL,UNKNOWN,D,T99,0.0000,0.0000,0.0000,0.00,0.00,0.00,2,0.0645,6 个月 · 全平台 · 全量 SKU · 2026-07-09,published
DJ505611_2,UK BW 边柜NSD-04 英标插排 3抽 两件一箱 颜色->白色,ALL,AMAZON,D,T99,0.0000,0.0000,0.0000,0.00,0.00,0.00,39,1.2581,6 个月 · 全平台 · 全量 SKU · 2026-07-09,published
DJ505612_1,UK BW 边柜NSD-03 英标插排氛围灯款 上空2抽 一件一箱 颜色->黑色,ALL,AMAZON,C,T4B,0.1071,0.0514,0.0514,3.32,1.59,1.59,18,0.5806,6 个月 · 全平台 · 全量 SKU · 2026-07-09,published
DJ505612_2,UK BW 边柜NSD-03 英标插排氛围灯款 上空2抽 一件一箱 颜色->白色,ALL,AMAZON,C,T4B,0.2071,0.0994,0.0994,6.42,3.08,3.08,47,1.5161,6 个月 · 全平台 · 全量 SKU · 2026-07-09,published
DJ505612_2,UK BW 边柜NSD-03 英标插排氛围灯款 上空2抽 一件一箱 颜色->白色,ALL,UNKNOWN,C,T99,0.0000,0.0000,0.0000,0.00,0.00,0.00,3,0.0968,6 个月 · 全平台 · 全量 SKU · 2026-07-09,published
DJ505612_3,UK BW 边柜NSD-03 英标插排氛围灯款 上空2抽 一件一箱 颜色->浅橡木直纹,ALL,AMAZON,D,T99,0.0000,0.0000,0.0000,0.00,0.00,0.00,9,0.2903,6 个月 · 全平台 · 全量 SKU · 2026-07-09,published
DJ505615_2,"EU KM BF GY02 靠背储物液压床 尺码->L,140*190;颜色->灰色,亚麻灰",ALL,AMAZON,C,T4B,0.3429,0.1646,0.1646,10.63,5.10,5.10,31,1.0000,6 个月 · 全平台 · 全量 SKU · 2026-07-09,published
DJ505615_3,"EU KM BF GY02 靠背储物液压床 尺码->XL,140*200;颜色->白色,PU白",ALL,TIKTOK,C,T99,0.0000,0.0000,0.0000,0.00,0.00,0.00,0,0.0000,6 个月 · 全平台 · 全量 SKU · 2026-07-09,published
DJ505615_6,"EU KM BF GY02 靠背储物液压床 尺码->XXL,160*200;颜色->灰色,亚麻灰",ALL,TIKTOK,C,T99,0.0000,0.0000,0.0000,0.00,0.00,0.00,1,0.0323,6 个月 · 全平台 · 全量 SKU · 2026-07-09,published
DJ505615_6,"EU KM BF GY02 靠背储物液压床 尺码->XXL,160*200;颜色->灰色,亚麻灰",ALL,UNKNOWN,C,T99,0.0000,0.0000,0.0000,0.00,0.00,0.00,3,0.0968,6 个月 · 全平台 · 全量 SKU · 2026-07-09,published
DJ505616_1,"EU KM BF GY03 靠背储物+开放格+尾抽液压床 尺码->L,140*190;颜色->灰色,亚麻灰",ALL,AMAZON,C,T4B,0.2500,0.1200,0.1200,7.75,3.72,3.72,20,0.6452,6 个月 · 全平台 · 全量 SKU · 2026-07-09,published
DJ505616_2,"EU KM BF GY03 靠背储物+开放格+尾抽液压床 尺码->XL,140*200;颜色->灰色,亚麻灰",ALL,AMAZON,C,T4B,0.1286,0.0617,0.0617,3.99,1.91,1.91,34,1.0968,6 个月 · 全平台 · 全量 SKU · 2026-07-09,published
DJ505617_3,EU BW BQQ-04 舒适靠背款气动床 615 HQ 灰色麻布 一件两箱 140*190,ALL,AMAZON,D,T99,0.0000,0.0000,0.0000,0.00,0.00,0.00,5,0.1613,6 个月 · 全平台 · 全量 SKU · 2026-07-09,published
DJ505617_4,EU BW BQQ-04 舒适靠背款气动床 615 HQ 灰色麻布 一件两箱140*200,ALL,AMAZON,D,T99,0.0000,0.0000,0.0000,0.00,0.00,0.00,12,0.3871,6 个月 · 全平台 · 全量 SKU · 2026-07-09,published
DJ505617_5,EU BW BQQ-04 舒适靠背款气动床 615 HQ 灰色麻布 一件两箱 160*200,ALL,AMAZON,D,T99,0.0000,0.0000,0.0000,0.00,0.00,0.00,12,0.3871,6 个月 · 全平台 · 全量 SKU · 2026-07-09,published
DJ505617_6,EU BW BQQ-04 舒适靠背款气动床 615 HQ 灰色麻布 一件两箱180*200,ALL,AMAZON,D,T99,0.0000,0.0000,0.0000,0.00,0.00,0.00,56,1.8065,6 个月 · 全平台 · 全量 SKU · 2026-07-09,published
DJ505618_2,EU BW BXF-Q02 舒适靠背款悬浮床 HQ 614 灰色麻布 一件两箱 90*200,ALL,AMAZON,D,T99,0.0000,0.0000,0.0000,0.00,0.00,0.00,7,0.2258,6 个月 · 全平台 · 全量 SKU · 2026-07-09,published
DJ505618_3,EU BW BXF-Q02 舒适靠背款悬浮床 HQ 614 灰色麻布 一件两箱 140*190,ALL,AMAZON,D,T99,0.0000,0.0000,0.0000,0.00,0.00,0.00,3,0.0968,6 个月 · 全平台 · 全量 SKU · 2026-07-09,published
DJ505618_4,EU BW BXF-Q02 舒适靠背款悬浮床 HQ 614 灰色麻布 一件两箱140*200,ALL,AMAZON,D,T99,0.0000,0.0000,0.0000,0.00,0.00,0.00,9,0.2903,6 个月 · 全平台 · 全量 SKU · 2026-07-09,published
DJ505618_5,EU BW BXF-Q02 舒适靠背款悬浮床 HQ 614 灰色麻布 一件两箱 160*200,ALL,AMAZON,D,T99,0.0000,0.0000,0.0000,0.00,0.00,0.00,22,0.7097,6 个月 · 全平台 · 全量 SKU · 2026-07-09,published
DJ505618_6,EU BW BXF-Q02 舒适靠背款悬浮床 HQ 614 灰色麻布 一件两箱 180*200,ALL,AMAZON,C,T4B,0.1429,0.0686,0.0686,4.43,2.13,2.13,50,1.6129,6 个月 · 全平台 · 全量 SKU · 2026-07-09,published
DJ505619_6,EU BW BQQ-04 舒适靠背款气动床 HQ 615 白色绒布 一件两箱 180*200,ALL,AMAZON,D,T99,0.0000,0.0000,0.0000,0.00,0.00,0.00,27,0.8710,6 个月 · 全平台 · 全量 SKU · 2026-07-09,published
DJ505620_2,EU BW BXF-Q02 舒适靠背款悬浮床 HQ 614 白色绒布 一件两箱 90*200,ALL,AMAZON,D,T99,0.0000,0.0000,0.0000,0.00,0.00,0.00,12,0.3871,6 个月 · 全平台 · 全量 SKU · 2026-07-09,published
DJ505620_6,EU BW BXF-Q02 舒适靠背款悬浮床 HQ 614 白色绒布 一件两箱 180*200,ALL,AMAZON,D,T99,0.0000,0.0000,0.0000,0.00,0.00,0.00,24,0.7742,6 个月 · 全平台 · 全量 SKU · 2026-07-09,published
DJ505621_1,US DC 炫酷软包床 BFCB-01 PU材质 床头下翻门 灯带插排 黑色 F改 一件一箱,ALL,AMAZON,B,T4A,2.6559,1.3802,1.3802,82.33,42.79,42.79,286,9.2258,6 个月 · 全平台 · 全量 SKU · 2026-07-09,published
DJ505621_1,US DC 炫酷软包床 BFCB-01 PU材质 床头下翻门 灯带插排 黑色 F改 一件一箱,ALL,UNKNOWN,B,T4B,0.6643,0.3189,0.3189,20.59,9.89,9.89,102,3.2903,6 个月 · 全平台 · 全量 SKU · 2026-07-09,published
DJ505621_2,US DC 炫酷软包床 BFCB-01 PU材质 床头下翻门 灯带插排 白色  F改 一件一箱,ALL,AMAZON,C,T4B,0.5637,0.3031,0.3031,17.47,9.40,9.40,2,0.0645,6 个月 · 全平台 · 全量 SKU · 2026-07-09,published
DJ505621_2,US DC 炫酷软包床 BFCB-01 PU材质 床头下翻门 灯带插排 白色  F改 一件一箱,ALL,WALMART,C,T99,0.0000,0.0000,0.0000,0.00,0.00,0.00,0,0.0000,6 个月 · 全平台 · 全量 SKU · 2026-07-09,published
DJ505626_1,US ER BF-TM03 双层F+T儿童床 一件一箱 颜色->白色,ALL,AMAZON,C,T4B,0.3786,0.1817,0.1817,11.74,5.63,5.63,36,1.1613,6 个月 · 全平台 · 全量 SKU · 2026-07-09,published
DJ505626_1,US ER BF-TM03 双层F+T儿童床 一件一箱 颜色->白色,ALL,UNKNOWN,C,T99,0.0000,0.0000,0.0000,0.00,0.00,0.00,13,0.4194,6 个月 · 全平台 · 全量 SKU · 2026-07-09,published
DJ505626_1,US ER BF-TM03 双层F+T儿童床 一件一箱 颜色->白色,ALL,WALMART,C,T99,0.0000,0.0000,0.0000,0.00,0.00,0.00,0,0.0000,6 个月 · 全平台 · 全量 SKU · 2026-07-09,published
DJ505626_2,US ER BF-TM03 双层F+T儿童床 一件一箱 颜色->黑色,ALL,AMAZON,C,T4B,0.9929,0.4766,0.4766,30.78,14.77,14.77,27,0.8710,6 个月 · 全平台 · 全量 SKU · 2026-07-09,published
DJ505626_2,US ER BF-TM03 双层F+T儿童床 一件一箱 颜色->黑色,ALL,UNKNOWN,C,T99,0.0000,0.0000,0.0000,0.00,0.00,0.00,17,0.5484,6 个月 · 全平台 · 全量 SKU · 2026-07-09,published
DJ505627_1,US AG 高架床 下铺布抽可活动 Twin 一件两箱 颜色->白色,ALL,AMAZON,C,T4B,0.2165,0.1164,0.1164,6.71,3.61,3.61,16,0.5161,6 个月 · 全平台 · 全量 SKU · 2026-07-09,published
DJ505627_2,US AG 高架床 下铺布抽可活动 Twin 一件两箱 颜色->灰色,ALL,AMAZON,C,T4B,0.1610,0.0865,0.0865,4.99,2.68,2.68,24,0.7742,6 个月 · 全平台 · 全量 SKU · 2026-07-09,published
DJ505627_2,US AG 高架床 下铺布抽可活动 Twin 一件两箱 颜色->灰色,ALL,WALMART,C,T99,0.0000,0.0000,0.0000,0.00,0.00,0.00,1,0.0323,6 个月 · 全平台 · 全量 SKU · 2026-07-09,published
DJ505628_2,US AG 低高架床 9布抽 可移办公桌 天蓬 造型板 Twin 一件一箱 颜色->灰色,ALL,UNKNOWN,C,T99,0.0000,0.0000,0.0000,0.00,0.00,0.00,0,0.0000,6 个月 · 全平台 · 全量 SKU · 2026-07-09,published
DJ505629_1,EU AG JYUH230 棉麻软包气杆床 软壳双灯带 90*200cm 一件两箱 颜色->深灰色,ALL,AMAZON,D,T99,0.0000,0.0000,0.0000,0.00,0.00,0.00,72,2.3226,6 个月 · 全平台 · 全量 SKU · 2026-07-09,published
DJ505630_1,EU AG JYUH230 棉麻软包气杆床 软壳双灯带 140*190cm 一件两箱 颜色->深灰色,ALL,AMAZON,C,T4B,0.3929,0.1886,0.1886,12.18,5.85,5.85,95,3.0645,6 个月 · 全平台 · 全量 SKU · 2026-07-09,published
DJ505630_2,EU AG JYUH230 棉麻软包气杆床 软壳双灯带 140*190cm 一件两箱 颜色->米白,ALL,AMAZON,C,T4B,0.2071,0.0994,0.0994,6.42,3.08,3.08,18,0.5806,6 个月 · 全平台 · 全量 SKU · 2026-07-09,published
DJ505631_1,EU AG JYUH230 棉麻软包气杆床 软壳双灯带 140*200cm 一件两箱 颜色->深灰色,ALL,AMAZON,C,T4B,0.6429,0.3086,0.3086,19.93,9.57,9.57,101,3.2581,6 个月 · 全平台 · 全量 SKU · 2026-07-09,published
DJ505631_2,EU AG JYUH230 棉麻软包气杆床 软壳双灯带 140*200cm 一件两箱 颜色->米白,ALL,AMAZON,C,T4B,0.1429,0.0686,0.0686,4.43,2.13,2.13,27,0.8710,6 个月 · 全平台 · 全量 SKU · 2026-07-09,published
DJ505632_1,EU AG JYUH230 棉麻软包气杆床 软壳双灯带 160*200cm 一件两箱 颜色->深灰色,ALL,AMAZON,D,T99,0.0000,0.0000,0.0000,0.00,0.00,0.00,20,0.6452,6 个月 · 全平台 · 全量 SKU · 2026-07-09,published
DJ505632_2,EU AG JYUH230 棉麻软包气杆床 软壳双灯带 160*200cm 一件两箱 颜色->米白,ALL,AMAZON,D,T99,0.0000,0.0000,0.0000,0.00,0.00,0.00,11,0.3548,6 个月 · 全平台 · 全量 SKU · 2026-07-09,published
DJ505633_1,US 1.6米双抽Fluted console table 一件一箱 颜色->7625手抓纹,ALL,AMAZON,D,T99,0.0000,0.0000,0.0000,0.00,0.00,0.00,0,0.0000,6 个月 · 全平台 · 全量 SKU · 2026-07-09,published
DJ505633_1,US 1.6米双抽Fluted console table 一件一箱 颜色->7625手抓纹,ALL,TEMU,D,T99,0.0000,0.0000,0.0000,0.00,0.00,0.00,0,0.0000,6 个月 · 全平台 · 全量 SKU · 2026-07-09,published
DJ505633_2,US 1.6米双抽Fluted console table 一件一箱 颜色->新胡桃,ALL,TEMU,C,T99,0.0000,0.0000,0.0000,0.00,0.00,0.00,0,0.0000,6 个月 · 全平台 · 全量 SKU · 2026-07-09,published
DJ505633_2,US 1.6米双抽Fluted console table 一件一箱 颜色->新胡桃,ALL,UNKNOWN,C,T99,0.0000,0.0000,0.0000,0.00,0.00,0.00,0,0.0000,6 个月 · 全平台 · 全量 SKU · 2026-07-09,published
DJ505633_3,US 1.6米双抽Fluted console table 一件一箱 颜色->黑色,ALL,AMAZON,D,T99,0.0000,0.0000,0.0000,0.00,0.00,0.00,0,0.0000,6 个月 · 全平台 · 全量 SKU · 2026-07-09,published
DJ505633_3,US 1.6米双抽Fluted console table 一件一箱 颜色->黑色,ALL,TEMU,D,T99,0.0000,0.0000,0.0000,0.00,0.00,0.00,0,0.0000,6 个月 · 全平台 · 全量 SKU · 2026-07-09,published
DJ505633_3,US 1.6米双抽Fluted console table 一件一箱 颜色->黑色,ALL,UNKNOWN,D,T99,0.0000,0.0000,0.0000,0.00,0.00,0.00,0,0.0000,6 个月 · 全平台 · 全量 SKU · 2026-07-09,published
DJ505634_1,"US UA DK-XZ09 2米L型板式3抽行政桌 一件两箱 颜色->#1,胡桃色+麻面黑",ALL,AMAZON,C,T4B,0.4571,0.2194,0.2194,14.17,6.80,6.80,70,2.2581,6 个月 · 全平台 · 全量 SKU · 2026-07-09,published
DJ505635_1,EU AG软包床 绒布气杆 1灯带 欧标插排2AC+1U1T 0.9*2m 一件两箱  颜色->米白,ALL,AMAZON,C,T4B,0.4786,0.2297,0.2297,14.84,7.12,7.12,131,4.2258,6 个月 · 全平台 · 全量 SKU · 2026-07-09,published
DJ505635_2,EU AG软包床 棉麻气杆 1灯带 欧标插排2AC+1U1T 0.9*2m 一件两箱  颜色->深灰色,ALL,AMAZON,C,T4B,0.4000,0.1920,0.1920,12.40,5.95,5.95,79,2.5484,6 个月 · 全平台 · 全量 SKU · 2026-07-09,published
DJ505635_2,EU AG软包床 棉麻气杆 1灯带 欧标插排2AC+1U1T 0.9*2m 一件两箱  颜色->深灰色,ALL,UNKNOWN,C,T99,0.0000,0.0000,0.0000,0.00,0.00,0.00,1,0.0323,6 个月 · 全平台 · 全量 SKU · 2026-07-09,published
DJ505636_1,US DC 高架床 BBC-03 YC 折线造型床头+短桌 上F下F  一件两箱 颜色->黑色,ALL,AMAZON,C,T4B,0.6357,0.3051,0.3051,19.71,9.46,9.46,16,0.5161,6 个月 · 全平台 · 全量 SKU · 2026-07-09,published
DJ505636_1,US DC 高架床 BBC-03 YC 折线造型床头+短桌 上F下F  一件两箱 颜色->黑色,ALL,UNKNOWN,C,T99,0.0000,0.0000,0.0000,0.00,0.00,0.00,2,0.0645,6 个月 · 全平台 · 全量 SKU · 2026-07-09,published
DJ505636_2,US DC 高架床 BBC-03 YC 折线造型床头+短桌 上F下F  一件两箱 颜色->白色,ALL,AMAZON,C,T4B,0.5929,0.2846,0.2846,18.38,8.82,8.82,28,0.9032,6 个月 · 全平台 · 全量 SKU · 2026-07-09,published
DJ505638_1,EU AG软包气杆床 绒布 床头可调+尾抽1.4*1.9m 1灯带 欧标排插3U1T 一件两箱 颜色->米白,ALL,AMAZON,C,T4B,0.3214,0.1543,0.1543,9.96,4.78,4.78,114,3.6774,6 个月 · 全平台 · 全量 SKU · 2026-07-09,published
DJ505638_2,EU AG软包气杆床 绒布 床头可调+尾抽1.4*1.9m 1灯带 欧标排插3U1T 一件两箱 颜色->深灰色,ALL,AMAZON,C,T4B,0.1714,0.0823,0.0823,5.31,2.55,2.55,53,1.7097,6 个月 · 全平台 · 全量 SKU · 2026-07-09,published
DJ505639_1,EU AG软包气杆床 绒布 床头可调+尾抽1.4*2m 1灯带 欧标排插3U1T 一件两箱 颜色->深灰色,ALL,AMAZON,C,T4B,0.2071,0.0994,0.0994,6.42,3.08,3.08,22,0.7097,6 个月 · 全平台 · 全量 SKU · 2026-07-09,published
DJ505639_1,EU AG软包气杆床 绒布 床头可调+尾抽1.4*2m 1灯带 欧标排插3U1T 一件两箱 颜色->深灰色,ALL,UNKNOWN,C,T99,0.0000,0.0000,0.0000,0.00,0.00,0.00,1,0.0323,6 个月 · 全平台 · 全量 SKU · 2026-07-09,published
DJ505640_1,EU AG软包气杆床 绒布 床头可调+尾抽1.6*2m 1灯带 欧标排插3U1T 一件两箱 颜色->深灰色,ALL,AMAZON,C,T4B,0.2857,0.1371,0.1371,8.86,4.25,4.25,40,1.2903,6 个月 · 全平台 · 全量 SKU · 2026-07-09,published
DJ505641_1,EU AG气杆床 绒布 立耳简约款1.4*1.9m 1灯带 欧标排插3U1T 一件两箱  颜色->米白,ALL,AMAZON,C,T4B,0.7500,0.3600,0.3600,23.25,11.16,11.16,109,3.5161,6 个月 · 全平台 · 全量 SKU · 2026-07-09,published
DJ505641_2,EU AG气杆床 绒布 立耳简约款1.4*1.9m 1灯带 欧标排插3U1T 一件两箱  颜色->深灰色,ALL,AMAZON,C,T4B,0.3071,0.1474,0.1474,9.52,4.57,4.57,67,2.1613,6 个月 · 全平台 · 全量 SKU · 2026-07-09,published
DJ505642_1,EU AG气杆床 绒布 立耳简约款1.4*2m 1灯带 欧标排插3U1T 一件两箱 颜色->米白,ALL,AMAZON,C,T4B,0.3500,0.1680,0.1680,10.85,5.21,5.21,33,1.0645,6 个月 · 全平台 · 全量 SKU · 2026-07-09,published
DJ505642_2,EU AG气杆床 绒布 立耳简约款1.4*2m 1灯带 欧标排插3U1T 一件两箱 颜色->深灰色,ALL,AMAZON,C,T4B,0.2214,0.1063,0.1063,6.86,3.30,3.30,21,0.6774,6 个月 · 全平台 · 全量 SKU · 2026-07-09,published
DJ505643_1,EU AG气杆床 绒布 立耳简约款1.6*2m 1灯带 欧标排插3U1T 一件两箱 颜色->深灰色,ALL,AMAZON,C,T4B,0.2143,0.1029,0.1029,6.64,3.19,3.19,52,1.6774,6 个月 · 全平台 · 全量 SKU · 2026-07-09,published
DJ505644_1,US DC 铁木床 BFX-01 床头床尾含灯带床头翻门置物GS 黑色麻面 F 一件一箱,ALL,AMAZON,D,T4B,0.3071,0.1474,0.1474,9.52,4.57,4.57,32,1.0323,6 个月 · 全平台 · 全量 SKU · 2026-07-09,published
DJ505644_1,US DC 铁木床 BFX-01 床头床尾含灯带床头翻门置物GS 黑色麻面 F 一件一箱,ALL,TIKTOK,D,T99,0.0000,0.0000,0.0000,0.00,0.00,0.00,8,0.2581,6 个月 · 全平台 · 全量 SKU · 2026-07-09,published
DJ505644_2,US DC 铁木床 BFX-01 床头床尾含灯带床头翻门置物GS 黑色麻面 Q 一件一箱,ALL,AMAZON,C,T99,0.0000,0.0000,0.0000,0.00,0.00,0.00,94,3.0323,6 个月 · 全平台 · 全量 SKU · 2026-07-09,published
DJ505644_2,US DC 铁木床 BFX-01 床头床尾含灯带床头翻门置物GS 黑色麻面 Q 一件一箱,ALL,TIKTOK,C,T99,0.0000,0.0000,0.0000,0.00,0.00,0.00,30,0.9677,6 个月 · 全平台 · 全量 SKU · 2026-07-09,published
DJ505644_2,US DC 铁木床 BFX-01 床头床尾含灯带床头翻门置物GS 黑色麻面 Q 一件一箱,ALL,WALMART,C,T99,0.0000,0.0000,0.0000,0.00,0.00,0.00,14,0.4516,6 个月 · 全平台 · 全量 SKU · 2026-07-09,published
DJ505644_3,US DC 铁木床 BFX-01 床头床尾含灯带床头翻门置物GS 黑色麻面 K 一件一箱,ALL,AMAZON,D,T99,0.0000,0.0000,0.0000,0.00,0.00,0.00,43,1.3871,6 个月 · 全平台 · 全量 SKU · 2026-07-09,published
DJ505644_3,US DC 铁木床 BFX-01 床头床尾含灯带床头翻门置物GS 黑色麻面 K 一件一箱,ALL,TIKTOK,D,T99,0.0000,0.0000,0.0000,0.00,0.00,0.00,14,0.4516,6 个月 · 全平台 · 全量 SKU · 2026-07-09,published
DJ505644_3,US DC 铁木床 BFX-01 床头床尾含灯带床头翻门置物GS 黑色麻面 K 一件一箱,ALL,WALMART,D,T99,0.0000,0.0000,0.0000,0.00,0.00,0.00,31,1.0000,6 个月 · 全平台 · 全量 SKU · 2026-07-09,published
DJ505645_1,US VD 板式床 乡村风 3灯带 2柜门 4抽 F 一件两箱 颜色->白色,ALL,AMAZON,C,T4B,0.2643,0.1269,0.1269,8.19,3.93,3.93,71,2.2903,6 个月 · 全平台 · 全量 SKU · 2026-07-09,published
DJ505645_1,US VD 板式床 乡村风 3灯带 2柜门 4抽 F 一件两箱 颜色->白色,ALL,UNKNOWN,C,T99,0.0000,0.0000,0.0000,0.00,0.00,0.00,59,1.9032,6 个月 · 全平台 · 全量 SKU · 2026-07-09,published
DJ505645_1,US VD 板式床 乡村风 3灯带 2柜门 4抽 F 一件两箱 颜色->白色,ALL,WALMART,C,T99,0.0000,0.0000,0.0000,0.00,0.00,0.00,3,0.0968,6 个月 · 全平台 · 全量 SKU · 2026-07-09,published
DJ505645_2,US VD 板式床 乡村风 3灯带 2柜门 4抽 F 一件两箱 颜色->灰色,ALL,AMAZON,C,T4B,0.3714,0.1783,0.1783,11.51,5.53,5.53,59,1.9032,6 个月 · 全平台 · 全量 SKU · 2026-07-09,published
DJ505645_2,US VD 板式床 乡村风 3灯带 2柜门 4抽 F 一件两箱 颜色->灰色,ALL,UNKNOWN,C,T4B,0.0857,0.0411,0.0411,2.66,1.27,1.27,39,1.2581,6 个月 · 全平台 · 全量 SKU · 2026-07-09,published
DJ505646_1,US VD 板式床 乡村风 3灯带 2柜门 4抽 Q 一件两箱 颜色->白色,ALL,AMAZON,C,T4B,0.5071,0.2434,0.2434,15.72,7.55,7.55,71,2.2903,6 个月 · 全平台 · 全量 SKU · 2026-07-09,published
DJ505646_1,US VD 板式床 乡村风 3灯带 2柜门 4抽 Q 一件两箱 颜色->白色,ALL,UNKNOWN,C,T4B,0.2429,0.1166,0.1166,7.53,3.61,3.61,20,0.6452,6 个月 · 全平台 · 全量 SKU · 2026-07-09,published
DJ505646_1,US VD 板式床 乡村风 3灯带 2柜门 4抽 Q 一件两箱 颜色->白色,ALL,WALMART,C,T99,0.0000,0.0000,0.0000,0.00,0.00,0.00,1,0.0323,6 个月 · 全平台 · 全量 SKU · 2026-07-09,published
DJ505646_2,US VD 板式床 乡村风 3灯带 2柜门 4抽 Q 一件两箱 颜色->灰色,ALL,AMAZON,C,T4B,0.5429,0.2606,0.2606,16.83,8.08,8.08,71,2.2903,6 个月 · 全平台 · 全量 SKU · 2026-07-09,published
DJ505646_2,US VD 板式床 乡村风 3灯带 2柜门 4抽 Q 一件两箱 颜色->灰色,ALL,UNKNOWN,C,T4B,0.2071,0.0994,0.0994,6.42,3.08,3.08,9,0.2903,6 个月 · 全平台 · 全量 SKU · 2026-07-09,published
DJ505646_2,US VD 板式床 乡村风 3灯带 2柜门 4抽 Q 一件两箱 颜色->灰色,ALL,WALMART,C,T99,0.0000,0.0000,0.0000,0.00,0.00,0.00,4,0.1290,6 个月 · 全平台 · 全量 SKU · 2026-07-09,published
DJ505648_1,US SD 1.2米悬浮升降咖啡桌 一件一箱  颜色->黑色高光,ALL,AMAZON,C,T4B,0.8643,0.4149,0.4149,26.79,12.86,12.86,28,0.9032,6 个月 · 全平台 · 全量 SKU · 2026-07-09,published
DJ505648_1,US SD 1.2米悬浮升降咖啡桌 一件一箱  颜色->黑色高光,ALL,TIKTOK,C,T99,0.0000,0.0000,0.0000,0.00,0.00,0.00,0,0.0000,6 个月 · 全平台 · 全量 SKU · 2026-07-09,published
DJ505648_2,US SD 1.2米悬浮升降咖啡桌 一件一箱  颜色->黑色高光大理石,ALL,AMAZON,C,T4B,0.4214,0.2023,0.2023,13.06,6.27,6.27,26,0.8387,6 个月 · 全平台 · 全量 SKU · 2026-07-09,published
DJ505648_2,US SD 1.2米悬浮升降咖啡桌 一件一箱  颜色->黑色高光大理石,ALL,TIKTOK,C,T99,0.0000,0.0000,0.0000,0.00,0.00,0.00,0,0.0000,6 个月 · 全平台 · 全量 SKU · 2026-07-09,published
DJ505648_3,US SD 1.2米悬浮升降咖啡桌 一件一箱  颜色->白色高光大理石,ALL,AMAZON,C,T4B,0.3214,0.1543,0.1543,9.96,4.78,4.78,17,0.5484,6 个月 · 全平台 · 全量 SKU · 2026-07-09,published
DJ505648_3,US SD 1.2米悬浮升降咖啡桌 一件一箱  颜色->白色高光大理石,ALL,WALMART,C,T99,0.0000,0.0000,0.0000,0.00,0.00,0.00,2,0.0645,6 个月 · 全平台 · 全量 SKU · 2026-07-09,published
DJ505649_1,US DC 铁木床 CBF-04L 方管铁木角落床带抽 128 白色 T 一件一箱,ALL,AMAZON,C,T4B,0.6500,0.3120,0.3120,20.15,9.67,9.67,58,1.8710,6 个月 · 全平台 · 全量 SKU · 2026-07-09,published
DJ505649_2,US DC 铁木床 CBF-04L 方管铁木角落床带抽 128 白色 TXL 一件一箱,ALL,AMAZON,C,T4B,0.3286,0.1577,0.1577,10.19,4.89,4.89,18,0.5806,6 个月 · 全平台 · 全量 SKU · 2026-07-09,published
DJ505649_2,US DC 铁木床 CBF-04L 方管铁木角落床带抽 128 白色 TXL 一件一箱,ALL,UNKNOWN,C,T99,0.0000,0.0000,0.0000,0.00,0.00,0.00,2,0.0645,6 个月 · 全平台 · 全量 SKU · 2026-07-09,published
DJ505649_2,US DC 铁木床 CBF-04L 方管铁木角落床带抽 128 白色 TXL 一件一箱,ALL,WALMART,C,T99,0.0000,0.0000,0.0000,0.00,0.00,0.00,0,0.0000,6 个月 · 全平台 · 全量 SKU · 2026-07-09,published
DJ505649_3,US DC 铁木床 CBF-04L 方管铁木角落床带抽 128 白色 F  一件一箱,ALL,AMAZON,C,T4B,0.5571,0.2674,0.2674,17.27,8.29,8.29,30,0.9677,6 个月 · 全平台 · 全量 SKU · 2026-07-09,published
DJ505649_3,US DC 铁木床 CBF-04L 方管铁木角落床带抽 128 白色 F  一件一箱,ALL,TIKTOK,C,T99,0.0000,0.0000,0.0000,0.00,0.00,0.00,1,0.0323,6 个月 · 全平台 · 全量 SKU · 2026-07-09,published
DJ505650_1,US SD 1.4米单人三抽U型腿电脑桌  一件一箱 颜色->原木色零度浮雕,ALL,AMAZON,C,T4B,1.0429,0.5006,0.5006,32.33,15.52,15.52,0,0.0000,6 个月 · 全平台 · 全量 SKU · 2026-07-09,published
DJ505650_1,US SD 1.4米单人三抽U型腿电脑桌  一件一箱 颜色->原木色零度浮雕,ALL,TEMU,C,T99,0.0000,0.0000,0.0000,0.00,0.00,0.00,0,0.0000,6 个月 · 全平台 · 全量 SKU · 2026-07-09,published
DJ505650_1,US SD 1.4米单人三抽U型腿电脑桌  一件一箱 颜色->原木色零度浮雕,ALL,UNKNOWN,C,T99,0.0000,0.0000,0.0000,0.00,0.00,0.00,0,0.0000,6 个月 · 全平台 · 全量 SKU · 2026-07-09,published
DJ505650_2,US SD 1.4米单人三抽U型腿电脑桌  一件一箱 颜色->黑色大山纹零度,ALL,AMAZON,C,T4B,0.7500,0.3600,0.3600,23.25,11.16,11.16,14,0.4516,6 个月 · 全平台 · 全量 SKU · 2026-07-09,published
DJ505650_2,US SD 1.4米单人三抽U型腿电脑桌  一件一箱 颜色->黑色大山纹零度,ALL,TIKTOK,C,T99,0.0000,0.0000,0.0000,0.00,0.00,0.00,0,0.0000,6 个月 · 全平台 · 全量 SKU · 2026-07-09,published
DJ505650_2,US SD 1.4米单人三抽U型腿电脑桌  一件一箱 颜色->黑色大山纹零度,ALL,UNKNOWN,C,T99,0.0000,0.0000,0.0000,0.00,0.00,0.00,0,0.0000,6 个月 · 全平台 · 全量 SKU · 2026-07-09,published
DJ505650_2,US SD 1.4米单人三抽U型腿电脑桌  一件一箱 颜色->黑色大山纹零度,ALL,WALMART,C,T99,0.0000,0.0000,0.0000,0.00,0.00,0.00,0,0.0000,6 个月 · 全平台 · 全量 SKU · 2026-07-09,published
DJ505650_3,US SD 1.4米单人三抽U型腿电脑桌  一件一箱 颜色->白色大山纹零度,ALL,AMAZON,C,T4B,0.4429,0.2126,0.2126,13.73,6.59,6.59,36,1.1613,6 个月 · 全平台 · 全量 SKU · 2026-07-09,published
DJ505650_3,US SD 1.4米单人三抽U型腿电脑桌  一件一箱 颜色->白色大山纹零度,ALL,WALMART,C,T99,0.0000,0.0000,0.0000,0.00,0.00,0.00,2,0.0645,6 个月 · 全平台 · 全量 SKU · 2026-07-09,published
DJ505651_1,US 1.6米U型腿三抽板材L桌 一件两箱 颜色->原木色零度浮雕,ALL,AMAZON,C,T99,0.0000,0.0000,0.0000,0.00,0.00,0.00,0,0.0000,6 个月 · 全平台 · 全量 SKU · 2026-07-09,published
DJ505651_1,US 1.6米U型腿三抽板材L桌 一件两箱 颜色->原木色零度浮雕,ALL,TEMU,C,T99,0.0000,0.0000,0.0000,0.00,0.00,0.00,0,0.0000,6 个月 · 全平台 · 全量 SKU · 2026-07-09,published
DJ505651_1,US 1.6米U型腿三抽板材L桌 一件两箱 颜色->原木色零度浮雕,ALL,UNKNOWN,C,T99,0.0000,0.0000,0.0000,0.00,0.00,0.00,0,0.0000,6 个月 · 全平台 · 全量 SKU · 2026-07-09,published
DJ505651_1,US 1.6米U型腿三抽板材L桌 一件两箱 颜色->原木色零度浮雕,ALL,WALMART,C,T99,0.0000,0.0000,0.0000,0.00,0.00,0.00,0,0.0000,6 个月 · 全平台 · 全量 SKU · 2026-07-09,published
DJ505651_2,US 1.6米U型腿三抽板材L桌 一件两箱 颜色->黑色大山纹零度,ALL,AMAZON,C,T4B,0.7714,0.3703,0.3703,23.91,11.48,11.48,0,0.0000,6 个月 · 全平台 · 全量 SKU · 2026-07-09,published
DJ505651_2,US 1.6米U型腿三抽板材L桌 一件两箱 颜色->黑色大山纹零度,ALL,TEMU,C,T99,0.0000,0.0000,0.0000,0.00,0.00,0.00,0,0.0000,6 个月 · 全平台 · 全量 SKU · 2026-07-09,published
DJ505651_2,US 1.6米U型腿三抽板材L桌 一件两箱 颜色->黑色大山纹零度,ALL,TIKTOK,C,T99,0.0000,0.0000,0.0000,0.00,0.00,0.00,0,0.0000,6 个月 · 全平台 · 全量 SKU · 2026-07-09,published
DJ505651_2,US 1.6米U型腿三抽板材L桌 一件两箱 颜色->黑色大山纹零度,ALL,UNKNOWN,C,T99,0.0000,0.0000,0.0000,0.00,0.00,0.00,0,0.0000,6 个月 · 全平台 · 全量 SKU · 2026-07-09,published
DJ505651_2,US 1.6米U型腿三抽板材L桌 一件两箱 颜色->黑色大山纹零度,ALL,WALMART,C,T99,0.0000,0.0000,0.0000,0.00,0.00,0.00,0,0.0000,6 个月 · 全平台 · 全量 SKU · 2026-07-09,published
DJ505651_3,US 1.6米U型腿三抽板材L桌 一件两箱 颜色->白色大山纹零度,ALL,AMAZON,C,T4B,0.6000,0.2880,0.2880,18.60,8.93,8.93,0,0.0000,6 个月 · 全平台 · 全量 SKU · 2026-07-09,published
DJ505651_3,US 1.6米U型腿三抽板材L桌 一件两箱 颜色->白色大山纹零度,ALL,TEMU,C,T99,0.0000,0.0000,0.0000,0.00,0.00,0.00,0,0.0000,6 个月 · 全平台 · 全量 SKU · 2026-07-09,published
DJ505651_3,US 1.6米U型腿三抽板材L桌 一件两箱 颜色->白色大山纹零度,ALL,UNKNOWN,C,T99,0.0000,0.0000,0.0000,0.00,0.00,0.00,0,0.0000,6 个月 · 全平台 · 全量 SKU · 2026-07-09,published
DJ505651_3,US 1.6米U型腿三抽板材L桌 一件两箱 颜色->白色大山纹零度,ALL,WALMART,C,T99,0.0000,0.0000,0.0000,0.00,0.00,0.00,0,0.0000,6 个月 · 全平台 · 全量 SKU · 2026-07-09,published
DJ505655_1,US SD 1.65米X字双抽电脑桌 一件一箱 颜色->棕（顶）+白麻,ALL,AMAZON,C,T4B,1.2357,0.5931,0.5931,38.31,18.39,18.39,0,0.0000,6 个月 · 全平台 · 全量 SKU · 2026-07-09,published
DJ505655_1,US SD 1.65米X字双抽电脑桌 一件一箱 颜色->棕（顶）+白麻,ALL,TEMU,C,T99,0.0000,0.0000,0.0000,0.00,0.00,0.00,0,0.0000,6 个月 · 全平台 · 全量 SKU · 2026-07-09,published
DJ505655_1,US SD 1.65米X字双抽电脑桌 一件一箱 颜色->棕（顶）+白麻,ALL,UNKNOWN,C,T99,0.0000,0.0000,0.0000,0.00,0.00,0.00,0,0.0000,6 个月 · 全平台 · 全量 SKU · 2026-07-09,published
DJ505655_1,US SD 1.65米X字双抽电脑桌 一件一箱 颜色->棕（顶）+白麻,ALL,WALMART,C,T99,0.0000,0.0000,0.0000,0.00,0.00,0.00,0,0.0000,6 个月 · 全平台 · 全量 SKU · 2026-07-09,published
DJ505655_2,US SD 1.65米X字双抽电脑桌 一件一箱 颜色->棕色（顶）+黑麻,ALL,AMAZON,C,T99,0.0000,0.0000,0.0000,0.00,0.00,0.00,0,0.0000,6 个月 · 全平台 · 全量 SKU · 2026-07-09,published
DJ505655_2,US SD 1.65米X字双抽电脑桌 一件一箱 颜色->棕色（顶）+黑麻,ALL,TEMU,C,T99,0.0000,0.0000,0.0000,0.00,0.00,0.00,0,0.0000,6 个月 · 全平台 · 全量 SKU · 2026-07-09,published
DJ505655_2,US SD 1.65米X字双抽电脑桌 一件一箱 颜色->棕色（顶）+黑麻,ALL,UNKNOWN,C,T99,0.0000,0.0000,0.0000,0.00,0.00,0.00,0,0.0000,6 个月 · 全平台 · 全量 SKU · 2026-07-09,published
DJ505655_2,US SD 1.65米X字双抽电脑桌 一件一箱 颜色->棕色（顶）+黑麻,ALL,WALMART,C,T99,0.0000,0.0000,0.0000,0.00,0.00,0.00,0,0.0000,6 个月 · 全平台 · 全量 SKU · 2026-07-09,published
DJ505657_4,US YSY-YW01 7抽帐篷低阁楼床带2条灯带床头置物袋 一件一箱 颜色->紫色,ALL,AMAZON,C,T4B,0.4429,0.2126,0.2126,13.73,6.59,6.59,21,0.6774,6 个月 · 全平台 · 全量 SKU · 2026-07-09,published
DJ505657_4,US YSY-YW01 7抽帐篷低阁楼床带2条灯带床头置物袋 一件一箱 颜色->紫色,ALL,TIKTOK,C,T99,0.0000,0.0000,0.0000,0.00,0.00,0.00,2,0.0645,6 个月 · 全平台 · 全量 SKU · 2026-07-09,published
DJ505657_4,US YSY-YW01 7抽帐篷低阁楼床带2条灯带床头置物袋 一件一箱 颜色->紫色,ALL,UNKNOWN,C,T99,0.0000,0.0000,0.0000,0.00,0.00,0.00,0,0.0000,6 个月 · 全平台 · 全量 SKU · 2026-07-09,published
DJ505658_1,US SD 1.7米五抽单人桌  一件一箱   颜色->火烧云,ALL,AMAZON,C,T4B,1.5500,0.7440,0.7440,48.05,23.06,23.06,72,2.3226,6 个月 · 全平台 · 全量 SKU · 2026-07-09,published
DJ505658_1,US SD 1.7米五抽单人桌  一件一箱   颜色->火烧云,ALL,TEMU,C,T99,0.0000,0.0000,0.0000,0.00,0.00,0.00,0,0.0000,6 个月 · 全平台 · 全量 SKU · 2026-07-09,published
DJ505658_1,US SD 1.7米五抽单人桌  一件一箱   颜色->火烧云,ALL,UNKNOWN,C,T99,0.0000,0.0000,0.0000,0.00,0.00,0.00,0,0.0000,6 个月 · 全平台 · 全量 SKU · 2026-07-09,published
DJ505658_3,US SD 1.7米五抽单人桌  一件一箱   颜色->白色,ALL,AMAZON,C,T4B,0.1714,0.0823,0.0823,5.31,2.55,2.55,45,1.4516,6 个月 · 全平台 · 全量 SKU · 2026-07-09,published
DJ505658_3,US SD 1.7米五抽单人桌  一件一箱   颜色->白色,ALL,UNKNOWN,C,T99,0.0000,0.0000,0.0000,0.00,0.00,0.00,0,0.0000,6 个月 · 全平台 · 全量 SKU · 2026-07-09,published
DJ505658_3,US SD 1.7米五抽单人桌  一件一箱   颜色->白色,ALL,WALMART,C,T99,0.0000,0.0000,0.0000,0.00,0.00,0.00,4,0.1290,6 个月 · 全平台 · 全量 SKU · 2026-07-09,published
DJ505658_4,US SD 1.7米五抽单人桌  一件一箱   颜色->989-3灰色,ALL,AMAZON,D,T4B,0.2571,0.1234,0.1234,7.97,3.83,3.83,33,1.0645,6 个月 · 全平台 · 全量 SKU · 2026-07-09,published
DJ505658_4,US SD 1.7米五抽单人桌  一件一箱   颜色->989-3灰色,ALL,WALMART,D,T99,0.0000,0.0000,0.0000,0.00,0.00,0.00,3,0.0968,6 个月 · 全平台 · 全量 SKU · 2026-07-09,published
DJ505659_1,US SD 1.9M五抽单人桌  一件一箱  颜色->火烧云,ALL,AMAZON,C,T4B,1.3549,0.7284,0.7284,42.00,22.58,22.58,73,2.3548,6 个月 · 全平台 · 全量 SKU · 2026-07-09,published
DJ505659_1,US SD 1.9M五抽单人桌  一件一箱  颜色->火烧云,ALL,TEMU,C,T99,0.0000,0.0000,0.0000,0.00,0.00,0.00,4,0.1290,6 个月 · 全平台 · 全量 SKU · 2026-07-09,published
DJ505659_2,US SD 1.9M五抽单人桌  一件一箱  颜色->黑色,ALL,AMAZON,C,T4B,1.9330,1.0392,1.0392,59.92,32.22,32.22,79,2.5484,6 个月 · 全平台 · 全量 SKU · 2026-07-09,published
DJ505659_2,US SD 1.9M五抽单人桌  一件一箱  颜色->黑色,ALL,TIKTOK,C,T99,0.0000,0.0000,0.0000,0.00,0.00,0.00,1,0.0323,6 个月 · 全平台 · 全量 SKU · 2026-07-09,published
DJ505659_3,US SD 1.9M五抽单人桌  一件一箱  颜色->白色,ALL,AMAZON,C,T99,0.0000,0.0000,0.0000,0.00,0.00,0.00,31,1.0000,6 个月 · 全平台 · 全量 SKU · 2026-07-09,published
DJ505659_3,US SD 1.9M五抽单人桌  一件一箱  颜色->白色,ALL,TEMU,C,T99,0.0000,0.0000,0.0000,0.00,0.00,0.00,1,0.0323,6 个月 · 全平台 · 全量 SKU · 2026-07-09,published
DJ505659_3,US SD 1.9M五抽单人桌  一件一箱  颜色->白色,ALL,UNKNOWN,C,T99,0.0000,0.0000,0.0000,0.00,0.00,0.00,40,1.2903,6 个月 · 全平台 · 全量 SKU · 2026-07-09,published
DJ505659_3,US SD 1.9M五抽单人桌  一件一箱  颜色->白色,ALL,WALMART,C,T99,0.0000,0.0000,0.0000,0.00,0.00,0.00,1,0.0323,6 个月 · 全平台 · 全量 SKU · 2026-07-09,published
DJ505659_4,US SD 1.9M五抽单人桌  一件一箱  颜色->989-3灰色,ALL,AMAZON,C,T4B,2.0505,1.1024,1.1024,63.57,34.17,34.17,73,2.3548,6 个月 · 全平台 · 全量 SKU · 2026-07-09,published
DJ505659_4,US SD 1.9M五抽单人桌  一件一箱  颜色->989-3灰色,ALL,TIKTOK,C,T99,0.0000,0.0000,0.0000,0.00,0.00,0.00,0,0.0000,6 个月 · 全平台 · 全量 SKU · 2026-07-09,published
DJ505660_1,US 双抽农舍竖条高文件柜 一件一箱 颜色->棕+白,ALL,AMAZON,C,T99,0.0000,0.0000,0.0000,0.00,0.00,0.00,11,0.3548,6 个月 · 全平台 · 全量 SKU · 2026-07-09,published
DJ505660_1,US 双抽农舍竖条高文件柜 一件一箱 颜色->棕+白,ALL,TEMU,C,T99,0.0000,0.0000,0.0000,0.00,0.00,0.00,0,0.0000,6 个月 · 全平台 · 全量 SKU · 2026-07-09,published
DJ505660_1,US 双抽农舍竖条高文件柜 一件一箱 颜色->棕+白,ALL,UNKNOWN,C,T99,0.0000,0.0000,0.0000,0.00,0.00,0.00,0,0.0000,6 个月 · 全平台 · 全量 SKU · 2026-07-09,published
DJ505660_2,US 双抽农舍竖条高文件柜 一件一箱 颜色->棕色,ALL,AMAZON,C,T4B,0.7522,0.4044,0.4044,23.32,12.54,12.54,36,1.1613,6 个月 · 全平台 · 全量 SKU · 2026-07-09,published
DJ505660_2,US 双抽农舍竖条高文件柜 一件一箱 颜色->棕色,ALL,UNKNOWN,C,T99,0.0000,0.0000,0.0000,0.00,0.00,0.00,8,0.2581,6 个月 · 全平台 · 全量 SKU · 2026-07-09,published
DJ505660_2,US 双抽农舍竖条高文件柜 一件一箱 颜色->棕色,ALL,WALMART,C,T99,0.0000,0.0000,0.0000,0.00,0.00,0.00,1,0.0323,6 个月 · 全平台 · 全量 SKU · 2026-07-09,published
DJ505660_3,US 双抽农舍竖条高文件柜 一件一箱 颜色->989-3灰,ALL,AMAZON,C,T4B,0.7615,0.4094,0.4094,23.61,12.69,12.69,27,0.8710,6 个月 · 全平台 · 全量 SKU · 2026-07-09,published
DJ505660_3,US 双抽农舍竖条高文件柜 一件一箱 颜色->989-3灰,ALL,TEMU,C,T99,0.0000,0.0000,0.0000,0.00,0.00,0.00,0,0.0000,6 个月 · 全平台 · 全量 SKU · 2026-07-09,published
DJ505660_3,US 双抽农舍竖条高文件柜 一件一箱 颜色->989-3灰,ALL,WALMART,C,T99,0.0000,0.0000,0.0000,0.00,0.00,0.00,0,0.0000,6 个月 · 全平台 · 全量 SKU · 2026-07-09,published
DJ505661_2,US AG 板式床 靠背翻盖软包 床头双柜门 6抽 F 一件两箱 颜色->黑色,ALL,AMAZON,C,T4B,0.2500,0.1200,0.1200,7.75,3.72,3.72,63,2.0323,6 个月 · 全平台 · 全量 SKU · 2026-07-09,published
DJ505661_2,US AG 板式床 靠背翻盖软包 床头双柜门 6抽 F 一件两箱 颜色->黑色,ALL,UNKNOWN,C,T99,0.0000,0.0000,0.0000,0.00,0.00,0.00,4,0.1290,6 个月 · 全平台 · 全量 SKU · 2026-07-09,published
DJ505661_2,US AG 板式床 靠背翻盖软包 床头双柜门 6抽 F 一件两箱 颜色->黑色,ALL,WALMART,C,T99,0.0000,0.0000,0.0000,0.00,0.00,0.00,8,0.2581,6 个月 · 全平台 · 全量 SKU · 2026-07-09,published
DJ505662_2,US AG 板式床 靠背翻盖软包 床头双柜门 6抽 Q 一件两箱 颜色->黑色,ALL,AMAZON,C,T4B,0.5643,0.2709,0.2709,17.49,8.40,8.40,62,2.0000,6 个月 · 全平台 · 全量 SKU · 2026-07-09,published
DJ505662_2,US AG 板式床 靠背翻盖软包 床头双柜门 6抽 Q 一件两箱 颜色->黑色,ALL,UNKNOWN,C,T99,0.0000,0.0000,0.0000,0.00,0.00,0.00,0,0.0000,6 个月 · 全平台 · 全量 SKU · 2026-07-09,published
DJ505662_2,US AG 板式床 靠背翻盖软包 床头双柜门 6抽 Q 一件两箱 颜色->黑色,ALL,WALMART,C,T99,0.0000,0.0000,0.0000,0.00,0.00,0.00,10,0.3226,6 个月 · 全平台 · 全量 SKU · 2026-07-09,published
DJ505663_1,"EU KM BF-RX03 带床头悬浮床 双包装 尺码->XXXL,180*200;颜色->白色,PU白",ALL,AMAZON,D,T99,0.0000,0.0000,0.0000,0.00,0.00,0.00,27,0.8710,6 个月 · 全平台 · 全量 SKU · 2026-07-09,published
DJ505663_2,"EU KM BF-RX03 带床头悬浮床 双包装 尺码->XXXL,180*200;颜色->灰色,亚麻灰",ALL,AMAZON,C,T4B,0.3143,0.1509,0.1509,9.74,4.68,4.68,36,1.1613,6 个月 · 全平台 · 全量 SKU · 2026-07-09,published
DJ505665_1,"EU AD BF-TG03 铁木软包内侧大布抽拐角床 双包装 尺码->S,90*190;颜色->灰色,亚麻灰",ALL,AMAZON,D,T99,0.0000,0.0000,0.0000,0.00,0.00,0.00,31,1.0000,6 个月 · 全平台 · 全量 SKU · 2026-07-09,published
DJ505665_2,"EU AD BF-TG03 铁木软包内侧大布抽拐角床 双包装 尺码->M,90*200;颜色->灰色,亚麻灰",ALL,AMAZON,C,T4B,0.2071,0.0994,0.0994,6.42,3.08,3.08,35,1.1290,6 个月 · 全平台 · 全量 SKU · 2026-07-09,published
DJ505666_1,"EU KM BF-RG01 软包拐角液压床 双包装 尺码->S,90*190;颜色->灰色,亚麻灰",ALL,UNKNOWN,D,T99,0.0000,0.0000,0.0000,0.00,0.00,0.00,11,0.3548,6 个月 · 全平台 · 全量 SKU · 2026-07-09,published
DJ505666_2,"EU KM BF-RG01 软包拐角液压床 双包装 尺码->M,90*200;颜色->白色,PU白",ALL,AMAZON,C,T4B,0.1714,0.0823,0.0823,5.31,2.55,2.55,28,0.9032,6 个月 · 全平台 · 全量 SKU · 2026-07-09,published
DJ505666_3,"EU KM BF-RG01 软包拐角液压床 双包装 尺码->M,90*200;颜色->灰色,亚麻灰",ALL,AMAZON,C,T4B,0.6429,0.3086,0.3086,19.93,9.57,9.57,29,0.9355,6 个月 · 全平台 · 全量 SKU · 2026-07-09,published
DJ505666_3,"EU KM BF-RG01 软包拐角液压床 双包装 尺码->M,90*200;颜色->灰色,亚麻灰",ALL,UNKNOWN,C,T4B,0.4000,0.1920,0.1920,12.40,5.95,5.95,14,0.4516,6 个月 · 全平台 · 全量 SKU · 2026-07-09,published
DJ505666_5,"EU KM BF-RG01 软包拐角液压床 双包装 尺码->L,140*190;颜色->灰色,亚麻灰",ALL,UNKNOWN,D,T99,0.0000,0.0000,0.0000,0.00,0.00,0.00,0,0.0000,6 个月 · 全平台 · 全量 SKU · 2026-07-09,published
DJ505666_6,"EU KM BF-RG01 软包拐角液压床 双包装 尺码->XL,140*200;颜色->灰色,亚麻灰",ALL,AMAZON,C,T4B,0.2571,0.1234,0.1234,7.97,3.83,3.83,42,1.3548,6 个月 · 全平台 · 全量 SKU · 2026-07-09,published
DJ505666_6,"EU KM BF-RG01 软包拐角液压床 双包装 尺码->XL,140*200;颜色->灰色,亚麻灰",ALL,UNKNOWN,C,T4B,0.2786,0.1337,0.1337,8.64,4.14,4.14,15,0.4839,6 个月 · 全平台 · 全量 SKU · 2026-07-09,published
DJ505667_6,"EU KM BF-RX03 带床头悬浮床 单包装 尺码->XXL,160*200;颜色->灰色,亚麻灰",ALL,AMAZON,C,T4B,0.0929,0.0446,0.0446,2.88,1.38,1.38,18,0.5806,6 个月 · 全平台 · 全量 SKU · 2026-07-09,published
DJ505668_1,US SD L桌带文件抽桌面宽470mm  颜色->火烧云,ALL,AMAZON,B,T4B,2.4357,1.1691,1.1691,75.51,36.24,36.24,159,5.1290,6 个月 · 全平台 · 全量 SKU · 2026-07-09,published
DJ505668_1,US SD L桌带文件抽桌面宽470mm  颜色->火烧云,ALL,UNKNOWN,B,T4B,0.4786,0.2297,0.2297,14.84,7.12,7.12,47,1.5161,6 个月 · 全平台 · 全量 SKU · 2026-07-09,published
DJ505668_2,US SD L桌带文件抽桌面宽470mm  颜色->黑色,ALL,AMAZON,B,T4B,2.6071,1.2514,1.2514,80.82,38.79,38.79,175,5.6452,6 个月 · 全平台 · 全量 SKU · 2026-07-09,published
DJ505668_2,US SD L桌带文件抽桌面宽470mm  颜色->黑色,ALL,TEMU,B,T4B,0.4714,0.2263,0.2263,14.61,7.02,7.02,33,1.0645,6 个月 · 全平台 · 全量 SKU · 2026-07-09,published
DJ505668_2,US SD L桌带文件抽桌面宽470mm  颜色->黑色,ALL,TIKTOK,B,T4B,0.2571,0.1234,0.1234,7.97,3.83,3.83,12,0.3871,6 个月 · 全平台 · 全量 SKU · 2026-07-09,published
DJ505668_2,US SD L桌带文件抽桌面宽470mm  颜色->黑色,ALL,UNKNOWN,B,T4B,1.6857,0.8091,0.8091,52.26,25.08,25.08,140,4.5161,6 个月 · 全平台 · 全量 SKU · 2026-07-09,published
DJ505668_3,US SD L桌带文件抽桌面宽470mm  颜色->白色,ALL,AMAZON,C,T4B,1.7786,0.8537,0.8537,55.14,26.46,26.46,117,3.7742,6 个月 · 全平台 · 全量 SKU · 2026-07-09,published
DJ505668_3,US SD L桌带文件抽桌面宽470mm  颜色->白色,ALL,TEMU,C,T4B,0.1929,0.0926,0.0926,5.98,2.87,2.87,6,0.1935,6 个月 · 全平台 · 全量 SKU · 2026-07-09,published
DJ505668_3,US SD L桌带文件抽桌面宽470mm  颜色->白色,ALL,TIKTOK,C,T4B,0.1714,0.0823,0.0823,5.31,2.55,2.55,14,0.4516,6 个月 · 全平台 · 全量 SKU · 2026-07-09,published
DJ505668_3,US SD L桌带文件抽桌面宽470mm  颜色->白色,ALL,UNKNOWN,C,T4B,0.5714,0.2743,0.2743,17.71,8.50,8.50,42,1.3548,6 个月 · 全平台 · 全量 SKU · 2026-07-09,published
DJ505668_4,US SD L桌带文件抽桌面宽470mm  颜色->989-3灰色,ALL,AMAZON,C,T4B,1.7143,0.8229,0.8229,53.14,25.51,25.51,332,10.7097,6 个月 · 全平台 · 全量 SKU · 2026-07-09,published
DJ505668_4,US SD L桌带文件抽桌面宽470mm  颜色->989-3灰色,ALL,UNKNOWN,C,T99,0.0000,0.0000,0.0000,0.00,0.00,0.00,0,0.0000,6 个月 · 全平台 · 全量 SKU · 2026-07-09,published
DJ505668_4,US SD L桌带文件抽桌面宽470mm  颜色->989-3灰色,ALL,WALMART,C,T99,0.0000,0.0000,0.0000,0.00,0.00,0.00,5,0.1613,6 个月 · 全平台 · 全量 SKU · 2026-07-09,published
DJ505668_5,US SD L桌带文件抽桌面宽470mm  颜色->989-2,ALL,AMAZON,C,T4B,0.6714,0.3223,0.3223,20.81,9.99,9.99,70,2.2581,6 个月 · 全平台 · 全量 SKU · 2026-07-09,published
DJ505668_5,US SD L桌带文件抽桌面宽470mm  颜色->989-2,ALL,TIKTOK,C,T99,0.0000,0.0000,0.0000,0.00,0.00,0.00,4,0.1290,6 个月 · 全平台 · 全量 SKU · 2026-07-09,published
DJ505669_1,US YSY-694款 F尺寸14抽上床下桌带排插灯带 一件两箱 颜色->火烧云,ALL,AMAZON,D,T99,0.0000,0.0000,0.0000,0.00,0.00,0.00,26,0.8387,6 个月 · 全平台 · 全量 SKU · 2026-07-09,published
DJ505669_1,US YSY-694款 F尺寸14抽上床下桌带排插灯带 一件两箱 颜色->火烧云,ALL,TIKTOK,D,T99,0.0000,0.0000,0.0000,0.00,0.00,0.00,0,0.0000,6 个月 · 全平台 · 全量 SKU · 2026-07-09,published
DJ505669_2,US YSY-694款 F尺寸14抽上床下桌带排插灯带 一件两箱 颜色->白色,ALL,AMAZON,D,T4B,1.3467,0.7240,0.7240,41.75,22.44,22.44,50,1.6129,6 个月 · 全平台 · 全量 SKU · 2026-07-09,published
DJ505669_2,US YSY-694款 F尺寸14抽上床下桌带排插灯带 一件两箱 颜色->白色,ALL,UNKNOWN,D,T99,0.0000,0.0000,0.0000,0.00,0.00,0.00,6,0.1935,6 个月 · 全平台 · 全量 SKU · 2026-07-09,published
DJ505669_2,US YSY-694款 F尺寸14抽上床下桌带排插灯带 一件两箱 颜色->白色,ALL,WALMART,D,T99,0.0000,0.0000,0.0000,0.00,0.00,0.00,1,0.0323,6 个月 · 全平台 · 全量 SKU · 2026-07-09,published
DJ505669_3,US YSY-694款 F尺寸14抽上床下桌带排插灯带 一件两箱 颜色->灰色,ALL,AMAZON,D,T4B,1.0176,0.5471,0.5471,31.55,16.96,16.96,37,1.1935,6 个月 · 全平台 · 全量 SKU · 2026-07-09,published
DJ505669_3,US YSY-694款 F尺寸14抽上床下桌带排插灯带 一件两箱 颜色->灰色,ALL,UNKNOWN,D,T99,0.0000,0.0000,0.0000,0.00,0.00,0.00,9,0.2903,6 个月 · 全平台 · 全量 SKU · 2026-07-09,published
DJ505670_1,US SD L桌带抽屉六抽款 一件一箱 颜色->黑色,ALL,AMAZON,C,T4B,0.8357,0.4011,0.4011,25.91,12.43,12.43,73,2.3548,6 个月 · 全平台 · 全量 SKU · 2026-07-09,published
DJ505670_1,US SD L桌带抽屉六抽款 一件一箱 颜色->黑色,ALL,TIKTOK,C,T99,0.0000,0.0000,0.0000,0.00,0.00,0.00,0,0.0000,6 个月 · 全平台 · 全量 SKU · 2026-07-09,published
DJ505670_1,US SD L桌带抽屉六抽款 一件一箱 颜色->黑色,ALL,UNKNOWN,C,T99,0.0000,0.0000,0.0000,0.00,0.00,0.00,16,0.5161,6 个月 · 全平台 · 全量 SKU · 2026-07-09,published
DJ505670_2,US SD L桌带抽屉六抽款 一件一箱 颜色->白色,ALL,AMAZON,D,T4B,0.1143,0.0549,0.0549,3.54,1.70,1.70,28,0.9032,6 个月 · 全平台 · 全量 SKU · 2026-07-09,published
DJ505670_2,US SD L桌带抽屉六抽款 一件一箱 颜色->白色,ALL,TEMU,D,T99,0.0000,0.0000,0.0000,0.00,0.00,0.00,7,0.2258,6 个月 · 全平台 · 全量 SKU · 2026-07-09,published
DJ505670_3,US SD L桌带抽屉六抽款 一件一箱 颜色->灰色989-3,ALL,AMAZON,D,T99,0.0000,0.0000,0.0000,0.00,0.00,0.00,13,0.4194,6 个月 · 全平台 · 全量 SKU · 2026-07-09,published
DJ505670_4,US SD L桌带抽屉六抽款 一件一箱 颜色->火烧云,ALL,AMAZON,C,T4B,2.8429,1.3646,1.3646,88.13,42.30,42.30,243,7.8387,6 个月 · 全平台 · 全量 SKU · 2026-07-09,published
DJ505670_4,US SD L桌带抽屉六抽款 一件一箱 颜色->火烧云,ALL,TEMU,C,T4B,0.1214,0.0583,0.0583,3.76,1.81,1.81,23,0.7419,6 个月 · 全平台 · 全量 SKU · 2026-07-09,published
DJ505670_4,US SD L桌带抽屉六抽款 一件一箱 颜色->火烧云,ALL,TIKTOK,C,T99,0.0000,0.0000,0.0000,0.00,0.00,0.00,0,0.0000,6 个月 · 全平台 · 全量 SKU · 2026-07-09,published
DJ505671_1,US DC 公主床 BPS-01 GS-041钻石拉扣床侧带抽 T 粉色 一件一箱,ALL,AMAZON,B,T4B,1.9967,1.0734,1.0734,61.90,33.28,33.28,67,2.1613,6 个月 · 全平台 · 全量 SKU · 2026-07-09,published
DJ505671_1,US DC 公主床 BPS-01 GS-041钻石拉扣床侧带抽 T 粉色 一件一箱,ALL,WALMART,B,T4B,0.2214,0.1063,0.1063,6.86,3.30,3.30,23,0.7419,6 个月 · 全平台 · 全量 SKU · 2026-07-09,published
DJ505671_2,US DC 公主床 BPS-01 GS-041钻石拉扣床侧带抽 F 粉色 一件一箱,ALL,AMAZON,C,T4B,1.5835,0.8513,0.8513,49.09,26.39,26.39,60,1.9355,6 个月 · 全平台 · 全量 SKU · 2026-07-09,published
DJ505671_2,US DC 公主床 BPS-01 GS-041钻石拉扣床侧带抽 F 粉色 一件一箱,ALL,TEMU,C,T99,0.0000,0.0000,0.0000,0.00,0.00,0.00,0,0.0000,6 个月 · 全平台 · 全量 SKU · 2026-07-09,published
DJ505671_2,US DC 公主床 BPS-01 GS-041钻石拉扣床侧带抽 F 粉色 一件一箱,ALL,UNKNOWN,C,T99,0.0000,0.0000,0.0000,0.00,0.00,0.00,8,0.2581,6 个月 · 全平台 · 全量 SKU · 2026-07-09,published
DJ505671_2,US DC 公主床 BPS-01 GS-041钻石拉扣床侧带抽 F 粉色 一件一箱,ALL,WALMART,C,T99,0.0000,0.0000,0.0000,0.00,0.00,0.00,10,0.3226,6 个月 · 全平台 · 全量 SKU · 2026-07-09,published
DJ505672_1,US DC 公主床 BPS-01 GS-041钻石拉扣床侧带抽 T 米色 一件一箱,ALL,AMAZON,B,T4B,1.9648,1.0563,1.0563,60.91,32.75,32.75,102,3.2903,6 个月 · 全平台 · 全量 SKU · 2026-07-09,published
DJ505672_1,US DC 公主床 BPS-01 GS-041钻石拉扣床侧带抽 T 米色 一件一箱,ALL,UNKNOWN,B,T99,0.0000,0.0000,0.0000,0.00,0.00,0.00,9,0.2903,6 个月 · 全平台 · 全量 SKU · 2026-07-09,published
DJ505672_1,US DC 公主床 BPS-01 GS-041钻石拉扣床侧带抽 T 米色 一件一箱,ALL,WALMART,B,T99,0.0000,0.0000,0.0000,0.00,0.00,0.00,9,0.2903,6 个月 · 全平台 · 全量 SKU · 2026-07-09,published
DJ505672_2,US DC 公主床 BPS-01 GS-041钻石拉扣床侧带抽 F 米色 一件一箱,ALL,AMAZON,C,T4B,1.6440,0.8838,0.8838,50.96,27.40,27.40,138,4.4516,6 个月 · 全平台 · 全量 SKU · 2026-07-09,published
DJ505672_2,US DC 公主床 BPS-01 GS-041钻石拉扣床侧带抽 F 米色 一件一箱,ALL,UNKNOWN,C,T99,0.0000,0.0000,0.0000,0.00,0.00,0.00,4,0.1290,6 个月 · 全平台 · 全量 SKU · 2026-07-09,published
DJ505672_2,US DC 公主床 BPS-01 GS-041钻石拉扣床侧带抽 F 米色 一件一箱,ALL,WALMART,C,T99,0.0000,0.0000,0.0000,0.00,0.00,0.00,11,0.3548,6 个月 · 全平台 · 全量 SKU · 2026-07-09,published
DJ505673_1,US RL-597款 F尺寸5抽上下床带桌子含灯带插排，带侧袋和桌边布袋 一件两箱 颜色->火烧云,ALL,AMAZON,B,T4B,1.8626,1.0014,1.0014,57.74,31.04,31.04,79,2.5484,6 个月 · 全平台 · 全量 SKU · 2026-07-09,published
DJ505673_1,US RL-597款 F尺寸5抽上下床带桌子含灯带插排，带侧袋和桌边布袋 一件两箱 颜色->火烧云,ALL,UNKNOWN,B,T4B,1.1137,0.5987,0.5987,34.52,18.56,18.56,44,1.4194,6 个月 · 全平台 · 全量 SKU · 2026-07-09,published
DJ505673_1,US RL-597款 F尺寸5抽上下床带桌子含灯带插排，带侧袋和桌边布袋 一件两箱 颜色->火烧云,ALL,WALMART,B,T4B,0.2500,0.1200,0.1200,7.75,3.72,3.72,11,0.3548,6 个月 · 全平台 · 全量 SKU · 2026-07-09,published
DJ505673_2,US RL-597款 F尺寸5抽上下床带桌子含灯带插排，带侧袋和桌边布袋 一件两箱 颜色->白色,ALL,AMAZON,D,T4B,1.0808,0.5810,0.5810,33.50,18.01,18.01,37,1.1935,6 个月 · 全平台 · 全量 SKU · 2026-07-09,published
DJ505673_3,US RL-597款 F尺寸5抽上下床带桌子含灯带插排，带侧袋和桌边布袋 一件两箱 颜色->灰色,ALL,AMAZON,A,T4B,2.9511,1.5865,1.5865,91.48,49.18,49.18,157,5.0645,6 个月 · 全平台 · 全量 SKU · 2026-07-09,published
DJ505673_3,US RL-597款 F尺寸5抽上下床带桌子含灯带插排，带侧袋和桌边布袋 一件两箱 颜色->灰色,ALL,TIKTOK,A,T99,0.0000,0.0000,0.0000,0.00,0.00,0.00,0,0.0000,6 个月 · 全平台 · 全量 SKU · 2026-07-09,published
DJ505673_3,US RL-597款 F尺寸5抽上下床带桌子含灯带插排，带侧袋和桌边布袋 一件两箱 颜色->灰色,ALL,UNKNOWN,A,T4B,0.7236,0.3890,0.3890,22.43,12.06,12.06,26,0.8387,6 个月 · 全平台 · 全量 SKU · 2026-07-09,published
DJ505673_3,US RL-597款 F尺寸5抽上下床带桌子含灯带插排，带侧袋和桌边布袋 一件两箱 颜色->灰色,ALL,WALMART,A,T99,0.0000,0.0000,0.0000,0.00,0.00,0.00,7,0.2258,6 个月 · 全平台 · 全量 SKU · 2026-07-09,published
DJ505674_1,"EU KM BF-GJ05 软包L型单包基础款 一件一箱  灰色 尺码->S ,90*190",ALL,AMAZON,C,T4B,0.3857,0.1851,0.1851,11.96,5.74,5.74,54,1.7419,6 个月 · 全平台 · 全量 SKU · 2026-07-09,published
DJ505674_1,"EU KM BF-GJ05 软包L型单包基础款 一件一箱  灰色 尺码->S ,90*190",ALL,UNKNOWN,C,T99,0.0000,0.0000,0.0000,0.00,0.00,0.00,0,0.0000,6 个月 · 全平台 · 全量 SKU · 2026-07-09,published
DJ505674_2,"EU KM BF-GJ05 软包L型单包基础款 一件一箱 灰色 尺码->M ,90*200",ALL,AMAZON,C,T4B,0.5714,0.2743,0.2743,17.71,8.50,8.50,42,1.3548,6 个月 · 全平台 · 全量 SKU · 2026-07-09,published
DJ505674_2,"EU KM BF-GJ05 软包L型单包基础款 一件一箱 灰色 尺码->M ,90*200",ALL,UNKNOWN,C,T99,0.0000,0.0000,0.0000,0.00,0.00,0.00,20,0.6452,6 个月 · 全平台 · 全量 SKU · 2026-07-09,published
DJ505675_1,HS 储物柜-DSBL-03G DFS 侧板自攻丝 1x5+2一件一箱  颜色->黑色,ALL,AMAZON,B,T99,0.0000,0.0000,0.0000,0.00,0.00,0.00,0,0.0000,6 个月 · 全平台 · 全量 SKU · 2026-07-09,published
DJ505675_1,HS 储物柜-DSBL-03G DFS 侧板自攻丝 1x5+2一件一箱  颜色->黑色,ALL,UNKNOWN,B,T4B,2.3429,1.1246,1.1246,72.63,34.86,34.86,14,0.4516,6 个月 · 全平台 · 全量 SKU · 2026-07-09,published
DJ505676_2,EU BW 悬浮床BXF-Q03床头储物 CY 白色麻布+原木色 一件一箱90*200,ALL,AMAZON,D,T99,0.0000,0.0000,0.0000,0.00,0.00,0.00,33,1.0645,6 个月 · 全平台 · 全量 SKU · 2026-07-09,published
DJ505677_3,EU BW 悬浮床BXF-Q03床头储物 CY 白色麻布+原木色 一件两箱160*200,ALL,AMAZON,D,T99,0.0000,0.0000,0.0000,0.00,0.00,0.00,29,0.9355,6 个月 · 全平台 · 全量 SKU · 2026-07-09,published
DJ505677_4,EU BW 悬浮床BXF-Q03床头储物 CY 白色麻布+原木色 一件两箱180*200,ALL,AMAZON,D,T99,0.0000,0.0000,0.0000,0.00,0.00,0.00,22,0.7097,6 个月 · 全平台 · 全量 SKU · 2026-07-09,published
DJ505678_1,EU BW 悬浮床BXF-Q03床头储物 CY 灰色麻布+黑色 一件一箱90*190,ALL,AMAZON,D,T99,0.0000,0.0000,0.0000,0.00,0.00,0.00,58,1.8710,6 个月 · 全平台 · 全量 SKU · 2026-07-09,published
DJ505678_2,EU BW 悬浮床BXF-Q03床头储物 CY 灰色麻布+黑色 一件一箱90*200,ALL,AMAZON,D,T99,0.0000,0.0000,0.0000,0.00,0.00,0.00,66,2.1290,6 个月 · 全平台 · 全量 SKU · 2026-07-09,published
DJ505679_1,EU BW 悬浮床BXF-Q03床头储物 CY 灰色麻布+黑色 一件两箱140*190,ALL,AMAZON,D,T99,0.0000,0.0000,0.0000,0.00,0.00,0.00,16,0.5161,6 个月 · 全平台 · 全量 SKU · 2026-07-09,published
DJ505679_2,EU BW 悬浮床BXF-Q03床头储物 CY 灰色麻布+黑色 一件两箱140*200,ALL,AMAZON,D,T99,0.0000,0.0000,0.0000,0.00,0.00,0.00,19,0.6129,6 个月 · 全平台 · 全量 SKU · 2026-07-09,published
DJ505679_3,EU BW 悬浮床BXF-Q03床头储物 CY 灰色麻布+黑色 一件两箱160*200,ALL,AMAZON,D,T99,0.0000,0.0000,0.0000,0.00,0.00,0.00,39,1.2581,6 个月 · 全平台 · 全量 SKU · 2026-07-09,published
DJ505679_4,EU BW 悬浮床BXF-Q03床头储物 CY 灰色麻布+黑色 一件两箱180*200,ALL,AMAZON,D,T99,0.0000,0.0000,0.0000,0.00,0.00,0.00,33,1.0645,6 个月 · 全平台 · 全量 SKU · 2026-07-09,published
DJ505681,US  DC 美标LED金属镜柜排胶拆装双开门90 G 白色 一件一箱,ALL,AMAZON,D,T99,0.0000,0.0000,0.0000,0.00,0.00,0.00,95,3.0645,6 个月 · 全平台 · 全量 SKU · 2026-07-09,published
DJ505681,US  DC 美标LED金属镜柜排胶拆装双开门90 G 白色 一件一箱,ALL,TIKTOK,D,T99,0.0000,0.0000,0.0000,0.00,0.00,0.00,2,0.0645,6 个月 · 全平台 · 全量 SKU · 2026-07-09,published
DJ505683_1,UK BW 悬浮床BXF-Q03床头储物 CY 白色麻布+原木色 一件一箱90*190,ALL,AMAZON,D,T99,0.0000,0.0000,0.0000,0.00,0.00,0.00,71,2.2903,6 个月 · 全平台 · 全量 SKU · 2026-07-09,published
DJ505683_2,UK BW 悬浮床BXF-Q03床头储物 CY 灰色麻布+黑色 一件一箱90*190,ALL,AMAZON,C,T4B,0.4786,0.2297,0.2297,14.84,7.12,7.12,63,2.0323,6 个月 · 全平台 · 全量 SKU · 2026-07-09,published
DJ505684_1,UK BW 悬浮床BXF-Q03床头储物 CY 白色麻布+原木色 一件两箱135*190,ALL,AMAZON,D,T99,0.0000,0.0000,0.0000,0.00,0.00,0.00,56,1.8065,6 个月 · 全平台 · 全量 SKU · 2026-07-09,published
DJ505684_2,UK BW 悬浮床BXF-Q03床头储物 CY 白色麻布+原木色 一件两箱150*200,ALL,AMAZON,D,T99,0.0000,0.0000,0.0000,0.00,0.00,0.00,26,0.8387,6 个月 · 全平台 · 全量 SKU · 2026-07-09,published
DJ505685_1,UK BW 悬浮床BXF-Q03床头储物 CY 灰色麻布+黑色 一件两箱135*190,ALL,AMAZON,C,T4B,0.4000,0.1920,0.1920,12.40,5.95,5.95,41,1.3226,6 个月 · 全平台 · 全量 SKU · 2026-07-09,published
DJ505685_1,UK BW 悬浮床BXF-Q03床头储物 CY 灰色麻布+黑色 一件两箱135*190,ALL,UNKNOWN,C,T99,0.0000,0.0000,0.0000,0.00,0.00,0.00,10,0.3226,6 个月 · 全平台 · 全量 SKU · 2026-07-09,published
DJ505685_2,UK BW 悬浮床BXF-Q03床头储物 CY 灰色麻布+黑色 一件两箱150*200,ALL,AMAZON,C,T4B,0.2000,0.0960,0.0960,6.20,2.98,2.98,42,1.3548,6 个月 · 全平台 · 全量 SKU · 2026-07-09,published
DJ505690_2,"US AG 极简风弧角浮雕门抽屉床 Q 一件两箱 尺码->#2,浅榨木色",ALL,AMAZON,D,T99,0.0000,0.0000,0.0000,0.00,0.00,0.00,0,0.0000,6 个月 · 全平台 · 全量 SKU · 2026-07-09,published
DJ505690_2,"US AG 极简风弧角浮雕门抽屉床 Q 一件两箱 尺码->#2,浅榨木色",ALL,UNKNOWN,D,T99,0.0000,0.0000,0.0000,0.00,0.00,0.00,0,0.0000,6 个月 · 全平台 · 全量 SKU · 2026-07-09,published
DJ505694_1,US GSI-FB11款 7抽带窗上床下地板床带灯带斜梯带脚垫 一件一箱 颜色->黑色,ALL,AMAZON,D,T4B,1.2286,0.5897,0.5897,38.09,18.28,18.28,0,0.0000,6 个月 · 全平台 · 全量 SKU · 2026-07-09,published
DJ505694_1,US GSI-FB11款 7抽带窗上床下地板床带灯带斜梯带脚垫 一件一箱 颜色->黑色,ALL,UNKNOWN,D,T99,0.0000,0.0000,0.0000,0.00,0.00,0.00,0,0.0000,6 个月 · 全平台 · 全量 SKU · 2026-07-09,published
DJ505694_1,US GSI-FB11款 7抽带窗上床下地板床带灯带斜梯带脚垫 一件一箱 颜色->黑色,ALL,WALMART,D,T99,0.0000,0.0000,0.0000,0.00,0.00,0.00,0,0.0000,6 个月 · 全平台 · 全量 SKU · 2026-07-09,published
DJ505694_2,US GSI-FB11款 7抽带窗上床下地板床带灯带斜梯带脚垫 一件一箱 颜色->白色,ALL,AMAZON,D,T4B,0.5000,0.2400,0.2400,15.50,7.44,7.44,25,0.8065,6 个月 · 全平台 · 全量 SKU · 2026-07-09,published
DJ505694_2,US GSI-FB11款 7抽带窗上床下地板床带灯带斜梯带脚垫 一件一箱 颜色->白色,ALL,UNKNOWN,D,T99,0.0000,0.0000,0.0000,0.00,0.00,0.00,4,0.1290,6 个月 · 全平台 · 全量 SKU · 2026-07-09,published
DJ505694_2,US GSI-FB11款 7抽带窗上床下地板床带灯带斜梯带脚垫 一件一箱 颜色->白色,ALL,WALMART,D,T99,0.0000,0.0000,0.0000,0.00,0.00,0.00,0,0.0000,6 个月 · 全平台 · 全量 SKU · 2026-07-09,published
DJ505694_3,US GSI-FB11款 7抽带窗上床下底板床带灯带斜梯带脚垫 一件一箱 颜色->粉色,ALL,AMAZON,D,T4B,0.6929,0.3326,0.3326,21.48,10.31,10.31,22,0.7097,6 个月 · 全平台 · 全量 SKU · 2026-07-09,published
DJ505694_3,US GSI-FB11款 7抽带窗上床下底板床带灯带斜梯带脚垫 一件一箱 颜色->粉色,ALL,WALMART,D,T99,0.0000,0.0000,0.0000,0.00,0.00,0.00,0,0.0000,6 个月 · 全平台 · 全量 SKU · 2026-07-09,published
DJ505695_1,US YSY-599款 F尺寸上床下书架含灯带插排含床侧挂袋 一件两箱 颜色->火烧云,ALL,AMAZON,C,T4B,0.3473,0.1867,0.1867,10.77,5.79,5.79,17,0.5484,6 个月 · 全平台 · 全量 SKU · 2026-07-09,published
DJ505695_1,US YSY-599款 F尺寸上床下书架含灯带插排含床侧挂袋 一件两箱 颜色->火烧云,ALL,UNKNOWN,C,T4B,0.3143,0.1509,0.1509,9.74,4.68,4.68,13,0.4194,6 个月 · 全平台 · 全量 SKU · 2026-07-09,published
DJ505695_1,US YSY-599款 F尺寸上床下书架含灯带插排含床侧挂袋 一件两箱 颜色->火烧云,ALL,WALMART,C,T99,0.0000,0.0000,0.0000,0.00,0.00,0.00,0,0.0000,6 个月 · 全平台 · 全量 SKU · 2026-07-09,published
DJ505695_2,US YSY-599款 F尺寸上床下书架含灯带插排含床侧挂袋 一件两箱 颜色->白色,ALL,AMAZON,B,T4B,0.7500,0.3600,0.3600,23.25,11.16,11.16,35,1.1290,6 个月 · 全平台 · 全量 SKU · 2026-07-09,published
DJ505695_2,US YSY-599款 F尺寸上床下书架含灯带插排含床侧挂袋 一件两箱 颜色->白色,ALL,UNKNOWN,B,T4B,1.6071,0.7714,0.7714,49.82,23.91,23.91,85,2.7419,6 个月 · 全平台 · 全量 SKU · 2026-07-09,published
DJ505695_2,US YSY-599款 F尺寸上床下书架含灯带插排含床侧挂袋 一件两箱 颜色->白色,ALL,WALMART,B,T4B,0.1286,0.0617,0.0617,3.99,1.91,1.91,5,0.1613,6 个月 · 全平台 · 全量 SKU · 2026-07-09,published
DJ505695_3,US YSY-599款 F尺寸上床下书架含灯带插排含床侧挂袋 一件两箱 颜色->灰色,ALL,UNKNOWN,C,T4B,0.7000,0.3360,0.3360,21.70,10.42,10.42,42,1.3548,6 个月 · 全平台 · 全量 SKU · 2026-07-09,published
DJ505695_4,US YSY-599款 F尺寸上床下书架含灯带插排含床侧挂袋 一件两箱 颜色->黑色,ALL,AMAZON,C,T4B,0.4571,0.2194,0.2194,14.17,6.80,6.80,13,0.4194,6 个月 · 全平台 · 全量 SKU · 2026-07-09,published
DJ505695_4,US YSY-599款 F尺寸上床下书架含灯带插排含床侧挂袋 一件两箱 颜色->黑色,ALL,TIKTOK,C,T99,0.0000,0.0000,0.0000,0.00,0.00,0.00,0,0.0000,6 个月 · 全平台 · 全量 SKU · 2026-07-09,published
DJ505695_4,US YSY-599款 F尺寸上床下书架含灯带插排含床侧挂袋 一件两箱 颜色->黑色,ALL,UNKNOWN,C,T4B,0.3357,0.1611,0.1611,10.41,4.99,4.99,25,0.8065,6 个月 · 全平台 · 全量 SKU · 2026-07-09,published
DJ505696_1,US WDL-926T 底部抬高储物沙发床+拖床 99*190 一件一箱 颜色->黑色,ALL,WALMART,D,T99,0.0000,0.0000,0.0000,0.00,0.00,0.00,3,0.0968,6 个月 · 全平台 · 全量 SKU · 2026-07-09,published
DJ505696_2,US WDL-926T 底部抬高储物沙发床+拖床 99*190 一件一箱 颜色->白色,ALL,AMAZON,D,T4B,0.1571,0.0754,0.0754,4.87,2.34,2.34,11,0.3548,6 个月 · 全平台 · 全量 SKU · 2026-07-09,published
DJ505696_2,US WDL-926T 底部抬高储物沙发床+拖床 99*190 一件一箱 颜色->白色,ALL,WALMART,D,T99,0.0000,0.0000,0.0000,0.00,0.00,0.00,11,0.3548,6 个月 · 全平台 · 全量 SKU · 2026-07-09,published
DJ505698_2,US WDL-927T 落地转角床 99*190 一件一箱 颜色->白色,ALL,UNKNOWN,D,T99,0.0000,0.0000,0.0000,0.00,0.00,0.00,8,0.2581,6 个月 · 全平台 · 全量 SKU · 2026-07-09,published
DJ505699_1,US WDL-927F 落地转角床 137*190 一件一箱 颜色->黑色,ALL,WALMART,D,T99,0.0000,0.0000,0.0000,0.00,0.00,0.00,8,0.2581,6 个月 · 全平台 · 全量 SKU · 2026-07-09,published
DJ505699_2,US WDL-927F 落地转角床 137*190 一件一箱 颜色->白色,ALL,UNKNOWN,D,T99,0.0000,0.0000,0.0000,0.00,0.00,0.00,3,0.0968,6 个月 · 全平台 · 全量 SKU · 2026-07-09,published
DJ505701_1,EU MJ LED木质镜柜单门外扩 XF 50*16*60 白色 一件一箱,ALL,AMAZON,C,T99,0.0000,0.0000,0.0000,0.00,0.00,0.00,0,0.0000,6 个月 · 全平台 · 全量 SKU · 2026-07-09,published
DJ505702_1,EU MJ LED木质镜柜双门外扩 XF 60*16*60 白色 一件一箱,ALL,AMAZON,C,T99,0.0000,0.0000,0.0000,0.00,0.00,0.00,0,0.0000,6 个月 · 全平台 · 全量 SKU · 2026-07-09,published
DJ505702_2,EU MJ LED木质镜柜双门外扩 XF 70*16*60 白色 一件一箱,ALL,AMAZON,C,T4B,1.3714,0.6583,0.6583,42.51,20.41,20.41,13,0.4194,6 个月 · 全平台 · 全量 SKU · 2026-07-09,published
DJ505702_3,EU MJ LED木质镜柜双门外扩 XF 80*16*60 白色 一件一箱,ALL,AMAZON,C,T4B,1.5357,0.7371,0.7371,47.61,22.85,22.85,19,0.6129,6 个月 · 全平台 · 全量 SKU · 2026-07-09,published
DJ505707_1,EU AG 板式气杆床 双柜门 双灯带 90*200cm 一件两箱 颜色->白色,ALL,AMAZON,D,T99,0.0000,0.0000,0.0000,0.00,0.00,0.00,49,1.5806,6 个月 · 全平台 · 全量 SKU · 2026-07-09,published
DJ505708_1,EU AG 板式气杆床 双柜门 双灯带 140*190cm 一件两箱 颜色->白色,ALL,AMAZON,D,T99,0.0000,0.0000,0.0000,0.00,0.00,0.00,18,0.5806,6 个月 · 全平台 · 全量 SKU · 2026-07-09,published
DJ505709_1,EU AG 板式气杆床 双柜门 双灯带 140*200cm 一件两箱 颜色->白色,ALL,AMAZON,D,T99,0.0000,0.0000,0.0000,0.00,0.00,0.00,33,1.0645,6 个月 · 全平台 · 全量 SKU · 2026-07-09,published
DJ505709_2,EU AG 板式气杆床 双柜门 双灯带 140*200cm 一件两箱 颜色->黑色,ALL,AMAZON,D,T99,0.0000,0.0000,0.0000,0.00,0.00,0.00,61,1.9677,6 个月 · 全平台 · 全量 SKU · 2026-07-09,published
DJ505710_1,US 85cm4层五抽农舍风文件柜 一件一箱 颜色->白+棕顶,ALL,TEMU,C,T99,0.0000,0.0000,0.0000,0.00,0.00,0.00,0,0.0000,6 个月 · 全平台 · 全量 SKU · 2026-07-09,published
DJ505710_1,US 85cm4层五抽农舍风文件柜 一件一箱 颜色->白+棕顶,ALL,UNKNOWN,C,T99,0.0000,0.0000,0.0000,0.00,0.00,0.00,21,0.6774,6 个月 · 全平台 · 全量 SKU · 2026-07-09,published
DJ505710_1,US 85cm4层五抽农舍风文件柜 一件一箱 颜色->白+棕顶,ALL,WALMART,C,T99,0.0000,0.0000,0.0000,0.00,0.00,0.00,3,0.0968,6 个月 · 全平台 · 全量 SKU · 2026-07-09,published
DJ505710_2,US 85cm4层五抽农舍风文件柜 一件一箱 颜色->棕色,ALL,AMAZON,C,T4B,0.6407,0.3444,0.3444,19.86,10.68,10.68,22,0.7097,6 个月 · 全平台 · 全量 SKU · 2026-07-09,published
DJ505710_2,US 85cm4层五抽农舍风文件柜 一件一箱 颜色->棕色,ALL,TEMU,C,T99,0.0000,0.0000,0.0000,0.00,0.00,0.00,0,0.0000,6 个月 · 全平台 · 全量 SKU · 2026-07-09,published
DJ505710_3,US 85cm4层五抽农舍风文件柜 一件一箱 颜色->989-3灰色,ALL,AMAZON,C,T4B,0.4346,0.2336,0.2336,13.47,7.24,7.24,21,0.6774,6 个月 · 全平台 · 全量 SKU · 2026-07-09,published
DJ505710_3,US 85cm4层五抽农舍风文件柜 一件一箱 颜色->989-3灰色,ALL,UNKNOWN,C,T4B,0.2852,0.1533,0.1533,8.84,4.75,4.75,5,0.1613,6 个月 · 全平台 · 全量 SKU · 2026-07-09,published
DJ505711_1,US SD L桌六抽升降桌电脑桌 一件两箱 颜色->棕色+黑色,ALL,AMAZON,C,T4B,1.4143,0.6789,0.6789,43.84,21.05,21.05,0,0.0000,6 个月 · 全平台 · 全量 SKU · 2026-07-09,published
DJ505711_1,US SD L桌六抽升降桌电脑桌 一件两箱 颜色->棕色+黑色,ALL,TEMU,C,T4B,0.1071,0.0514,0.0514,3.32,1.59,1.59,0,0.0000,6 个月 · 全平台 · 全量 SKU · 2026-07-09,published
DJ505711_1,US SD L桌六抽升降桌电脑桌 一件两箱 颜色->棕色+黑色,ALL,UNKNOWN,C,T99,0.0000,0.0000,0.0000,0.00,0.00,0.00,0,0.0000,6 个月 · 全平台 · 全量 SKU · 2026-07-09,published
DJ505711_1,US SD L桌六抽升降桌电脑桌 一件两箱 颜色->棕色+黑色,ALL,WALMART,C,T99,0.0000,0.0000,0.0000,0.00,0.00,0.00,0,0.0000,6 个月 · 全平台 · 全量 SKU · 2026-07-09,published
DJ505711_2,US SD L桌六抽升降桌电脑桌 一件两箱 颜色->棕色+白色,ALL,AMAZON,D,T4B,0.4000,0.1920,0.1920,12.40,5.95,5.95,82,2.6452,6 个月 · 全平台 · 全量 SKU · 2026-07-09,published
DJ505711_2,US SD L桌六抽升降桌电脑桌 一件两箱 颜色->棕色+白色,ALL,TEMU,D,T99,0.0000,0.0000,0.0000,0.00,0.00,0.00,4,0.1290,6 个月 · 全平台 · 全量 SKU · 2026-07-09,published
DJ505711_2,US SD L桌六抽升降桌电脑桌 一件两箱 颜色->棕色+白色,ALL,UNKNOWN,D,T99,0.0000,0.0000,0.0000,0.00,0.00,0.00,12,0.3871,6 个月 · 全平台 · 全量 SKU · 2026-07-09,published
DJ505711_2,US SD L桌六抽升降桌电脑桌 一件两箱 颜色->棕色+白色,ALL,WALMART,D,T99,0.0000,0.0000,0.0000,0.00,0.00,0.00,9,0.2903,6 个月 · 全平台 · 全量 SKU · 2026-07-09,published
DJ505711_3,US SD L桌六抽升降桌电脑桌 一件两箱 颜色->木纹色+白色,ALL,AMAZON,C,T4B,0.3000,0.1440,0.1440,9.30,4.46,4.46,67,2.1613,6 个月 · 全平台 · 全量 SKU · 2026-07-09,published
DJ505711_3,US SD L桌六抽升降桌电脑桌 一件两箱 颜色->木纹色+白色,ALL,TEMU,C,T99,0.0000,0.0000,0.0000,0.00,0.00,0.00,5,0.1613,6 个月 · 全平台 · 全量 SKU · 2026-07-09,published
DJ505711_3,US SD L桌六抽升降桌电脑桌 一件两箱 颜色->木纹色+白色,ALL,UNKNOWN,C,T99,0.0000,0.0000,0.0000,0.00,0.00,0.00,31,1.0000,6 个月 · 全平台 · 全量 SKU · 2026-07-09,published
DJ505711_3,US SD L桌六抽升降桌电脑桌 一件两箱 颜色->木纹色+白色,ALL,WALMART,C,T99,0.0000,0.0000,0.0000,0.00,0.00,0.00,6,0.1935,6 个月 · 全平台 · 全量 SKU · 2026-07-09,published
DJ505712_1,US 床GSI-005F带步梯双层2抽+6布抽床含灯带137*190一件两箱 颜色黑铁+火烧云板,ALL,AMAZON,A,T4B,1.3786,0.6617,0.6617,42.74,20.51,20.51,97,3.1290,6 个月 · 全平台 · 全量 SKU · 2026-07-09,published
DJ505712_1,US 床GSI-005F带步梯双层2抽+6布抽床含灯带137*190一件两箱 颜色黑铁+火烧云板,ALL,UNKNOWN,A,T99,0.0000,0.0000,0.0000,0.00,0.00,0.00,0,0.0000,6 个月 · 全平台 · 全量 SKU · 2026-07-09,published
DJ505712_1,US 床GSI-005F带步梯双层2抽+6布抽床含灯带137*190一件两箱 颜色黑铁+火烧云板,ALL,WALMART,A,T99,0.0000,0.0000,0.0000,0.00,0.00,0.00,0,0.0000,6 个月 · 全平台 · 全量 SKU · 2026-07-09,published
DJ505712_2,US 床GSI-005F带步梯双层2抽+6布抽床含灯带137*190一件两箱 颜色黑铁+黑山纹板,ALL,AMAZON,A,T4B,1.8143,0.8709,0.8709,56.24,27.00,27.00,131,4.2258,6 个月 · 全平台 · 全量 SKU · 2026-07-09,published
DJ505712_2,US 床GSI-005F带步梯双层2抽+6布抽床含灯带137*190一件两箱 颜色黑铁+黑山纹板,ALL,UNKNOWN,A,T99,0.0000,0.0000,0.0000,0.00,0.00,0.00,0,0.0000,6 个月 · 全平台 · 全量 SKU · 2026-07-09,published
DJ505712_2,US 床GSI-005F带步梯双层2抽+6布抽床含灯带137*190一件两箱 颜色黑铁+黑山纹板,ALL,WALMART,A,T99,0.0000,0.0000,0.0000,0.00,0.00,0.00,0,0.0000,6 个月 · 全平台 · 全量 SKU · 2026-07-09,published
DJ505712_3,US 床GSI-005F带步梯双层2抽+6布抽床含灯带137*190一件两箱 颜色白铁+白山纹板,ALL,AMAZON,A,T4B,1.8143,0.8709,0.8709,56.24,27.00,27.00,123,3.9677,6 个月 · 全平台 · 全量 SKU · 2026-07-09,published
DJ505712_3,US 床GSI-005F带步梯双层2抽+6布抽床含灯带137*190一件两箱 颜色白铁+白山纹板,ALL,UNKNOWN,A,T99,0.0000,0.0000,0.0000,0.00,0.00,0.00,0,0.0000,6 个月 · 全平台 · 全量 SKU · 2026-07-09,published
DJ505712_3,US 床GSI-005F带步梯双层2抽+6布抽床含灯带137*190一件两箱 颜色白铁+白山纹板,ALL,WALMART,A,T99,0.0000,0.0000,0.0000,0.00,0.00,0.00,0,0.0000,6 个月 · 全平台 · 全量 SKU · 2026-07-09,published
DJ505713_1,US SR RAN-01 3抽 回型床头柜 HL 一件一包 颜色->黑色,ALL,AMAZON,D,T99,0.0000,0.0000,0.0000,0.00,0.00,0.00,48,1.5484,6 个月 · 全平台 · 全量 SKU · 2026-07-09,published
DJ505714_1,US DC 高架床 LB-07 Pro  YL 双床+短桌+床头柜款 T尺寸  一件一箱 颜色->黑色,ALL,AMAZON,D,T99,0.0000,0.0000,0.0000,0.00,0.00,0.00,2,0.0645,6 个月 · 全平台 · 全量 SKU · 2026-07-09,published
DJ505714_1,US DC 高架床 LB-07 Pro  YL 双床+短桌+床头柜款 T尺寸  一件一箱 颜色->黑色,ALL,WALMART,D,T99,0.0000,0.0000,0.0000,0.00,0.00,0.00,0,0.0000,6 个月 · 全平台 · 全量 SKU · 2026-07-09,published
DJ505714_2,US DC 高架床 LB-07 Pro  YL 双床+短桌+床头柜款 T尺寸  一件一箱 颜色->白色,ALL,AMAZON,D,T99,0.0000,0.0000,0.0000,0.00,0.00,0.00,0,0.0000,6 个月 · 全平台 · 全量 SKU · 2026-07-09,published
DJ505714_3,US DC 高架床 LB-07 Pro  YL 双床+短桌+床头柜款 T尺寸  一件一箱 颜色->粉色,ALL,UNKNOWN,D,T99,0.0000,0.0000,0.0000,0.00,0.00,0.00,0,0.0000,6 个月 · 全平台 · 全量 SKU · 2026-07-09,published
DJ505719_2,US MS 层架七布抽储物+鞋凳挂衣区低矮床 T 一件一箱 颜色->粉色,ALL,AMAZON,C,T4B,0.8857,0.4251,0.4251,27.46,13.18,13.18,56,1.8065,6 个月 · 全平台 · 全量 SKU · 2026-07-09,published
DJ505719_2,US MS 层架七布抽储物+鞋凳挂衣区低矮床 T 一件一箱 颜色->粉色,ALL,UNKNOWN,C,T4B,0.3143,0.1509,0.1509,9.74,4.68,4.68,19,0.6129,6 个月 · 全平台 · 全量 SKU · 2026-07-09,published
DJ505719_2,US MS 层架七布抽储物+鞋凳挂衣区低矮床 T 一件一箱 颜色->粉色,ALL,WALMART,C,T4B,0.2929,0.1406,0.1406,9.08,4.36,4.36,14,0.4516,6 个月 · 全平台 · 全量 SKU · 2026-07-09,published
DJ505720_2,EU AG软包床 侧边置物 棉麻气杆床1.4*1.9m 1灯带+欧标2AC+1U1T 一件两箱 颜色->深灰色,ALL,AMAZON,D,T99,0.0000,0.0000,0.0000,0.00,0.00,0.00,42,1.3548,6 个月 · 全平台 · 全量 SKU · 2026-07-09,published
DJ505722_1,US DC 高架床 LB-X  YC 七抽+L桌款 T尺寸 一件两箱 颜色->黑色,ALL,AMAZON,D,T99,0.0000,0.0000,0.0000,0.00,0.00,0.00,154,4.9677,6 个月 · 全平台 · 全量 SKU · 2026-07-09,published
DJ505722_2,US DC 高架床 LB-X  YC 七抽+L桌款 T尺寸 一件两箱 颜色->白色,ALL,AMAZON,D,T99,0.0000,0.0000,0.0000,0.00,0.00,0.00,233,7.5161,6 个月 · 全平台 · 全量 SKU · 2026-07-09,published
DJ505724_1,US SD L桌升降高桌带亚克力门 一件一箱 颜色->火烧云,ALL,AMAZON,D,T99,0.0000,0.0000,0.0000,0.00,0.00,0.00,19,0.6129,6 个月 · 全平台 · 全量 SKU · 2026-07-09,published
DJ505724_1,US SD L桌升降高桌带亚克力门 一件一箱 颜色->火烧云,ALL,TEMU,D,T99,0.0000,0.0000,0.0000,0.00,0.00,0.00,4,0.1290,6 个月 · 全平台 · 全量 SKU · 2026-07-09,published
DJ505724_2,US SD L桌升降高桌带亚克力门 一件一箱 颜色->黑色,ALL,AMAZON,D,T99,0.0000,0.0000,0.0000,0.00,0.00,0.00,49,1.5806,6 个月 · 全平台 · 全量 SKU · 2026-07-09,published
DJ505724_3,US SD L桌升降高桌带亚克力门 一件一箱 颜色->白色,ALL,AMAZON,D,T99,0.0000,0.0000,0.0000,0.00,0.00,0.00,36,1.1613,6 个月 · 全平台 · 全量 SKU · 2026-07-09,published
DJ505725_1,US SD 矩形腿电动单人L三抽升降桌  一件一箱 颜色->火烧云,ALL,AMAZON,C,T4B,0.2357,0.1131,0.1131,7.31,3.51,3.51,25,0.8065,6 个月 · 全平台 · 全量 SKU · 2026-07-09,published
DJ505725_1,US SD 矩形腿电动单人L三抽升降桌  一件一箱 颜色->火烧云,ALL,UNKNOWN,C,T99,0.0000,0.0000,0.0000,0.00,0.00,0.00,37,1.1935,6 个月 · 全平台 · 全量 SKU · 2026-07-09,published
DJ505725_1,US SD 矩形腿电动单人L三抽升降桌  一件一箱 颜色->火烧云,ALL,WALMART,C,T99,0.0000,0.0000,0.0000,0.00,0.00,0.00,11,0.3548,6 个月 · 全平台 · 全量 SKU · 2026-07-09,published
DJ505725_2,US SD 矩形腿电动单人L三抽升降桌  一件一箱 颜色->黑色,ALL,AMAZON,C,T4B,0.2071,0.0994,0.0994,6.42,3.08,3.08,18,0.5806,6 个月 · 全平台 · 全量 SKU · 2026-07-09,published
DJ505725_2,US SD 矩形腿电动单人L三抽升降桌  一件一箱 颜色->黑色,ALL,UNKNOWN,C,T99,0.0000,0.0000,0.0000,0.00,0.00,0.00,15,0.4839,6 个月 · 全平台 · 全量 SKU · 2026-07-09,published
DJ505725_2,US SD 矩形腿电动单人L三抽升降桌  一件一箱 颜色->黑色,ALL,WALMART,C,T99,0.0000,0.0000,0.0000,0.00,0.00,0.00,9,0.2903,6 个月 · 全平台 · 全量 SKU · 2026-07-09,published
DJ505725_3,US SD 矩形腿电动单人L三抽升降桌  一件一箱 颜色->原木色,ALL,AMAZON,C,T4B,1.0643,0.5109,0.5109,32.99,15.84,15.84,22,0.7097,6 个月 · 全平台 · 全量 SKU · 2026-07-09,published
DJ505725_3,US SD 矩形腿电动单人L三抽升降桌  一件一箱 颜色->原木色,ALL,UNKNOWN,C,T99,0.0000,0.0000,0.0000,0.00,0.00,0.00,0,0.0000,6 个月 · 全平台 · 全量 SKU · 2026-07-09,published
DJ505727_1,US 85cm四层四抽文件柜 一件一箱 颜色->0873-13顶板棕+白,ALL,AMAZON,C,T4B,0.3214,0.1543,0.1543,9.96,4.78,4.78,40,1.2903,6 个月 · 全平台 · 全量 SKU · 2026-07-09,published
DJ505727_1,US 85cm四层四抽文件柜 一件一箱 颜色->0873-13顶板棕+白,ALL,TEMU,C,T99,0.0000,0.0000,0.0000,0.00,0.00,0.00,0,0.0000,6 个月 · 全平台 · 全量 SKU · 2026-07-09,published
DJ505727_1,US 85cm四层四抽文件柜 一件一箱 颜色->0873-13顶板棕+白,ALL,UNKNOWN,C,T99,0.0000,0.0000,0.0000,0.00,0.00,0.00,34,1.0968,6 个月 · 全平台 · 全量 SKU · 2026-07-09,published
DJ505727_2,US 85cm四层四抽文件柜 一件一箱 颜色->0873-13棕,ALL,AMAZON,C,T4B,0.2357,0.1131,0.1131,7.31,3.51,3.51,23,0.7419,6 个月 · 全平台 · 全量 SKU · 2026-07-09,published
DJ505727_2,US 85cm四层四抽文件柜 一件一箱 颜色->0873-13棕,ALL,TIKTOK,C,T99,0.0000,0.0000,0.0000,0.00,0.00,0.00,0,0.0000,6 个月 · 全平台 · 全量 SKU · 2026-07-09,published
DJ505727_2,US 85cm四层四抽文件柜 一件一箱 颜色->0873-13棕,ALL,UNKNOWN,C,T99,0.0000,0.0000,0.0000,0.00,0.00,0.00,20,0.6452,6 个月 · 全平台 · 全量 SKU · 2026-07-09,published
DJ505727_3,US 85cm四层四抽文件柜 一件一箱 颜色->989-3灰色,ALL,AMAZON,C,T4B,0.2000,0.0960,0.0960,6.20,2.98,2.98,23,0.7419,6 个月 · 全平台 · 全量 SKU · 2026-07-09,published
DJ505727_3,US 85cm四层四抽文件柜 一件一箱 颜色->989-3灰色,ALL,TEMU,C,T99,0.0000,0.0000,0.0000,0.00,0.00,0.00,0,0.0000,6 个月 · 全平台 · 全量 SKU · 2026-07-09,published
DJ505727_3,US 85cm四层四抽文件柜 一件一箱 颜色->989-3灰色,ALL,UNKNOWN,C,T99,0.0000,0.0000,0.0000,0.00,0.00,0.00,17,0.5484,6 个月 · 全平台 · 全量 SKU · 2026-07-09,published
DJ505728_1,US SD XL桌7抽铁木升降桌 一件两箱  颜色->黑色,ALL,AMAZON,D,T99,0.0000,0.0000,0.0000,0.00,0.00,0.00,24,0.7742,6 个月 · 全平台 · 全量 SKU · 2026-07-09,published
DJ505728_2,US SD XL桌7抽铁木升降桌 一件两箱  颜色->棕+黑,ALL,AMAZON,D,T99,0.0000,0.0000,0.0000,0.00,0.00,0.00,56,1.8065,6 个月 · 全平台 · 全量 SKU · 2026-07-09,published
DJ505728_2,US SD XL桌7抽铁木升降桌 一件两箱  颜色->棕+黑,ALL,WALMART,D,T99,0.0000,0.0000,0.0000,0.00,0.00,0.00,3,0.0968,6 个月 · 全平台 · 全量 SKU · 2026-07-09,published
DJ505728_3,US SD XL桌7抽铁木升降桌 一件两箱  颜色->棕+白,ALL,AMAZON,D,T99,0.0000,0.0000,0.0000,0.00,0.00,0.00,9,0.2903,6 个月 · 全平台 · 全量 SKU · 2026-07-09,published
DJ505728_3,US SD XL桌7抽铁木升降桌 一件两箱  颜色->棕+白,ALL,TIKTOK,D,T99,0.0000,0.0000,0.0000,0.00,0.00,0.00,2,0.0645,6 个月 · 全平台 · 全量 SKU · 2026-07-09,published
DJ505729_1,US SD X单人三铁木款升降桌 一件一箱 颜色->棕+黑,ALL,AMAZON,C,T4B,0.6714,0.3223,0.3223,20.81,9.99,9.99,47,1.5161,6 个月 · 全平台 · 全量 SKU · 2026-07-09,published
DJ505729_1,US SD X单人三铁木款升降桌 一件一箱 颜色->棕+黑,ALL,TEMU,C,T4B,0.2143,0.1029,0.1029,6.64,3.19,3.19,0,0.0000,6 个月 · 全平台 · 全量 SKU · 2026-07-09,published
DJ505729_1,US SD X单人三铁木款升降桌 一件一箱 颜色->棕+黑,ALL,WALMART,C,T99,0.0000,0.0000,0.0000,0.00,0.00,0.00,0,0.0000,6 个月 · 全平台 · 全量 SKU · 2026-07-09,published
DJ505729_2,US SD X单人三铁木款升降桌 一件一箱 颜色->棕+白,ALL,AMAZON,C,T4B,0.7071,0.3394,0.3394,21.92,10.52,10.52,97,3.1290,6 个月 · 全平台 · 全量 SKU · 2026-07-09,published
DJ505729_2,US SD X单人三铁木款升降桌 一件一箱 颜色->棕+白,ALL,TEMU,C,T99,0.0000,0.0000,0.0000,0.00,0.00,0.00,3,0.0968,6 个月 · 全平台 · 全量 SKU · 2026-07-09,published
DJ505729_2,US SD X单人三铁木款升降桌 一件一箱 颜色->棕+白,ALL,TIKTOK,C,T99,0.0000,0.0000,0.0000,0.00,0.00,0.00,1,0.0323,6 个月 · 全平台 · 全量 SKU · 2026-07-09,published
DJ505729_2,US SD X单人三铁木款升降桌 一件一箱 颜色->棕+白,ALL,UNKNOWN,C,T99,0.0000,0.0000,0.0000,0.00,0.00,0.00,0,0.0000,6 个月 · 全平台 · 全量 SKU · 2026-07-09,published
DJ505729_2,US SD X单人三铁木款升降桌 一件一箱 颜色->棕+白,ALL,WALMART,C,T99,0.0000,0.0000,0.0000,0.00,0.00,0.00,1,0.0323,6 个月 · 全平台 · 全量 SKU · 2026-07-09,published
DJ505729_3,US SD X单人三铁木款升降桌 一件一箱 颜色->原木纹+白,ALL,AMAZON,C,T4B,0.2357,0.1131,0.1131,7.31,3.51,3.51,80,2.5806,6 个月 · 全平台 · 全量 SKU · 2026-07-09,published
DJ505729_3,US SD X单人三铁木款升降桌 一件一箱 颜色->原木纹+白,ALL,TEMU,C,T99,0.0000,0.0000,0.0000,0.00,0.00,0.00,15,0.4839,6 个月 · 全平台 · 全量 SKU · 2026-07-09,published
DJ505729_3,US SD X单人三铁木款升降桌 一件一箱 颜色->原木纹+白,ALL,TIKTOK,C,T99,0.0000,0.0000,0.0000,0.00,0.00,0.00,1,0.0323,6 个月 · 全平台 · 全量 SKU · 2026-07-09,published
DJ505729_3,US SD X单人三铁木款升降桌 一件一箱 颜色->原木纹+白,ALL,WALMART,C,T99,0.0000,0.0000,0.0000,0.00,0.00,0.00,7,0.2258,6 个月 · 全平台 · 全量 SKU · 2026-07-09,published
DJ505730_1,US SD 1.3米L桌高桌带置物架 一件一箱 颜色->黑麻,ALL,TIKTOK,D,T99,0.0000,0.0000,0.0000,0.00,0.00,0.00,16,0.5161,6 个月 · 全平台 · 全量 SKU · 2026-07-09,published
DJ505730_4,US SD 1.3米L桌高桌带置物架 一件一箱 颜色->火烧云,ALL,TIKTOK,D,T99,0.0000,0.0000,0.0000,0.00,0.00,0.00,4,0.1290,6 个月 · 全平台 · 全量 SKU · 2026-07-09,published
DJ505731_1,"USHA XF-BT03 模块化十字造型玻璃对开门餐边柜带抽屉 一件一箱 颜色->#1,胡桃色顶+白色浮雕",ALL,AMAZON,D,T99,0.0000,0.0000,0.0000,0.00,0.00,0.00,20,0.6452,6 个月 · 全平台 · 全量 SKU · 2026-07-09,published
DJ505731_1,"USHA XF-BT03 模块化十字造型玻璃对开门餐边柜带抽屉 一件一箱 颜色->#1,胡桃色顶+白色浮雕",ALL,TIKTOK,D,T99,0.0000,0.0000,0.0000,0.00,0.00,0.00,0,0.0000,6 个月 · 全平台 · 全量 SKU · 2026-07-09,published
DJ505732_1,US 1.5米农舍竖条对开门L桌 一件一箱 颜色->白+棕,ALL,AMAZON,C,T4B,1.1357,0.5451,0.5451,35.21,16.90,16.90,16,0.5161,6 个月 · 全平台 · 全量 SKU · 2026-07-09,published
DJ505732_1,US 1.5米农舍竖条对开门L桌 一件一箱 颜色->白+棕,ALL,TEMU,C,T99,0.0000,0.0000,0.0000,0.00,0.00,0.00,0,0.0000,6 个月 · 全平台 · 全量 SKU · 2026-07-09,published
DJ505732_1,US 1.5米农舍竖条对开门L桌 一件一箱 颜色->白+棕,ALL,UNKNOWN,C,T99,0.0000,0.0000,0.0000,0.00,0.00,0.00,0,0.0000,6 个月 · 全平台 · 全量 SKU · 2026-07-09,published
DJ505732_2,US 1.5米农舍竖条对开门L桌 一件一箱 颜色->灰古木,ALL,AMAZON,C,T4B,0.7214,0.3463,0.3463,22.36,10.74,10.74,67,2.1613,6 个月 · 全平台 · 全量 SKU · 2026-07-09,published
DJ505732_2,US 1.5米农舍竖条对开门L桌 一件一箱 颜色->灰古木,ALL,TIKTOK,C,T99,0.0000,0.0000,0.0000,0.00,0.00,0.00,1,0.0323,6 个月 · 全平台 · 全量 SKU · 2026-07-09,published
DJ505732_3,US 1.5米农舍竖条对开门L桌 一件一箱 颜色->黑+棕,ALL,AMAZON,C,T4B,1.0857,0.5211,0.5211,33.66,16.15,16.15,10,0.3226,6 个月 · 全平台 · 全量 SKU · 2026-07-09,published
DJ505732_3,US 1.5米农舍竖条对开门L桌 一件一箱 颜色->黑+棕,ALL,TEMU,C,T99,0.0000,0.0000,0.0000,0.00,0.00,0.00,0,0.0000,6 个月 · 全平台 · 全量 SKU · 2026-07-09,published
DJ505732_3,US 1.5米农舍竖条对开门L桌 一件一箱 颜色->黑+棕,ALL,UNKNOWN,C,T99,0.0000,0.0000,0.0000,0.00,0.00,0.00,0,0.0000,6 个月 · 全平台 · 全量 SKU · 2026-07-09,published
DJ505733_1,US 1.6米农舍L桌 一件一箱 颜色->木色藤编,ALL,AMAZON,C,T4B,1.0071,0.4834,0.4834,31.22,14.99,14.99,44,1.4194,6 个月 · 全平台 · 全量 SKU · 2026-07-09,published
DJ505733_1,US 1.6米农舍L桌 一件一箱 颜色->木色藤编,ALL,UNKNOWN,C,T99,0.0000,0.0000,0.0000,0.00,0.00,0.00,6,0.1935,6 个月 · 全平台 · 全量 SKU · 2026-07-09,published
DJ505733_1,US 1.6米农舍L桌 一件一箱 颜色->木色藤编,ALL,WALMART,C,T4B,0.2571,0.1234,0.1234,7.97,3.83,3.83,19,0.6129,6 个月 · 全平台 · 全量 SKU · 2026-07-09,published
DJ505738_1,US DC 铁木床 SCB-01L 铁麻布层架布兜PU面布抽角落床-172 T 黑色 一件一箱,ALL,AMAZON,C,T4B,0.8643,0.4149,0.4149,26.79,12.86,12.86,74,2.3871,6 个月 · 全平台 · 全量 SKU · 2026-07-09,published
DJ505738_1,US DC 铁木床 SCB-01L 铁麻布层架布兜PU面布抽角落床-172 T 黑色 一件一箱,ALL,UNKNOWN,C,T99,0.0000,0.0000,0.0000,0.00,0.00,0.00,3,0.0968,6 个月 · 全平台 · 全量 SKU · 2026-07-09,published
DJ505739_1,US DC 铁木床 SCB-01L 铁麻布层架布兜PU面布抽角落床-172 T 白色 一件一箱,ALL,AMAZON,C,T4B,0.6071,0.2914,0.2914,18.82,9.03,9.03,45,1.4516,6 个月 · 全平台 · 全量 SKU · 2026-07-09,published
DJ505739_1,US DC 铁木床 SCB-01L 铁麻布层架布兜PU面布抽角落床-172 T 白色 一件一箱,ALL,UNKNOWN,C,T99,0.0000,0.0000,0.0000,0.00,0.00,0.00,12,0.3871,6 个月 · 全平台 · 全量 SKU · 2026-07-09,published
DJ505740_1,US 80cmX字谷仓门板材文件柜 一件一箱 颜色->YB-M941棕顶+白,ALL,AMAZON,C,T4B,1.5214,0.7303,0.7303,47.16,22.64,22.64,0,0.0000,6 个月 · 全平台 · 全量 SKU · 2026-07-09,published
DJ505740_1,US 80cmX字谷仓门板材文件柜 一件一箱 颜色->YB-M941棕顶+白,ALL,TEMU,C,T99,0.0000,0.0000,0.0000,0.00,0.00,0.00,0,0.0000,6 个月 · 全平台 · 全量 SKU · 2026-07-09,published
DJ505740_1,US 80cmX字谷仓门板材文件柜 一件一箱 颜色->YB-M941棕顶+白,ALL,UNKNOWN,C,T99,0.0000,0.0000,0.0000,0.00,0.00,0.00,0,0.0000,6 个月 · 全平台 · 全量 SKU · 2026-07-09,published
DJ505740_2,US 80cmX字谷仓门板材文件柜 一件一箱 颜色->YB-M941棕顶+黑,ALL,AMAZON,C,T4B,1.0143,0.4869,0.4869,31.44,15.09,15.09,1,0.0323,6 个月 · 全平台 · 全量 SKU · 2026-07-09,published
DJ505740_2,US 80cmX字谷仓门板材文件柜 一件一箱 颜色->YB-M941棕顶+黑,ALL,TEMU,C,T99,0.0000,0.0000,0.0000,0.00,0.00,0.00,0,0.0000,6 个月 · 全平台 · 全量 SKU · 2026-07-09,published
DJ505740_2,US 80cmX字谷仓门板材文件柜 一件一箱 颜色->YB-M941棕顶+黑,ALL,UNKNOWN,C,T99,0.0000,0.0000,0.0000,0.00,0.00,0.00,0,0.0000,6 个月 · 全平台 · 全量 SKU · 2026-07-09,published
DJ505740_3,US 80cmX字谷仓门板材文件柜 一件一箱 颜色->YB-M941棕,ALL,AMAZON,C,T4B,0.5643,0.2709,0.2709,17.49,8.40,8.40,33,1.0645,6 个月 · 全平台 · 全量 SKU · 2026-07-09,published
DJ505740_3,US 80cmX字谷仓门板材文件柜 一件一箱 颜色->YB-M941棕,ALL,TIKTOK,C,T99,0.0000,0.0000,0.0000,0.00,0.00,0.00,2,0.0645,6 个月 · 全平台 · 全量 SKU · 2026-07-09,published
DJ505740_3,US 80cmX字谷仓门板材文件柜 一件一箱 颜色->YB-M941棕,ALL,WALMART,C,T99,0.0000,0.0000,0.0000,0.00,0.00,0.00,1,0.0323,6 个月 · 全平台 · 全量 SKU · 2026-07-09,published
DJ505741_1,US AG 高搁架6布抽角落床 T 一件一箱 颜色->火烧云,ALL,AMAZON,C,T4B,0.6143,0.2949,0.2949,19.04,9.14,9.14,20,0.6452,6 个月 · 全平台 · 全量 SKU · 2026-07-09,published
DJ505741_1,US AG 高搁架6布抽角落床 T 一件一箱 颜色->火烧云,ALL,WALMART,C,T99,0.0000,0.0000,0.0000,0.00,0.00,0.00,0,0.0000,6 个月 · 全平台 · 全量 SKU · 2026-07-09,published
DJ505741_2,US AG 高搁架6布抽角落床 T 一件一箱 颜色->灰色,ALL,AMAZON,C,T4B,0.3143,0.1509,0.1509,9.74,4.68,4.68,64,2.0645,6 个月 · 全平台 · 全量 SKU · 2026-07-09,published
DJ505741_2,US AG 高搁架6布抽角落床 T 一件一箱 颜色->灰色,ALL,UNKNOWN,C,T99,0.0000,0.0000,0.0000,0.00,0.00,0.00,22,0.7097,6 个月 · 全平台 · 全量 SKU · 2026-07-09,published
DJ505741_2,US AG 高搁架6布抽角落床 T 一件一箱 颜色->灰色,ALL,WALMART,C,T99,0.0000,0.0000,0.0000,0.00,0.00,0.00,2,0.0645,6 个月 · 全平台 · 全量 SKU · 2026-07-09,published
DJ505742_1,US AG 高搁架6布抽角落床 F 一件一箱 颜色->火烧云,ALL,AMAZON,C,T4B,0.6214,0.2983,0.2983,19.26,9.25,9.25,32,1.0323,6 个月 · 全平台 · 全量 SKU · 2026-07-09,published
DJ505742_1,US AG 高搁架6布抽角落床 F 一件一箱 颜色->火烧云,ALL,UNKNOWN,C,T99,0.0000,0.0000,0.0000,0.00,0.00,0.00,4,0.1290,6 个月 · 全平台 · 全量 SKU · 2026-07-09,published
DJ505742_2,US AG 高搁架6布抽角落床 F 一件一箱 颜色->灰色,ALL,AMAZON,C,T4B,0.4143,0.1989,0.1989,12.84,6.17,6.17,43,1.3871,6 个月 · 全平台 · 全量 SKU · 2026-07-09,published
DJ505742_2,US AG 高搁架6布抽角落床 F 一件一箱 颜色->灰色,ALL,UNKNOWN,C,T99,0.0000,0.0000,0.0000,0.00,0.00,0.00,28,0.9032,6 个月 · 全平台 · 全量 SKU · 2026-07-09,published
DJ505743_1,UK DC 铁木床 CBF-11L 方管铁木角落床带抽篮-152G 白 90×190 一件两箱,ALL,AMAZON,C,T4B,0.7143,0.3429,0.3429,22.14,10.63,10.63,89,2.8710,6 个月 · 全平台 · 全量 SKU · 2026-07-09,published
DJ505743_2,UK DC 铁木床 CBF-11L 方管铁木角落床带抽篮-152G 白 135×190 一件两箱,ALL,AMAZON,D,T99,0.0000,0.0000,0.0000,0.00,0.00,0.00,19,0.6129,6 个月 · 全平台 · 全量 SKU · 2026-07-09,published
DJ505748_1,US AG 板式床 靠背翻盖 床头4布抽 6铁线抽 F 一件两箱 颜色->白色,ALL,AMAZON,C,T4B,0.3500,0.1680,0.1680,10.85,5.21,5.21,27,0.8710,6 个月 · 全平台 · 全量 SKU · 2026-07-09,published
DJ505748_1,US AG 板式床 靠背翻盖 床头4布抽 6铁线抽 F 一件两箱 颜色->白色,ALL,WALMART,C,T99,0.0000,0.0000,0.0000,0.00,0.00,0.00,0,0.0000,6 个月 · 全平台 · 全量 SKU · 2026-07-09,published
DJ505748_2,US AG 板式床 靠背翻盖 床头4布抽 6铁线抽 F 一件两箱 颜色->黑色,ALL,AMAZON,C,T4B,0.3429,0.1646,0.1646,10.63,5.10,5.10,55,1.7742,6 个月 · 全平台 · 全量 SKU · 2026-07-09,published
DJ505748_2,US AG 板式床 靠背翻盖 床头4布抽 6铁线抽 F 一件两箱 颜色->黑色,ALL,WALMART,C,T99,0.0000,0.0000,0.0000,0.00,0.00,0.00,2,0.0645,6 个月 · 全平台 · 全量 SKU · 2026-07-09,published
DJ505749_1,US AG 板式床 靠背翻盖 床头4布抽 6铁线抽 Q 一件两箱 颜色->白色,ALL,AMAZON,C,T4B,0.4214,0.2023,0.2023,13.06,6.27,6.27,46,1.4839,6 个月 · 全平台 · 全量 SKU · 2026-07-09,published
DJ505749_1,US AG 板式床 靠背翻盖 床头4布抽 6铁线抽 Q 一件两箱 颜色->白色,ALL,UNKNOWN,C,T99,0.0000,0.0000,0.0000,0.00,0.00,0.00,11,0.3548,6 个月 · 全平台 · 全量 SKU · 2026-07-09,published
DJ505749_2,US AG 板式床 靠背翻盖 床头4布抽 6铁线抽 Q 一件两箱 颜色->黑色,ALL,AMAZON,C,T4B,0.5857,0.2811,0.2811,18.16,8.71,8.71,83,2.6774,6 个月 · 全平台 · 全量 SKU · 2026-07-09,published
DJ505749_2,US AG 板式床 靠背翻盖 床头4布抽 6铁线抽 Q 一件两箱 颜色->黑色,ALL,UNKNOWN,C,T99,0.0000,0.0000,0.0000,0.00,0.00,0.00,14,0.4516,6 个月 · 全平台 · 全量 SKU · 2026-07-09,published
DJ505750_1,US UA BF-LMZ01罗马柱软包床头带灯床尾双抽 一件两箱 颜色->白色,ALL,TEMU,C,T99,0.0000,0.0000,0.0000,0.00,0.00,0.00,11,0.3548,6 个月 · 全平台 · 全量 SKU · 2026-07-09,published
DJ505756_1,US AG 大款玻璃桌面 铁木3抽2门书桌 一件一箱 颜色->白色,ALL,AMAZON,C,T4B,0.1857,0.0891,0.0891,5.76,2.76,2.76,38,1.2258,6 个月 · 全平台 · 全量 SKU · 2026-07-09,published
DJ505756_1,US AG 大款玻璃桌面 铁木3抽2门书桌 一件一箱 颜色->白色,ALL,UNKNOWN,C,T4B,0.1714,0.0823,0.0823,5.31,2.55,2.55,9,0.2903,6 个月 · 全平台 · 全量 SKU · 2026-07-09,published
DJ505757_3,US SR RWD-01 2×3 6抽抽屉柜辐射松贴实木皮油漆 一件一箱 颜色->棕色,ALL,AMAZON,C,T4B,0.7857,0.3771,0.3771,24.36,11.69,11.69,54,1.7419,6 个月 · 全平台 · 全量 SKU · 2026-07-09,published
DJ505757_3,US SR RWD-01 2×3 6抽抽屉柜辐射松贴实木皮油漆 一件一箱 颜色->棕色,ALL,UNKNOWN,C,T4B,0.2714,0.1303,0.1303,8.41,4.04,4.04,9,0.2903,6 个月 · 全平台 · 全量 SKU · 2026-07-09,published
DJ505758_3,US SR RWD-02 1×4+2 6抽抽屉柜辐射松贴实木皮油漆 一件一箱 颜色->棕色,ALL,AMAZON,C,T4B,0.8357,0.4011,0.4011,25.91,12.43,12.43,72,2.3226,6 个月 · 全平台 · 全量 SKU · 2026-07-09,published
DJ505758_3,US SR RWD-02 1×4+2 6抽抽屉柜辐射松贴实木皮油漆 一件一箱 颜色->棕色,ALL,UNKNOWN,C,T4B,0.5857,0.2811,0.2811,18.16,8.71,8.71,13,0.4194,6 个月 · 全平台 · 全量 SKU · 2026-07-09,published
DJ505758_3,US SR RWD-02 1×4+2 6抽抽屉柜辐射松贴实木皮油漆 一件一箱 颜色->棕色,ALL,WALMART,C,T99,0.0000,0.0000,0.0000,0.00,0.00,0.00,0,0.0000,6 个月 · 全平台 · 全量 SKU · 2026-07-09,published
DJ505759_1,UK DC 铁木床 CBF-01L HQ 软包角落床 606 135*190  灰色  一件两箱,ALL,AMAZON,D,T99,0.0000,0.0000,0.0000,0.00,0.00,0.00,131,4.2258,6 个月 · 全平台 · 全量 SKU · 2026-07-09,published
DJ505760_1,UK DC 铁木床 CBF-01L HQ 软包角落床 606 135*190  米白色  一件两箱,ALL,AMAZON,D,T99,0.0000,0.0000,0.0000,0.00,0.00,0.00,45,1.4516,6 个月 · 全平台 · 全量 SKU · 2026-07-09,published
DJ505761_1,US DC 地板床 FBI-02  HQ 树屋侧边储物 Twin  一件一箱 颜色->黑色,ALL,AMAZON,D,T4B,0.2000,0.0960,0.0960,6.20,2.98,2.98,33,1.0645,6 个月 · 全平台 · 全量 SKU · 2026-07-09,published
DJ505761_1,US DC 地板床 FBI-02  HQ 树屋侧边储物 Twin  一件一箱 颜色->黑色,ALL,WALMART,D,T99,0.0000,0.0000,0.0000,0.00,0.00,0.00,1,0.0323,6 个月 · 全平台 · 全量 SKU · 2026-07-09,published
DJ505761_2,US DC 地板床 FBI-02  HQ 树屋侧边储物 Twin  一件一箱 颜色->白色,ALL,AMAZON,D,T4B,0.4929,0.2366,0.2366,15.28,7.33,7.33,88,2.8387,6 个月 · 全平台 · 全量 SKU · 2026-07-09,published
DJ505761_2,US DC 地板床 FBI-02  HQ 树屋侧边储物 Twin  一件一箱 颜色->白色,ALL,WALMART,D,T99,0.0000,0.0000,0.0000,0.00,0.00,0.00,6,0.1935,6 个月 · 全平台 · 全量 SKU · 2026-07-09,published
DJ505761_3,US DC 地板床 FBI-02  HQ 树屋侧边储物 Twin  一件一箱 颜色->粉色,ALL,AMAZON,C,T99,0.0000,0.0000,0.0000,0.00,0.00,0.00,91,2.9355,6 个月 · 全平台 · 全量 SKU · 2026-07-09,published
DJ505764_1,EU BW SCQL-03鞋柜4翻盖8隔板+冷轧钢翻转  黑色 一件一箱,ALL,AMAZON,C,T4B,0.5143,0.2469,0.2469,15.94,7.65,7.65,32,1.0323,6 个月 · 全平台 · 全量 SKU · 2026-07-09,published
DJ505767_1,"USHA XF-BC06 集成化圆弧顶带储物长凳书架 一件一箱 颜色->#1,64064K木纹色",ALL,AMAZON,D,T99,0.0000,0.0000,0.0000,0.00,0.00,0.00,24,0.7742,6 个月 · 全平台 · 全量 SKU · 2026-07-09,published
DJ505767_2,"USHA XF-BC06 集成化圆弧顶带储物长凳书架 一件一箱 颜色->#2,25054K灰黑橡木拼木纹色",ALL,AMAZON,D,T99,0.0000,0.0000,0.0000,0.00,0.00,0.00,14,0.4516,6 个月 · 全平台 · 全量 SKU · 2026-07-09,published
DJ505770_1,US DC 高架床 BBC-01 BD173 新长短边储物双床 双T 黑色 一件两箱,ALL,AMAZON,B,T4B,2.4071,1.1554,1.1554,74.62,35.82,35.82,280,9.0323,6 个月 · 全平台 · 全量 SKU · 2026-07-09,published
DJ505770_1,US DC 高架床 BBC-01 BD173 新长短边储物双床 双T 黑色 一件两箱,ALL,UNKNOWN,B,T4B,0.2500,0.1200,0.1200,7.75,3.72,3.72,9,0.2903,6 个月 · 全平台 · 全量 SKU · 2026-07-09,published
DJ505770_1,US DC 高架床 BBC-01 BD173 新长短边储物双床 双T 黑色 一件两箱,ALL,WALMART,B,T4B,0.2000,0.0960,0.0960,6.20,2.98,2.98,16,0.5161,6 个月 · 全平台 · 全量 SKU · 2026-07-09,published
DJ505770_2,US DC 高架床 BBC-01 BD173 新长短边储物双床 双T 白色 一件两箱,ALL,AMAZON,B,T4B,1.9357,0.9291,0.9291,60.01,28.80,28.80,274,8.8387,6 个月 · 全平台 · 全量 SKU · 2026-07-09,published
DJ505770_2,US DC 高架床 BBC-01 BD173 新长短边储物双床 双T 白色 一件两箱,ALL,UNKNOWN,B,T4B,0.3143,0.1509,0.1509,9.74,4.68,4.68,37,1.1935,6 个月 · 全平台 · 全量 SKU · 2026-07-09,published
DJ505770_2,US DC 高架床 BBC-01 BD173 新长短边储物双床 双T 白色 一件两箱,ALL,WALMART,B,T4B,0.1214,0.0583,0.0583,3.76,1.81,1.81,17,0.5484,6 个月 · 全平台 · 全量 SKU · 2026-07-09,published
DJ505771_1,US SD 80cm5抽高文件柜 一件一箱 颜色->棕色+白色,ALL,AMAZON,D,T99,0.0000,0.0000,0.0000,0.00,0.00,0.00,36,1.1613,6 个月 · 全平台 · 全量 SKU · 2026-07-09,published
DJ505771_2,US SD 80cm5抽高文件柜 一件一箱 颜色->棕色+黑色,ALL,AMAZON,D,T99,0.0000,0.0000,0.0000,0.00,0.00,0.00,24,0.7742,6 个月 · 全平台 · 全量 SKU · 2026-07-09,published
DJ505771_2,US SD 80cm5抽高文件柜 一件一箱 颜色->棕色+黑色,ALL,TEMU,D,T99,0.0000,0.0000,0.0000,0.00,0.00,0.00,2,0.0645,6 个月 · 全平台 · 全量 SKU · 2026-07-09,published
DJ505771_3,US SD 80cm5抽高文件柜 一件一箱 颜色->火烧云,ALL,AMAZON,D,T99,0.0000,0.0000,0.0000,0.00,0.00,0.00,30,0.9677,6 个月 · 全平台 · 全量 SKU · 2026-07-09,published
DJ505771_3,US SD 80cm5抽高文件柜 一件一箱 颜色->火烧云,ALL,UNKNOWN,D,T99,0.0000,0.0000,0.0000,0.00,0.00,0.00,1,0.0323,6 个月 · 全平台 · 全量 SKU · 2026-07-09,published
DJ505774_1,US SD 80cm单人游戏升降桌 一件一箱 颜色->碳纤维黑,ALL,AMAZON,D,T99,0.0000,0.0000,0.0000,0.00,0.00,0.00,52,1.6774,6 个月 · 全平台 · 全量 SKU · 2026-07-09,published
DJ505774_1,US SD 80cm单人游戏升降桌 一件一箱 颜色->碳纤维黑,ALL,TEMU,D,T99,0.0000,0.0000,0.0000,0.00,0.00,0.00,26,0.8387,6 个月 · 全平台 · 全量 SKU · 2026-07-09,published
DJ505774_1,US SD 80cm单人游戏升降桌 一件一箱 颜色->碳纤维黑,ALL,WALMART,D,T99,0.0000,0.0000,0.0000,0.00,0.00,0.00,1,0.0323,6 个月 · 全平台 · 全量 SKU · 2026-07-09,published
DJ505774_2,US SD 80cm单人游戏升降桌 一件一箱 颜色->白麻,ALL,AMAZON,D,T99,0.0000,0.0000,0.0000,0.00,0.00,0.00,3,0.0968,6 个月 · 全平台 · 全量 SKU · 2026-07-09,published
DJ505774_2,US SD 80cm单人游戏升降桌 一件一箱 颜色->白麻,ALL,TEMU,D,T99,0.0000,0.0000,0.0000,0.00,0.00,0.00,10,0.3226,6 个月 · 全平台 · 全量 SKU · 2026-07-09,published
DJ505774_2,US SD 80cm单人游戏升降桌 一件一箱 颜色->白麻,ALL,WALMART,D,T99,0.0000,0.0000,0.0000,0.00,0.00,0.00,1,0.0323,6 个月 · 全平台 · 全量 SKU · 2026-07-09,published
DJ505774_3,US SD 80cm单人游戏升降桌 一件一箱 颜色->粉色麻面,ALL,AMAZON,D,T99,0.0000,0.0000,0.0000,0.00,0.00,0.00,13,0.4194,6 个月 · 全平台 · 全量 SKU · 2026-07-09,published
DJ505774_3,US SD 80cm单人游戏升降桌 一件一箱 颜色->粉色麻面,ALL,TEMU,D,T99,0.0000,0.0000,0.0000,0.00,0.00,0.00,2,0.0645,6 个月 · 全平台 · 全量 SKU · 2026-07-09,published
DJ505774_3,US SD 80cm单人游戏升降桌 一件一箱 颜色->粉色麻面,ALL,WALMART,D,T99,0.0000,0.0000,0.0000,0.00,0.00,0.00,5,0.1613,6 个月 · 全平台 · 全量 SKU · 2026-07-09,published
DJ505784_1,US VD 高架床 L形上下铺 双书桌 T 一件两箱 颜色->白色,ALL,AMAZON,C,T4B,0.2643,0.1269,0.1269,8.19,3.93,3.93,33,1.0645,6 个月 · 全平台 · 全量 SKU · 2026-07-09,published
DJ505784_1,US VD 高架床 L形上下铺 双书桌 T 一件两箱 颜色->白色,ALL,WALMART,C,T99,0.0000,0.0000,0.0000,0.00,0.00,0.00,7,0.2258,6 个月 · 全平台 · 全量 SKU · 2026-07-09,published
DJ505784_2,US VD 高架床 L形上下铺 双书桌 T 一件两箱 颜色->黑色,ALL,AMAZON,C,T4B,0.2429,0.1166,0.1166,7.53,3.61,3.61,27,0.8710,6 个月 · 全平台 · 全量 SKU · 2026-07-09,published
DJ505784_2,US VD 高架床 L形上下铺 双书桌 T 一件两箱 颜色->黑色,ALL,UNKNOWN,C,T4B,0.2357,0.1131,0.1131,7.31,3.51,3.51,44,1.4194,6 个月 · 全平台 · 全量 SKU · 2026-07-09,published
DJ505784_2,US VD 高架床 L形上下铺 双书桌 T 一件两箱 颜色->黑色,ALL,WALMART,C,T99,0.0000,0.0000,0.0000,0.00,0.00,0.00,5,0.1613,6 个月 · 全平台 · 全量 SKU · 2026-07-09,published
DJ505785_1,US 竖条纹美式铁木L桌 一件一箱 颜色->棕顶+白,ALL,AMAZON,B,T4B,3.2357,1.5531,1.5531,100.31,48.15,48.15,214,6.9032,6 个月 · 全平台 · 全量 SKU · 2026-07-09,published
DJ505785_1,US 竖条纹美式铁木L桌 一件一箱 颜色->棕顶+白,ALL,TEMU,B,T99,0.0000,0.0000,0.0000,0.00,0.00,0.00,0,0.0000,6 个月 · 全平台 · 全量 SKU · 2026-07-09,published
DJ505785_1,US 竖条纹美式铁木L桌 一件一箱 颜色->棕顶+白,ALL,UNKNOWN,B,T4B,0.4071,0.1954,0.1954,12.62,6.06,6.06,48,1.5484,6 个月 · 全平台 · 全量 SKU · 2026-07-09,published
DJ505785_1,US 竖条纹美式铁木L桌 一件一箱 颜色->棕顶+白,ALL,WALMART,B,T4B,0.6214,0.2983,0.2983,19.26,9.25,9.25,91,2.9355,6 个月 · 全平台 · 全量 SKU · 2026-07-09,published
DJ505785_2,US 竖条纹美式铁木L桌 一件一箱 颜色->棕顶+黑,ALL,AMAZON,C,T4B,1.6000,0.7680,0.7680,49.60,23.81,23.81,156,5.0323,6 个月 · 全平台 · 全量 SKU · 2026-07-09,published
DJ505785_2,US 竖条纹美式铁木L桌 一件一箱 颜色->棕顶+黑,ALL,TEMU,C,T99,0.0000,0.0000,0.0000,0.00,0.00,0.00,0,0.0000,6 个月 · 全平台 · 全量 SKU · 2026-07-09,published
DJ505785_2,US 竖条纹美式铁木L桌 一件一箱 颜色->棕顶+黑,ALL,UNKNOWN,C,T4B,0.1500,0.0720,0.0720,4.65,2.23,2.23,28,0.9032,6 个月 · 全平台 · 全量 SKU · 2026-07-09,published
DJ505785_2,US 竖条纹美式铁木L桌 一件一箱 颜色->棕顶+黑,ALL,WALMART,C,T4B,0.4643,0.2229,0.2229,14.39,6.91,6.91,46,1.4839,6 个月 · 全平台 · 全量 SKU · 2026-07-09,published
DJ505785_3,US 竖条纹美式铁木L桌 一件一箱 颜色->浅灰色+黑管,ALL,AMAZON,C,T4B,1.7571,0.8434,0.8434,54.47,26.15,26.15,102,3.2903,6 个月 · 全平台 · 全量 SKU · 2026-07-09,published
DJ505785_3,US 竖条纹美式铁木L桌 一件一箱 颜色->浅灰色+黑管,ALL,TEMU,C,T99,0.0000,0.0000,0.0000,0.00,0.00,0.00,0,0.0000,6 个月 · 全平台 · 全量 SKU · 2026-07-09,published
DJ505785_3,US 竖条纹美式铁木L桌 一件一箱 颜色->浅灰色+黑管,ALL,TIKTOK,C,T99,0.0000,0.0000,0.0000,0.00,0.00,0.00,2,0.0645,6 个月 · 全平台 · 全量 SKU · 2026-07-09,published
DJ505785_3,US 竖条纹美式铁木L桌 一件一箱 颜色->浅灰色+黑管,ALL,WALMART,C,T4B,0.2071,0.0994,0.0994,6.42,3.08,3.08,29,0.9355,6 个月 · 全平台 · 全量 SKU · 2026-07-09,published
DJ505786_3,US SR RWN-01 3抽床头柜 美规插排辐射松贴水曲柳实木皮油漆 一件一箱 颜色->棕色,ALL,AMAZON,C,T4B,0.5643,0.2709,0.2709,17.49,8.40,8.40,50,1.6129,6 个月 · 全平台 · 全量 SKU · 2026-07-09,published
DJ505786_3,US SR RWN-01 3抽床头柜 美规插排辐射松贴水曲柳实木皮油漆 一件一箱 颜色->棕色,ALL,UNKNOWN,C,T99,0.0000,0.0000,0.0000,0.00,0.00,0.00,0,0.0000,6 个月 · 全平台 · 全量 SKU · 2026-07-09,published
DJ505787_3,US SR RWN-02 2抽1空格床头柜 美规插排辐射松贴水曲柳实木皮油漆 一件一箱 颜色->棕色,ALL,AMAZON,C,T4B,0.5643,0.2709,0.2709,17.49,8.40,8.40,44,1.4194,6 个月 · 全平台 · 全量 SKU · 2026-07-09,published
DJ505787_3,US SR RWN-02 2抽1空格床头柜 美规插排辐射松贴水曲柳实木皮油漆 一件一箱 颜色->棕色,ALL,WALMART,C,T99,0.0000,0.0000,0.0000,0.00,0.00,0.00,0,0.0000,6 个月 · 全平台 · 全量 SKU · 2026-07-09,published
DJ505789_2,"UK KM BF-GJ05 软包L型单包基础款 一件一箱 尺码->S,90*190;颜色->灰色,亚麻灰",ALL,AMAZON,D,T99,0.0000,0.0000,0.0000,0.00,0.00,0.00,46,1.4839,6 个月 · 全平台 · 全量 SKU · 2026-07-09,published
DJ505790_1,"UK KM BF-TG02 铁木软包大床头拐角床 双包装 尺码->L,135*190 亚麻-灰",ALL,AMAZON,C,T4B,0.7857,0.3771,0.3771,24.36,11.69,11.69,39,1.2581,6 个月 · 全平台 · 全量 SKU · 2026-07-09,published
DJ505790_2,"UK KM BF-TG02 铁木软包大床头拐角床 双包装 尺码->S,90*190 亚麻-灰",ALL,AMAZON,D,T99,0.0000,0.0000,0.0000,0.00,0.00,0.00,78,2.5161,6 个月 · 全平台 · 全量 SKU · 2026-07-09,published
DJ505791_1,US AG 正面楼梯储物L型  双T床  YW 一件两箱 颜色->火烧云,ALL,AMAZON,D,T99,0.0000,0.0000,0.0000,0.00,0.00,0.00,49,1.5806,6 个月 · 全平台 · 全量 SKU · 2026-07-09,published
DJ505791_2,US AG 正面楼梯储物L型  双T床  YW 一件两箱 颜色->灰色,ALL,AMAZON,D,T99,0.0000,0.0000,0.0000,0.00,0.00,0.00,37,1.1935,6 个月 · 全平台 · 全量 SKU · 2026-07-09,published
DJ505792_1,US DC 阁楼床 LLBC-03 GSB067 8抽储物床 T 黑色 一件一箱,ALL,AMAZON,D,T99,0.0000,0.0000,0.0000,0.00,0.00,0.00,13,0.4194,6 个月 · 全平台 · 全量 SKU · 2026-07-09,published
DJ505792_2,US DC 阁楼床 LLBC-03 GSB067 8抽储物床 T 白色 一件一箱,ALL,AMAZON,D,T99,0.0000,0.0000,0.0000,0.00,0.00,0.00,13,0.4194,6 个月 · 全平台 · 全量 SKU · 2026-07-09,published
DJ505792_3,US DC 阁楼床 LLBC-03 GSB067 8抽储物床 T 粉色 一件一箱,ALL,AMAZON,D,T99,0.0000,0.0000,0.0000,0.00,0.00,0.00,19,0.6129,6 个月 · 全平台 · 全量 SKU · 2026-07-09,published
DJ505792_3,US DC 阁楼床 LLBC-03 GSB067 8抽储物床 T 粉色 一件一箱,ALL,WALMART,D,T99,0.0000,0.0000,0.0000,0.00,0.00,0.00,1,0.0323,6 个月 · 全平台 · 全量 SKU · 2026-07-09,published
DJ505793_1,US DC 阁楼床 LLBC-04 GSB068 6抽+4开放储物床 T 黑色 一件一箱,ALL,AMAZON,D,T99,0.0000,0.0000,0.0000,0.00,0.00,0.00,19,0.6129,6 个月 · 全平台 · 全量 SKU · 2026-07-09,published
DJ505793_2,US DC 阁楼床 LLBC-04 GSB068 6抽+4开放储物床 T 白色 一件一箱,ALL,AMAZON,D,T99,0.0000,0.0000,0.0000,0.00,0.00,0.00,17,0.5484,6 个月 · 全平台 · 全量 SKU · 2026-07-09,published
DJ505793_2,US DC 阁楼床 LLBC-04 GSB068 6抽+4开放储物床 T 白色 一件一箱,ALL,UNKNOWN,D,T99,0.0000,0.0000,0.0000,0.00,0.00,0.00,15,0.4839,6 个月 · 全平台 · 全量 SKU · 2026-07-09,published
DJ505793_3,US DC 阁楼床 LLBC-04 GSB068 6抽+4开放储物床 T 粉色 一件一箱,ALL,AMAZON,D,T99,0.0000,0.0000,0.0000,0.00,0.00,0.00,38,1.2258,6 个月 · 全平台 · 全量 SKU · 2026-07-09,published
DJ505794_1,US 100*80双抽谷仓门升降咖啡桌Fluted 一件一箱 颜色->7625手抓纹,ALL,AMAZON,D,T99,0.0000,0.0000,0.0000,0.00,0.00,0.00,32,1.0323,6 个月 · 全平台 · 全量 SKU · 2026-07-09,published
DJ505794_1,US 100*80双抽谷仓门升降咖啡桌Fluted 一件一箱 颜色->7625手抓纹,ALL,UNKNOWN,D,T99,0.0000,0.0000,0.0000,0.00,0.00,0.00,1,0.0323,6 个月 · 全平台 · 全量 SKU · 2026-07-09,published
DJ505794_2,US 100*80双抽谷仓门升降咖啡桌Fluted 一件一箱 颜色->黑麻,ALL,AMAZON,D,T99,0.0000,0.0000,0.0000,0.00,0.00,0.00,30,0.9677,6 个月 · 全平台 · 全量 SKU · 2026-07-09,published
DJ505795_1,US 正方形升降谷仓咖啡桌Fluted 一件一箱 颜色->新胡桃,ALL,AMAZON,D,T99,0.0000,0.0000,0.0000,0.00,0.00,0.00,101,3.2581,6 个月 · 全平台 · 全量 SKU · 2026-07-09,published
DJ505795_1,US 正方形升降谷仓咖啡桌Fluted 一件一箱 颜色->新胡桃,ALL,TEMU,D,T99,0.0000,0.0000,0.0000,0.00,0.00,0.00,13,0.4194,6 个月 · 全平台 · 全量 SKU · 2026-07-09,published
DJ505795_1,US 正方形升降谷仓咖啡桌Fluted 一件一箱 颜色->新胡桃,ALL,TIKTOK,D,T99,0.0000,0.0000,0.0000,0.00,0.00,0.00,1,0.0323,6 个月 · 全平台 · 全量 SKU · 2026-07-09,published
DJ505795_2,US 正方形升降谷仓咖啡桌Fluted 一件一箱 颜色->黑拼夏特胡桃,ALL,AMAZON,D,T99,0.0000,0.0000,0.0000,0.00,0.00,0.00,65,2.0968,6 个月 · 全平台 · 全量 SKU · 2026-07-09,published
DJ505796_1,US 板材亚克力角落高桌 一件一箱 颜色->棕+白,ALL,AMAZON,C,T4B,1.2214,0.5863,0.5863,37.86,18.18,18.18,0,0.0000,6 个月 · 全平台 · 全量 SKU · 2026-07-09,published
DJ505796_1,US 板材亚克力角落高桌 一件一箱 颜色->棕+白,ALL,WALMART,C,T99,0.0000,0.0000,0.0000,0.00,0.00,0.00,0,0.0000,6 个月 · 全平台 · 全量 SKU · 2026-07-09,published
DJ505796_2,US 板材亚克力角落高桌 一件一箱 颜色->黑麻,ALL,AMAZON,C,T4B,1.1786,0.5657,0.5657,36.54,17.54,17.54,3,0.0968,6 个月 · 全平台 · 全量 SKU · 2026-07-09,published
DJ505796_2,US 板材亚克力角落高桌 一件一箱 颜色->黑麻,ALL,TIKTOK,C,T99,0.0000,0.0000,0.0000,0.00,0.00,0.00,0,0.0000,6 个月 · 全平台 · 全量 SKU · 2026-07-09,published
DJ505796_2,US 板材亚克力角落高桌 一件一箱 颜色->黑麻,ALL,UNKNOWN,C,T99,0.0000,0.0000,0.0000,0.00,0.00,0.00,0,0.0000,6 个月 · 全平台 · 全量 SKU · 2026-07-09,published
DJ505801_1,"US ER BF-TM04 美国6抽儿童床带书桌 一件一箱 颜色->#1,黑色",ALL,AMAZON,C,T4B,0.2643,0.1269,0.1269,8.19,3.93,3.93,26,0.8387,6 个月 · 全平台 · 全量 SKU · 2026-07-09,published
DJ505801_1,"US ER BF-TM04 美国6抽儿童床带书桌 一件一箱 颜色->#1,黑色",ALL,UNKNOWN,C,T99,0.0000,0.0000,0.0000,0.00,0.00,0.00,11,0.3548,6 个月 · 全平台 · 全量 SKU · 2026-07-09,published
DJ505801_1,"US ER BF-TM04 美国6抽儿童床带书桌 一件一箱 颜色->#1,黑色",ALL,WALMART,C,T99,0.0000,0.0000,0.0000,0.00,0.00,0.00,6,0.1935,6 个月 · 全平台 · 全量 SKU · 2026-07-09,published
DJ505801_2,"US ER BF-TM04 美国6抽儿童床带书桌 一件一箱 颜色->#2,白色",ALL,AMAZON,C,T4B,0.1500,0.0720,0.0720,4.65,2.23,2.23,5,0.1613,6 个月 · 全平台 · 全量 SKU · 2026-07-09,published
DJ505801_2,"US ER BF-TM04 美国6抽儿童床带书桌 一件一箱 颜色->#2,白色",ALL,UNKNOWN,C,T99,0.0000,0.0000,0.0000,0.00,0.00,0.00,15,0.4839,6 个月 · 全平台 · 全量 SKU · 2026-07-09,published
DJ505801_3,"US ER BF-TM04 美国6抽儿童床带书桌 一件一箱 颜色->#3,粉色",ALL,AMAZON,C,T4B,0.2143,0.1029,0.1029,6.64,3.19,3.19,10,0.3226,6 个月 · 全平台 · 全量 SKU · 2026-07-09,published
DJ505801_3,"US ER BF-TM04 美国6抽儿童床带书桌 一件一箱 颜色->#3,粉色",ALL,WALMART,C,T99,0.0000,0.0000,0.0000,0.00,0.00,0.00,6,0.1935,6 个月 · 全平台 · 全量 SKU · 2026-07-09,published
DJ505804_1,US MS 地台上下铺低矮步梯床 T 一件一箱 颜色->蓝色,ALL,AMAZON,D,T99,0.0000,0.0000,0.0000,0.00,0.00,0.00,16,0.5161,6 个月 · 全平台 · 全量 SKU · 2026-07-09,published
DJ505804_1,US MS 地台上下铺低矮步梯床 T 一件一箱 颜色->蓝色,ALL,WALMART,D,T99,0.0000,0.0000,0.0000,0.00,0.00,0.00,14,0.4516,6 个月 · 全平台 · 全量 SKU · 2026-07-09,published
DJ505804_2,US MS 地台上下铺低矮步梯床 T 一件一箱 颜色->粉色,ALL,AMAZON,D,T99,0.0000,0.0000,0.0000,0.00,0.00,0.00,29,0.9355,6 个月 · 全平台 · 全量 SKU · 2026-07-09,published
DJ505804_2,US MS 地台上下铺低矮步梯床 T 一件一箱 颜色->粉色,ALL,WALMART,D,T99,0.0000,0.0000,0.0000,0.00,0.00,0.00,12,0.3871,6 个月 · 全平台 · 全量 SKU · 2026-07-09,published
DJ505805_1,US YSY-695款 F尺寸上床下桌10抽U形桌面带灯带插排 一件两箱 颜色->火烧云,ALL,AMAZON,D,T99,0.0000,0.0000,0.0000,0.00,0.00,0.00,47,1.5161,6 个月 · 全平台 · 全量 SKU · 2026-07-09,published
DJ505805_2,US YSY-695款 F尺寸上床下桌10抽U形桌面带灯带插排 一件两箱 颜色->白色,ALL,AMAZON,D,T99,0.0000,0.0000,0.0000,0.00,0.00,0.00,99,3.1935,6 个月 · 全平台 · 全量 SKU · 2026-07-09,published
DJ505805_2,US YSY-695款 F尺寸上床下桌10抽U形桌面带灯带插排 一件两箱 颜色->白色,ALL,WALMART,D,T99,0.0000,0.0000,0.0000,0.00,0.00,0.00,0,0.0000,6 个月 · 全平台 · 全量 SKU · 2026-07-09,published
DJ505805_3,US YSY-695款 F尺寸上床下桌10抽U形桌面带灯带插排 一件两箱 颜色->灰色,ALL,AMAZON,D,T4B,0.6071,0.2914,0.2914,18.82,9.03,9.03,51,1.6452,6 个月 · 全平台 · 全量 SKU · 2026-07-09,published
DJ505806_1,US 1.4米升降桌 一件两箱  颜色->主体白+顶板棕,ALL,AMAZON,C,T4B,2.5000,1.2000,1.2000,77.50,37.20,37.20,318,10.2581,6 个月 · 全平台 · 全量 SKU · 2026-07-09,published
DJ505806_1_WF,US 1.4米升降桌 一件两箱  颜色->主体白+顶板棕,ALL,UNKNOWN,C,T4B,0.5643,0.2709,0.2709,17.49,8.40,8.40,56,1.8065,6 个月 · 全平台 · 全量 SKU · 2026-07-09,published
DJ505806_2,US 1.4米升降桌 一件两箱  颜色->主体黑+顶板棕,ALL,AMAZON,B,T4B,4.6429,2.2286,2.2286,143.93,69.09,69.09,364,11.7419,6 个月 · 全平台 · 全量 SKU · 2026-07-09,published
DJ505806_2_WF,US 1.4米升降桌 一件两箱  颜色->主体黑+顶板棕,ALL,UNKNOWN,C,T4B,0.4286,0.2057,0.2057,13.29,6.38,6.38,28,0.9032,6 个月 · 全平台 · 全量 SKU · 2026-07-09,published
DJ505812_1,US SD L三抽高书架桌 一件两箱 颜色->白拼棕,ALL,AMAZON,D,T99,0.0000,0.0000,0.0000,0.00,0.00,0.00,113,3.6452,6 个月 · 全平台 · 全量 SKU · 2026-07-09,published
DJ505812_1,US SD L三抽高书架桌 一件两箱 颜色->白拼棕,ALL,TEMU,D,T99,0.0000,0.0000,0.0000,0.00,0.00,0.00,18,0.5806,6 个月 · 全平台 · 全量 SKU · 2026-07-09,published
DJ505812_1,US SD L三抽高书架桌 一件两箱 颜色->白拼棕,ALL,WALMART,D,T99,0.0000,0.0000,0.0000,0.00,0.00,0.00,26,0.8387,6 个月 · 全平台 · 全量 SKU · 2026-07-09,published
DJ505812_2,US SD L三抽高书架桌 一件两箱 颜色->黑拼棕,ALL,AMAZON,D,T99,0.0000,0.0000,0.0000,0.00,0.00,0.00,55,1.7742,6 个月 · 全平台 · 全量 SKU · 2026-07-09,published
DJ505812_2,US SD L三抽高书架桌 一件两箱 颜色->黑拼棕,ALL,TEMU,D,T99,0.0000,0.0000,0.0000,0.00,0.00,0.00,6,0.1935,6 个月 · 全平台 · 全量 SKU · 2026-07-09,published
DJ505812_2,US SD L三抽高书架桌 一件两箱 颜色->黑拼棕,ALL,UNKNOWN,D,T99,0.0000,0.0000,0.0000,0.00,0.00,0.00,5,0.1613,6 个月 · 全平台 · 全量 SKU · 2026-07-09,published
DJ505812_2,US SD L三抽高书架桌 一件两箱 颜色->黑拼棕,ALL,WALMART,D,T99,0.0000,0.0000,0.0000,0.00,0.00,0.00,18,0.5806,6 个月 · 全平台 · 全量 SKU · 2026-07-09,published
DJ505812_3,US SD L三抽高书架桌 一件两箱 颜色->灰古木三胺,ALL,AMAZON,D,T99,0.0000,0.0000,0.0000,0.00,0.00,0.00,21,0.6774,6 个月 · 全平台 · 全量 SKU · 2026-07-09,published
DJ505812_3,US SD L三抽高书架桌 一件两箱 颜色->灰古木三胺,ALL,TEMU,D,T99,0.0000,0.0000,0.0000,0.00,0.00,0.00,7,0.2258,6 个月 · 全平台 · 全量 SKU · 2026-07-09,published
DJ505812_3,US SD L三抽高书架桌 一件两箱 颜色->灰古木三胺,ALL,TIKTOK,D,T99,0.0000,0.0000,0.0000,0.00,0.00,0.00,0,0.0000,6 个月 · 全平台 · 全量 SKU · 2026-07-09,published
DJ505812_3,US SD L三抽高书架桌 一件两箱 颜色->灰古木三胺,ALL,WALMART,D,T99,0.0000,0.0000,0.0000,0.00,0.00,0.00,12,0.3871,6 个月 · 全平台 · 全量 SKU · 2026-07-09,published
DJ505813_1,US AG 折叠储物沙发床架 左右互换+无纺布抽 F 一件两箱 颜色->白色,ALL,AMAZON,D,T99,0.0000,0.0000,0.0000,0.00,0.00,0.00,65,2.0968,6 个月 · 全平台 · 全量 SKU · 2026-07-09,published
DJ505813_1,US AG 折叠储物沙发床架 左右互换+无纺布抽 F 一件两箱 颜色->白色,ALL,UNKNOWN,D,T99,0.0000,0.0000,0.0000,0.00,0.00,0.00,20,0.6452,6 个月 · 全平台 · 全量 SKU · 2026-07-09,published
DJ505813_1,US AG 折叠储物沙发床架 左右互换+无纺布抽 F 一件两箱 颜色->白色,ALL,WALMART,D,T99,0.0000,0.0000,0.0000,0.00,0.00,0.00,7,0.2258,6 个月 · 全平台 · 全量 SKU · 2026-07-09,published
DJ505813_2,US AG 折叠储物沙发床架 左右互换+无纺布抽 F 一件两箱 颜色->灰橡木,ALL,AMAZON,D,T99,0.0000,0.0000,0.0000,0.00,0.00,0.00,46,1.4839,6 个月 · 全平台 · 全量 SKU · 2026-07-09,published
DJ505813_3,US AG 折叠储物沙发床架 左右互换+无纺布抽 F 一件两箱 颜色->火烧云,ALL,AMAZON,D,T99,0.0000,0.0000,0.0000,0.00,0.00,0.00,32,1.0323,6 个月 · 全平台 · 全量 SKU · 2026-07-09,published
DJ505813_3,US AG 折叠储物沙发床架 左右互换+无纺布抽 F 一件两箱 颜色->火烧云,ALL,WALMART,D,T99,0.0000,0.0000,0.0000,0.00,0.00,0.00,1,0.0323,6 个月 · 全平台 · 全量 SKU · 2026-07-09,published
DJ505814_1,US 床GSI-053T休闲软包床含灯带插盘99*190 一件一箱 颜色米白泰迪绒+白铁,ALL,AMAZON,D,T99,0.0000,0.0000,0.0000,0.00,0.00,0.00,8,0.2581,6 个月 · 全平台 · 全量 SKU · 2026-07-09,published
DJ505815_1,US 床GSI-053F休闲软包床含灯带插盘137*190 一件一箱 颜色米白泰迪绒+白铁,ALL,AMAZON,D,T99,0.0000,0.0000,0.0000,0.00,0.00,0.00,28,0.9032,6 个月 · 全平台 · 全量 SKU · 2026-07-09,published
DJ505815_1,US 床GSI-053F休闲软包床含灯带插盘137*190 一件一箱 颜色米白泰迪绒+白铁,ALL,TIKTOK,D,T99,0.0000,0.0000,0.0000,0.00,0.00,0.00,18,0.5806,6 个月 · 全平台 · 全量 SKU · 2026-07-09,published
DJ505816_1,US 床GSI-053Q休闲软包床含灯带插盘153*203 一件一箱 颜色米白泰迪绒+白铁,ALL,AMAZON,D,T99,0.0000,0.0000,0.0000,0.00,0.00,0.00,35,1.1290,6 个月 · 全平台 · 全量 SKU · 2026-07-09,published
DJ505816_1,US 床GSI-053Q休闲软包床含灯带插盘153*203 一件一箱 颜色米白泰迪绒+白铁,ALL,TIKTOK,D,T99,0.0000,0.0000,0.0000,0.00,0.00,0.00,25,0.8065,6 个月 · 全平台 · 全量 SKU · 2026-07-09,published
DJ505816_1,US 床GSI-053Q休闲软包床含灯带插盘153*203 一件一箱 颜色米白泰迪绒+白铁,ALL,WALMART,D,T99,0.0000,0.0000,0.0000,0.00,0.00,0.00,0,0.0000,6 个月 · 全平台 · 全量 SKU · 2026-07-09,published
DJ505816_2,US 床GSI-053Q休闲软包床含灯带插盘153*203 一件一箱 颜色黑色雪尼尔布+黑铁,ALL,AMAZON,D,T99,0.0000,0.0000,0.0000,0.00,0.00,0.00,28,0.9032,6 个月 · 全平台 · 全量 SKU · 2026-07-09,published
DJ505818_1,UK DC 软包气动床BQQ-05 HQ 616 灰色 一件两箱90*190,ALL,AMAZON,D,T99,0.0000,0.0000,0.0000,0.00,0.00,0.00,104,3.3548,6 个月 · 全平台 · 全量 SKU · 2026-07-09,published
DJ505818_2,UK DC 软包气动床BQQ-05 HQ 616 灰色 一件两箱135*190,ALL,AMAZON,D,T99,0.0000,0.0000,0.0000,0.00,0.00,0.00,72,2.3226,6 个月 · 全平台 · 全量 SKU · 2026-07-09,published
DJ505818_3,UK DC 软包气动床BQQ-05 HQ 616 灰色 一件两箱150*200,ALL,AMAZON,D,T99,0.0000,0.0000,0.0000,0.00,0.00,0.00,58,1.8710,6 个月 · 全平台 · 全量 SKU · 2026-07-09,published
DJ505825_1,US DC 铁木床 BCR-01 圆角软包翻门款- 2376G  白色  F 一件两箱,ALL,AMAZON,D,T4B,0.1786,0.0857,0.0857,5.54,2.66,2.66,35,1.1290,6 个月 · 全平台 · 全量 SKU · 2026-07-09,published
DJ505825_1,US DC 铁木床 BCR-01 圆角软包翻门款- 2376G  白色  F 一件两箱,ALL,WALMART,D,T99,0.0000,0.0000,0.0000,0.00,0.00,0.00,2,0.0645,6 个月 · 全平台 · 全量 SKU · 2026-07-09,published
DJ505825_2,US DC 铁木床 BCR-01 圆角软包翻门款- 2376G  白色 Q  一件两箱,ALL,AMAZON,C,T4B,0.1929,0.0926,0.0926,5.98,2.87,2.87,26,0.8387,6 个月 · 全平台 · 全量 SKU · 2026-07-09,published
DJ505826_1,US DC 铁木床 BCR-01 圆角软包翻门款- 2376G  黑色 F  一件两箱,ALL,AMAZON,D,T99,0.0000,0.0000,0.0000,0.00,0.00,0.00,9,0.2903,6 个月 · 全平台 · 全量 SKU · 2026-07-09,published
DJ505826_2,US DC 铁木床 BCR-01 圆角软包翻门款- 2376G  黑色 Q  一件两箱,ALL,AMAZON,D,T99,0.0000,0.0000,0.0000,0.00,0.00,0.00,11,0.3548,6 个月 · 全平台 · 全量 SKU · 2026-07-09,published
DJ505826_2,US DC 铁木床 BCR-01 圆角软包翻门款- 2376G  黑色 Q  一件两箱,ALL,WALMART,D,T99,0.0000,0.0000,0.0000,0.00,0.00,0.00,1,0.0323,6 个月 · 全平台 · 全量 SKU · 2026-07-09,published
DJ505844_2,US UA BD-WD 带屋顶T尺寸儿童床 一件一箱  颜色->白色,ALL,AMAZON,C,T4B,0.4286,0.2057,0.2057,13.29,6.38,6.38,27,0.8710,6 个月 · 全平台 · 全量 SKU · 2026-07-09,published
DJ505844_3,US UA BD-WD 带屋顶T尺寸儿童床 一件一箱  颜色->黑色,ALL,AMAZON,C,T4B,0.5214,0.2503,0.2503,16.16,7.76,7.76,72,2.3226,6 个月 · 全平台 · 全量 SKU · 2026-07-09,published
DJ505844_3,US UA BD-WD 带屋顶T尺寸儿童床 一件一箱  颜色->黑色,ALL,UNKNOWN,C,T99,0.0000,0.0000,0.0000,0.00,0.00,0.00,2,0.0645,6 个月 · 全平台 · 全量 SKU · 2026-07-09,published
DJ505844_3,US UA BD-WD 带屋顶T尺寸儿童床 一件一箱  颜色->黑色,ALL,WALMART,C,T99,0.0000,0.0000,0.0000,0.00,0.00,0.00,4,0.1290,6 个月 · 全平台 · 全量 SKU · 2026-07-09,published
DJ505845_2,"US ER BF-TM05 美国6抽儿童床造型款一件一箱 颜色->#3,粉色",ALL,AMAZON,C,T4B,0.2643,0.1269,0.1269,8.19,3.93,3.93,38,1.2258,6 个月 · 全平台 · 全量 SKU · 2026-07-09,published
DJ505845_2,"US ER BF-TM05 美国6抽儿童床造型款一件一箱 颜色->#3,粉色",ALL,UNKNOWN,C,T99,0.0000,0.0000,0.0000,0.00,0.00,0.00,9,0.2903,6 个月 · 全平台 · 全量 SKU · 2026-07-09,published
DJ505846_1,US YSY-FB12 T尺寸8抽双窗上床下地板床带灯带斜梯带脚垫 一件一箱 颜色->黑色,ALL,AMAZON,D,T99,0.0000,0.0000,0.0000,0.00,0.00,0.00,135,4.3548,6 个月 · 全平台 · 全量 SKU · 2026-07-09,published
DJ505846_2,US YSY-FB12 T尺寸8抽双窗上床下地板床带灯带斜梯带脚垫 一件一箱 颜色->白色,ALL,AMAZON,D,T99,0.0000,0.0000,0.0000,0.00,0.00,0.00,44,1.4194,6 个月 · 全平台 · 全量 SKU · 2026-07-09,published
DJ505846_3,US YSY-FB12 T尺寸8抽双窗上床下地板床带灯带斜梯带脚垫 一件一箱 颜色->粉色,ALL,AMAZON,D,T99,0.0000,0.0000,0.0000,0.00,0.00,0.00,48,1.5484,6 个月 · 全平台 · 全量 SKU · 2026-07-09,published
DJ505848_1,US YSY-696款 T尺寸上下铺4抽长桌面带灯带插排 一件两箱 颜色->黑色,ALL,AMAZON,C,T4B,0.7000,0.3360,0.3360,21.70,10.42,10.42,92,2.9677,6 个月 · 全平台 · 全量 SKU · 2026-07-09,published
DJ505848_1,US YSY-696款 T尺寸上下铺4抽长桌面带灯带插排 一件两箱 颜色->黑色,ALL,WALMART,C,T99,0.0000,0.0000,0.0000,0.00,0.00,0.00,16,0.5161,6 个月 · 全平台 · 全量 SKU · 2026-07-09,published
DJ505848_2,US YSY-696款 T尺寸上下铺4抽长桌面带灯带插排 一件两箱 颜色->白色,ALL,AMAZON,C,T4B,0.3357,0.1611,0.1611,10.41,4.99,4.99,35,1.1290,6 个月 · 全平台 · 全量 SKU · 2026-07-09,published
DJ505848_2,US YSY-696款 T尺寸上下铺4抽长桌面带灯带插排 一件两箱 颜色->白色,ALL,WALMART,C,T99,0.0000,0.0000,0.0000,0.00,0.00,0.00,6,0.1935,6 个月 · 全平台 · 全量 SKU · 2026-07-09,published
DJ505849_1,US UA BF-ETC01梯柜半高床七抽五格带灯带T尺寸 一件一箱 颜色->白色,ALL,AMAZON,D,T99,0.0000,0.0000,0.0000,0.00,0.00,0.00,54,1.7419,6 个月 · 全平台 · 全量 SKU · 2026-07-09,published
DJ505850_1,"US UA DK-SJ06 双错层板式升降电脑桌 一件两箱 颜色->#1,白色+胡桃色",ALL,AMAZON,D,T99,0.0000,0.0000,0.0000,0.00,0.00,0.00,46,1.4839,6 个月 · 全平台 · 全量 SKU · 2026-07-09,published
DJ505851_1,"US UA DK-SJ07 移动柜板式升降电脑桌 一件两箱 颜色->#1,黑色+胡桃色",ALL,AMAZON,D,T99,0.0000,0.0000,0.0000,0.00,0.00,0.00,53,1.7097,6 个月 · 全平台 · 全量 SKU · 2026-07-09,published
DJ505852_1,US RL-R170款上T下F上下铺4抽长桌面带灯带排插 一件两箱 颜色->黑色,ALL,AMAZON,C,T4B,0.3857,0.1851,0.1851,11.96,5.74,5.74,28,0.9032,6 个月 · 全平台 · 全量 SKU · 2026-07-09,published
DJ505852_1,US RL-R170款上T下F上下铺4抽长桌面带灯带排插 一件两箱 颜色->黑色,ALL,WALMART,C,T99,0.0000,0.0000,0.0000,0.00,0.00,0.00,5,0.1613,6 个月 · 全平台 · 全量 SKU · 2026-07-09,published
DJ505852_2,US RL-R170款上T下F上下铺4抽长桌面带灯带排插 一件两箱 颜色->白色,ALL,AMAZON,D,T4B,0.2786,0.1337,0.1337,8.64,4.14,4.14,35,1.1290,6 个月 · 全平台 · 全量 SKU · 2026-07-09,published
DJ505852_2,US RL-R170款上T下F上下铺4抽长桌面带灯带排插 一件两箱 颜色->白色,ALL,TIKTOK,D,T99,0.0000,0.0000,0.0000,0.00,0.00,0.00,2,0.0645,6 个月 · 全平台 · 全量 SKU · 2026-07-09,published
DJ505853_1,US RL-R170款上T下T上下铺4抽长桌面带灯带排插 一件两箱 颜色->黑色,ALL,AMAZON,C,T4B,0.1643,0.0789,0.0789,5.09,2.45,2.45,20,0.6452,6 个月 · 全平台 · 全量 SKU · 2026-07-09,published
DJ505853_1,US RL-R170款上T下T上下铺4抽长桌面带灯带排插 一件两箱 颜色->黑色,ALL,TIKTOK,C,T99,0.0000,0.0000,0.0000,0.00,0.00,0.00,2,0.0645,6 个月 · 全平台 · 全量 SKU · 2026-07-09,published
DJ505853_3,US RL-R170款上T下T上下铺4抽长桌面带灯带排插 一件两箱 颜色->火烧云,ALL,AMAZON,D,T99,0.0000,0.0000,0.0000,0.00,0.00,0.00,7,0.2258,6 个月 · 全平台 · 全量 SKU · 2026-07-09,published
DJ505853_3,US RL-R170款上T下T上下铺4抽长桌面带灯带排插 一件两箱 颜色->火烧云,ALL,TIKTOK,D,T99,0.0000,0.0000,0.0000,0.00,0.00,0.00,0,0.0000,6 个月 · 全平台 · 全量 SKU · 2026-07-09,published
DJ505854_1,"US BJS-103F带拖床和布抽软包床含插盘灯带137*190一件两箱 颜色,白铁+米白绒布",ALL,AMAZON,D,T99,0.0000,0.0000,0.0000,0.00,0.00,0.00,65,2.0968,6 个月 · 全平台 · 全量 SKU · 2026-07-09,published
DJ505854_2,"US BJS-103F带拖床和布抽软包床含插盘灯带137*190一件两箱 颜色,黑铁+黑色绒布",ALL,AMAZON,D,T99,0.0000,0.0000,0.0000,0.00,0.00,0.00,53,1.7097,6 个月 · 全平台 · 全量 SKU · 2026-07-09,published
DJ505854_2,"US BJS-103F带拖床和布抽软包床含插盘灯带137*190一件两箱 颜色,黑铁+黑色绒布",ALL,TIKTOK,D,T99,0.0000,0.0000,0.0000,0.00,0.00,0.00,0,0.0000,6 个月 · 全平台 · 全量 SKU · 2026-07-09,published
DJ505857_1,"US BJS-103Q带拖床和布抽软包床含插盘灯带153*203一件两箱 颜色,白铁+米白绒布",ALL,AMAZON,D,T99,0.0000,0.0000,0.0000,0.00,0.00,0.00,24,0.7742,6 个月 · 全平台 · 全量 SKU · 2026-07-09,published
DJ505857_1,"US BJS-103Q带拖床和布抽软包床含插盘灯带153*203一件两箱 颜色,白铁+米白绒布",ALL,TIKTOK,D,T99,0.0000,0.0000,0.0000,0.00,0.00,0.00,1,0.0323,6 个月 · 全平台 · 全量 SKU · 2026-07-09,published
DJ505858_1,"USAE XF-VT15 可移动柜8抽梳妆台 一件一箱 颜色->#1,黑色麻面",ALL,AMAZON,D,T99,0.0000,0.0000,0.0000,0.00,0.00,0.00,22,0.7097,6 个月 · 全平台 · 全量 SKU · 2026-07-09,published
DJ505858_2,"USAE XF-VT15 可移动柜8抽梳妆台 一件一箱 颜色->#2,白色麻面",ALL,AMAZON,D,T99,0.0000,0.0000,0.0000,0.00,0.00,0.00,12,0.3871,6 个月 · 全平台 · 全量 SKU · 2026-07-09,published
DJ505859_1,US RL-174TF款上T下F带拖床和布抽双层床含灯带一件两箱 颜色黑铁,ALL,AMAZON,D,T99,0.0000,0.0000,0.0000,0.00,0.00,0.00,43,1.3871,6 个月 · 全平台 · 全量 SKU · 2026-07-09,published
DJ505859_1,US RL-174TF款上T下F带拖床和布抽双层床含灯带一件两箱 颜色黑铁,ALL,WALMART,D,T99,0.0000,0.0000,0.0000,0.00,0.00,0.00,6,0.1935,6 个月 · 全平台 · 全量 SKU · 2026-07-09,published
DJ505859_2,US RL-174TF款上T下F带拖床和布抽双层床含灯带一件两箱 颜色白铁,ALL,AMAZON,D,T99,0.0000,0.0000,0.0000,0.00,0.00,0.00,20,0.6452,6 个月 · 全平台 · 全量 SKU · 2026-07-09,published
DJ505860_1,US DC 高架床 LBOS-01 L型桌+六抽屉  一件一箱 颜色 黑色,ALL,AMAZON,D,T99,0.0000,0.0000,0.0000,0.00,0.00,0.00,51,1.6452,6 个月 · 全平台 · 全量 SKU · 2026-07-09,published
DJ505860_1,US DC 高架床 LBOS-01 L型桌+六抽屉  一件一箱 颜色 黑色,ALL,WALMART,D,T99,0.0000,0.0000,0.0000,0.00,0.00,0.00,46,1.4839,6 个月 · 全平台 · 全量 SKU · 2026-07-09,published
DJ505860_2,US DC 高架床 LBOS-01 L型桌+六抽屉  一件一箱 颜色 白色,ALL,AMAZON,D,T99,0.0000,0.0000,0.0000,0.00,0.00,0.00,77,2.4839,6 个月 · 全平台 · 全量 SKU · 2026-07-09,published
DJ505860_2,US DC 高架床 LBOS-01 L型桌+六抽屉  一件一箱 颜色 白色,ALL,WALMART,D,T99,0.0000,0.0000,0.0000,0.00,0.00,0.00,18,0.5806,6 个月 · 全平台 · 全量 SKU · 2026-07-09,published
DJ505861_1,US TA Fluted三角形咖啡桌 一件一箱 颜色->7625手抓纹,ALL,AMAZON,D,T99,0.0000,0.0000,0.0000,0.00,0.00,0.00,5,0.1613,6 个月 · 全平台 · 全量 SKU · 2026-07-09,published
DJ505861_1,US TA Fluted三角形咖啡桌 一件一箱 颜色->7625手抓纹,ALL,TEMU,D,T99,0.0000,0.0000,0.0000,0.00,0.00,0.00,0,0.0000,6 个月 · 全平台 · 全量 SKU · 2026-07-09,published
DJ505861_1,US TA Fluted三角形咖啡桌 一件一箱 颜色->7625手抓纹,ALL,WALMART,D,T99,0.0000,0.0000,0.0000,0.00,0.00,0.00,0,0.0000,6 个月 · 全平台 · 全量 SKU · 2026-07-09,published
DJ505861_2,US TA Fluted三角形咖啡桌 一件一箱 颜色->淡雅胡桃,ALL,AMAZON,D,T99,0.0000,0.0000,0.0000,0.00,0.00,0.00,10,0.3226,6 个月 · 全平台 · 全量 SKU · 2026-07-09,published
DJ505861_2,US TA Fluted三角形咖啡桌 一件一箱 颜色->淡雅胡桃,ALL,TEMU,D,T99,0.0000,0.0000,0.0000,0.00,0.00,0.00,0,0.0000,6 个月 · 全平台 · 全量 SKU · 2026-07-09,published
DJ505861_3,US TA Fluted三角形咖啡桌 一件一箱 颜色->黑色,ALL,AMAZON,D,T99,0.0000,0.0000,0.0000,0.00,0.00,0.00,4,0.1290,6 个月 · 全平台 · 全量 SKU · 2026-07-09,published
DJ505861_3,US TA Fluted三角形咖啡桌 一件一箱 颜色->黑色,ALL,TEMU,D,T99,0.0000,0.0000,0.0000,0.00,0.00,0.00,0,0.0000,6 个月 · 全平台 · 全量 SKU · 2026-07-09,published
DJ505861_3,US TA Fluted三角形咖啡桌 一件一箱 颜色->黑色,ALL,UNKNOWN,D,T99,0.0000,0.0000,0.0000,0.00,0.00,0.00,1,0.0323,6 个月 · 全平台 · 全量 SKU · 2026-07-09,published
DJ505865_1,"US RL-928T 软包床头储物树屋单人床+书桌 99*190 一件一箱 颜色->#1,黑色",ALL,AMAZON,D,T99,0.0000,0.0000,0.0000,0.00,0.00,0.00,12,0.3871,6 个月 · 全平台 · 全量 SKU · 2026-07-09,published
DJ505865_2,"US RL-928T 软包床头储物树屋单人床+书桌 99*190 一件一箱 颜色->#2,白色",ALL,AMAZON,D,T99,0.0000,0.0000,0.0000,0.00,0.00,0.00,25,0.8065,6 个月 · 全平台 · 全量 SKU · 2026-07-09,published
DJ505866_1,"US RL-928F 软包床头储物树屋单人床+书桌 137*190 一件一箱 颜色->#2,黑色",ALL,AMAZON,D,T99,0.0000,0.0000,0.0000,0.00,0.00,0.00,14,0.4516,6 个月 · 全平台 · 全量 SKU · 2026-07-09,published
DJ505866_1,"US RL-928F 软包床头储物树屋单人床+书桌 137*190 一件一箱 颜色->#2,黑色",ALL,WALMART,D,T99,0.0000,0.0000,0.0000,0.00,0.00,0.00,0,0.0000,6 个月 · 全平台 · 全量 SKU · 2026-07-09,published
DJ505866_2,"US RL-928F 软包床头储物树屋单人床+书桌 137*190 一件一箱 颜色->#1,白色",ALL,AMAZON,D,T99,0.0000,0.0000,0.0000,0.00,0.00,0.00,16,0.5161,6 个月 · 全平台 · 全量 SKU · 2026-07-09,published
DJ505866_2,"US RL-928F 软包床头储物树屋单人床+书桌 137*190 一件一箱 颜色->#1,白色",ALL,WALMART,D,T99,0.0000,0.0000,0.0000,0.00,0.00,0.00,0,0.0000,6 个月 · 全平台 · 全量 SKU · 2026-07-09,published
DJ505867_1,"US RL-929F 布抽储物树屋床+T拖床 137*190 一件一箱 颜色->#1,黑色",ALL,AMAZON,D,T99,0.0000,0.0000,0.0000,0.00,0.00,0.00,8,0.2581,6 个月 · 全平台 · 全量 SKU · 2026-07-09,published
DJ505867_2,US RL-929F 布抽储物树屋床+T拖床 137*190 一件一箱 颜色->#2 白色,ALL,AMAZON,D,T99,0.0000,0.0000,0.0000,0.00,0.00,0.00,0,0.0000,6 个月 · 全平台 · 全量 SKU · 2026-07-09,published
DJ505868_1,US 床GSI-092TTT款带步梯和拖床的双层床含灯带99*190 一件两箱 颜色黑铁+黑山纹板,ALL,AMAZON,D,T99,0.0000,0.0000,0.0000,0.00,0.00,0.00,50,1.6129,6 个月 · 全平台 · 全量 SKU · 2026-07-09,published
DJ505868_1,US 床GSI-092TTT款带步梯和拖床的双层床含灯带99*190 一件两箱 颜色黑铁+黑山纹板,ALL,WALMART,D,T99,0.0000,0.0000,0.0000,0.00,0.00,0.00,2,0.0645,6 个月 · 全平台 · 全量 SKU · 2026-07-09,published
DJ505868_2,US 床GSI-092TTT款带步梯和拖床的双层床含灯带99*190 一件两箱 颜色白铁+白山纹板,ALL,AMAZON,D,T99,0.0000,0.0000,0.0000,0.00,0.00,0.00,35,1.1290,6 个月 · 全平台 · 全量 SKU · 2026-07-09,published
DJ505868_2,US 床GSI-092TTT款带步梯和拖床的双层床含灯带99*190 一件两箱 颜色白铁+白山纹板,ALL,WALMART,D,T99,0.0000,0.0000,0.0000,0.00,0.00,0.00,1,0.0323,6 个月 · 全平台 · 全量 SKU · 2026-07-09,published
DJ505870_1,US SD L桌四抽两柜门现代升降桌 一件两箱 颜色->棕+白,ALL,AMAZON,D,T99,0.0000,0.0000,0.0000,0.00,0.00,0.00,25,0.8065,6 个月 · 全平台 · 全量 SKU · 2026-07-09,published
DJ505871_1,"US UA DK-SJ09 1.8米现代行政升降电脑桌 一件两箱 颜色->#1,黑色+胡桃色",ALL,AMAZON,D,T99,0.0000,0.0000,0.0000,0.00,0.00,0.00,52,1.6774,6 个月 · 全平台 · 全量 SKU · 2026-07-09,published
DJ505872_1,"US UA DK-SJ08 1.6米农舍行政升降电脑桌 一件两箱 颜色->#1,白色+胡桃色",ALL,AMAZON,D,T99,0.0000,0.0000,0.0000,0.00,0.00,0.00,15,0.4839,6 个月 · 全平台 · 全量 SKU · 2026-07-09,published
DJ505874_1,"US ER BF-TM06 美国5抽儿童床带层架 一件一箱 颜色->#1,黑色",ALL,AMAZON,D,T99,0.0000,0.0000,0.0000,0.00,0.00,0.00,4,0.1290,6 个月 · 全平台 · 全量 SKU · 2026-07-09,published
DJ505874_2,"US ER BF-TM06 美国5抽儿童床带层架 一件一箱 颜色->#2,白色",ALL,AMAZON,D,T99,0.0000,0.0000,0.0000,0.00,0.00,0.00,3,0.0968,6 个月 · 全平台 · 全量 SKU · 2026-07-09,published
DJ505874_2,"US ER BF-TM06 美国5抽儿童床带层架 一件一箱 颜色->#2,白色",ALL,WALMART,D,T99,0.0000,0.0000,0.0000,0.00,0.00,0.00,1,0.0323,6 个月 · 全平台 · 全量 SKU · 2026-07-09,published
DJ505874_3,"US ER BF-TM06 美国5抽儿童床带层架 一件一箱 颜色->#3,粉色",ALL,AMAZON,D,T99,0.0000,0.0000,0.0000,0.00,0.00,0.00,3,0.0968,6 个月 · 全平台 · 全量 SKU · 2026-07-09,published
DJ505874_3,"US ER BF-TM06 美国5抽儿童床带层架 一件一箱 颜色->#3,粉色",ALL,UNKNOWN,D,T99,0.0000,0.0000,0.0000,0.00,0.00,0.00,3,0.0968,6 个月 · 全平台 · 全量 SKU · 2026-07-09,published
DJ505877_1,"USHA XF-KB01 三列玩具篮儿童绘本架书架双人座椅 一件一箱 颜色->#1,白色麻面",ALL,AMAZON,D,T99,0.0000,0.0000,0.0000,0.00,0.00,0.00,13,0.4194,6 个月 · 全平台 · 全量 SKU · 2026-07-09,published
DJ505877_2,"USHA XF-KB01 三列玩具篮儿童绘本架书架双人座椅 一件一箱 颜色->#2,原木橡木色",ALL,AMAZON,D,T99,0.0000,0.0000,0.0000,0.00,0.00,0.00,30,0.9677,6 个月 · 全平台 · 全量 SKU · 2026-07-09,published
DJ505878_1,"USHA XF-KB02 双列玩具篮儿童绘本架书架双人位座椅 一件一箱 颜色->#1,白色麻面",ALL,AMAZON,D,T99,0.0000,0.0000,0.0000,0.00,0.00,0.00,7,0.2258,6 个月 · 全平台 · 全量 SKU · 2026-07-09,published
DJ505878_2,"USHA XF-KB02 双列玩具篮儿童绘本架书架双人位座椅 一件一箱 颜色->#2,绿色麻面",ALL,AMAZON,D,T99,0.0000,0.0000,0.0000,0.00,0.00,0.00,6,0.1935,6 个月 · 全平台 · 全量 SKU · 2026-07-09,published
DJ505879_1,US 吸塑竖条升降可直排L桌 一件两箱 颜色->261833-14咖啡胡桃零度,ALL,AMAZON,C,T4B,1.3786,0.6617,0.6617,42.74,20.51,20.51,74,2.3871,6 个月 · 全平台 · 全量 SKU · 2026-07-09,published
DJ505879_1,US 吸塑竖条升降可直排L桌 一件两箱 颜色->261833-14咖啡胡桃零度,ALL,TEMU,C,T99,0.0000,0.0000,0.0000,0.00,0.00,0.00,0,0.0000,6 个月 · 全平台 · 全量 SKU · 2026-07-09,published
DJ505879_1,US 吸塑竖条升降可直排L桌 一件两箱 颜色->261833-14咖啡胡桃零度,ALL,UNKNOWN,C,T99,0.0000,0.0000,0.0000,0.00,0.00,0.00,0,0.0000,6 个月 · 全平台 · 全量 SKU · 2026-07-09,published
DJ505879_1,US 吸塑竖条升降可直排L桌 一件两箱 颜色->261833-14咖啡胡桃零度,ALL,WALMART,C,T99,0.0000,0.0000,0.0000,0.00,0.00,0.00,0,0.0000,6 个月 · 全平台 · 全量 SKU · 2026-07-09,published
DJ505879_2,US 吸塑竖条升降可直排L桌 一件两箱 颜色->黑麻,ALL,AMAZON,C,T4B,1.0500,0.5040,0.5040,32.55,15.62,15.62,79,2.5484,6 个月 · 全平台 · 全量 SKU · 2026-07-09,published
DJ505879_2,US 吸塑竖条升降可直排L桌 一件两箱 颜色->黑麻,ALL,TEMU,C,T99,0.0000,0.0000,0.0000,0.00,0.00,0.00,0,0.0000,6 个月 · 全平台 · 全量 SKU · 2026-07-09,published
DJ505879_2,US 吸塑竖条升降可直排L桌 一件两箱 颜色->黑麻,ALL,WALMART,C,T99,0.0000,0.0000,0.0000,0.00,0.00,0.00,0,0.0000,6 个月 · 全平台 · 全量 SKU · 2026-07-09,published
DJ505879_3,US 吸塑竖条升降可直排L桌 一件两箱 颜色->原木色,ALL,AMAZON,C,T4B,0.9071,0.4354,0.4354,28.12,13.50,13.50,89,2.8710,6 个月 · 全平台 · 全量 SKU · 2026-07-09,published
DJ505879_3,US 吸塑竖条升降可直排L桌 一件两箱 颜色->原木色,ALL,TEMU,C,T99,0.0000,0.0000,0.0000,0.00,0.00,0.00,0,0.0000,6 个月 · 全平台 · 全量 SKU · 2026-07-09,published
DJ505879_3,US 吸塑竖条升降可直排L桌 一件两箱 颜色->原木色,ALL,UNKNOWN,C,T99,0.0000,0.0000,0.0000,0.00,0.00,0.00,0,0.0000,6 个月 · 全平台 · 全量 SKU · 2026-07-09,published
DJ505880_1,US YSY-FB13 上T下T尺寸14抽错位上下铺带灯带 一件两箱 颜色->黑色,ALL,AMAZON,D,T99,0.0000,0.0000,0.0000,0.00,0.00,0.00,11,0.3548,6 个月 · 全平台 · 全量 SKU · 2026-07-09,published
DJ505880_2,US YSY-FB13 上T下T尺寸14抽错位上下铺带灯带 一件两箱 颜色->白色,ALL,AMAZON,D,T99,0.0000,0.0000,0.0000,0.00,0.00,0.00,10,0.3226,6 个月 · 全平台 · 全量 SKU · 2026-07-09,published
DJ505880_3,US YSY-FB13 上T下T尺寸14抽错位上下铺带灯带 一件两箱 颜色->火烧云,ALL,AMAZON,D,T99,0.0000,0.0000,0.0000,0.00,0.00,0.00,5,0.1613,6 个月 · 全平台 · 全量 SKU · 2026-07-09,published
DJ505881_1,US YSY-FB14 T尺寸14抽双窗低阁楼床带灯带斜梯带脚垫 一件一箱 颜色->黑色,ALL,AMAZON,D,T99,0.0000,0.0000,0.0000,0.00,0.00,0.00,51,1.6452,6 个月 · 全平台 · 全量 SKU · 2026-07-09,published
DJ505881_2,US YSY-FB14 T尺寸14抽双窗低阁楼床带灯带斜梯带脚垫 一件一箱 颜色->白色,ALL,AMAZON,D,T99,0.0000,0.0000,0.0000,0.00,0.00,0.00,46,1.4839,6 个月 · 全平台 · 全量 SKU · 2026-07-09,published
DJ505881_3,US YSY-FB14 T尺寸14抽双窗低阁楼床带灯带斜梯带脚垫 一件一箱 颜色->粉色,ALL,AMAZON,D,T99,0.0000,0.0000,0.0000,0.00,0.00,0.00,49,1.5806,6 个月 · 全平台 · 全量 SKU · 2026-07-09,published
DJ505882_1,"USHA MFL-NT32 玻璃悬浮顶3抽波浪板床头柜 7彩流光氛围灯 一件一箱 颜色->#1,黑色麻面",ALL,AMAZON,D,T99,0.0000,0.0000,0.0000,0.00,0.00,0.00,20,0.6452,6 个月 · 全平台 · 全量 SKU · 2026-07-09,published
DJ505882_2,"USHA MFL-NT32 玻璃悬浮顶3抽波浪板床头柜 7彩流光氛围灯 一件一箱 颜色->#2,原木橡木色麻面",ALL,AMAZON,D,T99,0.0000,0.0000,0.0000,0.00,0.00,0.00,13,0.4194,6 个月 · 全平台 · 全量 SKU · 2026-07-09,published
DJ505884_1,"USAE XF-VT16 小款加宽三抽圆弧波浪梳妆台 带凳子 一件一箱 颜色->#1,白色麻面",ALL,AMAZON,D,T99,0.0000,0.0000,0.0000,0.00,0.00,0.00,13,0.4194,6 个月 · 全平台 · 全量 SKU · 2026-07-09,published
DJ505884_2,"USAE XF-VT16 小款加宽三抽圆弧波浪梳妆台 带凳子 一件一箱 颜色->#2,黑色麻面",ALL,AMAZON,D,T99,0.0000,0.0000,0.0000,0.00,0.00,0.00,5,0.1613,6 个月 · 全平台 · 全量 SKU · 2026-07-09,published
DJ505884_3,"USAE XF-VT16 小款加宽三抽圆弧波浪梳妆台 带凳子 一件一箱 颜色->#3,原木橡木色浮雕",ALL,AMAZON,D,T99,0.0000,0.0000,0.0000,0.00,0.00,0.00,17,0.5484,6 个月 · 全平台 · 全量 SKU · 2026-07-09,published
DJ505885_1,US SD 2.5米美式双人升降桌 一件两箱 颜色->棕+白,ALL,AMAZON,D,T4B,0.5643,0.2709,0.2709,17.49,8.40,8.40,84,2.7097,6 个月 · 全平台 · 全量 SKU · 2026-07-09,published
DJ505885_1,US SD 2.5米美式双人升降桌 一件两箱 颜色->棕+白,ALL,TEMU,D,T99,0.0000,0.0000,0.0000,0.00,0.00,0.00,5,0.1613,6 个月 · 全平台 · 全量 SKU · 2026-07-09,published
DJ505885_1,US SD 2.5米美式双人升降桌 一件两箱 颜色->棕+白,ALL,UNKNOWN,D,T99,0.0000,0.0000,0.0000,0.00,0.00,0.00,0,0.0000,6 个月 · 全平台 · 全量 SKU · 2026-07-09,published
DJ505885_1,US SD 2.5米美式双人升降桌 一件两箱 颜色->棕+白,ALL,WALMART,D,T99,0.0000,0.0000,0.0000,0.00,0.00,0.00,8,0.2581,6 个月 · 全平台 · 全量 SKU · 2026-07-09,published
DJ505885_2,US SD 2.5米美式双人升降桌 一件两箱 颜色->棕+黑,ALL,AMAZON,C,T4B,0.4071,0.1954,0.1954,12.62,6.06,6.06,72,2.3226,6 个月 · 全平台 · 全量 SKU · 2026-07-09,published
DJ505885_2,US SD 2.5米美式双人升降桌 一件两箱 颜色->棕+黑,ALL,TEMU,C,T99,0.0000,0.0000,0.0000,0.00,0.00,0.00,6,0.1935,6 个月 · 全平台 · 全量 SKU · 2026-07-09,published
DJ505885_2,US SD 2.5米美式双人升降桌 一件两箱 颜色->棕+黑,ALL,UNKNOWN,C,T99,0.0000,0.0000,0.0000,0.00,0.00,0.00,0,0.0000,6 个月 · 全平台 · 全量 SKU · 2026-07-09,published
DJ505885_2,US SD 2.5米美式双人升降桌 一件两箱 颜色->棕+黑,ALL,WALMART,C,T99,0.0000,0.0000,0.0000,0.00,0.00,0.00,9,0.2903,6 个月 · 全平台 · 全量 SKU · 2026-07-09,published
DJ505885_3,US SD 2.5米美式双人升降桌 一件两箱 颜色->棕色,ALL,AMAZON,D,T4B,0.2786,0.1337,0.1337,8.64,4.14,4.14,40,1.2903,6 个月 · 全平台 · 全量 SKU · 2026-07-09,published
DJ505885_3,US SD 2.5米美式双人升降桌 一件两箱 颜色->棕色,ALL,TEMU,D,T99,0.0000,0.0000,0.0000,0.00,0.00,0.00,1,0.0323,6 个月 · 全平台 · 全量 SKU · 2026-07-09,published
DJ505885_3,US SD 2.5米美式双人升降桌 一件两箱 颜色->棕色,ALL,WALMART,D,T99,0.0000,0.0000,0.0000,0.00,0.00,0.00,5,0.1613,6 个月 · 全平台 · 全量 SKU · 2026-07-09,published
DJ505886_1,US SD 2.4米四抽双人升降桌  一件两箱 颜色->棕+白,ALL,AMAZON,D,T99,0.0000,0.0000,0.0000,0.00,0.00,0.00,42,1.3548,6 个月 · 全平台 · 全量 SKU · 2026-07-09,published
DJ505886_1,US SD 2.4米四抽双人升降桌  一件两箱 颜色->棕+白,ALL,WALMART,D,T99,0.0000,0.0000,0.0000,0.00,0.00,0.00,4,0.1290,6 个月 · 全平台 · 全量 SKU · 2026-07-09,published
DJ505886_2,US SD 2.4米四抽双人升降桌  一件两箱 颜色->顶棕+抽棕侧黑,ALL,AMAZON,D,T99,0.0000,0.0000,0.0000,0.00,0.00,0.00,40,1.2903,6 个月 · 全平台 · 全量 SKU · 2026-07-09,published
DJ505886_2,US SD 2.4米四抽双人升降桌  一件两箱 颜色->顶棕+抽棕侧黑,ALL,TEMU,D,T99,0.0000,0.0000,0.0000,0.00,0.00,0.00,0,0.0000,6 个月 · 全平台 · 全量 SKU · 2026-07-09,published
DJ505886_2,US SD 2.4米四抽双人升降桌  一件两箱 颜色->顶棕+抽棕侧黑,ALL,UNKNOWN,D,T99,0.0000,0.0000,0.0000,0.00,0.00,0.00,2,0.0645,6 个月 · 全平台 · 全量 SKU · 2026-07-09,published
DJ505886_2,US SD 2.4米四抽双人升降桌  一件两箱 颜色->顶棕+抽棕侧黑,ALL,WALMART,D,T99,0.0000,0.0000,0.0000,0.00,0.00,0.00,2,0.0645,6 个月 · 全平台 · 全量 SKU · 2026-07-09,published
DJ505886_3,US SD 2.4米四抽双人升降桌  一件两箱 颜色->棕,ALL,AMAZON,D,T99,0.0000,0.0000,0.0000,0.00,0.00,0.00,20,0.6452,6 个月 · 全平台 · 全量 SKU · 2026-07-09,published
DJ505886_3,US SD 2.4米四抽双人升降桌  一件两箱 颜色->棕,ALL,WALMART,D,T99,0.0000,0.0000,0.0000,0.00,0.00,0.00,5,0.1613,6 个月 · 全平台 · 全量 SKU · 2026-07-09,published
DJ505890_1,US 床GSI-166T带储物柜上床下桌床含灯带插盘99*190一件两箱 颜色黑铁+火烧云板,ALL,AMAZON,D,T99,0.0000,0.0000,0.0000,0.00,0.00,0.00,33,1.0645,6 个月 · 全平台 · 全量 SKU · 2026-07-09,published
DJ505891_1,US 床GSI-166F带储物柜上床下桌床含灯带插盘137*190 一件两箱 颜色黑铁+火烧云板,ALL,AMAZON,C,T99,0.0000,0.0000,0.0000,0.00,0.00,0.00,58,1.8710,6 个月 · 全平台 · 全量 SKU · 2026-07-09,published
DJ505891_3,US 床GSI-166F带储物柜上床下桌床含灯带插盘137*190 一件两箱 颜色黑铁+黑碳纤维板,ALL,AMAZON,D,T99,0.0000,0.0000,0.0000,0.00,0.00,0.00,70,2.2581,6 个月 · 全平台 · 全量 SKU · 2026-07-09,published
DJ505892_1,US SD 1.6米现代风单人升降桌带文件柜  一件两箱 颜色->棕+白,ALL,AMAZON,D,T99,0.0000,0.0000,0.0000,0.00,0.00,0.00,50,1.6129,6 个月 · 全平台 · 全量 SKU · 2026-07-09,published
DJ505892_1,US SD 1.6米现代风单人升降桌带文件柜  一件两箱 颜色->棕+白,ALL,TEMU,D,T99,0.0000,0.0000,0.0000,0.00,0.00,0.00,2,0.0645,6 个月 · 全平台 · 全量 SKU · 2026-07-09,published
DJ505892_1,US SD 1.6米现代风单人升降桌带文件柜  一件两箱 颜色->棕+白,ALL,UNKNOWN,D,T99,0.0000,0.0000,0.0000,0.00,0.00,0.00,17,0.5484,6 个月 · 全平台 · 全量 SKU · 2026-07-09,published
DJ505892_1,US SD 1.6米现代风单人升降桌带文件柜  一件两箱 颜色->棕+白,ALL,WALMART,D,T99,0.0000,0.0000,0.0000,0.00,0.00,0.00,4,0.1290,6 个月 · 全平台 · 全量 SKU · 2026-07-09,published
DJ505892_2,US SD 1.6米现代风单人升降桌带文件柜  一件两箱 颜色->棕+黑,ALL,AMAZON,D,T99,0.0000,0.0000,0.0000,0.00,0.00,0.00,104,3.3548,6 个月 · 全平台 · 全量 SKU · 2026-07-09,published
DJ505892_2,US SD 1.6米现代风单人升降桌带文件柜  一件两箱 颜色->棕+黑,ALL,TEMU,D,T99,0.0000,0.0000,0.0000,0.00,0.00,0.00,2,0.0645,6 个月 · 全平台 · 全量 SKU · 2026-07-09,published
DJ505892_2,US SD 1.6米现代风单人升降桌带文件柜  一件两箱 颜色->棕+黑,ALL,UNKNOWN,D,T99,0.0000,0.0000,0.0000,0.00,0.00,0.00,9,0.2903,6 个月 · 全平台 · 全量 SKU · 2026-07-09,published
DJ505892_2,US SD 1.6米现代风单人升降桌带文件柜  一件两箱 颜色->棕+黑,ALL,WALMART,D,T99,0.0000,0.0000,0.0000,0.00,0.00,0.00,5,0.1613,6 个月 · 全平台 · 全量 SKU · 2026-07-09,published
DJ505893_1,US SD 1.6米单人升降桌带竖条文件柜  一件两箱 颜色->橡木黄,ALL,AMAZON,D,T99,0.0000,0.0000,0.0000,0.00,0.00,0.00,80,2.5806,6 个月 · 全平台 · 全量 SKU · 2026-07-09,published
DJ505893_1,US SD 1.6米单人升降桌带竖条文件柜  一件两箱 颜色->橡木黄,ALL,UNKNOWN,D,T99,0.0000,0.0000,0.0000,0.00,0.00,0.00,35,1.1290,6 个月 · 全平台 · 全量 SKU · 2026-07-09,published
DJ505893_2,US SD 1.6米单人升降桌带竖条文件柜  一件两箱 颜色->棕色,ALL,AMAZON,D,T99,0.0000,0.0000,0.0000,0.00,0.00,0.00,17,0.5484,6 个月 · 全平台 · 全量 SKU · 2026-07-09,published
DJ505893_2,US SD 1.6米单人升降桌带竖条文件柜  一件两箱 颜色->棕色,ALL,TEMU,D,T99,0.0000,0.0000,0.0000,0.00,0.00,0.00,0,0.0000,6 个月 · 全平台 · 全量 SKU · 2026-07-09,published
DJ505893_2,US SD 1.6米单人升降桌带竖条文件柜  一件两箱 颜色->棕色,ALL,UNKNOWN,D,T99,0.0000,0.0000,0.0000,0.00,0.00,0.00,0,0.0000,6 个月 · 全平台 · 全量 SKU · 2026-07-09,published
DJ505894_1,US AG 板式地板落地床 两侧收纳架+布抽储物 F 一件一箱 颜色->白色,ALL,AMAZON,D,T99,0.0000,0.0000,0.0000,0.00,0.00,0.00,24,0.7742,6 个月 · 全平台 · 全量 SKU · 2026-07-09,published
DJ505894_1,US AG 板式地板落地床 两侧收纳架+布抽储物 F 一件一箱 颜色->白色,ALL,UNKNOWN,D,T99,0.0000,0.0000,0.0000,0.00,0.00,0.00,59,1.9032,6 个月 · 全平台 · 全量 SKU · 2026-07-09,published
DJ505894_2,US AG 板式地板落地床 两侧收纳架+布抽储物 F 一件一箱 颜色->灰色,ALL,AMAZON,D,T99,0.0000,0.0000,0.0000,0.00,0.00,0.00,42,1.3548,6 个月 · 全平台 · 全量 SKU · 2026-07-09,published
DJ505894_2,US AG 板式地板落地床 两侧收纳架+布抽储物 F 一件一箱 颜色->灰色,ALL,UNKNOWN,D,T99,0.0000,0.0000,0.0000,0.00,0.00,0.00,41,1.3226,6 个月 · 全平台 · 全量 SKU · 2026-07-09,published
DJ505894_2,US AG 板式地板落地床 两侧收纳架+布抽储物 F 一件一箱 颜色->灰色,ALL,WALMART,D,T99,0.0000,0.0000,0.0000,0.00,0.00,0.00,2,0.0645,6 个月 · 全平台 · 全量 SKU · 2026-07-09,published
DJ505895_3,US RL-175T款带布窗布抽步梯床含灯带一件一箱 颜色白铁+白山纹板+米色布,ALL,AMAZON,D,T99,0.0000,0.0000,0.0000,0.00,0.00,0.00,81,2.6129,6 个月 · 全平台 · 全量 SKU · 2026-07-09,published
DJ505897_1,"EU KM  BF RY02 绒面条纹液压床 单包 尺码->S,90*190;颜色->灰色,绒面条纹",ALL,AMAZON,D,T99,0.0000,0.0000,0.0000,0.00,0.00,0.00,72,2.3226,6 个月 · 全平台 · 全量 SKU · 2026-07-09,published
DJ505897_2,"EU KM  BF RY02 绒面条纹液压床 单包 尺码->M,90*200;颜色->灰色,绒面条纹",ALL,AMAZON,D,T99,0.0000,0.0000,0.0000,0.00,0.00,0.00,50,1.6129,6 个月 · 全平台 · 全量 SKU · 2026-07-09,published
DJ505897_2,"EU KM  BF RY02 绒面条纹液压床 单包 尺码->M,90*200;颜色->灰色,绒面条纹",ALL,UNKNOWN,D,T99,0.0000,0.0000,0.0000,0.00,0.00,0.00,11,0.3548,6 个月 · 全平台 · 全量 SKU · 2026-07-09,published
DJ505900_1,"US 床GSI-053K休闲软包床含灯带插盘193*203 一件两箱 颜色,米白泰迪绒+黑铁",ALL,AMAZON,D,T99,0.0000,0.0000,0.0000,0.00,0.00,0.00,30,0.9677,6 个月 · 全平台 · 全量 SKU · 2026-07-09,published
DJ505900_1,"US 床GSI-053K休闲软包床含灯带插盘193*203 一件两箱 颜色,米白泰迪绒+黑铁",ALL,TIKTOK,D,T99,0.0000,0.0000,0.0000,0.00,0.00,0.00,28,0.9032,6 个月 · 全平台 · 全量 SKU · 2026-07-09,published
DJ505901_1,US DC 铁木床 CBF-08简款 软包床头+铁木储物+尾桌 T款 黑色 一件一箱,ALL,AMAZON,D,T99,0.0000,0.0000,0.0000,0.00,0.00,0.00,246,7.9355,6 个月 · 全平台 · 全量 SKU · 2026-07-09,published
DJ505901_2,US DC 铁木床 CBF-08简款 软包床头+铁木储物+尾桌 T款 白色 一件一箱,ALL,AMAZON,D,T99,0.0000,0.0000,0.0000,0.00,0.00,0.00,169,5.4516,6 个月 · 全平台 · 全量 SKU · 2026-07-09,published
DJ505912_2,US DC 角落床 CBFF-01 GS C046 床下六布抽L型置物架 F 白色 一件一箱,ALL,AMAZON,D,T99,0.0000,0.0000,0.0000,0.00,0.00,0.00,54,1.7419,6 个月 · 全平台 · 全量 SKU · 2026-07-09,published
DJ505913_1,US SD 2.8米双人7抽带单柜门桌 一件两箱 颜色->黑麻+棕色,ALL,AMAZON,D,T99,0.0000,0.0000,0.0000,0.00,0.00,0.00,137,4.4194,6 个月 · 全平台 · 全量 SKU · 2026-07-09,published
DJ505913_1,US SD 2.8米双人7抽带单柜门桌 一件两箱 颜色->黑麻+棕色,ALL,UNKNOWN,D,T99,0.0000,0.0000,0.0000,0.00,0.00,0.00,42,1.3548,6 个月 · 全平台 · 全量 SKU · 2026-07-09,published
DJ505913_1,US SD 2.8米双人7抽带单柜门桌 一件两箱 颜色->黑麻+棕色,ALL,WALMART,D,T99,0.0000,0.0000,0.0000,0.00,0.00,0.00,11,0.3548,6 个月 · 全平台 · 全量 SKU · 2026-07-09,published
DJ505913_2,US SD 2.8米双人7抽带单柜门桌 一件两箱 颜色->白浮雕+棕色,ALL,AMAZON,D,T99,0.0000,0.0000,0.0000,0.00,0.00,0.00,150,4.8387,6 个月 · 全平台 · 全量 SKU · 2026-07-09,published
DJ505913_2,US SD 2.8米双人7抽带单柜门桌 一件两箱 颜色->白浮雕+棕色,ALL,UNKNOWN,D,T99,0.0000,0.0000,0.0000,0.00,0.00,0.00,47,1.5161,6 个月 · 全平台 · 全量 SKU · 2026-07-09,published
DJ505913_2,US SD 2.8米双人7抽带单柜门桌 一件两箱 颜色->白浮雕+棕色,ALL,WALMART,D,T99,0.0000,0.0000,0.0000,0.00,0.00,0.00,19,0.6129,6 个月 · 全平台 · 全量 SKU · 2026-07-09,published
DJ505913_3,US SD 2.8米双人7抽带单柜门桌 一件两箱 颜色->I27014K木纹色,ALL,AMAZON,D,T99,0.0000,0.0000,0.0000,0.00,0.00,0.00,60,1.9355,6 个月 · 全平台 · 全量 SKU · 2026-07-09,published
DJ505913_3,US SD 2.8米双人7抽带单柜门桌 一件两箱 颜色->I27014K木纹色,ALL,UNKNOWN,D,T99,0.0000,0.0000,0.0000,0.00,0.00,0.00,28,0.9032,6 个月 · 全平台 · 全量 SKU · 2026-07-09,published
DJ505913_3,US SD 2.8米双人7抽带单柜门桌 一件两箱 颜色->I27014K木纹色,ALL,WALMART,D,T99,0.0000,0.0000,0.0000,0.00,0.00,0.00,6,0.1935,6 个月 · 全平台 · 全量 SKU · 2026-07-09,published
DJ505914_1,US SD 三抽带两柜门美式单人桌 一件两箱 颜色->黑麻+棕色,ALL,AMAZON,D,T99,0.0000,0.0000,0.0000,0.00,0.00,0.00,223,7.1935,6 个月 · 全平台 · 全量 SKU · 2026-07-09,published
DJ505914_1,US SD 三抽带两柜门美式单人桌 一件两箱 颜色->黑麻+棕色,ALL,TEMU,D,T99,0.0000,0.0000,0.0000,0.00,0.00,0.00,16,0.5161,6 个月 · 全平台 · 全量 SKU · 2026-07-09,published
DJ505914_1,US SD 三抽带两柜门美式单人桌 一件两箱 颜色->黑麻+棕色,ALL,UNKNOWN,D,T99,0.0000,0.0000,0.0000,0.00,0.00,0.00,17,0.5484,6 个月 · 全平台 · 全量 SKU · 2026-07-09,published
DJ505914_1,US SD 三抽带两柜门美式单人桌 一件两箱 颜色->黑麻+棕色,ALL,WALMART,D,T99,0.0000,0.0000,0.0000,0.00,0.00,0.00,3,0.0968,6 个月 · 全平台 · 全量 SKU · 2026-07-09,published
DJ505914_2,US SD 三抽带两柜门美式单人桌 一件两箱 颜色->浮雕白+棕色,ALL,AMAZON,D,T99,0.0000,0.0000,0.0000,0.00,0.00,0.00,144,4.6452,6 个月 · 全平台 · 全量 SKU · 2026-07-09,published
DJ505914_2,US SD 三抽带两柜门美式单人桌 一件两箱 颜色->浮雕白+棕色,ALL,TEMU,D,T99,0.0000,0.0000,0.0000,0.00,0.00,0.00,9,0.2903,6 个月 · 全平台 · 全量 SKU · 2026-07-09,published
DJ505914_2,US SD 三抽带两柜门美式单人桌 一件两箱 颜色->浮雕白+棕色,ALL,UNKNOWN,D,T99,0.0000,0.0000,0.0000,0.00,0.00,0.00,65,2.0968,6 个月 · 全平台 · 全量 SKU · 2026-07-09,published
DJ505914_2,US SD 三抽带两柜门美式单人桌 一件两箱 颜色->浮雕白+棕色,ALL,WALMART,D,T99,0.0000,0.0000,0.0000,0.00,0.00,0.00,9,0.2903,6 个月 · 全平台 · 全量 SKU · 2026-07-09,published
DJ505914_3,US SD 三抽带两柜门美式单人桌 一件两箱 颜色->I27014K木纹,ALL,AMAZON,D,T99,0.0000,0.0000,0.0000,0.00,0.00,0.00,64,2.0645,6 个月 · 全平台 · 全量 SKU · 2026-07-09,published
DJ505914_3,US SD 三抽带两柜门美式单人桌 一件两箱 颜色->I27014K木纹,ALL,TEMU,D,T99,0.0000,0.0000,0.0000,0.00,0.00,0.00,0,0.0000,6 个月 · 全平台 · 全量 SKU · 2026-07-09,published
DJ505914_3,US SD 三抽带两柜门美式单人桌 一件两箱 颜色->I27014K木纹,ALL,UNKNOWN,D,T99,0.0000,0.0000,0.0000,0.00,0.00,0.00,0,0.0000,6 个月 · 全平台 · 全量 SKU · 2026-07-09,published
DJ505921_1,"US UA BK-GD03高款拱顶书柜+抽屉 一件一箱 颜色->黑色,A06244K",ALL,AMAZON,D,T99,0.0000,0.0000,0.0000,0.00,0.00,0.00,99,3.1935,6 个月 · 全平台 · 全量 SKU · 2026-07-09,published
DJ505921_1,"US UA BK-GD03高款拱顶书柜+抽屉 一件一箱 颜色->黑色,A06244K",ALL,WALMART,D,T99,0.0000,0.0000,0.0000,0.00,0.00,0.00,20,0.6452,6 个月 · 全平台 · 全量 SKU · 2026-07-09,published
DJ505921_2,"US UA BK-GD03高款拱顶书柜+抽屉 一件一箱 颜色->棕色,G29024I",ALL,AMAZON,D,T99,0.0000,0.0000,0.0000,0.00,0.00,0.00,74,2.3871,6 个月 · 全平台 · 全量 SKU · 2026-07-09,published
DJ505921_2,"US UA BK-GD03高款拱顶书柜+抽屉 一件一箱 颜色->棕色,G29024I",ALL,UNKNOWN,D,T99,0.0000,0.0000,0.0000,0.00,0.00,0.00,5,0.1613,6 个月 · 全平台 · 全量 SKU · 2026-07-09,published
DJ505921_3,US UA BK-GD03高款拱顶书柜+抽屉 一件一箱 颜色->橡木色82039-162,ALL,AMAZON,D,T99,0.0000,0.0000,0.0000,0.00,0.00,0.00,66,2.1290,6 个月 · 全平台 · 全量 SKU · 2026-07-09,published
DJ505921_3,US UA BK-GD03高款拱顶书柜+抽屉 一件一箱 颜色->橡木色82039-162,ALL,WALMART,D,T99,0.0000,0.0000,0.0000,0.00,0.00,0.00,15,0.4839,6 个月 · 全平台 · 全量 SKU · 2026-07-09,published
DJ505922_1,UK DC 铁木床 CBF-11L 方管铁木角落床带抽篮-152G 黑 90×190 一件两箱,ALL,AMAZON,D,T99,0.0000,0.0000,0.0000,0.00,0.00,0.00,78,2.5161,6 个月 · 全平台 · 全量 SKU · 2026-07-09,published
DJ505922_2,UK DC 铁木床 CBF-11L 方管铁木角落床带抽篮-152G 黑 135×190 一件两箱,ALL,AMAZON,D,T99,0.0000,0.0000,0.0000,0.00,0.00,0.00,44,1.4194,6 个月 · 全平台 · 全量 SKU · 2026-07-09,published
DJ505932_1,US SD 1.58米美式三抽带柜门电脑桌 颜色->棕色,ALL,AMAZON,D,T99,0.0000,0.0000,0.0000,0.00,0.00,0.00,24,0.7742,6 个月 · 全平台 · 全量 SKU · 2026-07-09,published
DJ505932_1,US SD 1.58米美式三抽带柜门电脑桌 颜色->棕色,ALL,TEMU,D,T99,0.0000,0.0000,0.0000,0.00,0.00,0.00,3,0.0968,6 个月 · 全平台 · 全量 SKU · 2026-07-09,published
DJ505932_1,US SD 1.58米美式三抽带柜门电脑桌 颜色->棕色,ALL,UNKNOWN,D,T99,0.0000,0.0000,0.0000,0.00,0.00,0.00,11,0.3548,6 个月 · 全平台 · 全量 SKU · 2026-07-09,published
DJ505932_1,US SD 1.58米美式三抽带柜门电脑桌 颜色->棕色,ALL,WALMART,D,T99,0.0000,0.0000,0.0000,0.00,0.00,0.00,8,0.2581,6 个月 · 全平台 · 全量 SKU · 2026-07-09,published
DJ505932_2,US SD 1.58米美式三抽带柜门电脑桌 颜色->棕色+小浮雕白,ALL,AMAZON,D,T99,0.0000,0.0000,0.0000,0.00,0.00,0.00,27,0.8710,6 个月 · 全平台 · 全量 SKU · 2026-07-09,published
DJ505932_2,US SD 1.58米美式三抽带柜门电脑桌 颜色->棕色+小浮雕白,ALL,TEMU,D,T99,0.0000,0.0000,0.0000,0.00,0.00,0.00,5,0.1613,6 个月 · 全平台 · 全量 SKU · 2026-07-09,published
DJ505932_2,US SD 1.58米美式三抽带柜门电脑桌 颜色->棕色+小浮雕白,ALL,UNKNOWN,D,T99,0.0000,0.0000,0.0000,0.00,0.00,0.00,12,0.3871,6 个月 · 全平台 · 全量 SKU · 2026-07-09,published
DJ505932_2,US SD 1.58米美式三抽带柜门电脑桌 颜色->棕色+小浮雕白,ALL,WALMART,D,T99,0.0000,0.0000,0.0000,0.00,0.00,0.00,14,0.4516,6 个月 · 全平台 · 全量 SKU · 2026-07-09,published
DJ505932_3,US SD 1.58米美式三抽带柜门电脑桌 颜色->棕色+黑色,ALL,AMAZON,D,T99,0.0000,0.0000,0.0000,0.00,0.00,0.00,51,1.6452,6 个月 · 全平台 · 全量 SKU · 2026-07-09,published
DJ505932_3,US SD 1.58米美式三抽带柜门电脑桌 颜色->棕色+黑色,ALL,UNKNOWN,D,T99,0.0000,0.0000,0.0000,0.00,0.00,0.00,22,0.7097,6 个月 · 全平台 · 全量 SKU · 2026-07-09,published
DJ505932_3,US SD 1.58米美式三抽带柜门电脑桌 颜色->棕色+黑色,ALL,WALMART,D,T99,0.0000,0.0000,0.0000,0.00,0.00,0.00,36,1.1613,6 个月 · 全平台 · 全量 SKU · 2026-07-09,published
DJ505933_1,US 55cm深板材竖条双人桌 一件一箱 颜色->咖啡胡桃浮雕桌面+白色细麻,ALL,AMAZON,D,T99,0.0000,0.0000,0.0000,0.00,0.00,0.00,36,1.1613,6 个月 · 全平台 · 全量 SKU · 2026-07-09,published
DJ505933_2,US 55cm深板材竖条双人桌 一件一箱 颜色->咖啡胡桃浮雕桌面+黑色细麻,ALL,AMAZON,D,T99,0.0000,0.0000,0.0000,0.00,0.00,0.00,31,1.0000,6 个月 · 全平台 · 全量 SKU · 2026-07-09,published
DJ505933_2,US 55cm深板材竖条双人桌 一件一箱 颜色->咖啡胡桃浮雕桌面+黑色细麻,ALL,TEMU,D,T99,0.0000,0.0000,0.0000,0.00,0.00,0.00,0,0.0000,6 个月 · 全平台 · 全量 SKU · 2026-07-09,published
DJ505933_2,US 55cm深板材竖条双人桌 一件一箱 颜色->咖啡胡桃浮雕桌面+黑色细麻,ALL,UNKNOWN,D,T99,0.0000,0.0000,0.0000,0.00,0.00,0.00,9,0.2903,6 个月 · 全平台 · 全量 SKU · 2026-07-09,published
DJ505933_3,US 55cm深板材竖条双人桌 一件一箱 颜色->象牙灰,ALL,AMAZON,D,T99,0.0000,0.0000,0.0000,0.00,0.00,0.00,6,0.1935,6 个月 · 全平台 · 全量 SKU · 2026-07-09,published
DJ505936_1,"UK KM  BF RY02 床头拼板液压床 双包 尺码->XL,135*190;颜色->白色,亚麻-白",ALL,AMAZON,C,T4B,0.0929,0.0446,0.0446,2.88,1.38,1.38,22,0.7097,6 个月 · 全平台 · 全量 SKU · 2026-07-09,published
DJ505936_2,"UK KM  BF RY02 床头拼板液压床 双包 尺码->XL,135*190;颜色->灰色,亚麻-灰",ALL,AMAZON,C,T4B,0.6857,0.3291,0.3291,21.26,10.20,10.20,34,1.0968,6 个月 · 全平台 · 全量 SKU · 2026-07-09,published
DJ505937_1,US SD 1.7米X字三抽L桌 一件一箱 颜色 颜色->棕色,ALL,AMAZON,D,T99,0.0000,0.0000,0.0000,0.00,0.00,0.00,116,3.7419,6 个月 · 全平台 · 全量 SKU · 2026-07-09,published
DJ505938_2,US SD 1.4米单人X字三抽电脑桌 一件一箱 颜色->棕色（顶）+白,ALL,AMAZON,D,T99,0.0000,0.0000,0.0000,0.00,0.00,0.00,193,6.2258,6 个月 · 全平台 · 全量 SKU · 2026-07-09,published
DJ505941_2,US SD L桌高桌带X字双抽双门  一件一箱  颜色->白麻+棕色绒面,ALL,AMAZON,D,T99,0.0000,0.0000,0.0000,0.00,0.00,0.00,111,3.5806,6 个月 · 全平台 · 全量 SKU · 2026-07-09,published
DJ505941_3,US SD L桌高桌带X字双抽双门  一件一箱  颜色->浅象牙灰,ALL,AMAZON,D,T99,0.0000,0.0000,0.0000,0.00,0.00,0.00,36,1.1613,6 个月 · 全平台 · 全量 SKU · 2026-07-09,published
DJ505941_4,US SD L桌高桌带X字双抽双门  一件一箱  颜色->黑色+棕色绒面,ALL,AMAZON,D,T99,0.0000,0.0000,0.0000,0.00,0.00,0.00,71,2.2903,6 个月 · 全平台 · 全量 SKU · 2026-07-09,published
DJ505944_1,US 布抽款80cm板材角落高桌 一件一箱 颜色->黑麻+棕色桌板,ALL,AMAZON,D,T99,0.0000,0.0000,0.0000,0.00,0.00,0.00,61,1.9677,6 个月 · 全平台 · 全量 SKU · 2026-07-09,published
DJ505944_1,US 布抽款80cm板材角落高桌 一件一箱 颜色->黑麻+棕色桌板,ALL,TEMU,D,T99,0.0000,0.0000,0.0000,0.00,0.00,0.00,13,0.4194,6 个月 · 全平台 · 全量 SKU · 2026-07-09,published
DJ505944_1,US 布抽款80cm板材角落高桌 一件一箱 颜色->黑麻+棕色桌板,ALL,UNKNOWN,D,T99,0.0000,0.0000,0.0000,0.00,0.00,0.00,6,0.1935,6 个月 · 全平台 · 全量 SKU · 2026-07-09,published
DJ505944_1,US 布抽款80cm板材角落高桌 一件一箱 颜色->黑麻+棕色桌板,ALL,WALMART,D,T99,0.0000,0.0000,0.0000,0.00,0.00,0.00,28,0.9032,6 个月 · 全平台 · 全量 SKU · 2026-07-09,published
DJ505944_2,US 布抽款80cm板材角落高桌 一件一箱 颜色->白麻+棕色桌板,ALL,AMAZON,D,T99,0.0000,0.0000,0.0000,0.00,0.00,0.00,62,2.0000,6 个月 · 全平台 · 全量 SKU · 2026-07-09,published
DJ505944_2,US 布抽款80cm板材角落高桌 一件一箱 颜色->白麻+棕色桌板,ALL,TEMU,D,T99,0.0000,0.0000,0.0000,0.00,0.00,0.00,24,0.7742,6 个月 · 全平台 · 全量 SKU · 2026-07-09,published
DJ505944_2,US 布抽款80cm板材角落高桌 一件一箱 颜色->白麻+棕色桌板,ALL,UNKNOWN,D,T99,0.0000,0.0000,0.0000,0.00,0.00,0.00,14,0.4516,6 个月 · 全平台 · 全量 SKU · 2026-07-09,published
DJ505944_2,US 布抽款80cm板材角落高桌 一件一箱 颜色->白麻+棕色桌板,ALL,WALMART,D,T99,0.0000,0.0000,0.0000,0.00,0.00,0.00,15,0.4839,6 个月 · 全平台 · 全量 SKU · 2026-07-09,published
DJ505944_3,US 布抽款80cm板材角落高桌 一件一箱 颜色->象牙灰,ALL,AMAZON,D,T99,0.0000,0.0000,0.0000,0.00,0.00,0.00,50,1.6129,6 个月 · 全平台 · 全量 SKU · 2026-07-09,published
DJ505944_3,US 布抽款80cm板材角落高桌 一件一箱 颜色->象牙灰,ALL,TEMU,D,T99,0.0000,0.0000,0.0000,0.00,0.00,0.00,27,0.8710,6 个月 · 全平台 · 全量 SKU · 2026-07-09,published
DJ505944_3,US 布抽款80cm板材角落高桌 一件一箱 颜色->象牙灰,ALL,TIKTOK,D,T99,0.0000,0.0000,0.0000,0.00,0.00,0.00,2,0.0645,6 个月 · 全平台 · 全量 SKU · 2026-07-09,published
DJ505944_3,US 布抽款80cm板材角落高桌 一件一箱 颜色->象牙灰,ALL,UNKNOWN,D,T99,0.0000,0.0000,0.0000,0.00,0.00,0.00,11,0.3548,6 个月 · 全平台 · 全量 SKU · 2026-07-09,published
DJ505944_3,US 布抽款80cm板材角落高桌 一件一箱 颜色->象牙灰,ALL,WALMART,D,T99,0.0000,0.0000,0.0000,0.00,0.00,0.00,29,0.9355,6 个月 · 全平台 · 全量 SKU · 2026-07-09,published
DJ505948_1,US SD 2米飞机桌带两抽 一件一箱 颜色->白色碳纤维,ALL,AMAZON,D,T99,0.0000,0.0000,0.0000,0.00,0.00,0.00,37,1.1935,6 个月 · 全平台 · 全量 SKU · 2026-07-09,published
DJ505948_2,US SD 2米飞机桌带两抽 一件一箱 颜色->黑色碳纤维,ALL,AMAZON,D,T99,0.0000,0.0000,0.0000,0.00,0.00,0.00,216,6.9677,6 个月 · 全平台 · 全量 SKU · 2026-07-09,published
DJ505948_2,US SD 2米飞机桌带两抽 一件一箱 颜色->黑色碳纤维,ALL,TEMU,D,T99,0.0000,0.0000,0.0000,0.00,0.00,0.00,0,0.0000,6 个月 · 全平台 · 全量 SKU · 2026-07-09,published
DJ505948_2,US SD 2米飞机桌带两抽 一件一箱 颜色->黑色碳纤维,ALL,TIKTOK,D,T99,0.0000,0.0000,0.0000,0.00,0.00,0.00,20,0.6452,6 个月 · 全平台 · 全量 SKU · 2026-07-09,published
DJ505948_3,US SD 2米飞机桌带两抽 一件一箱 颜色->黑色碳纤维板+红色PVC封边,ALL,AMAZON,D,T99,0.0000,0.0000,0.0000,0.00,0.00,0.00,40,1.2903,6 个月 · 全平台 · 全量 SKU · 2026-07-09,published
DJ505948_3,US SD 2米飞机桌带两抽 一件一箱 颜色->黑色碳纤维板+红色PVC封边,ALL,TEMU,D,T99,0.0000,0.0000,0.0000,0.00,0.00,0.00,0,0.0000,6 个月 · 全平台 · 全量 SKU · 2026-07-09,published
DJ505948_3,US SD 2米飞机桌带两抽 一件一箱 颜色->黑色碳纤维板+红色PVC封边,ALL,TIKTOK,D,T99,0.0000,0.0000,0.0000,0.00,0.00,0.00,3,0.0968,6 个月 · 全平台 · 全量 SKU · 2026-07-09,published
DJ505948_3,US SD 2米飞机桌带两抽 一件一箱 颜色->黑色碳纤维板+红色PVC封边,ALL,UNKNOWN,D,T99,0.0000,0.0000,0.0000,0.00,0.00,0.00,0,0.0000,6 个月 · 全平台 · 全量 SKU · 2026-07-09,published
DJ505948_3,US SD 2米飞机桌带两抽 一件一箱 颜色->黑色碳纤维板+红色PVC封边,ALL,WALMART,D,T99,0.0000,0.0000,0.0000,0.00,0.00,0.00,0,0.0000,6 个月 · 全平台 · 全量 SKU · 2026-07-09,published
DJ505984_1,US 玻璃门L桌高桌带布兜款扩色 一件一箱 颜色->粉色,ALL,AMAZON,D,T99,0.0000,0.0000,0.0000,0.00,0.00,0.00,68,2.1935,6 个月 · 全平台 · 全量 SKU · 2026-07-09,published
DJ505991_1,"US UA DK-XZ12 2米L型弧形腿3抽行政桌 一件两箱 颜色->#1,胡桃色+黑色",ALL,AMAZON,D,T99,0.0000,0.0000,0.0000,0.00,0.00,0.00,50,1.6129,6 个月 · 全平台 · 全量 SKU · 2026-07-09,published
DJ505996_1,US 床MX-064F菱形云朵软包床含铁架190*137 一件一箱 颜色米白毛巾绒+黑铁,ALL,AMAZON,D,T99,0.0000,0.0000,0.0000,0.00,0.00,0.00,9,0.2903,6 个月 · 全平台 · 全量 SKU · 2026-07-09,published
DJ506000_1,US 床MX-064K菱形云朵软包床含铁架203*193 一件一箱 颜色米色毛巾绒+黑铁,ALL,AMAZON,D,T99,0.0000,0.0000,0.0000,0.00,0.00,0.00,55,1.7742,6 个月 · 全平台 · 全量 SKU · 2026-07-09,published
DJ506000_2,US 床MX-064K菱形云朵软包床含铁架203*193 一件一箱 颜色深灰毛巾绒+黑铁,ALL,AMAZON,D,T99,0.0000,0.0000,0.0000,0.00,0.00,0.00,31,1.0000,6 个月 · 全平台 · 全量 SKU · 2026-07-09,published
DJ506002_1,US 床MX-064Q菱形云朵软包床含铁架203*152 一件一箱 颜色米色毛巾绒+黑铁,ALL,AMAZON,D,T99,0.0000,0.0000,0.0000,0.00,0.00,0.00,66,2.1290,6 个月 · 全平台 · 全量 SKU · 2026-07-09,published
DJ506002_2,US 床MX-064Q菱形云朵软包床含铁架203*152 一件一箱 颜色深灰毛巾绒+黑铁,ALL,AMAZON,D,T99,0.0000,0.0000,0.0000,0.00,0.00,0.00,25,0.8065,6 个月 · 全平台 · 全量 SKU · 2026-07-09,published
DJ506002_2,US 床MX-064Q菱形云朵软包床含铁架203*152 一件一箱 颜色深灰毛巾绒+黑铁,ALL,TIKTOK,D,T99,0.0000,0.0000,0.0000,0.00,0.00,0.00,2,0.0645,6 个月 · 全平台 · 全量 SKU · 2026-07-09,published
DJ506012_2,US 床YLS-3059Q床头翻开气压杆波浪含插盘灯带床153*203一件一箱 颜色米白绒布,ALL,UNKNOWN,C,T99,0.0000,0.0000,0.0000,0.00,0.00,0.00,31,1.0000,6 个月 · 全平台 · 全量 SKU · 2026-07-09,published
DJ506016_1,USHA DFS-VT12 （新）圆弧柱5抽两门波浪纹大镜子款 一件两箱 颜色->#1原木橡木色,ALL,AMAZON,D,T99,0.0000,0.0000,0.0000,0.00,0.00,0.00,170,5.4839,6 个月 · 全平台 · 全量 SKU · 2026-07-09,published
DJ506016_1,USHA DFS-VT12 （新）圆弧柱5抽两门波浪纹大镜子款 一件两箱 颜色->#1原木橡木色,ALL,UNKNOWN,D,T99,0.0000,0.0000,0.0000,0.00,0.00,0.00,169,5.4516,6 个月 · 全平台 · 全量 SKU · 2026-07-09,published
DJ506016_1_WF,USHA DFS-VT12 （新）圆弧柱5抽两门波浪纹大镜子款 一件两箱 颜色->#1原木橡木色,ALL,UNKNOWN,D,T99,0.0000,0.0000,0.0000,0.00,0.00,0.00,115,3.7097,6 个月 · 全平台 · 全量 SKU · 2026-07-09,published
DJ506080_1,US SD 1.4米单人竖条纹6抽升降桌 一件两箱  颜色->橡木纹,ALL,TIKTOK,D,T99,0.0000,0.0000,0.0000,0.00,0.00,0.00,13,0.4194,6 个月 · 全平台 · 全量 SKU · 2026-07-09,published
DJVN000013_1,"US AE 书柜（Vietnam）2抽屉板材带双灯 加高款 颜色->#3,灰木纹色麻面",ALL,AMAZON,B,T3,7.0264,6.6179,6.6179,217.82,205.15,205.15,147,4.7419,6 个月 · 全平台 · 全量 SKU · 2026-07-09,published
DJVN000013_1,"US AE 书柜（Vietnam）2抽屉板材带双灯 加高款 颜色->#3,灰木纹色麻面",ALL,UNKNOWN,B,T4B,0.6824,0.3669,0.3669,21.15,11.37,11.37,17,0.5484,6 个月 · 全平台 · 全量 SKU · 2026-07-09,published
DJVN000013_1,"US AE 书柜（Vietnam）2抽屉板材带双灯 加高款 颜色->#3,灰木纹色麻面",ALL,WALMART,B,T4B,0.4234,0.1727,0.1727,13.13,5.35,5.35,7,0.2258,6 个月 · 全平台 · 全量 SKU · 2026-07-09,published
DJVN000013_2,"US AE 书柜（Vietnam）2抽屉板材带双灯 加高款 颜色->#1,白色麻面",ALL,AMAZON,C,T3,4.2016,4.4117,4.4117,130.25,136.76,136.76,213,6.8710,6 个月 · 全平台 · 全量 SKU · 2026-07-09,published
DJVN000013_2,"US AE 书柜（Vietnam）2抽屉板材带双灯 加高款 颜色->#1,白色麻面",ALL,TEMU,C,T4B,0.5350,0.2568,0.2568,16.59,7.96,7.96,19,0.6129,6 个月 · 全平台 · 全量 SKU · 2026-07-09,published
DJVN000013_2,"US AE 书柜（Vietnam）2抽屉板材带双灯 加高款 颜色->#1,白色麻面",ALL,TIKTOK,C,T4B,1.0451,0.5618,0.5618,32.40,17.42,17.42,105,3.3871,6 个月 · 全平台 · 全量 SKU · 2026-07-09,published
DJVN000013_2,"US AE 书柜（Vietnam）2抽屉板材带双灯 加高款 颜色->#1,白色麻面",ALL,UNKNOWN,C,T4B,0.3936,0.1889,0.1889,12.20,5.86,5.86,19,0.6129,6 个月 · 全平台 · 全量 SKU · 2026-07-09,published
DJVN000013_3,"US AE 书柜（Vietnam）2抽屉板材带双灯 加高款 颜色->#2,黑色麻面",ALL,AMAZON,A,T2,14.5158,10.5197,10.5197,449.99,326.11,326.11,291,9.3871,6 个月 · 全平台 · 全量 SKU · 2026-07-09,published
DJVN000013_3,"US AE 书柜（Vietnam）2抽屉板材带双灯 加高款 颜色->#2,黑色麻面",ALL,TEMU,A,T4B,1.2120,0.5818,0.5818,37.57,18.04,18.04,5,0.1613,6 个月 · 全平台 · 全量 SKU · 2026-07-09,published
DJVN000013_3,"US AE 书柜（Vietnam）2抽屉板材带双灯 加高款 颜色->#2,黑色麻面",ALL,TIKTOK,A,T99,0.0000,0.0000,0.0000,0.00,0.00,0.00,124,4.0000,6 个月 · 全平台 · 全量 SKU · 2026-07-09,published
DJVN000013_3,"US AE 书柜（Vietnam）2抽屉板材带双灯 加高款 颜色->#2,黑色麻面",ALL,WALMART,A,T4B,1.5311,0.7349,0.7349,47.46,22.78,22.78,15,0.4839,6 个月 · 全平台 · 全量 SKU · 2026-07-09,published
DJVN000013_4,US AE 书柜（Vietnam）2抽屉板材带双灯 加高款 颜色->#4,ALL,AMAZON,C,T4B,1.6725,0.6824,0.6824,51.85,21.15,21.15,48,1.5484,6 个月 · 全平台 · 全量 SKU · 2026-07-09,published
DJVN000013_4,US AE 书柜（Vietnam）2抽屉板材带双灯 加高款 颜色->#4,ALL,TEMU,C,T4B,0.4853,0.2329,0.2329,15.04,7.22,7.22,6,0.1935,6 个月 · 全平台 · 全量 SKU · 2026-07-09,published
DJVN000013_4,US AE 书柜（Vietnam）2抽屉板材带双灯 加高款 颜色->#4,ALL,TIKTOK,C,T99,0.0000,0.0000,0.0000,0.00,0.00,0.00,2,0.0645,6 个月 · 全平台 · 全量 SKU · 2026-07-09,published
DJVN000013_4,US AE 书柜（Vietnam）2抽屉板材带双灯 加高款 颜色->#4,ALL,UNKNOWN,C,T99,0.0000,0.0000,0.0000,0.00,0.00,0.00,0,0.0000,6 个月 · 全平台 · 全量 SKU · 2026-07-09,published
DJVN000014_1,"US AE 书柜(Vietnam) 3抽屉 带插排小台款（大款）加RGB灯带 颜色->#3,灰木纹色麻面",ALL,TEMU,C,T99,0.0000,0.0000,0.0000,0.00,0.00,0.00,0,0.0000,6 个月 · 全平台 · 全量 SKU · 2026-07-09,published
DJVN000014_1,"US AE 书柜(Vietnam) 3抽屉 带插排小台款（大款）加RGB灯带 颜色->#3,灰木纹色麻面",ALL,UNKNOWN,C,T4B,0.5298,0.2848,0.2848,16.42,8.83,8.83,38,1.2258,6 个月 · 全平台 · 全量 SKU · 2026-07-09,published
DJVN000014_1,"US AE 书柜(Vietnam) 3抽屉 带插排小台款（大款）加RGB灯带 颜色->#3,灰木纹色麻面",ALL,WALMART,C,T4B,1.1292,0.5745,0.5745,35.01,17.81,17.81,58,1.8710,6 个月 · 全平台 · 全量 SKU · 2026-07-09,published
DJVN000014_2,"US AE 书柜(Vietnam) 3抽屉 带插排小台款（大款）加RGB灯带 颜色->#1,白色麻面",ALL,UNKNOWN,C,T4B,0.7479,0.3590,0.3590,23.18,11.13,11.13,42,1.3548,6 个月 · 全平台 · 全量 SKU · 2026-07-09,published
DJVN000014_2,"US AE 书柜(Vietnam) 3抽屉 带插排小台款（大款）加RGB灯带 颜色->#1,白色麻面",ALL,WALMART,C,T4B,0.7542,0.4055,0.4055,23.38,12.57,12.57,28,0.9032,6 个月 · 全平台 · 全量 SKU · 2026-07-09,published
DJVN000014_3,"US AE 书柜(Vietnam) 3抽屉 带插排小台款（大款）加RGB灯带 颜色->#2,黑色麻面",ALL,TEMU,C,T4B,1.1195,0.4568,0.4568,34.70,14.16,14.16,36,1.1613,6 个月 · 全平台 · 全量 SKU · 2026-07-09,published
DJVN000014_3,"US AE 书柜(Vietnam) 3抽屉 带插排小台款（大款）加RGB灯带 颜色->#2,黑色麻面",ALL,UNKNOWN,C,T4B,0.8285,0.4215,0.4215,25.68,13.07,13.07,53,1.7097,6 个月 · 全平台 · 全量 SKU · 2026-07-09,published
DJVN000014_3,"US AE 书柜(Vietnam) 3抽屉 带插排小台款（大款）加RGB灯带 颜色->#2,黑色麻面",ALL,WALMART,C,T4B,1.9354,0.7896,0.7896,60.00,24.48,24.48,68,2.1935,6 个月 · 全平台 · 全量 SKU · 2026-07-09,published
DJVN000014_4,US AE 书柜(Vietnam) 3抽屉 带插排小台款（大款）加RGB灯带 颜色->#4,ALL,UNKNOWN,C,T4B,0.2286,0.1097,0.1097,7.09,3.40,3.40,14,0.4516,6 个月 · 全平台 · 全量 SKU · 2026-07-09,published
DJVN000014_4,US AE 书柜(Vietnam) 3抽屉 带插排小台款（大款）加RGB灯带 颜色->#4,ALL,WALMART,C,T4B,0.5833,0.2800,0.2800,18.08,8.68,8.68,41,1.3226,6 个月 · 全平台 · 全量 SKU · 2026-07-09,published
DJVN000018_1,US  2米飞机桌带两抽   一件一箱  颜色->白色碳钎维,ALL,AMAZON,C,T4B,1.0755,0.5162,0.5162,33.34,16.00,16.00,0,0.0000,6 个月 · 全平台 · 全量 SKU · 2026-07-09,published
DJVN000018_1,US  2米飞机桌带两抽   一件一箱  颜色->白色碳钎维,ALL,TEMU,C,T4B,0.2425,0.1234,0.1234,7.52,3.83,3.83,0,0.0000,6 个月 · 全平台 · 全量 SKU · 2026-07-09,published
DJVN000018_2,US  2米飞机桌带两抽   一件一箱  颜色->黑色碳钎维,ALL,AMAZON,B,T3,5.7171,6.0030,6.0030,177.23,186.09,186.09,27,0.8710,6 个月 · 全平台 · 全量 SKU · 2026-07-09,published
DJVN000018_2,US  2米飞机桌带两抽   一件一箱  颜色->黑色碳钎维,ALL,TEMU,B,T4B,0.9955,0.5352,0.5352,30.86,16.59,16.59,0,0.0000,6 个月 · 全平台 · 全量 SKU · 2026-07-09,published
DJVN000018_2,US  2米飞机桌带两抽   一件一箱  颜色->黑色碳钎维,ALL,TIKTOK,B,T4B,0.6319,0.3215,0.3215,19.59,9.97,9.97,0,0.0000,6 个月 · 全平台 · 全量 SKU · 2026-07-09,published
DJVN000018_3,US  2米飞机桌带两抽   一件一箱  颜色->黑色碳钎维板+红色PVC封边,ALL,AMAZON,C,T4B,1.5658,0.6388,0.6388,48.54,19.80,19.80,0,0.0000,6 个月 · 全平台 · 全量 SKU · 2026-07-09,published
DJVN000018_3,US  2米飞机桌带两抽   一件一箱  颜色->黑色碳钎维板+红色PVC封边,ALL,TEMU,C,T4B,0.3614,0.1735,0.1735,11.20,5.38,5.38,0,0.0000,6 个月 · 全平台 · 全量 SKU · 2026-07-09,published
DJVN000018_3,US  2米飞机桌带两抽   一件一箱  颜色->黑色碳钎维板+红色PVC封边,ALL,WALMART,C,T99,0.0000,0.0000,0.0000,0.00,0.00,0.00,0,0.0000,6 个月 · 全平台 · 全量 SKU · 2026-07-09,published
DJVN000025_1,"US AE 书柜 NT26 四抽小台款含插排一件一箱 颜色->#3,灰木纹色",ALL,AMAZON,C,T4A,3.5176,1.3873,1.3873,109.05,43.01,43.01,85,2.7419,6 个月 · 全平台 · 全量 SKU · 2026-07-09,published
DJVN000025_2,"US AE 书柜 NT26 四抽小台款含插排一件一箱 颜色->#1,黑色",ALL,AMAZON,C,T3,3.9331,3.6522,3.6522,121.93,113.22,113.22,106,3.4194,6 个月 · 全平台 · 全量 SKU · 2026-07-09,published
DJVN000025_3,"US AE 书柜 NT26 四抽小台款含插排一件一箱 颜色->#2,白色",ALL,UNKNOWN,C,T4B,0.5525,0.2254,0.2254,17.13,6.99,6.99,49,1.5806,6 个月 · 全平台 · 全量 SKU · 2026-07-09,published
DJVN000027_1,"US AG 1x5柔光灯箱储物柜 一件一箱 尺码->#1,橡木棕色",ALL,AMAZON,D,T99,0.0000,0.0000,0.0000,0.00,0.00,0.00,0,0.0000,6 个月 · 全平台 · 全量 SKU · 2026-07-09,published
DJVN000027_1,"US AG 1x5柔光灯箱储物柜 一件一箱 尺码->#1,橡木棕色",ALL,UNKNOWN,D,T99,0.0000,0.0000,0.0000,0.00,0.00,0.00,0,0.0000,6 个月 · 全平台 · 全量 SKU · 2026-07-09,published
DJVN000028_1,"US AG 2x3柔光灯箱储物柜 一件一箱 尺码->#1,橡木棕色",ALL,AMAZON,D,T99,0.0000,0.0000,0.0000,0.00,0.00,0.00,0,0.0000,6 个月 · 全平台 · 全量 SKU · 2026-07-09,published
DJVN000028_1,"US AG 2x3柔光灯箱储物柜 一件一箱 尺码->#1,橡木棕色",ALL,UNKNOWN,D,T99,0.0000,0.0000,0.0000,0.00,0.00,0.00,0,0.0000,6 个月 · 全平台 · 全量 SKU · 2026-07-09,published
DJVN000034_1,"US床YNTX213F软包灯带和USB款四抽屉含垫137*190 颜色->#1,白色PU",ALL,AMAZON,D,T99,0.0000,0.0000,0.0000,0.00,0.00,0.00,0,0.0000,6 个月 · 全平台 · 全量 SKU · 2026-07-09,published
DJVN000038_1,US SD 1.8米游戏桌 一件一箱 颜色->白色,ALL,AMAZON,C,T4A,2.2279,1.0337,1.0337,69.06,32.04,32.04,114,3.6774,6 个月 · 全平台 · 全量 SKU · 2026-07-09,published
DJVN000038_1,US SD 1.8米游戏桌 一件一箱 颜色->白色,ALL,TIKTOK,C,T99,0.0000,0.0000,0.0000,0.00,0.00,0.00,3,0.0968,6 个月 · 全平台 · 全量 SKU · 2026-07-09,published
DJVN000038_2,US SD 1.8米游戏桌 一件一箱 颜色->黑色,ALL,AMAZON,C,T3,5.8163,5.4690,5.4690,180.31,169.54,169.54,139,4.4839,6 个月 · 全平台 · 全量 SKU · 2026-07-09,published
DJVN000038_2,US SD 1.8米游戏桌 一件一箱 颜色->黑色,ALL,TIKTOK,C,T99,0.0000,0.0000,0.0000,0.00,0.00,0.00,0,0.0000,6 个月 · 全平台 · 全量 SKU · 2026-07-09,published
DJVN000038_2,US SD 1.8米游戏桌 一件一箱 颜色->黑色,ALL,UNKNOWN,C,T99,0.0000,0.0000,0.0000,0.00,0.00,0.00,5,0.1613,6 个月 · 全平台 · 全量 SKU · 2026-07-09,published
DJVN000039_1,US SD 圆弧面转角高桌 一件一箱 颜色->白色,ALL,UNKNOWN,C,T4B,0.4396,0.2363,0.2363,13.63,7.33,7.33,17,0.5484,6 个月 · 全平台 · 全量 SKU · 2026-07-09,published
DJVN000039_1,US SD 圆弧面转角高桌 一件一箱 颜色->白色,ALL,WALMART,C,T99,0.0000,0.0000,0.0000,0.00,0.00,0.00,12,0.3871,6 个月 · 全平台 · 全量 SKU · 2026-07-09,published
DJVN000039_2,US SD 圆弧面转角高桌 一件一箱 颜色->黑色,ALL,AMAZON,C,T4A,2.7383,1.2706,1.2706,84.89,39.39,39.39,115,3.7097,6 个月 · 全平台 · 全量 SKU · 2026-07-09,published
DJVN000039_2,US SD 圆弧面转角高桌 一件一箱 颜色->黑色,ALL,UNKNOWN,C,T4B,0.7221,0.3466,0.3466,22.39,10.74,10.74,20,0.6452,6 个月 · 全平台 · 全量 SKU · 2026-07-09,published
DJVN000039_3,US SD 圆弧面转角高桌 一件一箱 颜色->火烧云,ALL,AMAZON,C,T3,4.1483,3.9698,3.9698,128.60,123.06,123.06,120,3.8710,6 个月 · 全平台 · 全量 SKU · 2026-07-09,published
DJVN000039_3,US SD 圆弧面转角高桌 一件一箱 颜色->火烧云,ALL,UNKNOWN,C,T4B,1.0516,0.5048,0.5048,32.60,15.65,15.65,45,1.4516,6 个月 · 全平台 · 全量 SKU · 2026-07-09,published
DJVN000040_1,"US AE 书柜 NT27 抽屉2个+空格 2件1箱小麻点款 二件一箱 颜色->#3,灰木纹色小麻点",ALL,TEMU,D,T99,0.0000,0.0000,0.0000,0.00,0.00,0.00,0,0.0000,6 个月 · 全平台 · 全量 SKU · 2026-07-09,published
DJVN000040_2,"US AE 书柜 NT27 抽屉2个+空格 2件1箱小麻点款 二件一箱 颜色->#1,黑色小麻点",ALL,UNKNOWN,D,T4B,1.5025,0.7212,0.7212,46.58,22.36,22.36,0,0.0000,6 个月 · 全平台 · 全量 SKU · 2026-07-09,published
DJVN000040_3,"US AE 书柜 NT27 抽屉2个+空格 2件1箱小麻点款 二件一箱 颜色->#2,白色小麻点",ALL,AMAZON,C,T4A,3.8479,1.7854,1.7854,119.28,55.35,55.35,84,2.7097,6 个月 · 全平台 · 全量 SKU · 2026-07-09,published
DJVN000040_3,"US AE 书柜 NT27 抽屉2个+空格 2件1箱小麻点款 二件一箱 颜色->#2,白色小麻点",ALL,TEMU,C,T99,0.0000,0.0000,0.0000,0.00,0.00,0.00,0,0.0000,6 个月 · 全平台 · 全量 SKU · 2026-07-09,published
DJVN000040_3,"US AE 书柜 NT27 抽屉2个+空格 2件1箱小麻点款 二件一箱 颜色->#2,白色小麻点",ALL,TIKTOK,C,T4B,0.3505,0.1683,0.1683,10.87,5.22,5.22,7,0.2258,6 个月 · 全平台 · 全量 SKU · 2026-07-09,published
DJVN000040_3,"US AE 书柜 NT27 抽屉2个+空格 2件1箱小麻点款 二件一箱 颜色->#2,白色小麻点",ALL,UNKNOWN,C,T4B,1.1247,0.6047,0.6047,34.87,18.75,18.75,74,2.3871,6 个月 · 全平台 · 全量 SKU · 2026-07-09,published
DJVN000041_1,"US AE 书柜 NT28 抽屉2个+空格 2件1箱小麻点款 含RGB灯带 二件一箱 颜色->#3,灰木纹色麻点+灯",ALL,AMAZON,D,T99,0.0000,0.0000,0.0000,0.00,0.00,0.00,0,0.0000,6 个月 · 全平台 · 全量 SKU · 2026-07-09,published
DJVN000041_1,"US AE 书柜 NT28 抽屉2个+空格 2件1箱小麻点款 含RGB灯带 二件一箱 颜色->#3,灰木纹色麻点+灯",ALL,TIKTOK,D,T99,0.0000,0.0000,0.0000,0.00,0.00,0.00,0,0.0000,6 个月 · 全平台 · 全量 SKU · 2026-07-09,published
DJVN000041_1,"US AE 书柜 NT28 抽屉2个+空格 2件1箱小麻点款 含RGB灯带 二件一箱 颜色->#3,灰木纹色麻点+灯",ALL,WALMART,D,T99,0.0000,0.0000,0.0000,0.00,0.00,0.00,0,0.0000,6 个月 · 全平台 · 全量 SKU · 2026-07-09,published
DJVN000041_2,"US AE 书柜 NT28 抽屉2个+空格 2件1箱小麻点款 含RGB灯带 二件一箱 颜色->#1,黑色麻点+灯",ALL,AMAZON,D,T99,0.0000,0.0000,0.0000,0.00,0.00,0.00,0,0.0000,6 个月 · 全平台 · 全量 SKU · 2026-07-09,published
DJVN000041_2,"US AE 书柜 NT28 抽屉2个+空格 2件1箱小麻点款 含RGB灯带 二件一箱 颜色->#1,黑色麻点+灯",ALL,TIKTOK,D,T99,0.0000,0.0000,0.0000,0.00,0.00,0.00,0,0.0000,6 个月 · 全平台 · 全量 SKU · 2026-07-09,published
DJVN000041_3,"US AE 书柜 NT28 抽屉2个+空格 2件1箱小麻点款 含RGB灯带 二件一箱 颜色->#2,白色麻点+灯",ALL,TIKTOK,D,T99,0.0000,0.0000,0.0000,0.00,0.00,0.00,0,0.0000,6 个月 · 全平台 · 全量 SKU · 2026-07-09,published
DJVN000041_3,"US AE 书柜 NT28 抽屉2个+空格 2件1箱小麻点款 含RGB灯带 二件一箱 颜色->#2,白色麻点+灯",ALL,WALMART,D,T99,0.0000,0.0000,0.0000,0.00,0.00,0.00,0,0.0000,6 个月 · 全平台 · 全量 SKU · 2026-07-09,published
DJVN000047_3,US 错层4抽铁木单人L高桌 一件一箱 颜色->白色,ALL,AMAZON,D,T99,0.0000,0.0000,0.0000,0.00,0.00,0.00,0,0.0000,6 个月 · 全平台 · 全量 SKU · 2026-07-09,published
DJVN000047_3,US 错层4抽铁木单人L高桌 一件一箱 颜色->白色,ALL,TEMU,D,T99,0.0000,0.0000,0.0000,0.00,0.00,0.00,0,0.0000,6 个月 · 全平台 · 全量 SKU · 2026-07-09,published
DJVN000047_3,US 错层4抽铁木单人L高桌 一件一箱 颜色->白色,ALL,UNKNOWN,D,T99,0.0000,0.0000,0.0000,0.00,0.00,0.00,0,0.0000,6 个月 · 全平台 · 全量 SKU · 2026-07-09,published
DJVN000048_1,"US VD32 双开门智能镜梳妆台带七彩灯带镜子适配器 一件一箱 颜色->#1,原木色",ALL,UNKNOWN,C,T4B,0.2654,0.1427,0.1427,8.23,4.42,4.42,24,0.7742,6 个月 · 全平台 · 全量 SKU · 2026-07-09,published
DJVN000048_2,US VD32 双开门智能镜梳妆台带七彩灯带镜子适配器 一件一箱 颜色->白色,ALL,UNKNOWN,C,T4B,0.2179,0.1172,0.1172,6.75,3.63,3.63,21,0.6774,6 个月 · 全平台 · 全量 SKU · 2026-07-09,published
DJVN000056_1,US SD 1.7米X字三抽L桌 一件一箱 颜色 颜色->棕色,ALL,AMAZON,C,T4A,3.5476,1.6461,1.6461,109.98,51.03,51.03,14,0.4516,6 个月 · 全平台 · 全量 SKU · 2026-07-09,published
DJVN000056_1,US SD 1.7米X字三抽L桌 一件一箱 颜色 颜色->棕色,ALL,TIKTOK,C,T99,0.0000,0.0000,0.0000,0.00,0.00,0.00,0,0.0000,6 个月 · 全平台 · 全量 SKU · 2026-07-09,published
DJVN000056_1,US SD 1.7米X字三抽L桌 一件一箱 颜色 颜色->棕色,ALL,UNKNOWN,C,T4B,0.6931,0.2828,0.2828,21.49,8.77,8.77,10,0.3226,6 个月 · 全平台 · 全量 SKU · 2026-07-09,published
DJVN000056_2,US SD 1.7米X字三抽L桌 一件一箱 颜色 颜色->棕色（顶）+白,ALL,AMAZON,C,T3,5.6493,5.0844,5.0844,175.13,157.62,157.62,36,1.1613,6 个月 · 全平台 · 全量 SKU · 2026-07-09,published
DJVN000057_1,US SD 1.4米单人X字三抽电脑桌 一件一箱 颜色->棕色,ALL,AMAZON,C,T4A,2.5308,1.1743,1.1743,78.45,36.40,36.40,6,0.1935,6 个月 · 全平台 · 全量 SKU · 2026-07-09,published
DJVN000057_1,US SD 1.4米单人X字三抽电脑桌 一件一箱 颜色->棕色,ALL,UNKNOWN,C,T4B,0.6214,0.3162,0.3162,19.26,9.80,9.80,0,0.0000,6 个月 · 全平台 · 全量 SKU · 2026-07-09,published
DJVN000057_1,US SD 1.4米单人X字三抽电脑桌 一件一箱 颜色->棕色,ALL,WALMART,C,T4B,0.2203,0.1058,0.1058,6.83,3.28,3.28,0,0.0000,6 个月 · 全平台 · 全量 SKU · 2026-07-09,published
DJVN000057_2,US SD 1.4米单人X字三抽电脑桌 一件一箱 颜色->棕色（顶）+白,ALL,AMAZON,C,T3,4.9547,4.4593,4.4593,153.60,138.24,138.24,0,0.0000,6 个月 · 全平台 · 全量 SKU · 2026-07-09,published
DJVN000057_2,US SD 1.4米单人X字三抽电脑桌 一件一箱 颜色->棕色（顶）+白,ALL,TEMU,C,T99,0.0000,0.0000,0.0000,0.00,0.00,0.00,0,0.0000,6 个月 · 全平台 · 全量 SKU · 2026-07-09,published
DJVN000057_2,US SD 1.4米单人X字三抽电脑桌 一件一箱 颜色->棕色（顶）+白,ALL,TIKTOK,C,T99,0.0000,0.0000,0.0000,0.00,0.00,0.00,0,0.0000,6 个月 · 全平台 · 全量 SKU · 2026-07-09,published
DJVN000057_2,US SD 1.4米单人X字三抽电脑桌 一件一箱 颜色->棕色（顶）+白,ALL,UNKNOWN,C,T99,0.0000,0.0000,0.0000,0.00,0.00,0.00,0,0.0000,6 个月 · 全平台 · 全量 SKU · 2026-07-09,published
DJVN000057_2,US SD 1.4米单人X字三抽电脑桌 一件一箱 颜色->棕色（顶）+白,ALL,WALMART,C,T99,0.0000,0.0000,0.0000,0.00,0.00,0.00,0,0.0000,6 个月 · 全平台 · 全量 SKU · 2026-07-09,published
DJVN000057_3,US SD 1.4米单人X字三抽电脑桌 一件一箱 颜色->象牙灰,ALL,AMAZON,C,T4B,1.5878,0.7622,0.7622,49.22,23.63,23.63,35,1.1290,6 个月 · 全平台 · 全量 SKU · 2026-07-09,published
DJVN000057_3,US SD 1.4米单人X字三抽电脑桌 一件一箱 颜色->象牙灰,ALL,TEMU,C,T4B,0.5885,0.2825,0.2825,18.24,8.76,8.76,10,0.3226,6 个月 · 全平台 · 全量 SKU · 2026-07-09,published
DJVN000057_3,US SD 1.4米单人X字三抽电脑桌 一件一箱 颜色->象牙灰,ALL,UNKNOWN,C,T4B,0.2198,0.1055,0.1055,6.81,3.27,3.27,15,0.4839,6 个月 · 全平台 · 全量 SKU · 2026-07-09,published
DJVN000057_3,US SD 1.4米单人X字三抽电脑桌 一件一箱 颜色->象牙灰,ALL,WALMART,C,T4B,0.6060,0.2909,0.2909,18.79,9.02,9.02,33,1.0645,6 个月 · 全平台 · 全量 SKU · 2026-07-09,published
DJVN000059_1,US WIN 异形腿行政桌 一件一箱 颜色->山纹黑（DS6607）,ALL,AMAZON,C,T99,0.0000,0.0000,0.0000,0.00,0.00,0.00,0,0.0000,6 个月 · 全平台 · 全量 SKU · 2026-07-09,published
DJVN000059_1,US WIN 异形腿行政桌 一件一箱 颜色->山纹黑（DS6607）,ALL,TIKTOK,C,T99,0.0000,0.0000,0.0000,0.00,0.00,0.00,0,0.0000,6 个月 · 全平台 · 全量 SKU · 2026-07-09,published
DJVN000062_1,"US WIN 一抽一门接待桌 一件一箱 颜色->#1,胡桃木（E8034-2)+山纹黑（DS6607）",ALL,AMAZON,C,T4B,2.2786,1.2250,1.2250,70.64,37.98,37.98,109,3.5161,6 个月 · 全平台 · 全量 SKU · 2026-07-09,published
DJVN000062_1,"US WIN 一抽一门接待桌 一件一箱 颜色->#1,胡桃木（E8034-2)+山纹黑（DS6607）",ALL,TEMU,C,T4B,0.3143,0.1509,0.1509,9.74,4.68,4.68,18,0.5806,6 个月 · 全平台 · 全量 SKU · 2026-07-09,published
DJVN000062_1,"US WIN 一抽一门接待桌 一件一箱 颜色->#1,胡桃木（E8034-2)+山纹黑（DS6607）",ALL,TIKTOK,C,T99,0.0000,0.0000,0.0000,0.00,0.00,0.00,1,0.0323,6 个月 · 全平台 · 全量 SKU · 2026-07-09,published
DJVN000062_2,US WIN 一抽一门接待桌 一件一箱 颜色->山纹黑色（DS6607）,ALL,AMAZON,C,T4B,1.9126,1.0282,1.0282,59.29,31.87,31.87,15,0.4839,6 个月 · 全平台 · 全量 SKU · 2026-07-09,published
DJVN000063_1,"US WIN 三抽一层板接待桌 一件一箱 颜色->#1,胡桃木（E8034-2)+山纹黑（DS6607）",ALL,AMAZON,C,T4B,1.5061,0.7663,0.7663,46.69,23.76,23.76,119,3.8387,6 个月 · 全平台 · 全量 SKU · 2026-07-09,published
DJVN000063_1,"US WIN 三抽一层板接待桌 一件一箱 颜色->#1,胡桃木（E8034-2)+山纹黑（DS6607）",ALL,TEMU,C,T99,0.0000,0.0000,0.0000,0.00,0.00,0.00,7,0.2258,6 个月 · 全平台 · 全量 SKU · 2026-07-09,published
DJVN000063_2,US WIN 三抽一层板接待桌 一件一箱 颜色->山纹黑色（DS6607）,ALL,AMAZON,C,T4B,1.7126,0.9207,0.9207,53.09,28.54,28.54,32,1.0323,6 个月 · 全平台 · 全量 SKU · 2026-07-09,published
DJVN000063_2,US WIN 三抽一层板接待桌 一件一箱 颜色->山纹黑色（DS6607）,ALL,TEMU,C,T99,0.0000,0.0000,0.0000,0.00,0.00,0.00,1,0.0323,6 个月 · 全平台 · 全量 SKU · 2026-07-09,published
DJVN000064_1,US WIN 4合一拼合面板脚带洞洞行政办公桌 一件一箱 颜色->山纹黑（DS6607）,ALL,AMAZON,C,T4B,0.4342,0.2334,0.2334,13.46,7.24,7.24,45,1.4516,6 个月 · 全平台 · 全量 SKU · 2026-07-09,published
DJVN000064_2,US WIN 4合一拼合面板脚带洞洞行政办公桌 一件一箱 颜色->胡桃色(E8034-2),ALL,AMAZON,C,T4B,0.4830,0.2318,0.2318,14.97,7.19,7.19,47,1.5161,6 个月 · 全平台 · 全量 SKU · 2026-07-09,published
DJVN000064_2,US WIN 4合一拼合面板脚带洞洞行政办公桌 一件一箱 颜色->胡桃色(E8034-2),ALL,TEMU,C,T99,0.0000,0.0000,0.0000,0.00,0.00,0.00,1,0.0323,6 个月 · 全平台 · 全量 SKU · 2026-07-09,published
DJVN000064_2,US WIN 4合一拼合面板脚带洞洞行政办公桌 一件一箱 颜色->胡桃色(E8034-2),ALL,UNKNOWN,C,T99,0.0000,0.0000,0.0000,0.00,0.00,0.00,2,0.0645,6 个月 · 全平台 · 全量 SKU · 2026-07-09,published
DJVN000066_1,"US QZ 钢琴面两斗柜 一件一箱 ,原橡木色",ALL,AMAZON,C,T4B,1.2912,0.6942,0.6942,40.03,21.52,21.52,0,0.0000,6 个月 · 全平台 · 全量 SKU · 2026-07-09,published
DJVN000067_1,"US QZ 钢琴面一斗床头柜 -件一箱 尺码->#1,原橡木色",ALL,AMAZON,C,T4B,1.2379,0.6655,0.6655,38.37,20.63,20.63,21,0.6774,6 个月 · 全平台 · 全量 SKU · 2026-07-09,published
DJVN000067_1,"US QZ 钢琴面一斗床头柜 -件一箱 尺码->#1,原橡木色",ALL,TIKTOK,C,T99,0.0000,0.0000,0.0000,0.00,0.00,0.00,0,0.0000,6 个月 · 全平台 · 全量 SKU · 2026-07-09,published
DJVN000067_2,"US QZ 钢琴面一斗床头柜 -件一箱 尺码->#2,黑胡桃色",ALL,AMAZON,C,T4B,1.0473,0.5630,0.5630,32.47,17.45,17.45,49,1.5806,6 个月 · 全平台 · 全量 SKU · 2026-07-09,published
DJVN000067_2,"US QZ 钢琴面一斗床头柜 -件一箱 尺码->#2,黑胡桃色",ALL,TIKTOK,C,T99,0.0000,0.0000,0.0000,0.00,0.00,0.00,0,0.0000,6 个月 · 全平台 · 全量 SKU · 2026-07-09,published
DJVN000071_1,"US QZ 钢琴面六斗柜 -件一箱 尺码->#1,原橡木色",ALL,AMAZON,C,T4B,0.9604,0.5163,0.5163,29.77,16.01,16.01,0,0.0000,6 个月 · 全平台 · 全量 SKU · 2026-07-09,published
DJVN000071_1,"US QZ 钢琴面六斗柜 -件一箱 尺码->#1,原橡木色",ALL,TIKTOK,C,T99,0.0000,0.0000,0.0000,0.00,0.00,0.00,0,0.0000,6 个月 · 全平台 · 全量 SKU · 2026-07-09,published
DJVN000071_2,"US QZ 钢琴面六斗柜 -件一箱 尺码->#2,黑胡桃色",ALL,AMAZON,C,T4B,0.9412,0.5060,0.5060,29.18,15.69,15.69,18,0.5806,6 个月 · 全平台 · 全量 SKU · 2026-07-09,published
DJVN000072_1,US 16寸现代简约洗手台 一件一箱 颜色->白色麻面(DS6610-D),ALL,AMAZON,D,T4B,1.4489,0.7789,0.7789,44.92,24.15,24.15,0,0.0000,6 个月 · 全平台 · 全量 SKU · 2026-07-09,published
DJVN000072_1,US 16寸现代简约洗手台 一件一箱 颜色->白色麻面(DS6610-D),ALL,TEMU,D,T4B,0.3286,0.1577,0.1577,10.19,4.89,4.89,0,0.0000,6 个月 · 全平台 · 全量 SKU · 2026-07-09,published
DJVN000073_1,US 31寸现代简约洗手台 一件一箱 颜色->黑色麻面(DS6607-D),ALL,AMAZON,C,T4B,1.6324,0.7836,0.7836,50.60,24.29,24.29,68,2.1935,6 个月 · 全平台 · 全量 SKU · 2026-07-09,published
DJVN000074_1,US 25寸现代简约洗手台 一件一箱 颜色->白色麻面(DS6610-D),ALL,TEMU,D,T99,0.0000,0.0000,0.0000,0.00,0.00,0.00,0,0.0000,6 个月 · 全平台 · 全量 SKU · 2026-07-09,published
DJVN000076_1,"US QZ 钢琴面五斗柜 -件一箱 尺码->#1,原橡木色",ALL,AMAZON,C,T4B,0.6451,0.3468,0.3468,20.00,10.75,10.75,12,0.3871,6 个月 · 全平台 · 全量 SKU · 2026-07-09,published
DJVN000076_2,"US QZ 钢琴面五斗柜 -件一箱 尺码->#2,黑胡桃色",ALL,AMAZON,C,T4B,0.7440,0.4000,0.4000,23.06,12.40,12.40,12,0.3871,6 个月 · 全平台 · 全量 SKU · 2026-07-09,published
DJVN000076_2,"US QZ 钢琴面五斗柜 -件一箱 尺码->#2,黑胡桃色",ALL,TIKTOK,C,T99,0.0000,0.0000,0.0000,0.00,0.00,0.00,0,0.0000,6 个月 · 全平台 · 全量 SKU · 2026-07-09,published
DJVN000077_2,US 70cm深桌面洞洞板L游戏桌 一件一箱 颜色->白麻,ALL,UNKNOWN,C,T99,0.0000,0.0000,0.0000,0.00,0.00,0.00,0,0.0000,6 个月 · 全平台 · 全量 SKU · 2026-07-09,published
DJVN000077_2,US 70cm深桌面洞洞板L游戏桌 一件一箱 颜色->白麻,ALL,WALMART,C,T99,0.0000,0.0000,0.0000,0.00,0.00,0.00,0,0.0000,6 个月 · 全平台 · 全量 SKU · 2026-07-09,published
DJVN000078_2,US 户外基础款3 piece patio set 一件一箱 颜色->天蓝色,ALL,UNKNOWN,C,T99,0.0000,0.0000,0.0000,0.00,0.00,0.00,1,0.0323,6 个月 · 全平台 · 全量 SKU · 2026-07-09,published
DJVN000079_1,US 户外实木升级款3 piece patio set 一件两箱 米白色 颜色->米白,ALL,AMAZON,C,T4B,0.4143,0.1989,0.1989,12.84,6.17,6.17,22,0.7097,6 个月 · 全平台 · 全量 SKU · 2026-07-09,published
DJVN000080_1,"US WIN 两抽沙发桌 颜色->#2,原木色DS66122 一件一箱",ALL,AMAZON,D,T4B,1.0456,0.5621,0.5621,32.41,17.43,17.43,23,0.7419,6 个月 · 全平台 · 全量 SKU · 2026-07-09,published
DJVN000080_1,"US WIN 两抽沙发桌 颜色->#2,原木色DS66122 一件一箱",ALL,TEMU,D,T99,0.0000,0.0000,0.0000,0.00,0.00,0.00,1,0.0323,6 个月 · 全平台 · 全量 SKU · 2026-07-09,published
DJVN000081_1,US WIN L型板式斜腿滑动门行政桌 一件二箱 颜色->山纹黑(DS6607),ALL,AMAZON,C,T4B,1.3335,0.6401,0.6401,41.34,19.84,19.84,0,0.0000,6 个月 · 全平台 · 全量 SKU · 2026-07-09,published
DJVN000081_1,US WIN L型板式斜腿滑动门行政桌 一件二箱 颜色->山纹黑(DS6607),ALL,TEMU,C,T99,0.0000,0.0000,0.0000,0.00,0.00,0.00,0,0.0000,6 个月 · 全平台 · 全量 SKU · 2026-07-09,published
DJVN000081_1,US WIN L型板式斜腿滑动门行政桌 一件二箱 颜色->山纹黑(DS6607),ALL,TIKTOK,C,T99,0.0000,0.0000,0.0000,0.00,0.00,0.00,0,0.0000,6 个月 · 全平台 · 全量 SKU · 2026-07-09,published
DJVN000082_1,US WIN L型八字脚铁木行政桌 一件两箱 颜色->山纹黑(DS6607),ALL,AMAZON,C,T4B,0.6170,0.3317,0.3317,19.13,10.28,10.28,83,2.6774,6 个月 · 全平台 · 全量 SKU · 2026-07-09,published
DJVN000082_1,US WIN L型八字脚铁木行政桌 一件两箱 颜色->山纹黑(DS6607),ALL,TEMU,C,T99,0.0000,0.0000,0.0000,0.00,0.00,0.00,0,0.0000,6 个月 · 全平台 · 全量 SKU · 2026-07-09,published
DJVN000082_1,US WIN L型八字脚铁木行政桌 一件两箱 颜色->山纹黑(DS6607),ALL,UNKNOWN,C,T99,0.0000,0.0000,0.0000,0.00,0.00,0.00,1,0.0323,6 个月 · 全平台 · 全量 SKU · 2026-07-09,published
DJVN000083_1,US WIN L型U字腿铁木行政桌 一件两箱 颜色->山纹黑(DS6607),ALL,AMAZON,D,T4B,0.9126,0.4643,0.4643,28.29,14.39,14.39,0,0.0000,6 个月 · 全平台 · 全量 SKU · 2026-07-09,published
DJVN000083_1,US WIN L型U字腿铁木行政桌 一件两箱 颜色->山纹黑(DS6607),ALL,TEMU,D,T99,0.0000,0.0000,0.0000,0.00,0.00,0.00,0,0.0000,6 个月 · 全平台 · 全量 SKU · 2026-07-09,published
DJVN000083_1,US WIN L型U字腿铁木行政桌 一件两箱 颜色->山纹黑(DS6607),ALL,TIKTOK,D,T99,0.0000,0.0000,0.0000,0.00,0.00,0.00,0,0.0000,6 个月 · 全平台 · 全量 SKU · 2026-07-09,published
DJVN000083_1,US WIN L型U字腿铁木行政桌 一件两箱 颜色->山纹黑(DS6607),ALL,UNKNOWN,D,T99,0.0000,0.0000,0.0000,0.00,0.00,0.00,0,0.0000,6 个月 · 全平台 · 全量 SKU · 2026-07-09,published
DJVN000084_1,US WIN 37寸现代简约洗手台 一件二箱 颜色-白色光面(RX6603),ALL,AMAZON,C,T4B,0.5857,0.2980,0.2980,18.16,9.24,9.24,24,0.7742,6 个月 · 全平台 · 全量 SKU · 2026-07-09,published
DJVN000084_1,US WIN 37寸现代简约洗手台 一件二箱 颜色-白色光面(RX6603),ALL,TEMU,C,T99,0.0000,0.0000,0.0000,0.00,0.00,0.00,11,0.3548,6 个月 · 全平台 · 全量 SKU · 2026-07-09,published
DJVN000084_2,US WIN 37寸现代简约洗手台 一件二箱 颜色->黑色光面(DS6607),ALL,AMAZON,D,T4B,0.4176,0.1704,0.1704,12.95,5.28,5.28,0,0.0000,6 个月 · 全平台 · 全量 SKU · 2026-07-09,published
DJVN000085_1,"US WIN L型铁配木马桶架 一件一箱 颜色->,山纹黑(DS6607)",ALL,AMAZON,D,T4B,0.7462,0.3044,0.3044,23.13,9.44,9.44,23,0.7419,6 个月 · 全平台 · 全量 SKU · 2026-07-09,published
DJVN000086_1,"US WIN 大柜子铁配木马桶架 一件一箱 颜色->#3,原木色(DS6650-L02)",ALL,AMAZON,D,T4B,0.8632,0.3522,0.3522,26.76,10.92,10.92,69,2.2258,6 个月 · 全平台 · 全量 SKU · 2026-07-09,published
DJVN000086_1,"US WIN 大柜子铁配木马桶架 一件一箱 颜色->#3,原木色(DS6650-L02)",ALL,TEMU,D,T99,0.0000,0.0000,0.0000,0.00,0.00,0.00,0,0.0000,6 个月 · 全平台 · 全量 SKU · 2026-07-09,published
DJVN000086_2,US WIN 大柜子铁配木马桶架 一件一箱 颜色->麻面黑色(DS6607-D),ALL,AMAZON,D,T4B,0.8725,0.4188,0.4188,27.05,12.98,12.98,48,1.5484,6 个月 · 全平台 · 全量 SKU · 2026-07-09,published
DJVN000087_2,US WIN 三七分铁配木马桶架 一件一箱 颜色->黑色麻面(DS6607-D),ALL,AMAZON,D,T4B,0.8082,0.3880,0.3880,25.05,12.03,12.03,47,1.5161,6 个月 · 全平台 · 全量 SKU · 2026-07-09,published
DJVN000087_2,US WIN 三七分铁配木马桶架 一件一箱 颜色->黑色麻面(DS6607-D),ALL,TIKTOK,D,T99,0.0000,0.0000,0.0000,0.00,0.00,0.00,1,0.0323,6 个月 · 全平台 · 全量 SKU · 2026-07-09,published
DJVN000088_1,"US WIN L型带侧架马桶架 颜色->黑色,山纹黑一件一箱",ALL,AMAZON,D,T99,0.0000,0.0000,0.0000,0.00,0.00,0.00,66,2.1290,6 个月 · 全平台 · 全量 SKU · 2026-07-09,published
DJVN000090_1,US 双人摇摇椅rocking chair 一件一箱 天蓝色 颜色->天蓝色,ALL,TIKTOK,C,T99,0.0000,0.0000,0.0000,0.00,0.00,0.00,1,0.0323,6 个月 · 全平台 · 全量 SKU · 2026-07-09,published
DJVN000090_2,US 双人摇摇椅rocking chair 一件一箱  颜色->浅灰色,ALL,UNKNOWN,C,T99,0.0000,0.0000,0.0000,0.00,0.00,0.00,0,0.0000,6 个月 · 全平台 · 全量 SKU · 2026-07-09,published
DJVN000091_1,"US WIN 半工字型铁腿行政桌 一件两箱 颜色->#2,棕色：R13064K",ALL,AMAZON,C,T4B,1.1330,0.6091,0.6091,35.12,18.88,18.88,27,0.8710,6 个月 · 全平台 · 全量 SKU · 2026-07-09,published
DJVN000092_1,"US WIN 空心板腿沙发桌 一件一箱 颜色->#2,原木色：大通/元素DS66122",ALL,AMAZON,D,T4B,1.0137,0.5450,0.5450,31.42,16.90,16.90,80,2.5806,6 个月 · 全平台 · 全量 SKU · 2026-07-09,published
DJVN000092_2,US WIN 空心板腿沙发桌 一件一箱 颜色->棕色 元素DS66121,ALL,AMAZON,D,T4B,1.1401,0.6129,0.6129,35.34,19.00,19.00,50,1.6129,6 个月 · 全平台 · 全量 SKU · 2026-07-09,published
DJVN000092_2,US WIN 空心板腿沙发桌 一件一箱 颜色->棕色 元素DS66121,ALL,TEMU,D,T99,0.0000,0.0000,0.0000,0.00,0.00,0.00,0,0.0000,6 个月 · 全平台 · 全量 SKU · 2026-07-09,published
DJVN000092_2,US WIN 空心板腿沙发桌 一件一箱 颜色->棕色 元素DS66121,ALL,UNKNOWN,D,T99,0.0000,0.0000,0.0000,0.00,0.00,0.00,0,0.0000,6 个月 · 全平台 · 全量 SKU · 2026-07-09,published
DJVN000093_1,"US WIN 3层假厚板沙发桌 一件一箱 颜色->#2,原木色:大通/元素DS66122",ALL,AMAZON,D,T4B,0.3604,0.1938,0.1938,11.17,6.01,6.01,55,1.7742,6 个月 · 全平台 · 全量 SKU · 2026-07-09,published
DJVN000093_1,"US WIN 3层假厚板沙发桌 一件一箱 颜色->#2,原木色:大通/元素DS66122",ALL,TEMU,D,T99,0.0000,0.0000,0.0000,0.00,0.00,0.00,0,0.0000,6 个月 · 全平台 · 全量 SKU · 2026-07-09,published
DJVN000094_1,US WIN 侧柱圆弧行政桌 一件两箱 颜色>棕色R13064K,ALL,AMAZON,C,T99,0.0000,0.0000,0.0000,0.00,0.00,0.00,37,1.1935,6 个月 · 全平台 · 全量 SKU · 2026-07-09,published
DJVN000095_2,"US QZ 四门餐边柜，单色灯带，带插座。一件一箱 ,黑胡桃木",ALL,AMAZON,D,T4B,0.6995,0.3357,0.3357,21.68,10.41,10.41,13,0.4194,6 个月 · 全平台 · 全量 SKU · 2026-07-09,published
DJVN000097_1,"US WIN 独立柜马桶架 一件一箱 颜色->#2,浮雕大山纹白",ALL,AMAZON,D,T4B,1.2725,0.6108,0.6108,39.45,18.93,18.93,31,1.0000,6 个月 · 全平台 · 全量 SKU · 2026-07-09,published
DJVN000097_1,"US WIN 独立柜马桶架 一件一箱 颜色->#2,浮雕大山纹白",ALL,UNKNOWN,D,T99,0.0000,0.0000,0.0000,0.00,0.00,0.00,4,0.1290,6 个月 · 全平台 · 全量 SKU · 2026-07-09,published
DJVN000097_2,"US WIN 独立柜马桶架 一件一箱 颜色->黑色,浮雕大山纹黑",ALL,AMAZON,D,T4B,0.9764,0.4968,0.4968,30.27,15.40,15.40,6,0.1935,6 个月 · 全平台 · 全量 SKU · 2026-07-09,published
DJVN000098_1,"US WIN 小款式马桶架 一件一箱 颜色->#2,浮雕大山纹白",ALL,AMAZON,D,T4B,1.1780,0.6333,0.6333,36.52,19.63,19.63,57,1.8387,6 个月 · 全平台 · 全量 SKU · 2026-07-09,published
DJVN000099_1,"US WIN 窄款浴室柜 一件一箱 颜色->#2,浮雕大山纹白-大通元素DS6610",ALL,AMAZON,D,T4B,1.1154,0.4551,0.4551,34.58,14.11,14.11,0,0.0000,6 个月 · 全平台 · 全量 SKU · 2026-07-09,published
DJVN000100_1,"US QZ 两抽条纹床头柜，带插座，灯带，原木色，一件一箱 ,原木色",ALL,AMAZON,D,T99,0.0000,0.0000,0.0000,0.00,0.00,0.00,0,0.0000,6 个月 · 全平台 · 全量 SKU · 2026-07-09,published
DJVN000100_1,"US QZ 两抽条纹床头柜，带插座，灯带，原木色，一件一箱 ,原木色",ALL,UNKNOWN,D,T99,0.0000,0.0000,0.0000,0.00,0.00,0.00,0,0.0000,6 个月 · 全平台 · 全量 SKU · 2026-07-09,published
DJVN000101_1,"US QZ 条纹四门餐边柜，三个抽屉，一件一箱 ,原木色",ALL,AMAZON,D,T4B,1.1808,0.6348,0.6348,36.60,19.68,19.68,56,1.8065,6 个月 · 全平台 · 全量 SKU · 2026-07-09,published
DJVN000101_1,"US QZ 条纹四门餐边柜，三个抽屉，一件一箱 ,原木色",ALL,TEMU,D,T4B,0.1571,0.0754,0.0754,4.87,2.34,2.34,8,0.2581,6 个月 · 全平台 · 全量 SKU · 2026-07-09,published
DJVN000101_1,"US QZ 条纹四门餐边柜，三个抽屉，一件一箱 ,原木色",ALL,TIKTOK,D,T99,0.0000,0.0000,0.0000,0.00,0.00,0.00,1,0.0323,6 个月 · 全平台 · 全量 SKU · 2026-07-09,published
DJVN000102_1,"US QZ 农舍风六抽斗柜，加长款，一件一箱 ,黄胡桃加云溪白",ALL,AMAZON,D,T4B,1.4995,0.8061,0.8061,46.48,24.99,24.99,0,0.0000,6 个月 · 全平台 · 全量 SKU · 2026-07-09,published
DJVN000102_1,"US QZ 农舍风六抽斗柜，加长款，一件一箱 ,黄胡桃加云溪白",ALL,TIKTOK,D,T99,0.0000,0.0000,0.0000,0.00,0.00,0.00,0,0.0000,6 个月 · 全平台 · 全量 SKU · 2026-07-09,published
DJVN000102_2,"US QZ 农舍风六抽斗柜，加长款，一件一箱 ,灰橡木",ALL,AMAZON,D,T4B,0.7566,0.4067,0.4067,23.45,12.61,12.61,0,0.0000,6 个月 · 全平台 · 全量 SKU · 2026-07-09,published
DJVN000103_1,"US QZ 农舍风五抽斗柜，一件一箱 ,黄胡桃加云溪白",ALL,AMAZON,D,T4B,1.2648,0.6800,0.6800,39.21,21.08,21.08,14,0.4516,6 个月 · 全平台 · 全量 SKU · 2026-07-09,published
DJVN000103_1,"US QZ 农舍风五抽斗柜，一件一箱 ,黄胡桃加云溪白",ALL,TIKTOK,D,T99,0.0000,0.0000,0.0000,0.00,0.00,0.00,0,0.0000,6 个月 · 全平台 · 全量 SKU · 2026-07-09,published
DJVN000103_2,"US QZ 农舍风五抽斗柜，一件一箱 ,灰橡木",ALL,AMAZON,D,T4B,0.8989,0.4832,0.4832,27.87,14.98,14.98,0,0.0000,6 个月 · 全平台 · 全量 SKU · 2026-07-09,published
DJVN000104_1,"US QZ 农舍风六抽斗柜，常规款，一件一箱 ,黄胡桃加云溪白",ALL,AMAZON,D,T4B,1.4011,0.7532,0.7532,43.43,23.35,23.35,0,0.0000,6 个月 · 全平台 · 全量 SKU · 2026-07-09,published
DJVN000104_1,"US QZ 农舍风六抽斗柜，常规款，一件一箱 ,黄胡桃加云溪白",ALL,UNKNOWN,D,T99,0.0000,0.0000,0.0000,0.00,0.00,0.00,0,0.0000,6 个月 · 全平台 · 全量 SKU · 2026-07-09,published
DJVN000105_1,"US QZ 农舍风一抽床头柜，带插座，一件一箱,黄胡桃加云溪白",ALL,AMAZON,D,T4B,1.2626,0.6788,0.6788,39.14,21.04,21.04,26,0.8387,6 个月 · 全平台 · 全量 SKU · 2026-07-09,published
DJVN000106_1,"US QZ 农舍风二抽床头柜，带插座，一件一箱,黄胡桃加云溪白",ALL,TEMU,D,T99,0.0000,0.0000,0.0000,0.00,0.00,0.00,0,0.0000,6 个月 · 全平台 · 全量 SKU · 2026-07-09,published
DJVN000106_1,"US QZ 农舍风二抽床头柜，带插座，一件一箱,黄胡桃加云溪白",ALL,UNKNOWN,D,T99,0.0000,0.0000,0.0000,0.00,0.00,0.00,0,0.0000,6 个月 · 全平台 · 全量 SKU · 2026-07-09,published
DJVN000106_2,"US QZ 农舍风二抽床头柜，带插座，一件一箱 ,灰橡木",ALL,AMAZON,D,T99,0.0000,0.0000,0.0000,0.00,0.00,0.00,0,0.0000,6 个月 · 全平台 · 全量 SKU · 2026-07-09,published
DJVN000107_1,US WIN 农舍风三抽沙发桌120cm 一件一箱 颜色-玛莎深胡桃PS516001/农舍白PS183001,ALL,TIKTOK,D,T99,0.0000,0.0000,0.0000,0.00,0.00,0.00,0,0.0000,6 个月 · 全平台 · 全量 SKU · 2026-07-09,published
DJVN000108_1,US WIN 农舍风三抽沙发桌140cm 一件一箱 颜色玛莎深胡桃PS516001/农舍白PS183001,ALL,AMAZON,D,T99,0.0000,0.0000,0.0000,0.00,0.00,0.00,44,1.4194,6 个月 · 全平台 · 全量 SKU · 2026-07-09,published
DJVN000109_1,"US WIN 银色悬浮行政桌 一件两箱 颜色->#2,浮雕山纹黑",ALL,AMAZON,C,T4B,0.8038,0.4321,0.4321,24.92,13.40,13.40,59,1.9032,6 个月 · 全平台 · 全量 SKU · 2026-07-09,published
DJVN000109_1,"US WIN 银色悬浮行政桌 一件两箱 颜色->#2,浮雕山纹黑",ALL,TIKTOK,C,T99,0.0000,0.0000,0.0000,0.00,0.00,0.00,2,0.0645,6 个月 · 全平台 · 全量 SKU · 2026-07-09,published
DJVN000109_1,"US WIN 银色悬浮行政桌 一件两箱 颜色->#2,浮雕山纹黑",ALL,UNKNOWN,C,T99,0.0000,0.0000,0.0000,0.00,0.00,0.00,1,0.0323,6 个月 · 全平台 · 全量 SKU · 2026-07-09,published
DJVN000110_1,"US WIN 八字胡书柜 一件两箱 颜色->#2,浮雕山纹黑",ALL,AMAZON,D,T4B,0.5819,0.3128,0.3128,18.04,9.70,9.70,95,3.0645,6 个月 · 全平台 · 全量 SKU · 2026-07-09,published
DJVN000110_1,"US WIN 八字胡书柜 一件两箱 颜色->#2,浮雕山纹黑",ALL,TEMU,D,T99,0.0000,0.0000,0.0000,0.00,0.00,0.00,0,0.0000,6 个月 · 全平台 · 全量 SKU · 2026-07-09,published
DJVN000111_1,"US WIN 八字胡储藏柜-玻璃门款 一件两箱 颜色->#2,浮雕山纹原木色: Joyful: J8130-7V 3DPM7",ALL,AMAZON,D,T99,0.0000,0.0000,0.0000,0.00,0.00,0.00,21,0.6774,6 个月 · 全平台 · 全量 SKU · 2026-07-09,published
DJVN000111_1,"US WIN 八字胡储藏柜-玻璃门款 一件两箱 颜色->#2,浮雕山纹原木色: Joyful: J8130-7V 3DPM7",ALL,TEMU,D,T99,0.0000,0.0000,0.0000,0.00,0.00,0.00,32,1.0323,6 个月 · 全平台 · 全量 SKU · 2026-07-09,published
DJVN000112_1,"US WIN 八字胡储藏柜-木门款 一件两箱 颜色->#2,Joyful: 原木色J8130-7V 3DPM7",ALL,TEMU,D,T99,0.0000,0.0000,0.0000,0.00,0.00,0.00,28,0.9032,6 个月 · 全平台 · 全量 SKU · 2026-07-09,published
DJVN000113_1,"US WIN 160cm四拱形沙发桌 一件一箱 颜色->#2,浮雕山纹黑",ALL,TIKTOK,D,T99,0.0000,0.0000,0.0000,0.00,0.00,0.00,0,0.0000,6 个月 · 全平台 · 全量 SKU · 2026-07-09,published
DJVN000114_1,"US WIN 180cm四拱形沙发桌 一件一箱 颜色->#2,浮雕山纹黑",ALL,AMAZON,D,T4B,0.6560,0.3527,0.3527,20.34,10.93,10.93,45,1.4516,6 个月 · 全平台 · 全量 SKU · 2026-07-09,published
DJVN000114_1,"US WIN 180cm四拱形沙发桌 一件一箱 颜色->#2,浮雕山纹黑",ALL,TEMU,D,T99,0.0000,0.0000,0.0000,0.00,0.00,0.00,9,0.2903,6 个月 · 全平台 · 全量 SKU · 2026-07-09,published
DJVN000115_1,US QZ 24寸洗手台，两门一抽，白色水曲柳，一件一箱,ALL,AMAZON,D,T4B,1.4544,0.7819,0.7819,45.09,24.24,24.24,42,1.3548,6 个月 · 全平台 · 全量 SKU · 2026-07-09,published
DJVN000115_1,US QZ 24寸洗手台，两门一抽，白色水曲柳，一件一箱,ALL,TEMU,D,T99,0.0000,0.0000,0.0000,0.00,0.00,0.00,9,0.2903,6 个月 · 全平台 · 全量 SKU · 2026-07-09,published
DJVN000116_1,"US QZ 30寸洗手台，两门三抽，一件一箱 ,白水曲柳",ALL,AMAZON,D,T4B,1.5808,0.8498,0.8498,49.00,26.34,26.34,33,1.0645,6 个月 · 全平台 · 全量 SKU · 2026-07-09,published
DJVN000119_1,"USAE FQ-NT27 抽屉2个+1空格床头柜 不超22kg 二件一箱 颜色->#1,黑色麻面",ALL,AMAZON,C,T99,0.0000,0.0000,0.0000,0.00,0.00,0.00,187,6.0323,6 个月 · 全平台 · 全量 SKU · 2026-07-09,published
DJVN000119_1,"USAE FQ-NT27 抽屉2个+1空格床头柜 不超22kg 二件一箱 颜色->#1,黑色麻面",ALL,WALMART,C,T99,0.0000,0.0000,0.0000,0.00,0.00,0.00,2,0.0645,6 个月 · 全平台 · 全量 SKU · 2026-07-09,published
DJVN000119_3,"USAE FQ-NT27 抽屉2个+1空格床头柜 不超22kg 二件一箱 颜色->#3,灰木纹色麻面",ALL,AMAZON,C,T99,0.0000,0.0000,0.0000,0.00,0.00,0.00,111,3.5806,6 个月 · 全平台 · 全量 SKU · 2026-07-09,published
DJVN000119_3,"USAE FQ-NT27 抽屉2个+1空格床头柜 不超22kg 二件一箱 颜色->#3,灰木纹色麻面",ALL,TEMU,C,T99,0.0000,0.0000,0.0000,0.00,0.00,0.00,7,0.2258,6 个月 · 全平台 · 全量 SKU · 2026-07-09,published
DJVN000119_3,"USAE FQ-NT27 抽屉2个+1空格床头柜 不超22kg 二件一箱 颜色->#3,灰木纹色麻面",ALL,UNKNOWN,C,T99,0.0000,0.0000,0.0000,0.00,0.00,0.00,115,3.7097,6 个月 · 全平台 · 全量 SKU · 2026-07-09,published
DJVN000119_3,"USAE FQ-NT27 抽屉2个+1空格床头柜 不超22kg 二件一箱 颜色->#3,灰木纹色麻面",ALL,WALMART,C,T99,0.0000,0.0000,0.0000,0.00,0.00,0.00,7,0.2258,6 个月 · 全平台 · 全量 SKU · 2026-07-09,published
DJVN000120_1,"USAE FQ-NT28 抽屉2个+1空格小麻点款不超22kg 含RGB灯带 二件一箱 颜色->#1,黑色麻面",ALL,AMAZON,C,T4B,0.8214,0.3943,0.3943,25.46,12.22,12.22,84,2.7097,6 个月 · 全平台 · 全量 SKU · 2026-07-09,published
DJVN000120_1,"USAE FQ-NT28 抽屉2个+1空格小麻点款不超22kg 含RGB灯带 二件一箱 颜色->#1,黑色麻面",ALL,TIKTOK,C,T99,0.0000,0.0000,0.0000,0.00,0.00,0.00,2,0.0645,6 个月 · 全平台 · 全量 SKU · 2026-07-09,published
DJVN000120_1,"USAE FQ-NT28 抽屉2个+1空格小麻点款不超22kg 含RGB灯带 二件一箱 颜色->#1,黑色麻面",ALL,WALMART,C,T99,0.0000,0.0000,0.0000,0.00,0.00,0.00,1,0.0323,6 个月 · 全平台 · 全量 SKU · 2026-07-09,published
DJVN000120_3,"USAE FQ-NT28 抽屉2个+1空格小麻点款不超22kg 含RGB灯带 二件一箱 颜色->#3,灰木纹色麻面",ALL,AMAZON,C,T4B,0.7429,0.3566,0.3566,23.03,11.05,11.05,81,2.6129,6 个月 · 全平台 · 全量 SKU · 2026-07-09,published
DJVN000120_3,"USAE FQ-NT28 抽屉2个+1空格小麻点款不超22kg 含RGB灯带 二件一箱 颜色->#3,灰木纹色麻面",ALL,TIKTOK,C,T99,0.0000,0.0000,0.0000,0.00,0.00,0.00,9,0.2903,6 个月 · 全平台 · 全量 SKU · 2026-07-09,published
DJVN000121_1,"US WIN 八字胡墙柜异形门款 一件一箱 ->#2,浮雕山纹黑",ALL,AMAZON,D,T4B,0.6456,0.3471,0.3471,20.01,10.76,10.76,87,2.8065,6 个月 · 全平台 · 全量 SKU · 2026-07-09,published
DJVN000121_2,US WIN 八字胡墙柜异形门款 一件一箱 ->#2原木色: 吉福Joyful-J8130-7V 3DPM7,ALL,AMAZON,D,T4B,0.4209,0.2263,0.2263,13.05,7.02,7.02,63,2.0323,6 个月 · 全平台 · 全量 SKU · 2026-07-09,published
DJVN000122_1,US WIN 150CM实木腿行政桌 一件两箱 颜色-棕色大通R13064K,ALL,AMAZON,C,T99,0.0000,0.0000,0.0000,0.00,0.00,0.00,69,2.2258,6 个月 · 全平台 · 全量 SKU · 2026-07-09,published
DJVN000124_1,"US 升降方形咖啡桌 带轮子 一件一箱 尺码->#10,原木色",ALL,AMAZON,C,T4B,0.6253,0.3361,0.3361,19.38,10.42,10.42,122,3.9355,6 个月 · 全平台 · 全量 SKU · 2026-07-09,published
DJVN000125_1,"US 方形咖啡桌带灯带 一件一箱 深胡桃 尺码->#12,胡桃木色",ALL,AMAZON,C,T4B,0.2962,0.1592,0.1592,9.18,4.94,4.94,60,1.9355,6 个月 · 全平台 · 全量 SKU · 2026-07-09,published
DJVN000125_1,"US 方形咖啡桌带灯带 一件一箱 深胡桃 尺码->#12,胡桃木色",ALL,TIKTOK,C,T99,0.0000,0.0000,0.0000,0.00,0.00,0.00,11,0.3548,6 个月 · 全平台 · 全量 SKU · 2026-07-09,published
DJVN000127_1,"US QZ 藤编一抽床头柜，带插座，一件一箱 尺码->#1,灰橡木",ALL,AMAZON,D,T4B,1.4676,0.7890,0.7890,45.50,24.46,24.46,61,1.9677,6 个月 · 全平台 · 全量 SKU · 2026-07-09,published
DJVN000128_1,"US QZ 藤编两抽床头柜，带插座，一件一箱 尺码->#1,灰橡木",ALL,AMAZON,D,T4B,2.1560,1.1591,1.1591,66.84,35.93,35.93,0,0.0000,6 个月 · 全平台 · 全量 SKU · 2026-07-09,published
DJVN000128_1,"US QZ 藤编两抽床头柜，带插座，一件一箱 尺码->#1,灰橡木",ALL,TEMU,D,T99,0.0000,0.0000,0.0000,0.00,0.00,0.00,0,0.0000,6 个月 · 全平台 · 全量 SKU · 2026-07-09,published
DJVN000128_1,"US QZ 藤编两抽床头柜，带插座，一件一箱 尺码->#1,灰橡木",ALL,TIKTOK,D,T99,0.0000,0.0000,0.0000,0.00,0.00,0.00,0,0.0000,6 个月 · 全平台 · 全量 SKU · 2026-07-09,published
DJVN000129_1,"US QZ 藤编五抽斗柜，一件一箱 尺码->#1,灰橡木",ALL,AMAZON,D,T4B,0.8775,0.4717,0.4717,27.20,14.62,14.62,28,0.9032,6 个月 · 全平台 · 全量 SKU · 2026-07-09,published
DJVN000130_1,"US QZ 藤编六抽斗柜，一件一箱 尺码->#1,灰橡木",ALL,AMAZON,D,T4B,1.3099,0.7042,0.7042,40.61,21.83,21.83,24,0.7742,6 个月 · 全平台 · 全量 SKU · 2026-07-09,published
DJVN000130_1,"US QZ 藤编六抽斗柜，一件一箱 尺码->#1,灰橡木",ALL,TIKTOK,D,T99,0.0000,0.0000,0.0000,0.00,0.00,0.00,3,0.0968,6 个月 · 全平台 · 全量 SKU · 2026-07-09,published
DJVN000131_1,"US 压缩沙发三人位 一件两箱 尺码->#12,灰色",ALL,AMAZON,C,T99,0.0000,0.0000,0.0000,0.00,0.00,0.00,1,0.0323,6 个月 · 全平台 · 全量 SKU · 2026-07-09,published
DJVN000131_1,"US 压缩沙发三人位 一件两箱 尺码->#12,灰色",ALL,TIKTOK,C,T99,0.0000,0.0000,0.0000,0.00,0.00,0.00,0,0.0000,6 个月 · 全平台 · 全量 SKU · 2026-07-09,published
DJVN000132_1,"US QZ 农舍风两门马桶架，带推车，带灯带，一件一箱 尺码->#1,黄胡桃+白水曲柳",ALL,AMAZON,D,T99,0.0000,0.0000,0.0000,0.00,0.00,0.00,0,0.0000,6 个月 · 全平台 · 全量 SKU · 2026-07-09,published
DJVN000133_1,"US 圆弧升降咖啡桌 胡桃木色 一件一箱 尺码->#13,胡桃木色",ALL,TIKTOK,C,T4B,0.5181,0.2785,0.2785,16.06,8.63,8.63,55,1.7742,6 个月 · 全平台 · 全量 SKU · 2026-07-09,published
DJVN000133_1,"US 圆弧升降咖啡桌 胡桃木色 一件一箱 尺码->#13,胡桃木色",ALL,UNKNOWN,C,T99,0.0000,0.0000,0.0000,0.00,0.00,0.00,1,0.0323,6 个月 · 全平台 · 全量 SKU · 2026-07-09,published
DJVN000134_1,"US QZ 条纹浴室柜，带单色灯带，一件一箱 尺码->#1,原木色",ALL,AMAZON,D,T4B,1.4500,0.6960,0.6960,44.95,21.58,21.58,44,1.4194,6 个月 · 全平台 · 全量 SKU · 2026-07-09,published
DJVN000134_1,"US QZ 条纹浴室柜，带单色灯带，一件一箱 尺码->#1,原木色",ALL,UNKNOWN,D,T99,0.0000,0.0000,0.0000,0.00,0.00,0.00,4,0.1290,6 个月 · 全平台 · 全量 SKU · 2026-07-09,published
DJVN000135_1,"US N型玄关柜 胡桃木色 一件一箱 尺码->#13,胡桃木色",ALL,TIKTOK,C,T4B,0.9423,0.5066,0.5066,29.21,15.70,15.70,15,0.4839,6 个月 · 全平台 · 全量 SKU · 2026-07-09,published
DJVN000139_1,US WIN 农舍风多抽升降咖啡桌-四抽款 一件一箱 颜色->顶板颜色大通H65014K/桌身大通G05256K,ALL,AMAZON,D,T4B,1.1396,0.6126,0.6126,35.33,18.99,18.99,41,1.3226,6 个月 · 全平台 · 全量 SKU · 2026-07-09,published
DJVN000139_1,US WIN 农舍风多抽升降咖啡桌-四抽款 一件一箱 颜色->顶板颜色大通H65014K/桌身大通G05256K,ALL,TIKTOK,D,T99,0.0000,0.0000,0.0000,0.00,0.00,0.00,1,0.0323,6 个月 · 全平台 · 全量 SKU · 2026-07-09,published
DJVN000147_1,US WIN 升降咖啡桌圆角款一件一箱 颜色->棕色Joyful-J7856-7V 3DPM)底座山纹黑,ALL,AMAZON,D,T4B,1.0808,0.5810,0.5810,33.50,18.01,18.01,44,1.4194,6 个月 · 全平台 · 全量 SKU · 2026-07-09,published
DJVN000148_1,"US 电视柜带玻璃 哑黑 一件一箱 尺码->#19,哑黑",ALL,AMAZON,C,T4B,0.3357,0.1611,0.1611,10.41,4.99,4.99,15,0.4839,6 个月 · 全平台 · 全量 SKU · 2026-07-09,published
DJVN000148_1,"US 电视柜带玻璃 哑黑 一件一箱 尺码->#19,哑黑",ALL,UNKNOWN,C,T99,0.0000,0.0000,0.0000,0.00,0.00,0.00,19,0.6129,6 个月 · 全平台 · 全量 SKU · 2026-07-09,published
DJVN000149_1,"US 边柜带灯带 哑黑 一件一箱 尺码->#14,哑黑",ALL,TIKTOK,C,T99,0.0000,0.0000,0.0000,0.00,0.00,0.00,0,0.0000,6 个月 · 全平台 · 全量 SKU · 2026-07-09,published
DJVN000150_1,"US 双拱 玄关柜 哑黑 一件一箱 尺码->#1,哑黑",ALL,AMAZON,C,T4B,0.4786,0.2297,0.2297,14.84,7.12,7.12,13,0.4194,6 个月 · 全平台 · 全量 SKU · 2026-07-09,published
DJVN000152_1,US WIN桌面八边形行政桌 一件两箱 颜色->棕色：大通元素DS66131,ALL,AMAZON,C,T4B,0.2852,0.1533,0.1533,8.84,4.75,4.75,43,1.3871,6 个月 · 全平台 · 全量 SKU · 2026-07-09,published
DJVN000154_1,"US QZ 斜面三抽床头柜，带灯带，插座，一件一箱 尺码->#1,黑色水曲柳",ALL,AMAZON,D,T4B,1.6308,0.8767,0.8767,50.55,27.18,27.18,53,1.7097,6 个月 · 全平台 · 全量 SKU · 2026-07-09,published
DJVN000154_1,"US QZ 斜面三抽床头柜，带灯带，插座，一件一箱 尺码->#1,黑色水曲柳",ALL,TEMU,D,T99,0.0000,0.0000,0.0000,0.00,0.00,0.00,3,0.0968,6 个月 · 全平台 · 全量 SKU · 2026-07-09,published
DJVN000155_1,"US QZ 斜面两抽，顶部带抽屉床头柜，带灯带，插座，一件一箱 尺码->#1,黑色水曲柳",ALL,AMAZON,D,T99,0.0000,0.0000,0.0000,0.00,0.00,0.00,0,0.0000,6 个月 · 全平台 · 全量 SKU · 2026-07-09,published
DJVN000156_1,"US QZ 假拱形四门食品柜，一件一箱 尺码->#1,深橡木色",ALL,AMAZON,D,T4B,0.6500,0.3120,0.3120,20.15,9.67,9.67,81,2.6129,6 个月 · 全平台 · 全量 SKU · 2026-07-09,published
DJVN000156_1,"US QZ 假拱形四门食品柜，一件一箱 尺码->#1,深橡木色",ALL,TEMU,D,T99,0.0000,0.0000,0.0000,0.00,0.00,0.00,3,0.0968,6 个月 · 全平台 · 全量 SKU · 2026-07-09,published
DJVN000157_1,"US WIN 异形腿行政桌 一件一箱 颜色->山纹黑(DS6607) 颜色->黑色,山纹黑色",ALL,AMAZON,C,T4B,1.2297,0.6611,0.6611,38.12,20.49,20.49,148,4.7742,6 个月 · 全平台 · 全量 SKU · 2026-07-09,published
DJVN000157_1,"US WIN 异形腿行政桌 一件一箱 颜色->山纹黑(DS6607) 颜色->黑色,山纹黑色",ALL,TEMU,C,T99,0.0000,0.0000,0.0000,0.00,0.00,0.00,1,0.0323,6 个月 · 全平台 · 全量 SKU · 2026-07-09,published
DJVN000157_1,"US WIN 异形腿行政桌 一件一箱 颜色->山纹黑(DS6607) 颜色->黑色,山纹黑色",ALL,TIKTOK,C,T99,0.0000,0.0000,0.0000,0.00,0.00,0.00,2,0.0645,6 个月 · 全平台 · 全量 SKU · 2026-07-09,published
DJVN000157_1,"US WIN 异形腿行政桌 一件一箱 颜色->山纹黑(DS6607) 颜色->黑色,山纹黑色",ALL,UNKNOWN,C,T99,0.0000,0.0000,0.0000,0.00,0.00,0.00,9,0.2903,6 个月 · 全平台 · 全量 SKU · 2026-07-09,published
DJVN000159_1,"US WIN 凹肩三抽柜 一件一箱 颜色 山纹黑(DS6607) 颜色->黑色,山纹黑色",ALL,TEMU,D,T99,0.0000,0.0000,0.0000,0.00,0.00,0.00,4,0.1290,6 个月 · 全平台 · 全量 SKU · 2026-07-09,published
DJVN000160_1,"US WIN 凹肩五抽柜 一件一箱 颜色 山纹黑(DS6607) 颜色->黑色,山纹黑色",ALL,AMAZON,D,T4B,0.5088,0.2735,0.2735,15.77,8.48,8.48,0,0.0000,6 个月 · 全平台 · 全量 SKU · 2026-07-09,published
DJVN000162_1,US WIN 四色五抽柜 一件一箱 颜色 浅色到深色 浮雕（E60176，E60176-1，E60176-2，E60176-3）,ALL,AMAZON,D,T4B,0.5571,0.2674,0.2674,17.27,8.29,8.29,3,0.0968,6 个月 · 全平台 · 全量 SKU · 2026-07-09,published
DJVN000163_1,"US QZ 卧室书桌，一件一箱 尺码->#1,原橡木色",ALL,AMAZON,D,T4B,1.3571,0.6514,0.6514,42.07,20.19,20.19,76,2.4516,6 个月 · 全平台 · 全量 SKU · 2026-07-09,published
DJVN000164_1,"US 组合三人位带脚蹬沙发 一件两箱 白色 尺码->#11,白色",ALL,AMAZON,C,T99,0.0000,0.0000,0.0000,0.00,0.00,0.00,3,0.0968,6 个月 · 全平台 · 全量 SKU · 2026-07-09,published
DJVN000165_1,"US 藤编组合床头柜 一件一箱 原木色 尺码->#15,原木色",ALL,AMAZON,C,T4B,0.3786,0.1817,0.1817,11.74,5.63,5.63,82,2.6452,6 个月 · 全平台 · 全量 SKU · 2026-07-09,published
DJVN000167_1,"US 藤编角落床头柜 一件一箱 原木色 尺码->#13,原木色",ALL,AMAZON,C,T4B,0.5929,0.2846,0.2846,18.38,8.82,8.82,59,1.9032,6 个月 · 全平台 · 全量 SKU · 2026-07-09,published
DJVN000169_1,"US WIN L型斜抽升降桌 一件两箱 颜色->#2,棕色:元素H64154K",ALL,AMAZON,C,T4B,0.3681,0.1979,0.1979,11.41,6.13,6.13,39,1.2581,6 个月 · 全平台 · 全量 SKU · 2026-07-09,published
DJVN000170_1,"US WIN 斜拼花纹农舍风L升降行政桌 一件两箱 颜色->#2,吉福Joyful 7 TP-JH2203 3DMB",ALL,AMAZON,C,T4B,0.8401,0.4516,0.4516,26.04,14.00,14.00,40,1.2903,6 个月 · 全平台 · 全量 SKU · 2026-07-09,published
DJVN000171_1,"US 圆弧玄关柜 一件一箱 胡桃木色 尺码->#11,胡桃木色 尺码->#2,胡桃木色",ALL,AMAZON,D,T99,0.0000,0.0000,0.0000,0.00,0.00,0.00,14,0.4516,6 个月 · 全平台 · 全量 SKU · 2026-07-09,published
DJVN000171_1,"US 圆弧玄关柜 一件一箱 胡桃木色 尺码->#11,胡桃木色 尺码->#2,胡桃木色",ALL,TIKTOK,D,T99,0.0000,0.0000,0.0000,0.00,0.00,0.00,134,4.3226,6 个月 · 全平台 · 全量 SKU · 2026-07-09,published
DJVN000172_1,"US WIN 单桌背后双开门升降桌 一件两箱 颜色->#2,棕色：大通E8034",ALL,AMAZON,D,T99,0.0000,0.0000,0.0000,0.00,0.00,0.00,6,0.1935,6 个月 · 全平台 · 全量 SKU · 2026-07-09,published
DJVN000173_1,"US PIX Q折叠床垫 一件一箱 颜色->#3,LHA12513/75783",ALL,AMAZON,D,T4B,0.3857,0.1851,0.1851,11.96,5.74,5.74,78,2.5161,6 个月 · 全平台 · 全量 SKU · 2026-07-09,published
DJVN000174_1,US PIX F折叠床垫 一件一箱 其他->#3,ALL,AMAZON,D,T4B,0.6857,0.3291,0.3291,21.26,10.20,10.20,102,3.2903,6 个月 · 全平台 · 全量 SKU · 2026-07-09,published
DJVN000175_1,US PIX T折叠床垫 一件一箱 颜色->#3,ALL,AMAZON,D,T4B,0.5643,0.2709,0.2709,17.49,8.40,8.40,41,1.3226,6 个月 · 全平台 · 全量 SKU · 2026-07-09,published
DJVN000176_1,"US WIN 原木格栅换鞋凳+2门2抽款 一件一箱 颜色->#2,Joyful: J8130-7V 3DPM7",ALL,AMAZON,D,T4B,1.0429,0.5006,0.5006,32.33,15.52,15.52,36,1.1613,6 个月 · 全平台 · 全量 SKU · 2026-07-09,published
DJVN000177_1,"US WIN 小款农舍烘焙架 一件一箱 颜色->#2,元素胡桃DS66108+农舍白G05256K",ALL,AMAZON,D,T99,0.0000,0.0000,0.0000,0.00,0.00,0.00,64,2.0645,6 个月 · 全平台 · 全量 SKU · 2026-07-09,published
DJVN000178_1,"US 圆弧条方形床头柜 一件一箱 尺码->52,原木色",ALL,AMAZON,C,T4B,0.2643,0.1269,0.1269,8.19,3.93,3.93,55,1.7742,6 个月 · 全平台 · 全量 SKU · 2026-07-09,published
DJVN000178_1,"US 圆弧条方形床头柜 一件一箱 尺码->52,原木色",ALL,TIKTOK,C,T99,0.0000,0.0000,0.0000,0.00,0.00,0.00,40,1.2903,6 个月 · 全平台 · 全量 SKU · 2026-07-09,published
DJVN000179_1,"US 圆弧异型床头柜 原木色一件一箱  尺码->52,原木色",ALL,AMAZON,D,T4B,0.3143,0.1509,0.1509,9.74,4.68,4.68,85,2.7419,6 个月 · 全平台 · 全量 SKU · 2026-07-09,published
DJVN000179_1,"US 圆弧异型床头柜 原木色一件一箱  尺码->52,原木色",ALL,TIKTOK,D,T99,0.0000,0.0000,0.0000,0.00,0.00,0.00,6,0.1935,6 个月 · 全平台 · 全量 SKU · 2026-07-09,published
DJVN000179_1,"US 圆弧异型床头柜 原木色一件一箱  尺码->52,原木色",ALL,UNKNOWN,D,T99,0.0000,0.0000,0.0000,0.00,0.00,0.00,5,0.1613,6 个月 · 全平台 · 全量 SKU · 2026-07-09,published
DJVN000180_1,"US 带玻璃床头柜 胡桃木色 一件一箱 尺码->52,胡桃木色",ALL,AMAZON,D,T99,0.0000,0.0000,0.0000,0.00,0.00,0.00,56,1.8065,6 个月 · 全平台 · 全量 SKU · 2026-07-09,published
DJVN000181_1,"US 拱门床头柜 哑黑木纹 一件一箱 尺码->52,哑黑木纹",ALL,AMAZON,D,T99,0.0000,0.0000,0.0000,0.00,0.00,0.00,61,1.9677,6 个月 · 全平台 · 全量 SKU · 2026-07-09,published
DJVN000181_1,"US 拱门床头柜 哑黑木纹 一件一箱 尺码->52,哑黑木纹",ALL,TIKTOK,D,T99,0.0000,0.0000,0.0000,0.00,0.00,0.00,1,0.0323,6 个月 · 全平台 · 全量 SKU · 2026-07-09,published
DJVN000182_1,"US 悬浮带玻璃床头柜 胡桃木色 一件一箱 尺码->52,胡桃木色",ALL,AMAZON,C,T4B,0.4857,0.2331,0.2331,15.06,7.23,7.23,120,3.8710,6 个月 · 全平台 · 全量 SKU · 2026-07-09,published
DJVN000182_1,"US 悬浮带玻璃床头柜 胡桃木色 一件一箱 尺码->52,胡桃木色",ALL,TIKTOK,C,T99,0.0000,0.0000,0.0000,0.00,0.00,0.00,13,0.4194,6 个月 · 全平台 · 全量 SKU · 2026-07-09,published
DJVN000183_1,US PIX 厨房岛台餐车 一件两箱包装 其他->#3,ALL,AMAZON,D,T99,0.0000,0.0000,0.0000,0.00,0.00,0.00,25,0.8065,6 个月 · 全平台 · 全量 SKU · 2026-07-09,published
DJVN000184_1,"US WIN L型圆弧格栅升降桌 一件两箱 颜色->#2,大通元素B96005-204K4",ALL,AMAZON,C,T4B,0.4143,0.1989,0.1989,12.84,6.17,6.17,24,0.7742,6 个月 · 全平台 · 全量 SKU · 2026-07-09,published
DJVN000186_1,"US 藤编玄关桌 原木色 一件一箱 尺码->52,原木色",ALL,TIKTOK,C,T99,0.0000,0.0000,0.0000,0.00,0.00,0.00,4,0.1290,6 个月 · 全平台 · 全量 SKU · 2026-07-09,published
DJVN000187_1,"US WIN 小八字胡换鞋凳 一件一箱 颜色->#2,吉福Joyful: J8130-7V 3DPM7",ALL,AMAZON,D,T4B,0.2643,0.1269,0.1269,8.19,3.93,3.93,26,0.8387,6 个月 · 全平台 · 全量 SKU · 2026-07-09,published
DJVN000193_1,US WIN 原木格栅换鞋凳-1翻斗1门2抽款 一件一箱 颜色->Joyful: J8130-7V 3DPM7,ALL,AMAZON,D,T99,0.0000,0.0000,0.0000,0.00,0.00,0.00,40,1.2903,6 个月 · 全平台 · 全量 SKU · 2026-07-09,published
DJVN000207_1,US 懒人沙发  一件一箱 米白色,ALL,AMAZON,D,T99,0.0000,0.0000,0.0000,0.00,0.00,0.00,21,0.6774,6 个月 · 全平台 · 全量 SKU · 2026-07-09,published
DJVN000207_1,US 懒人沙发  一件一箱 米白色,ALL,TIKTOK,D,T99,0.0000,0.0000,0.0000,0.00,0.00,0.00,28,0.9032,6 个月 · 全平台 · 全量 SKU · 2026-07-09,published
DJVN000207_2,US 懒人沙发 一件一箱 墨绿色,ALL,AMAZON,D,T99,0.0000,0.0000,0.0000,0.00,0.00,0.00,4,0.1290,6 个月 · 全平台 · 全量 SKU · 2026-07-09,published
DJVN000207_2,US 懒人沙发 一件一箱 墨绿色,ALL,TIKTOK,D,T99,0.0000,0.0000,0.0000,0.00,0.00,0.00,22,0.7097,6 个月 · 全平台 · 全量 SKU · 2026-07-09,published
DJVN000207_3,US 懒人沙发  一件一箱  粉色,ALL,AMAZON,D,T99,0.0000,0.0000,0.0000,0.00,0.00,0.00,3,0.0968,6 个月 · 全平台 · 全量 SKU · 2026-07-09,published
DJVN000207_3,US 懒人沙发  一件一箱  粉色,ALL,TIKTOK,D,T99,0.0000,0.0000,0.0000,0.00,0.00,0.00,8,0.2581,6 个月 · 全平台 · 全量 SKU · 2026-07-09,published
DJVN000207_4,US 懒人沙发 灰色 一件一箱,ALL,AMAZON,D,T99,0.0000,0.0000,0.0000,0.00,0.00,0.00,5,0.1613,6 个月 · 全平台 · 全量 SKU · 2026-07-09,published
DJVN000207_4,US 懒人沙发 灰色 一件一箱,ALL,TIKTOK,D,T99,0.0000,0.0000,0.0000,0.00,0.00,0.00,32,1.0323,6 个月 · 全平台 · 全量 SKU · 2026-07-09,published
DJVN000208_1,"US WIN 全开放八字胡书柜 一件一箱 颜色->#1,浮雕山纹黑大通元素DS6607/A05014K",ALL,AMAZON,D,T4B,0.1571,0.0754,0.0754,4.87,2.34,2.34,66,2.1290,6 个月 · 全平台 · 全量 SKU · 2026-07-09,published
DJVN000209_1,"US WIN 双门八字胡书柜 一件一箱 颜色->#1,浮雕山纹黑大通元素DS6607/A05014K",ALL,AMAZON,D,T4B,0.1571,0.0754,0.0754,4.87,2.34,2.34,73,2.3548,6 个月 · 全平台 · 全量 SKU · 2026-07-09,published
DJVN000211_1,"US WIN 农舍餐边柜 一件一箱 颜色->#1,胡桃色元素DS66108农舍白元素DS6612",ALL,AMAZON,D,T4B,0.2500,0.1200,0.1200,7.75,3.72,3.72,38,1.2258,6 个月 · 全平台 · 全量 SKU · 2026-07-09,published
DJVN000212_1,"US WIN 可抽拉置物板床头柜 一件一箱 颜色->#1,棕色大通元素E60182",ALL,AMAZON,D,T99,0.0000,0.0000,0.0000,0.00,0.00,0.00,22,0.7097,6 个月 · 全平台 · 全量 SKU · 2026-07-09,published
DJVN000213_1,"US WIN 可抽拉置物板床头柜 二件一箱 颜色->#1,棕色大通元素E60182",ALL,AMAZON,D,T99,0.0000,0.0000,0.0000,0.00,0.00,0.00,19,0.6129,6 个月 · 全平台 · 全量 SKU · 2026-07-09,published
DJVN000214_1,US PIX 厨房岛台-基础款 农舍风 一件一箱 其他->#1,ALL,AMAZON,D,T99,0.0000,0.0000,0.0000,0.00,0.00,0.00,9,0.2903,6 个月 · 全平台 · 全量 SKU · 2026-07-09,published
DJVN000215_1,US PIX 迷你冰箱柜-农舍款（双色）  一件两箱  其他->#2,ALL,AMAZON,D,T99,0.0000,0.0000,0.0000,0.00,0.00,0.00,9,0.2903,6 个月 · 全平台 · 全量 SKU · 2026-07-09,published
DJVN000216_1,US PIX 迷你冰箱柜-现代款（黑色） 一件两箱 其他->#2,ALL,AMAZON,D,T99,0.0000,0.0000,0.0000,0.00,0.00,0.00,20,0.6452,6 个月 · 全平台 · 全量 SKU · 2026-07-09,published
DJVN000216_1,US PIX 迷你冰箱柜-现代款（黑色） 一件两箱 其他->#2,ALL,TEMU,D,T99,0.0000,0.0000,0.0000,0.00,0.00,0.00,2,0.0645,6 个月 · 全平台 · 全量 SKU · 2026-07-09,published
DJVN000218_1,"US PIX 咖啡吧柜（一门一抽款） 一件一箱 其他->#1,黄胡桃色+云溪白色",ALL,AMAZON,D,T99,0.0000,0.0000,0.0000,0.00,0.00,0.00,16,0.5161,6 个月 · 全平台 · 全量 SKU · 2026-07-09,published
DJVN000219_1,"US PIX 咖啡吧柜（双门一抽款) 一件两箱 其他->#1,黄胡桃色+云溪白色",ALL,AMAZON,D,T99,0.0000,0.0000,0.0000,0.00,0.00,0.00,4,0.1290,6 个月 · 全平台 · 全量 SKU · 2026-07-09,published
DJVN000222_1,US WIN L型换鞋凳-格栅款 一件一箱 颜色：胡桃纹-玛莎PS311521/卡其色小麻布AT02-5,ALL,AMAZON,D,T99,0.0000,0.0000,0.0000,0.00,0.00,0.00,41,1.3226,6 个月 · 全平台 · 全量 SKU · 2026-07-09,published
DJVN000224_1,US WIN L型换鞋凳-骨骼线款 一件一箱 颜色: 胡桃纹-玛莎PS311521/卡其色小麻布AT02-5,ALL,AMAZON,D,T99,0.0000,0.0000,0.0000,0.00,0.00,0.00,24,0.7742,6 个月 · 全平台 · 全量 SKU · 2026-07-09,published
DJVN000225_1,"US WIN L型移动文件柜行政桌 一件两箱 颜色->#1,浮雕山纹黑DS6607",ALL,AMAZON,D,T99,0.0000,0.0000,0.0000,0.00,0.00,0.00,55,1.7742,6 个月 · 全平台 · 全量 SKU · 2026-07-09,published
SFDJ503122_1,US SD 谷仓门双顶咖啡桌 一件一箱 颜色->浅橡木灰,ALL,TIKTOK,D,T4B,1.7330,0.8318,0.8318,53.72,25.79,25.79,38,1.2258,6 个月 · 全平台 · 全量 SKU · 2026-07-09,published
SFDJ503122_2,US SD 谷仓门双顶咖啡桌 一件一箱 颜色->火烧云色,ALL,TIKTOK,D,T4B,1.8890,0.9067,0.9067,58.56,28.11,28.11,39,1.2581,6 个月 · 全平台 · 全量 SKU · 2026-07-09,published
SFDJ503122_3,US SD 谷仓门双顶咖啡桌 一件一箱 颜色->白橡纹+卡罗橡纹,ALL,TIKTOK,D,T4B,4.9713,2.0283,2.0283,154.11,62.88,62.88,110,3.5484,6 个月 · 全平台 · 全量 SKU · 2026-07-09,published
SFDJ503122_4,US TA 谷仓门双顶咖啡桌 一件一箱 颜色->蓝色+棕色（顶）,ALL,TIKTOK,D,T4B,1.6306,0.7827,0.7827,50.55,24.26,24.26,58,1.8710,6 个月 · 全平台 · 全量 SKU · 2026-07-09,published
SFDJ503122_5,US TA 谷仓门双顶咖啡桌 一件一箱 颜色->黑+咖啡胡桃,ALL,TIKTOK,D,T4B,0.5500,0.2640,0.2640,17.05,8.18,8.18,0,0.0000,6 个月 · 全平台 · 全量 SKU · 2026-07-09,published
SFDJ503122_6,US TA 谷仓门双顶咖啡桌 一件一箱 颜色->白G42014K+仿古樱桃,ALL,TIKTOK,D,T4B,0.4857,0.2331,0.2331,15.06,7.23,7.23,25,0.8065,6 个月 · 全平台 · 全量 SKU · 2026-07-09,published
SFDJ503347_2,US SD 1.5米单人桌三抽  一件一箱 颜色->黑色,ALL,TIKTOK,D,T99,0.0000,0.0000,0.0000,0.00,0.00,0.00,0,0.0000,6 个月 · 全平台 · 全量 SKU · 2026-07-09,published
SFDJ503440_2,US SD L桌三抽带单玻璃门  一件一箱 颜色->黑麻,ALL,TIKTOK,D,T4B,0.5036,0.2417,0.2417,15.61,7.49,7.49,21,0.6774,6 个月 · 全平台 · 全量 SKU · 2026-07-09,published
SFDJ503733_1,US DC 铁木床 CBF-01L 方管软包角落床带抽篮-112 T 一件一箱,ALL,TIKTOK,D,T99,0.0000,0.0000,0.0000,0.00,0.00,0.00,56,1.8065,6 个月 · 全平台 · 全量 SKU · 2026-07-09,published
SFDJ503733_2,US DC 铁木床 CBF-01L 方管软包角落床带抽篮-112 TXL 一件一箱,ALL,TIKTOK,D,T99,0.0000,0.0000,0.0000,0.00,0.00,0.00,15,0.4839,6 个月 · 全平台 · 全量 SKU · 2026-07-09,published
SFDJ503733_3,US DC 铁木床 CBF-01L 方管软包角落床带抽篮-112 灰 F 一件一箱,ALL,TIKTOK,C,T4B,0.3214,0.1543,0.1543,9.96,4.78,4.78,45,1.4516,6 个月 · 全平台 · 全量 SKU · 2026-07-09,published
SFDJ503733_4,US DC 铁木床 CBF-01L 方管软包角落床带抽篮-112 灰 Q  一件一箱,ALL,TIKTOK,D,T99,0.0000,0.0000,0.0000,0.00,0.00,0.00,35,1.1290,6 个月 · 全平台 · 全量 SKU · 2026-07-09,published
SFDJ503855_2,US 带柜门抽屉美式书架 一件一箱 颜色->灰色,ALL,TIKTOK,D,T99,0.0000,0.0000,0.0000,0.00,0.00,0.00,0,0.0000,6 个月 · 全平台 · 全量 SKU · 2026-07-09,published
SFDJ503915_1,US HS 抽屉柜 DDBT-02 1x5+2 底座 无把手 一件一箱 颜色->黑色,ALL,TIKTOK,C,T4B,0.3714,0.1783,0.1783,11.51,5.53,5.53,9,0.2903,6 个月 · 全平台 · 全量 SKU · 2026-07-09,published
SFDJ503916_2,US HS 抽屉柜 DDBT-03 1x6+2 底座 无把手 一件一箱 颜色->白色,ALL,TIKTOK,C,T99,0.0000,0.0000,0.0000,0.00,0.00,0.00,0,0.0000,6 个月 · 全平台 · 全量 SKU · 2026-07-09,published
SFDJ503917_1,US 玻璃门L桌高桌带布兜款 一件一箱 颜色->火烧云,ALL,AMAZON,D,T99,0.0000,0.0000,0.0000,0.00,0.00,0.00,0,0.0000,6 个月 · 全平台 · 全量 SKU · 2026-07-09,published
SFDJ504024_1,US 1.2米四抽L桌  一件一箱 颜色->火烧云,ALL,TIKTOK,D,T99,0.0000,0.0000,0.0000,0.00,0.00,0.00,10,0.3226,6 个月 · 全平台 · 全量 SKU · 2026-07-09,published
SFDJ504024_2,US 1.2米四抽L桌  一件一箱 颜色->黑色,ALL,TIKTOK,D,T99,0.0000,0.0000,0.0000,0.00,0.00,0.00,54,1.7419,6 个月 · 全平台 · 全量 SKU · 2026-07-09,published
SFDJ504024_3,US 1.2米四抽L桌  一件一箱 颜色->白色,ALL,TIKTOK,D,T99,0.0000,0.0000,0.0000,0.00,0.00,0.00,51,1.6452,6 个月 · 全平台 · 全量 SKU · 2026-07-09,published
SFDJ504129_1,US 轻奢风吸塑1m文件柜 一件一箱 颜色->原木色,ALL,TIKTOK,D,T99,0.0000,0.0000,0.0000,0.00,0.00,0.00,0,0.0000,6 个月 · 全平台 · 全量 SKU · 2026-07-09,published
SFDJ504259_1,US SD 2.4米双人八抽电脑桌  一件一箱 颜色->火烧云,ALL,TIKTOK,D,T99,0.0000,0.0000,0.0000,0.00,0.00,0.00,0,0.0000,6 个月 · 全平台 · 全量 SKU · 2026-07-09,published
SFDJ504531_2,US SD L桌带文件抽桌面宽470mm 一件一箱 颜色->黑色,ALL,TIKTOK,D,T99,0.0000,0.0000,0.0000,0.00,0.00,0.00,0,0.0000,6 个月 · 全平台 · 全量 SKU · 2026-07-09,published
SFDJ504625_2,US 6抽错层亚克力柜门L高桌 一件一箱 颜色->黑色,ALL,TIKTOK,D,T99,0.0000,0.0000,0.0000,0.00,0.00,0.00,3,0.0968,6 个月 · 全平台 · 全量 SKU · 2026-07-09,published
SFDJ504632_3,US SD L桌四抽带一组亚克力门  一件一箱 颜色->黑麻,ALL,AMAZON,D,T99,0.0000,0.0000,0.0000,0.00,0.00,0.00,0,0.0000,6 个月 · 全平台 · 全量 SKU · 2026-07-09,published
SFDJ504632_3,US SD L桌四抽带一组亚克力门  一件一箱 颜色->黑麻,ALL,TIKTOK,D,T99,0.0000,0.0000,0.0000,0.00,0.00,0.00,0,0.0000,6 个月 · 全平台 · 全量 SKU · 2026-07-09,published
SFDJ504717_1,US 单人升降桌带竖条凹槽腿 一件一箱 颜色->棕色,ALL,TIKTOK,D,T4B,0.2247,0.1208,0.1208,6.97,3.74,3.74,6,0.1935,6 个月 · 全平台 · 全量 SKU · 2026-07-09,published
SFDJ504725_1,US 竖条纹美式铁木L桌 一件一箱 颜色->棕顶+白,ALL,AMAZON,D,T99,0.0000,0.0000,0.0000,0.00,0.00,0.00,0,0.0000,6 个月 · 全平台 · 全量 SKU · 2026-07-09,published
SFDJ504725_2,US 竖条纹美式铁木L桌 一件一箱 颜色->棕顶+黑,ALL,AMAZON,D,T4B,0.4286,0.2057,0.2057,13.29,6.38,6.38,0,0.0000,6 个月 · 全平台 · 全量 SKU · 2026-07-09,published
SFDJ504725_2,US 竖条纹美式铁木L桌 一件一箱 颜色->棕顶+黑,ALL,TIKTOK,D,T99,0.0000,0.0000,0.0000,0.00,0.00,0.00,0,0.0000,6 个月 · 全平台 · 全量 SKU · 2026-07-09,published
SFDJ504725_2,US 竖条纹美式铁木L桌 一件一箱 颜色->棕顶+黑,ALL,UNKNOWN,D,T99,0.0000,0.0000,0.0000,0.00,0.00,0.00,0,0.0000,6 个月 · 全平台 · 全量 SKU · 2026-07-09,published
SFDJ504824_1,US 3抽农舍风竖条文件柜 一件一箱 颜色->白+棕顶,ALL,AMAZON,D,T99,0.0000,0.0000,0.0000,0.00,0.00,0.00,2,0.0645,6 个月 · 全平台 · 全量 SKU · 2026-07-09,published
SFDJ504824_1,US 3抽农舍风竖条文件柜 一件一箱 颜色->白+棕顶,ALL,TIKTOK,D,T99,0.0000,0.0000,0.0000,0.00,0.00,0.00,0,0.0000,6 个月 · 全平台 · 全量 SKU · 2026-07-09,published
SFDJ504824_2,US 3抽农舍风竖条文件柜 一件一箱 颜色->棕色,ALL,TIKTOK,D,T99,0.0000,0.0000,0.0000,0.00,0.00,0.00,1,0.0323,6 个月 · 全平台 · 全量 SKU · 2026-07-09,published
SFDJ504888_1,US SD L桌X字升降桌带文件柜 一件两箱 颜色->棕+白色,ALL,TIKTOK,D,T99,0.0000,0.0000,0.0000,0.00,0.00,0.00,0,0.0000,6 个月 · 全平台 · 全量 SKU · 2026-07-09,published
SFDJ504888_2,US SD L桌X字升降桌带文件柜  一件两箱 颜色->棕+黑色,ALL,AMAZON,D,T99,0.0000,0.0000,0.0000,0.00,0.00,0.00,0,0.0000,6 个月 · 全平台 · 全量 SKU · 2026-07-09,published
SFDJ504888_2,US SD L桌X字升降桌带文件柜  一件两箱 颜色->棕+黑色,ALL,TIKTOK,D,T99,0.0000,0.0000,0.0000,0.00,0.00,0.00,1,0.0323,6 个月 · 全平台 · 全量 SKU · 2026-07-09,published
SFDJ504910_1,US DC 铁木床 CBF-01L 方管软包角落床带抽篮-112 米白 T 一件一箱,ALL,TIKTOK,D,T99,0.0000,0.0000,0.0000,0.00,0.00,0.00,9,0.2903,6 个月 · 全平台 · 全量 SKU · 2026-07-09,published
SFDJ504929_1,US 1.6米农舍L桌 一件一箱 颜色->白+黑,ALL,TIKTOK,D,T99,0.0000,0.0000,0.0000,0.00,0.00,0.00,0,0.0000,6 个月 · 全平台 · 全量 SKU · 2026-07-09,published
SFDJ504929_3,US 1.6米农舍L桌 一件一箱 颜色->白+棕,ALL,TIKTOK,D,T99,0.0000,0.0000,0.0000,0.00,0.00,0.00,1,0.0323,6 个月 · 全平台 · 全量 SKU · 2026-07-09,published
SFDJ505012_1,US 1.8m亚克力展示书柜 一件一箱 颜色->黑麻,ALL,TIKTOK,D,T4B,0.4011,0.2156,0.2156,12.43,6.68,6.68,32,1.0323,6 个月 · 全平台 · 全量 SKU · 2026-07-09,published
SFDJ505031_1,US SD L桌四抽两柜门竖条造型升降桌 一件两箱 颜色->原木色,ALL,TIKTOK,D,T99,0.0000,0.0000,0.0000,0.00,0.00,0.00,3,0.0968,6 个月 · 全平台 · 全量 SKU · 2026-07-09,published
SFDJ505031_2,US SD L桌四抽两柜门竖条造型升降桌 一件两箱 颜色->棕色,ALL,TIKTOK,D,T99,0.0000,0.0000,0.0000,0.00,0.00,0.00,2,0.0645,6 个月 · 全平台 · 全量 SKU · 2026-07-09,published
SFDJ505031_3,US SD L桌四抽两柜门竖条造型升降桌 一件两箱 颜色->黑色,ALL,TIKTOK,D,T99,0.0000,0.0000,0.0000,0.00,0.00,0.00,2,0.0645,6 个月 · 全平台 · 全量 SKU · 2026-07-09,published
SFDJ505031_4,US SD L桌四抽两柜门美式升降桌 一件一箱 颜色->棕+白,ALL,AMAZON,D,T99,0.0000,0.0000,0.0000,0.00,0.00,0.00,0,0.0000,6 个月 · 全平台 · 全量 SKU · 2026-07-09,published
SFDJ505062_1,US SD 1.2米翻转升降桌 一件一箱 颜色->火烧云,ALL,TIKTOK,D,T99,0.0000,0.0000,0.0000,0.00,0.00,0.00,4,0.1290,6 个月 · 全平台 · 全量 SKU · 2026-07-09,published
SFDJ505062_2,US SD 1.2米翻转升降桌 一件一箱 颜色->黑色,ALL,TIKTOK,D,T99,0.0000,0.0000,0.0000,0.00,0.00,0.00,2,0.0645,6 个月 · 全平台 · 全量 SKU · 2026-07-09,published
SFDJ505107_1,US L桌美式纯板材高桌  一件两箱 颜色->白浮雕+黑麻,ALL,TIKTOK,D,T99,0.0000,0.0000,0.0000,0.00,0.00,0.00,0,0.0000,6 个月 · 全平台 · 全量 SKU · 2026-07-09,published
SFDJ505107_1,US L桌美式纯板材高桌  一件两箱 颜色->白浮雕+黑麻,ALL,UNKNOWN,D,T4B,0.3516,0.1890,0.1890,10.90,5.86,5.86,28,0.9032,6 个月 · 全平台 · 全量 SKU · 2026-07-09,published
SFDJ505118_1,US 1.4米升降桌 一件两箱  颜色->主体白+顶板棕,ALL,TEMU,D,T4B,1.4516,0.7804,0.7804,45.00,24.19,24.19,40,1.2903,6 个月 · 全平台 · 全量 SKU · 2026-07-09,published
SFDJ505118_1,US 1.4米升降桌 一件两箱  颜色->主体白+顶板棕,ALL,WALMART,D,T4B,0.4341,0.2334,0.2334,13.46,7.24,7.24,7,0.2258,6 个月 · 全平台 · 全量 SKU · 2026-07-09,published
SFDJ505118_2,US 1.4米升降桌 一件两箱  颜色->主体黑+顶板棕,ALL,AMAZON,D,T99,0.0000,0.0000,0.0000,0.00,0.00,0.00,0,0.0000,6 个月 · 全平台 · 全量 SKU · 2026-07-09,published
SFDJ505118_2,US 1.4米升降桌 一件两箱  颜色->主体黑+顶板棕,ALL,TEMU,D,T4B,0.7747,0.4165,0.4165,24.02,12.91,12.91,4,0.1290,6 个月 · 全平台 · 全量 SKU · 2026-07-09,published
SFDJ505118_2,US 1.4米升降桌 一件两箱  颜色->主体黑+顶板棕,ALL,UNKNOWN,D,T4B,1.0027,0.5391,0.5391,31.08,16.71,16.71,0,0.0000,6 个月 · 全平台 · 全量 SKU · 2026-07-09,published
SFDJ505118_2,US 1.4米升降桌 一件两箱  颜色->主体黑+顶板棕,ALL,WALMART,D,T4B,0.2137,0.1149,0.1149,6.62,3.56,3.56,0,0.0000,6 个月 · 全平台 · 全量 SKU · 2026-07-09,published
SFDJ505120_1,US SD L升降桌带文件柜  一件两箱  颜色->火烧云,ALL,TIKTOK,D,T99,0.0000,0.0000,0.0000,0.00,0.00,0.00,0,0.0000,6 个月 · 全平台 · 全量 SKU · 2026-07-09,published
SFDJ505120_1,US SD L升降桌带文件柜  一件两箱  颜色->火烧云,ALL,UNKNOWN,D,T99,0.0000,0.0000,0.0000,0.00,0.00,0.00,0,0.0000,6 个月 · 全平台 · 全量 SKU · 2026-07-09,published
SFDJ505120_2,US SD L升降桌带文件柜  一件两箱   颜色->黑麻,ALL,TEMU,D,T99,0.0000,0.0000,0.0000,0.00,0.00,0.00,0,0.0000,6 个月 · 全平台 · 全量 SKU · 2026-07-09,published
SFDJ505120_2,US SD L升降桌带文件柜  一件两箱   颜色->黑麻,ALL,TIKTOK,D,T99,0.0000,0.0000,0.0000,0.00,0.00,0.00,0,0.0000,6 个月 · 全平台 · 全量 SKU · 2026-07-09,published
SFDJ505120_2,US SD L升降桌带文件柜  一件两箱   颜色->黑麻,ALL,UNKNOWN,D,T4B,0.2374,0.1276,0.1276,7.36,3.96,3.96,21,0.6774,6 个月 · 全平台 · 全量 SKU · 2026-07-09,published
SFDJ505120_3,US SD L升降桌带文件柜  一件两箱   颜色->白麻,ALL,UNKNOWN,D,T99,0.0000,0.0000,0.0000,0.00,0.00,0.00,0,0.0000,6 个月 · 全平台 · 全量 SKU · 2026-07-09,published
SFDJ505121_3,US 铣槽移动柜行政桌 一件两箱 颜色->棕+黑麻,ALL,TIKTOK,D,T99,0.0000,0.0000,0.0000,0.00,0.00,0.00,0,0.0000,6 个月 · 全平台 · 全量 SKU · 2026-07-09,published
SFDJ505124_1,US 美式升降可直排L桌 一件两箱 颜色->棕+白,ALL,TEMU,D,T99,0.0000,0.0000,0.0000,0.00,0.00,0.00,0,0.0000,6 个月 · 全平台 · 全量 SKU · 2026-07-09,published
SFDJ505124_1,US 美式升降可直排L桌 一件两箱 颜色->棕+白,ALL,UNKNOWN,D,T4B,0.7478,0.3589,0.3589,23.18,11.13,11.13,5,0.1613,6 个月 · 全平台 · 全量 SKU · 2026-07-09,published
SFDJ505124_1,US 美式升降可直排L桌 一件两箱 颜色->棕+白,ALL,WALMART,D,T99,0.0000,0.0000,0.0000,0.00,0.00,0.00,0,0.0000,6 个月 · 全平台 · 全量 SKU · 2026-07-09,published
SFDJ505126_1,US SD L桌升降高桌带书架  一件两箱 颜色 颜色->火烧云,ALL,AMAZON,D,T99,0.0000,0.0000,0.0000,0.00,0.00,0.00,0,0.0000,6 个月 · 全平台 · 全量 SKU · 2026-07-09,published
SFDJ505126_1,US SD L桌升降高桌带书架  一件两箱 颜色 颜色->火烧云,ALL,TIKTOK,D,T99,0.0000,0.0000,0.0000,0.00,0.00,0.00,0,0.0000,6 个月 · 全平台 · 全量 SKU · 2026-07-09,published
SFDJ505126_2,US SD L桌升降高桌带书架  一件两箱 颜色 颜色->黑麻,ALL,AMAZON,D,T99,0.0000,0.0000,0.0000,0.00,0.00,0.00,0,0.0000,6 个月 · 全平台 · 全量 SKU · 2026-07-09,published
SFDJ505126_2,US SD L桌升降高桌带书架  一件两箱 颜色 颜色->黑麻,ALL,TIKTOK,D,T99,0.0000,0.0000,0.0000,0.00,0.00,0.00,1,0.0323,6 个月 · 全平台 · 全量 SKU · 2026-07-09,published
SFDJ505126_3,US SD L桌升降高桌带书架  一件两箱 颜色 颜色->白麻,ALL,AMAZON,D,T99,0.0000,0.0000,0.0000,0.00,0.00,0.00,0,0.0000,6 个月 · 全平台 · 全量 SKU · 2026-07-09,published
SFDJ505126_3,US SD L桌升降高桌带书架  一件两箱 颜色 颜色->白麻,ALL,TIKTOK,D,T99,0.0000,0.0000,0.0000,0.00,0.00,0.00,0,0.0000,6 个月 · 全平台 · 全量 SKU · 2026-07-09,published
SFDJ505134_1,US SD 1.6米单人升降行政桌  一件两箱 颜色->金丝楠木+黑麻,ALL,TEMU,D,T99,0.0000,0.0000,0.0000,0.00,0.00,0.00,0,0.0000,6 个月 · 全平台 · 全量 SKU · 2026-07-09,published
SFDJ505134_1,US SD 1.6米单人升降行政桌  一件两箱 颜色->金丝楠木+黑麻,ALL,WALMART,D,T99,0.0000,0.0000,0.0000,0.00,0.00,0.00,3,0.0968,6 个月 · 全平台 · 全量 SKU · 2026-07-09,published
SFDJ505134_2,US SD 1.6米单人升降行政桌  一件两箱 颜色->黑麻+火烧云,ALL,TEMU,D,T99,0.0000,0.0000,0.0000,0.00,0.00,0.00,0,0.0000,6 个月 · 全平台 · 全量 SKU · 2026-07-09,published
SFDJ505134_2,US SD 1.6米单人升降行政桌  一件两箱 颜色->黑麻+火烧云,ALL,UNKNOWN,D,T99,0.0000,0.0000,0.0000,0.00,0.00,0.00,19,0.6129,6 个月 · 全平台 · 全量 SKU · 2026-07-09,published
SFDJ505134_2,US SD 1.6米单人升降行政桌  一件两箱 颜色->黑麻+火烧云,ALL,WALMART,D,T99,0.0000,0.0000,0.0000,0.00,0.00,0.00,0,0.0000,6 个月 · 全平台 · 全量 SKU · 2026-07-09,published
SFDJ505134_3,US SD 1.6米单人升降行政桌  一件两箱 颜色->白麻+木纹,ALL,AMAZON,D,T4B,0.3786,0.1817,0.1817,11.74,5.63,5.63,2,0.0645,6 个月 · 全平台 · 全量 SKU · 2026-07-09,published
SFDJ505134_3,US SD 1.6米单人升降行政桌  一件两箱 颜色->白麻+木纹,ALL,UNKNOWN,D,T99,0.0000,0.0000,0.0000,0.00,0.00,0.00,0,0.0000,6 个月 · 全平台 · 全量 SKU · 2026-07-09,published
SFDJ505135_1,US SD 1.6米单人升降桌带文件柜  一件两箱 颜色->白麻+棕色,ALL,TEMU,D,T99,0.0000,0.0000,0.0000,0.00,0.00,0.00,0,0.0000,6 个月 · 全平台 · 全量 SKU · 2026-07-09,published
SFDJ505135_1,US SD 1.6米单人升降桌带文件柜  一件两箱 颜色->白麻+棕色,ALL,UNKNOWN,D,T99,0.0000,0.0000,0.0000,0.00,0.00,0.00,0,0.0000,6 个月 · 全平台 · 全量 SKU · 2026-07-09,published
SFDJ505135_1,US SD 1.6米单人升降桌带文件柜  一件两箱 颜色->白麻+棕色,ALL,WALMART,D,T99,0.0000,0.0000,0.0000,0.00,0.00,0.00,0,0.0000,6 个月 · 全平台 · 全量 SKU · 2026-07-09,published
SFDJ505135_2,US SD 1.6米单人升降桌带文件柜  一件两箱  颜色->黑麻+棕色,ALL,AMAZON,D,T99,0.0000,0.0000,0.0000,0.00,0.00,0.00,0,0.0000,6 个月 · 全平台 · 全量 SKU · 2026-07-09,published
SFDJ505137_2,US 1.55米美式L桌带文件柜 一件一箱 颜色->橡木灰,ALL,TIKTOK,D,T99,0.0000,0.0000,0.0000,0.00,0.00,0.00,0,0.0000,6 个月 · 全平台 · 全量 SKU · 2026-07-09,published
SFDJ505139_1,US SD 2米美式L桌带6抽 一件两箱 颜色->黑麻+棕色,ALL,AMAZON,D,T99,0.0000,0.0000,0.0000,0.00,0.00,0.00,0,0.0000,6 个月 · 全平台 · 全量 SKU · 2026-07-09,published
SFDJ505139_1,US SD 2米美式L桌带6抽 一件两箱 颜色->黑麻+棕色,ALL,TIKTOK,D,T99,0.0000,0.0000,0.0000,0.00,0.00,0.00,0,0.0000,6 个月 · 全平台 · 全量 SKU · 2026-07-09,published
SFDJ505139_2,US SD 2米美式L桌带6抽 一件两箱 颜色->浮雕白+棕色,ALL,AMAZON,D,T99,0.0000,0.0000,0.0000,0.00,0.00,0.00,0,0.0000,6 个月 · 全平台 · 全量 SKU · 2026-07-09,published
SFDJ505139_2,US SD 2米美式L桌带6抽 一件两箱 颜色->浮雕白+棕色,ALL,TIKTOK,D,T99,0.0000,0.0000,0.0000,0.00,0.00,0.00,0,0.0000,6 个月 · 全平台 · 全量 SKU · 2026-07-09,published
SFDJ505140_2,US SD L桌美式四抽四柜门高桌 一件两箱  颜色->浮雕白+棕色,ALL,AMAZON,D,T99,0.0000,0.0000,0.0000,0.00,0.00,0.00,6,0.1935,6 个月 · 全平台 · 全量 SKU · 2026-07-09,published
SFDJ505151_1,US SD 1.55米三抽L桌高桌带书架 一件两箱 颜色->白麻,ALL,TIKTOK,D,T99,0.0000,0.0000,0.0000,0.00,0.00,0.00,6,0.1935,6 个月 · 全平台 · 全量 SKU · 2026-07-09,published
SFDJ505151_2,US SD 1.55米三抽L桌高桌带书架 一件两箱 颜色->黑麻,ALL,TIKTOK,D,T99,0.0000,0.0000,0.0000,0.00,0.00,0.00,2,0.0645,6 个月 · 全平台 · 全量 SKU · 2026-07-09,published
SFDJ505198_1,US X字3抽农舍单人升降桌 一件两箱 颜色->4127棕+白,ALL,AMAZON,D,T99,0.0000,0.0000,0.0000,0.00,0.00,0.00,0,0.0000,6 个月 · 全平台 · 全量 SKU · 2026-07-09,published
SFDJ505198_2,US X字3抽农舍单人升降桌 一件两箱 颜色->4127棕+黑,ALL,AMAZON,D,T99,0.0000,0.0000,0.0000,0.00,0.00,0.00,0,0.0000,6 个月 · 全平台 · 全量 SKU · 2026-07-09,published
SFDJ505207_1,US 竖条纹吸塑错层板材L桌 一件两箱 颜色->原木色,ALL,AMAZON,D,T99,0.0000,0.0000,0.0000,0.00,0.00,0.00,0,0.0000,6 个月 · 全平台 · 全量 SKU · 2026-07-09,published
SFDJ505207_1,US 竖条纹吸塑错层板材L桌 一件两箱 颜色->原木色,ALL,TIKTOK,D,T99,0.0000,0.0000,0.0000,0.00,0.00,0.00,0,0.0000,6 个月 · 全平台 · 全量 SKU · 2026-07-09,published
SFDJ505212_1,US DC 铁木床 CBF-08改 铁木储物带尾桌 154 T款 一件两箱  颜色->黑色,ALL,TIKTOK,D,T99,0.0000,0.0000,0.0000,0.00,0.00,0.00,2,0.0645,6 个月 · 全平台 · 全量 SKU · 2026-07-09,published
SFDJ505212_3,US DC 铁木床 CBF-08改 铁木储物带尾桌 154 T款 一件两箱  颜色->粉色,ALL,TIKTOK,D,T99,0.0000,0.0000,0.0000,0.00,0.00,0.00,0,0.0000,6 个月 · 全平台 · 全量 SKU · 2026-07-09,published
SFDJ505293_1,US SD 2米飞机升降桌  颜色->黑麻,ALL,TIKTOK,D,T99,0.0000,0.0000,0.0000,0.00,0.00,0.00,2,0.0645,6 个月 · 全平台 · 全量 SKU · 2026-07-09,published
SFDJ505295_2,US SD 80cm转角升降桌 一件一箱  颜色->黑麻,ALL,TIKTOK,D,T99,0.0000,0.0000,0.0000,0.00,0.00,0.00,0,0.0000,6 个月 · 全平台 · 全量 SKU · 2026-07-09,published
SFDJ505307_1,US HS 梳妆台 VDNX-01 改 MFL 错落布局 六抽一门好莱坞灯串 一件一箱 颜色->白色,ALL,TIKTOK,D,T99,0.0000,0.0000,0.0000,0.00,0.00,0.00,2,0.0645,6 个月 · 全平台 · 全量 SKU · 2026-07-09,published
SFDJ505307_2,US HS 梳妆台 VDNX-01 改 MFL 错落布局 六抽一门好莱坞灯串 一件一箱 颜色->黑色,ALL,TIKTOK,D,T99,0.0000,0.0000,0.0000,0.00,0.00,0.00,0,0.0000,6 个月 · 全平台 · 全量 SKU · 2026-07-09,published
SFDJ505368_1,US 拱形书架L高桌 一件两箱 颜色->白麻,ALL,TIKTOK,D,T99,0.0000,0.0000,0.0000,0.00,0.00,0.00,0,0.0000,6 个月 · 全平台 · 全量 SKU · 2026-07-09,published
SFDJ505368_2,US 拱形书架L高桌 一件两箱 颜色->黑麻,ALL,TIKTOK,D,T99,0.0000,0.0000,0.0000,0.00,0.00,0.00,0,0.0000,6 个月 · 全平台 · 全量 SKU · 2026-07-09,published
SFDJ505372_1,US 现代轻美式双侧储物L行政桌 一件两箱 颜色->黑麻+棕,ALL,AMAZON,D,T99,0.0000,0.0000,0.0000,0.00,0.00,0.00,0,0.0000,6 个月 · 全平台 · 全量 SKU · 2026-07-09,published
SFDJ505372_1,US 现代轻美式双侧储物L行政桌 一件两箱 颜色->黑麻+棕,ALL,TIKTOK,D,T99,0.0000,0.0000,0.0000,0.00,0.00,0.00,0,0.0000,6 个月 · 全平台 · 全量 SKU · 2026-07-09,published
SFDJ505372_3,US 现代轻美式双侧储物L行政桌 一件两箱 颜色->白麻+棕,ALL,TIKTOK,D,T99,0.0000,0.0000,0.0000,0.00,0.00,0.00,0,0.0000,6 个月 · 全平台 · 全量 SKU · 2026-07-09,published
SFDJ505387_1,US SD 1.8米商用升降桌 一件两箱  颜色->棕+黑,ALL,TIKTOK,D,T99,0.0000,0.0000,0.0000,0.00,0.00,0.00,1,0.0323,6 个月 · 全平台 · 全量 SKU · 2026-07-09,published
SFDJ505387_3,US SD 1.8米商用升降桌 一件两箱  颜色->白麻,ALL,AMAZON,D,T99,0.0000,0.0000,0.0000,0.00,0.00,0.00,0,0.0000,6 个月 · 全平台 · 全量 SKU · 2026-07-09,published
SFDJ505387_3,US SD 1.8米商用升降桌 一件两箱  颜色->白麻,ALL,TIKTOK,D,T99,0.0000,0.0000,0.0000,0.00,0.00,0.00,0,0.0000,6 个月 · 全平台 · 全量 SKU · 2026-07-09,published
SFDJ505432_1,US SD 1.7米美式乡村竖条纹L桌 一件两箱   颜色->棕+白,ALL,TIKTOK,D,T99,0.0000,0.0000,0.0000,0.00,0.00,0.00,0,0.0000,6 个月 · 全平台 · 全量 SKU · 2026-07-09,published
SFDJ505432_2,US SD 1.7米美式乡村竖条纹L桌 一件两箱  颜色->棕+黑,ALL,AMAZON,D,T99,0.0000,0.0000,0.0000,0.00,0.00,0.00,0,0.0000,6 个月 · 全平台 · 全量 SKU · 2026-07-09,published
SFDJ505432_2,US SD 1.7米美式乡村竖条纹L桌 一件两箱  颜色->棕+黑,ALL,TIKTOK,D,T99,0.0000,0.0000,0.0000,0.00,0.00,0.00,0,0.0000,6 个月 · 全平台 · 全量 SKU · 2026-07-09,published
SFDJ505458_1,US SD X1.4米6抽升降桌 一件一箱 颜色->棕色+黑色PU,ALL,AMAZON,D,T99,0.0000,0.0000,0.0000,0.00,0.00,0.00,0,0.0000,6 个月 · 全平台 · 全量 SKU · 2026-07-09,published
SFDJ505458_3,US SD X1.4米6抽升降桌 一件一箱 颜色->原木色+白色PU,ALL,AMAZON,D,T99,0.0000,0.0000,0.0000,0.00,0.00,0.00,0,0.0000,6 个月 · 全平台 · 全量 SKU · 2026-07-09,published
SFDJ505458_3,US SD X1.4米6抽升降桌 一件一箱 颜色->原木色+白色PU,ALL,TIKTOK,D,T99,0.0000,0.0000,0.0000,0.00,0.00,0.00,0,0.0000,6 个月 · 全平台 · 全量 SKU · 2026-07-09,published
SFDJ505470_2,US SD 升降假L桌带文件柜 一件一箱  颜色->棕+黑麻,ALL,TIKTOK,D,T99,0.0000,0.0000,0.0000,0.00,0.00,0.00,0,0.0000,6 个月 · 全平台 · 全量 SKU · 2026-07-09,published
SFDJ505470_3,US SD 升降假L桌带文件柜 一件一箱  颜色->黑麻+白麻,ALL,AMAZON,D,T99,0.0000,0.0000,0.0000,0.00,0.00,0.00,0,0.0000,6 个月 · 全平台 · 全量 SKU · 2026-07-09,published
SFDJ505529_1,US 1.4米升降桌 一件两箱 颜色->橡木纹,ALL,TIKTOK,D,T99,0.0000,0.0000,0.0000,0.00,0.00,0.00,4,0.1290,6 个月 · 全平台 · 全量 SKU · 2026-07-09,published
SFDJ505532_2,US 1.4米单人6抽升降桌 一件两箱 颜色->棕色+黑色,ALL,TIKTOK,D,T99,0.0000,0.0000,0.0000,0.00,0.00,0.00,0,0.0000,6 个月 · 全平台 · 全量 SKU · 2026-07-09,published
SFDJ505532_3,US 1.4米单人6抽升降桌 一件两箱 颜色->橡木纹+白色,ALL,TIKTOK,D,T99,0.0000,0.0000,0.0000,0.00,0.00,0.00,0,0.0000,6 个月 · 全平台 · 全量 SKU · 2026-07-09,published
SFDJ505578_1,US 现代简约风移动柜行政桌 一件一箱 颜色->棕+黑,ALL,AMAZON,D,T99,0.0000,0.0000,0.0000,0.00,0.00,0.00,1,0.0323,6 个月 · 全平台 · 全量 SKU · 2026-07-09,published
SFDJ505583_2,US SD 2.3米双人双抽电脑桌 一件一箱 颜色->胡桃棕+白,ALL,AMAZON,D,T99,0.0000,0.0000,0.0000,0.00,0.00,0.00,0,0.0000,6 个月 · 全平台 · 全量 SKU · 2026-07-09,published
SFDJ505583_2,US SD 2.3米双人双抽电脑桌 一件一箱 颜色->胡桃棕+白,ALL,TEMU,D,T99,0.0000,0.0000,0.0000,0.00,0.00,0.00,0,0.0000,6 个月 · 全平台 · 全量 SKU · 2026-07-09,published
SFDJ505583_2,US SD 2.3米双人双抽电脑桌 一件一箱 颜色->胡桃棕+白,ALL,TIKTOK,D,T99,0.0000,0.0000,0.0000,0.00,0.00,0.00,4,0.1290,6 个月 · 全平台 · 全量 SKU · 2026-07-09,published
SFDJ505583_2,US SD 2.3米双人双抽电脑桌 一件一箱 颜色->胡桃棕+白,ALL,UNKNOWN,D,T99,0.0000,0.0000,0.0000,0.00,0.00,0.00,4,0.1290,6 个月 · 全平台 · 全量 SKU · 2026-07-09,published
SFDJ505583_2,US SD 2.3米双人双抽电脑桌 一件一箱 颜色->胡桃棕+白,ALL,WALMART,D,T99,0.0000,0.0000,0.0000,0.00,0.00,0.00,0,0.0000,6 个月 · 全平台 · 全量 SKU · 2026-07-09,published
SFDJ505583_3,US SD 2.3米双人双抽电脑桌 一件一箱 颜色->胡桃棕+黑色,ALL,TEMU,D,T99,0.0000,0.0000,0.0000,0.00,0.00,0.00,0,0.0000,6 个月 · 全平台 · 全量 SKU · 2026-07-09,published
SFDJ505583_3,US SD 2.3米双人双抽电脑桌 一件一箱 颜色->胡桃棕+黑色,ALL,TIKTOK,D,T99,0.0000,0.0000,0.0000,0.00,0.00,0.00,2,0.0645,6 个月 · 全平台 · 全量 SKU · 2026-07-09,published
SFDJ505583_3,US SD 2.3米双人双抽电脑桌 一件一箱 颜色->胡桃棕+黑色,ALL,UNKNOWN,D,T99,0.0000,0.0000,0.0000,0.00,0.00,0.00,0,0.0000,6 个月 · 全平台 · 全量 SKU · 2026-07-09,published
SFDJ505583_3,US SD 2.3米双人双抽电脑桌 一件一箱 颜色->胡桃棕+黑色,ALL,WALMART,D,T99,0.0000,0.0000,0.0000,0.00,0.00,0.00,0,0.0000,6 个月 · 全平台 · 全量 SKU · 2026-07-09,published
SFDJ505651_1,US 1.6米U型腿三抽板材L桌 一件两箱 颜色->原木色零度浮雕,ALL,AMAZON,D,T4B,0.2786,0.1337,0.1337,8.64,4.14,4.14,0,0.0000,6 个月 · 全平台 · 全量 SKU · 2026-07-09,published
SFDJ505651_1,US 1.6米U型腿三抽板材L桌 一件两箱 颜色->原木色零度浮雕,ALL,TIKTOK,D,T99,0.0000,0.0000,0.0000,0.00,0.00,0.00,0,0.0000,6 个月 · 全平台 · 全量 SKU · 2026-07-09,published
SFDJ505651_2,US 1.6米U型腿三抽板材L桌 一件两箱 颜色->黑色大山纹零度,ALL,AMAZON,D,T99,0.0000,0.0000,0.0000,0.00,0.00,0.00,0,0.0000,6 个月 · 全平台 · 全量 SKU · 2026-07-09,published
SFDJ505655_1,US SD 1.65米X字双抽电脑桌 一件一箱 颜色->棕（顶）+白麻,ALL,AMAZON,D,T99,0.0000,0.0000,0.0000,0.00,0.00,0.00,0,0.0000,6 个月 · 全平台 · 全量 SKU · 2026-07-09,published
SFDJ505655_2,US SD 1.65米X字双抽电脑桌 一件一箱 颜色->棕色（顶）+黑麻,ALL,AMAZON,D,T99,0.0000,0.0000,0.0000,0.00,0.00,0.00,17,0.5484,6 个月 · 全平台 · 全量 SKU · 2026-07-09,published
SFDJ505660_1,US 双抽农舍竖条高文件柜 一件一箱 颜色->棕+白,ALL,AMAZON,D,T99,0.0000,0.0000,0.0000,0.00,0.00,0.00,0,0.0000,6 个月 · 全平台 · 全量 SKU · 2026-07-09,published
SFDJ505710_1,US 85cm4层五抽农舍风文件柜 一件一箱 颜色->白+棕顶,ALL,TIKTOK,D,T99,0.0000,0.0000,0.0000,0.00,0.00,0.00,0,0.0000,6 个月 · 全平台 · 全量 SKU · 2026-07-09,published
SFDJ505711_1,US SD L桌六抽升降桌电脑桌 一件两箱 颜色->棕色+黑色,ALL,AMAZON,D,T99,0.0000,0.0000,0.0000,0.00,0.00,0.00,5,0.1613,6 个月 · 全平台 · 全量 SKU · 2026-07-09,published
SFDJ505711_2,US SD L桌六抽升降桌电脑桌 一件两箱 颜色->棕色+白色,ALL,TIKTOK,D,T99,0.0000,0.0000,0.0000,0.00,0.00,0.00,1,0.0323,6 个月 · 全平台 · 全量 SKU · 2026-07-09,published
SFDJ505725_1,US SD 矩形腿电动单人L三抽升降桌  一件一箱 颜色->火烧云,ALL,TIKTOK,D,T99,0.0000,0.0000,0.0000,0.00,0.00,0.00,0,0.0000,6 个月 · 全平台 · 全量 SKU · 2026-07-09,published
SFDJ505725_2,US SD 矩形腿电动单人L三抽升降桌  一件一箱 颜色->黑色,ALL,TIKTOK,D,T99,0.0000,0.0000,0.0000,0.00,0.00,0.00,1,0.0323,6 个月 · 全平台 · 全量 SKU · 2026-07-09,published
SFDJ505725_3,US SD 矩形腿电动单人L三抽升降桌  一件一箱 颜色->原木色,ALL,TIKTOK,D,T99,0.0000,0.0000,0.0000,0.00,0.00,0.00,2,0.0645,6 个月 · 全平台 · 全量 SKU · 2026-07-09,published
SFDJ505727_1,US 85cm四层四抽文件柜 一件一箱 颜色->0873-13顶板棕+白,ALL,TIKTOK,D,T99,0.0000,0.0000,0.0000,0.00,0.00,0.00,0,0.0000,6 个月 · 全平台 · 全量 SKU · 2026-07-09,published
SFDJ505728_1,US SD XL桌7抽铁木升降桌 一件两箱  颜色->黑色,ALL,TIKTOK,D,T99,0.0000,0.0000,0.0000,0.00,0.00,0.00,4,0.1290,6 个月 · 全平台 · 全量 SKU · 2026-07-09,published
SFDJ505728_2,US SD XL桌7抽铁木升降桌 一件两箱  颜色->棕+黑,ALL,TIKTOK,D,T99,0.0000,0.0000,0.0000,0.00,0.00,0.00,5,0.1613,6 个月 · 全平台 · 全量 SKU · 2026-07-09,published
SFDJ505729_1,US SD X单人三铁木款升降桌 一件一箱 颜色->棕+黑,ALL,TIKTOK,D,T99,0.0000,0.0000,0.0000,0.00,0.00,0.00,3,0.0968,6 个月 · 全平台 · 全量 SKU · 2026-07-09,published
SFDJ505732_1,US 1.5米农舍竖条对开门L桌 一件一箱 颜色->白+棕,ALL,TIKTOK,D,T4B,0.2571,0.1234,0.1234,7.97,3.83,3.83,0,0.0000,6 个月 · 全平台 · 全量 SKU · 2026-07-09,published
SFDJ505740_1,US 80cmX字谷仓门板材文件柜 一件一箱 颜色->YB-M941棕顶+白,ALL,AMAZON,D,T99,0.0000,0.0000,0.0000,0.00,0.00,0.00,1,0.0323,6 个月 · 全平台 · 全量 SKU · 2026-07-09,published
SFDJ505774_1,US SD 80cm单人游戏升降桌 一件一箱 颜色->碳纤维黑,ALL,TIKTOK,D,T99,0.0000,0.0000,0.0000,0.00,0.00,0.00,1,0.0323,6 个月 · 全平台 · 全量 SKU · 2026-07-09,published
SFDJ505774_2,US SD 80cm单人游戏升降桌 一件一箱 颜色->白麻,ALL,TIKTOK,D,T99,0.0000,0.0000,0.0000,0.00,0.00,0.00,6,0.1935,6 个月 · 全平台 · 全量 SKU · 2026-07-09,published
SFDJ505785_1,US 竖条纹美式铁木L桌 一件一箱 颜色->棕顶+白,ALL,AMAZON,D,T99,0.0000,0.0000,0.0000,0.00,0.00,0.00,0,0.0000,6 个月 · 全平台 · 全量 SKU · 2026-07-09,published
SFDJ505785_1,US 竖条纹美式铁木L桌 一件一箱 颜色->棕顶+白,ALL,TIKTOK,D,T99,0.0000,0.0000,0.0000,0.00,0.00,0.00,6,0.1935,6 个月 · 全平台 · 全量 SKU · 2026-07-09,published
SFDJ505785_2,US 竖条纹美式铁木L桌 一件一箱 颜色->棕顶+黑,ALL,AMAZON,D,T99,0.0000,0.0000,0.0000,0.00,0.00,0.00,0,0.0000,6 个月 · 全平台 · 全量 SKU · 2026-07-09,published
SFDJ505785_2,US 竖条纹美式铁木L桌 一件一箱 颜色->棕顶+黑,ALL,TIKTOK,D,T99,0.0000,0.0000,0.0000,0.00,0.00,0.00,3,0.0968,6 个月 · 全平台 · 全量 SKU · 2026-07-09,published
SFDJ505806_1,US 1.4米升降桌 一件两箱  颜色->主体白+顶板棕,ALL,UNKNOWN,D,T99,0.0000,0.0000,0.0000,0.00,0.00,0.00,28,0.9032,6 个月 · 全平台 · 全量 SKU · 2026-07-09,published
SFDJ505806_2,US 1.4米升降桌 一件两箱  颜色->主体黑+顶板棕,ALL,TIKTOK,D,T99,0.0000,0.0000,0.0000,0.00,0.00,0.00,3,0.0968,6 个月 · 全平台 · 全量 SKU · 2026-07-09,published
SFDJ505806_2,US 1.4米升降桌 一件两箱  颜色->主体黑+顶板棕,ALL,WALMART,D,T99,0.0000,0.0000,0.0000,0.00,0.00,0.00,18,0.5806,6 个月 · 全平台 · 全量 SKU · 2026-07-09,published
SFDJ505812_1,US SD L三抽高书架桌 一件两箱 颜色->白拼棕,ALL,TIKTOK,D,T99,0.0000,0.0000,0.0000,0.00,0.00,0.00,4,0.1290,6 个月 · 全平台 · 全量 SKU · 2026-07-09,published
SFDJ505879_1,US 吸塑竖条升降可直排L桌 一件两箱 颜色->261833-14咖啡胡桃零度,ALL,AMAZON,D,T99,0.0000,0.0000,0.0000,0.00,0.00,0.00,1,0.0323,6 个月 · 全平台 · 全量 SKU · 2026-07-09,published
SFDJ505879_1,US 吸塑竖条升降可直排L桌 一件两箱 颜色->261833-14咖啡胡桃零度,ALL,TIKTOK,D,T99,0.0000,0.0000,0.0000,0.00,0.00,0.00,2,0.0645,6 个月 · 全平台 · 全量 SKU · 2026-07-09,published
SFDJ505879_2,US 吸塑竖条升降可直排L桌 一件两箱 颜色->黑麻,ALL,AMAZON,D,T99,0.0000,0.0000,0.0000,0.00,0.00,0.00,0,0.0000,6 个月 · 全平台 · 全量 SKU · 2026-07-09,published
SFDJ505879_3,US 吸塑竖条升降可直排L桌 一件两箱 颜色->原木色,ALL,TIKTOK,D,T99,0.0000,0.0000,0.0000,0.00,0.00,0.00,1,0.0323,6 个月 · 全平台 · 全量 SKU · 2026-07-09,published
SFDJ505885_1,US SD 2.5米美式双人升降桌 一件两箱 颜色->棕+白,ALL,TIKTOK,D,T99,0.0000,0.0000,0.0000,0.00,0.00,0.00,0,0.0000,6 个月 · 全平台 · 全量 SKU · 2026-07-09,published
SFDJ505886_2,US SD 2.4米四抽双人升降桌  一件两箱 颜色->顶棕+抽棕侧黑,ALL,TIKTOK,D,T99,0.0000,0.0000,0.0000,0.00,0.00,0.00,3,0.0968,6 个月 · 全平台 · 全量 SKU · 2026-07-09,published
SFDJ505893_1,US SD 1.6米单人升降桌带竖条文件柜  一件两箱 颜色->橡木黄,ALL,TIKTOK,D,T99,0.0000,0.0000,0.0000,0.00,0.00,0.00,0,0.0000,6 个月 · 全平台 · 全量 SKU · 2026-07-09,published
SFDJ505893_2,US SD 1.6米单人升降桌带竖条文件柜  一件两箱 颜色->棕色,ALL,TIKTOK,D,T99,0.0000,0.0000,0.0000,0.00,0.00,0.00,5,0.1613,6 个月 · 全平台 · 全量 SKU · 2026-07-09,published
SFDJ505914_1,US SD 三抽带两柜门美式单人桌 一件两箱 颜色->黑麻+棕色,ALL,TIKTOK,D,T99,0.0000,0.0000,0.0000,0.00,0.00,0.00,3,0.0968,6 个月 · 全平台 · 全量 SKU · 2026-07-09,published
SFDJ505914_2,US SD 三抽带两柜门美式单人桌 一件两箱 颜色->浮雕白+棕色,ALL,TIKTOK,D,T99,0.0000,0.0000,0.0000,0.00,0.00,0.00,2,0.0645,6 个月 · 全平台 · 全量 SKU · 2026-07-09,published
SFDJ505914_3,US SD 三抽带两柜门美式单人桌 一件两箱 颜色->I27014K木纹,ALL,AMAZON,D,T99,0.0000,0.0000,0.0000,0.00,0.00,0.00,0,0.0000,6 个月 · 全平台 · 全量 SKU · 2026-07-09,published
SFDJ505914_3,US SD 三抽带两柜门美式单人桌 一件两箱 颜色->I27014K木纹,ALL,TIKTOK,D,T99,0.0000,0.0000,0.0000,0.00,0.00,0.00,0,0.0000,6 个月 · 全平台 · 全量 SKU · 2026-07-09,published
SFDJ505944_1,US 布抽款80cm板材角落高桌 一件一箱 颜色->黑麻+棕色桌板,ALL,TIKTOK,D,T99,0.0000,0.0000,0.0000,0.00,0.00,0.00,3,0.0968,6 个月 · 全平台 · 全量 SKU · 2026-07-09,published
SFDJVN000056_2,US SD 1.7米X字三抽L桌 一件一箱 颜色 颜色->棕色（顶）+白,ALL,TIKTOK,D,T99,0.0000,0.0000,0.0000,0.00,0.00,0.00,4,0.1290,6 个月 · 全平台 · 全量 SKU · 2026-07-09,published
SKDJ502512_4,US AE 书柜 3抽屉 带插排小台款 颜色->#4,ALL,TIKTOK,C,T4B,1.3132,0.6303,0.6303,40.71,19.54,19.54,109,3.5161,6 个月 · 全平台 · 全量 SKU · 2026-07-09,published
SKDJ502530_1,US AE 书柜 三抽带储物空间加灯带插排 颜色->白色,ALL,TIKTOK,C,T3P,15.3806,15.3806,15.3806,476.80,476.80,476.80,286,9.2258,6 个月 · 全平台 · 全量 SKU · 2026-07-09,published
SKDJ502530_2,US AE 书柜 三抽带储物空间加灯带插排 颜色->黑色,ALL,TIKTOK,C,T3P,43.8798,42.0462,42.0462,1360.27,1303.43,1303.43,1626,52.4516,6 个月 · 全平台 · 全量 SKU · 2026-07-09,published
SKDJ502530_23,"US AE 书柜 三抽带储物空间加灯带插排 颜色->#3,鱼肚白大理石纹",ALL,TIKTOK,C,T4B,6.8083,3.2680,3.2680,211.06,101.31,101.31,264,8.5161,6 个月 · 全平台 · 全量 SKU · 2026-07-09,published
SKDJ502530_4,US AE 书柜 三抽带储物空间加灯带插排 颜色->#4,ALL,AMAZON,C,T99,0.0000,0.0000,0.0000,0.00,0.00,0.00,0,0.0000,6 个月 · 全平台 · 全量 SKU · 2026-07-09,published
SKDJ502530_4,US AE 书柜 三抽带储物空间加灯带插排 颜色->#4,ALL,TIKTOK,C,T4B,1.5385,0.7828,0.7828,47.69,24.27,24.27,53,1.7097,6 个月 · 全平台 · 全量 SKU · 2026-07-09,published
SKDJ502530_4,US AE 书柜 三抽带储物空间加灯带插排 颜色->#4,ALL,UNKNOWN,C,T99,0.0000,0.0000,0.0000,0.00,0.00,0.00,0,0.0000,6 个月 · 全平台 · 全量 SKU · 2026-07-09,published
SKDJ502530_4,US AE 书柜 三抽带储物空间加灯带插排 颜色->#4,ALL,WALMART,C,T99,0.0000,0.0000,0.0000,0.00,0.00,0.00,4,0.1290,6 个月 · 全平台 · 全量 SKU · 2026-07-09,published
SKDJ503083_1,"US BF VD9 铁木梳妆台 玻璃桌面亚克力分格带放大镜双压床头柜 一件一箱 颜色->#1,黑山纹",ALL,TEMU,C,T99,0.0000,0.0000,0.0000,0.00,0.00,0.00,0,0.0000,6 个月 · 全平台 · 全量 SKU · 2026-07-09,published
SKDJ503083_1,"US BF VD9 铁木梳妆台 玻璃桌面亚克力分格带放大镜双压床头柜 一件一箱 颜色->#1,黑山纹",ALL,TIKTOK,C,T99,0.0000,0.0000,0.0000,0.00,0.00,0.00,0,0.0000,6 个月 · 全平台 · 全量 SKU · 2026-07-09,published
SKDJ503114_1,HS NSD-02边柜 两抽布抽屉 带插排氛围灯款 两件一箱 颜色->黑色,ALL,TIKTOK,C,T99,0.0000,0.0000,0.0000,0.00,0.00,0.00,0,0.0000,6 个月 · 全平台 · 全量 SKU · 2026-07-09,published
SKDJ503122_1,US SD 谷仓门双顶咖啡桌 一件一箱 颜色->浅橡木灰,ALL,TIKTOK,D,T99,0.0000,0.0000,0.0000,0.00,0.00,0.00,48,1.5484,6 个月 · 全平台 · 全量 SKU · 2026-07-09,published
SKDJ503122_2,US SD 谷仓门双顶咖啡桌 一件一箱 颜色->火烧云色,ALL,TIKTOK,D,T99,0.0000,0.0000,0.0000,0.00,0.00,0.00,17,0.5484,6 个月 · 全平台 · 全量 SKU · 2026-07-09,published
SKDJ503170_1,EU KM 板式升降可展开咖啡桌 颜色->浅灰色,ALL,TIKTOK,C,T4B,2.0786,0.8500,0.8500,64.44,26.35,26.35,96,3.0968,6 个月 · 全平台 · 全量 SKU · 2026-07-09,published
SKDJ503170_1,EU KM 板式升降可展开咖啡桌 颜色->浅灰色,ALL,UNKNOWN,C,T99,0.0000,0.0000,0.0000,0.00,0.00,0.00,2,0.0645,6 个月 · 全平台 · 全量 SKU · 2026-07-09,published
SKDJ503170_2,"EU KM 板式升降可展开咖啡桌 颜色->棕色,火烧木",ALL,TIKTOK,C,T4B,1.9117,0.7367,0.7367,59.26,22.84,22.84,81,2.6129,6 个月 · 全平台 · 全量 SKU · 2026-07-09,published
SKDJ503170_2,"EU KM 板式升降可展开咖啡桌 颜色->棕色,火烧木",ALL,UNKNOWN,C,T99,0.0000,0.0000,0.0000,0.00,0.00,0.00,2,0.0645,6 个月 · 全平台 · 全量 SKU · 2026-07-09,published
SKDJ503216_1,US BF 储物柜 DT01 8抽带空格加RGB灯带含插头 一件一箱 颜色->白色,ALL,UNKNOWN,C,T99,0.0000,0.0000,0.0000,0.00,0.00,0.00,0,0.0000,6 个月 · 全平台 · 全量 SKU · 2026-07-09,published
SKDJ503450_1,"EU KM 板式L型桌腿升降可展开咖啡桌 颜色->白色,麻面白",ALL,TIKTOK,C,T4B,0.3296,0.1677,0.1677,10.22,5.20,5.20,35,1.1290,6 个月 · 全平台 · 全量 SKU · 2026-07-09,published
SKDJ503451_2,"EU KM 铁木带布抽升降可展开咖啡桌 一件一箱 颜色->灰色,浅灰色",ALL,TIKTOK,C,T4B,0.3228,0.1549,0.1549,10.01,4.80,4.80,33,1.0645,6 个月 · 全平台 · 全量 SKU · 2026-07-09,published
SKDJ503451_3,"EU KM 铁木带布抽升降可展开咖啡桌 颜色->白色,白浮雕",ALL,TIKTOK,C,T4B,0.2590,0.1392,0.1392,8.03,4.32,4.32,17,0.5484,6 个月 · 全平台 · 全量 SKU · 2026-07-09,published
SKDJ503451_3,"EU KM 铁木带布抽升降可展开咖啡桌 颜色->白色,白浮雕",ALL,UNKNOWN,C,T99,0.0000,0.0000,0.0000,0.00,0.00,0.00,0,0.0000,6 个月 · 全平台 · 全量 SKU · 2026-07-09,published
SKDJ503518_1,US SD 美式L桌四抽带柜门  一件两箱 颜色->白黑,ALL,TIKTOK,D,T99,0.0000,0.0000,0.0000,0.00,0.00,0.00,0,0.0000,6 个月 · 全平台 · 全量 SKU · 2026-07-09,published
SKDJ503733_1,US DC 铁木床 CBF-01L 方管软包角落床带抽篮-112 T 一件一箱,ALL,TIKTOK,D,T99,0.0000,0.0000,0.0000,0.00,0.00,0.00,59,1.9032,6 个月 · 全平台 · 全量 SKU · 2026-07-09,published
SKDJ503733_3,US DC 铁木床 CBF-01L 方管软包角落床带抽篮-112 灰 F 一件一箱,ALL,TIKTOK,D,T99,0.0000,0.0000,0.0000,0.00,0.00,0.00,26,0.8387,6 个月 · 全平台 · 全量 SKU · 2026-07-09,published
SKDJ503733_4,US DC 铁木床 CBF-01L 方管软包角落床带抽篮-112 灰 Q  一件一箱,ALL,TIKTOK,D,T99,0.0000,0.0000,0.0000,0.00,0.00,0.00,27,0.8710,6 个月 · 全平台 · 全量 SKU · 2026-07-09,published
SKDJ503905_1,US AG 高款板式三抽边桌 灯带+排插 一件一箱 颜色->黑色,ALL,TIKTOK,C,T99,0.0000,0.0000,0.0000,0.00,0.00,0.00,213,6.8710,6 个月 · 全平台 · 全量 SKU · 2026-07-09,published
SKDJ503905_3,US AG 高款板式三抽边桌 灯带+排插 一件一箱 颜色->火烧云,ALL,TIKTOK,D,T99,0.0000,0.0000,0.0000,0.00,0.00,0.00,35,1.1290,6 个月 · 全平台 · 全量 SKU · 2026-07-09,published
SKDJ504931_1,"US AE 书柜 NT30（原NT15） 三抽加高款带玻璃柜门加RGB灯带 一件一箱 颜色->#3,灰木纹色麻面",ALL,TIKTOK,C,T4B,5.3192,2.8596,2.8596,164.90,88.65,88.65,266,8.5806,6 个月 · 全平台 · 全量 SKU · 2026-07-09,published
SKDJ504931_2,"US AE 书柜 NT30（原NT15） 三抽加高款带玻璃柜门加RGB灯带 一件一箱 颜色->#1,黑色麻面",ALL,AMAZON,C,T99,0.0000,0.0000,0.0000,0.00,0.00,0.00,0,0.0000,6 个月 · 全平台 · 全量 SKU · 2026-07-09,published
SKDJ504931_2,"US AE 书柜 NT30（原NT15） 三抽加高款带玻璃柜门加RGB灯带 一件一箱 颜色->#1,黑色麻面",ALL,TIKTOK,C,T99,0.0000,0.0000,0.0000,0.00,0.00,0.00,436,14.0645,6 个月 · 全平台 · 全量 SKU · 2026-07-09,published
SKDJ504931_3,"US AE 书柜 NT30（原NT15） 三抽加高款带玻璃柜门加RGB灯带 一件一箱 颜色->#2,白色麻面",ALL,TEMU,C,T99,0.0000,0.0000,0.0000,0.00,0.00,0.00,0,0.0000,6 个月 · 全平台 · 全量 SKU · 2026-07-09,published
SKDJ504931_3,"US AE 书柜 NT30（原NT15） 三抽加高款带玻璃柜门加RGB灯带 一件一箱 颜色->#2,白色麻面",ALL,TIKTOK,C,T99,0.0000,0.0000,0.0000,0.00,0.00,0.00,63,2.0323,6 个月 · 全平台 · 全量 SKU · 2026-07-09,published
SKDJ505249_2,HS 储物柜-DSTL-01顶板推拉无把手 2x3 DFS 一件两箱  颜色->白色,ALL,TIKTOK,C,T99,0.0000,0.0000,0.0000,0.00,0.00,0.00,42,1.3548,6 个月 · 全平台 · 全量 SKU · 2026-07-09,published
SKDJ505346_1,US HS 梳妆台-VDNX-01 现代款错落布局 六抽一门好莱坞灯串 一件两箱 颜色->白色,ALL,TIKTOK,D,T99,0.0000,0.0000,0.0000,0.00,0.00,0.00,0,0.0000,6 个月 · 全平台 · 全量 SKU · 2026-07-09,published
SKDJ505346_2,US HS 梳妆台-VDNX-01 现代款错落布局 六抽一门好莱坞灯串 一件两箱 颜色->黑色,ALL,TIKTOK,D,T99,0.0000,0.0000,0.0000,0.00,0.00,0.00,0,0.0000,6 个月 · 全平台 · 全量 SKU · 2026-07-09,published
SKDJ506016_1,USHA DFS-VT12 （新）圆弧柱5抽两门波浪纹大镜子款 一件两箱 颜色->#1原木橡木色,ALL,TIKTOK,D,T99,0.0000,0.0000,0.0000,0.00,0.00,0.00,85,2.7419,6 个月 · 全平台 · 全量 SKU · 2026-07-09,published
SKDJVN000013_2,"US AE 书柜（Vietnam）2抽屉板材带双灯 加高款 颜色->#1,白色麻面",ALL,TEMU,C,T99,0.0000,0.0000,0.0000,0.00,0.00,0.00,0,0.0000,6 个月 · 全平台 · 全量 SKU · 2026-07-09,published
SKDJVN000013_2,"US AE 书柜（Vietnam）2抽屉板材带双灯 加高款 颜色->#1,白色麻面",ALL,TIKTOK,C,T4B,7.8336,3.9857,3.9857,242.84,123.56,123.56,131,4.2258,6 个月 · 全平台 · 全量 SKU · 2026-07-09,published
SKDJVN000013_2,"US AE 书柜（Vietnam）2抽屉板材带双灯 加高款 颜色->#1,白色麻面",ALL,UNKNOWN,C,T99,0.0000,0.0000,0.0000,0.00,0.00,0.00,0,0.0000,6 个月 · 全平台 · 全量 SKU · 2026-07-09,published
SKDJVN000013_3,"US AE 书柜（Vietnam）2抽屉板材带双灯 加高款 颜色->#2,黑色麻面",ALL,TEMU,C,T99,0.0000,0.0000,0.0000,0.00,0.00,0.00,0,0.0000,6 个月 · 全平台 · 全量 SKU · 2026-07-09,published
SKDJVN000013_3,"US AE 书柜（Vietnam）2抽屉板材带双灯 加高款 颜色->#2,黑色麻面",ALL,TIKTOK,C,T3P,12.7398,12.7398,12.7398,394.93,394.93,394.93,240,7.7419,6 个月 · 全平台 · 全量 SKU · 2026-07-09,published
SKDJVN000013_4,US AE 书柜（Vietnam）2抽屉板材带双灯 加高款 颜色->#4,ALL,AMAZON,C,T99,0.0000,0.0000,0.0000,0.00,0.00,0.00,17,0.5484,6 个月 · 全平台 · 全量 SKU · 2026-07-09,published
SKDJVN000013_4,US AE 书柜（Vietnam）2抽屉板材带双灯 加高款 颜色->#4,ALL,TIKTOK,C,T4B,1.5433,0.7408,0.7408,47.84,22.96,22.96,72,2.3226,6 个月 · 全平台 · 全量 SKU · 2026-07-09,published
SKDJVN000014_1,"US AE 书柜(Vietnam) 3抽屉 带插排小台款（大款）加RGB灯带 颜色->#3,灰木纹色麻面",ALL,TIKTOK,C,T4B,2.3861,1.1453,1.1453,73.97,35.50,35.50,88,2.8387,6 个月 · 全平台 · 全量 SKU · 2026-07-09,published
SKDJVN000014_1,"US AE 书柜(Vietnam) 3抽屉 带插排小台款（大款）加RGB灯带 颜色->#3,灰木纹色麻面",ALL,WALMART,C,T99,0.0000,0.0000,0.0000,0.00,0.00,0.00,0,0.0000,6 个月 · 全平台 · 全量 SKU · 2026-07-09,published
SKDJVN000014_2,"US AE 书柜(Vietnam) 3抽屉 带插排小台款（大款）加RGB灯带 颜色->#1,白色麻面",ALL,UNKNOWN,C,T99,0.0000,0.0000,0.0000,0.00,0.00,0.00,0,0.0000,6 个月 · 全平台 · 全量 SKU · 2026-07-09,published
SKDJVN000014_3,"US AE 书柜(Vietnam) 3抽屉 带插排小台款（大款）加RGB灯带 颜色->#2,黑色麻面",ALL,TIKTOK,C,T3P,17.6855,15.0327,15.0327,548.25,466.01,466.01,674,21.7419,6 个月 · 全平台 · 全量 SKU · 2026-07-09,published
WFDJ503441_1,US PT 正方形升降谷仓咖啡桌 颜色->白麻+火烧云,ALL,TEMU,C,T99,0.0000,0.0000,0.0000,0.00,0.00,0.00,39,1.2581,6 个月 · 全平台 · 全量 SKU · 2026-07-09,published
WFDJ503441_2,US PT 正方形升降谷仓咖啡桌 颜色->黑麻+火烧云,ALL,TEMU,C,T99,0.0000,0.0000,0.0000,0.00,0.00,0.00,53,1.7097,6 个月 · 全平台 · 全量 SKU · 2026-07-09,published
WFDJ503441_3,US PT 正方形升降谷仓咖啡桌 颜色->灰色,ALL,TEMU,D,T99,0.0000,0.0000,0.0000,0.00,0.00,0.00,61,1.9677,6 个月 · 全平台 · 全量 SKU · 2026-07-09,published
WFDJ503441_4,US PT 正方形升降谷仓咖啡桌 颜色->深蓝+棕,ALL,TEMU,D,T99,0.0000,0.0000,0.0000,0.00,0.00,0.00,43,1.3871,6 个月 · 全平台 · 全量 SKU · 2026-07-09,published
WFDJ503441_5,US PT 正方形升降谷仓咖啡桌 颜色->复古白+棕,ALL,TEMU,D,T99,0.0000,0.0000,0.0000,0.00,0.00,0.00,32,1.0323,6 个月 · 全平台 · 全量 SKU · 2026-07-09,published
WFDJ505238_1,US HS 储物柜-DSXC-02抽面铣型带插 DFS 十斗 3x2+4一件两箱 颜色->黑色,ALL,UNKNOWN,D,T99,0.0000,0.0000,0.0000,0.00,0.00,0.00,0,0.0000,6 个月 · 全平台 · 全量 SKU · 2026-07-09,published
WFDJ505238_2,US HS 储物柜-DSXC-02抽面铣型带插 DFS 十斗 3x2+4一件两箱 颜色->白色,ALL,UNKNOWN,D,T99,0.0000,0.0000,0.0000,0.00,0.00,0.00,0,0.0000,6 个月 · 全平台 · 全量 SKU · 2026-07-09,published
WFDJ505238_3,US HS 储物柜-DSXC-02抽面铣型带插 DFS 十斗 3x2+4一件两箱 颜色->黑白撞色,ALL,UNKNOWN,C,T99,0.0000,0.0000,0.0000,0.00,0.00,0.00,0,0.0000,6 个月 · 全平台 · 全量 SKU · 2026-07-09,published
WFDJ505250_1,US HS 储物柜-DSBL-03侧板自攻丝 1x5+2 DFS 一件两箱 颜色->黑色,ALL,UNKNOWN,C,T99,0.0000,0.0000,0.0000,0.00,0.00,0.00,0,0.0000,6 个月 · 全平台 · 全量 SKU · 2026-07-09,published
WFDJ505309_1,US HS 抽屉柜 DDB-06 2x4 底座 无把手 DFS 一件两箱 颜色->黑色,ALL,UNKNOWN,D,T99,0.0000,0.0000,0.0000,0.00,0.00,0.00,0,0.0000,6 个月 · 全平台 · 全量 SKU · 2026-07-09,published
