SKU编码,SKU名称,站点,平台,ABCD类,分层,混合水平月销量,系统预测月销量,实际月销量,偏差数量,偏差率,绝对偏差率APE
DJ502530_2,US AE 书柜 三抽带储物空间加灯带插排 颜色->黑色,ALL,AMAZON,A,T1,2401.54,1873.20,1822,51.20,0.0281,0.0281
SKDJ502530_2,US AE 书柜 三抽带储物空间加灯带插排 颜色->黑色,ALL,TIKTOK,C,T3P,1360.27,1303.43,1626,-322.57,-0.1984,0.1984
DJ502952_1,US SD 23款L桌高桌 一件一箱 颜色->黑色,ALL,AMAZON,A,T1,884.08,689.59,745,-55.41,-0.0744,0.0744
SKDJVN000014_3,"US AE 书柜(Vietnam) 3抽屉 带插排小台款（大款）加RGB灯带 颜色->#2,黑色麻面",ALL,TIKTOK,C,T3P,548.25,466.01,674,-207.99,-0.3086,0.3086
DJ502530_1,US AE 书柜 三抽带储物空间加灯带插排 颜色->白色,ALL,AMAZON,B,T1,839.86,655.09,616,39.09,0.0635,0.0635
DJ503905_1,US AG 高款板式三抽边桌 灯带+排插 一件一箱 颜色->黑色,ALL,AMAZON,A,T2,579.64,420.07,555,-134.93,-0.2431,0.2431
DJ503733_3,US DC 铁木床 CBF-01L 方管软包角落床带抽篮-112 灰 F 一件一箱,ALL,AMAZON,A,T2,552.73,400.57,550,-149.43,-0.2717,0.2717
DJ505226_2,US 595款 F尺寸上床下桌6抽U形桌面带灯带插排 一件两箱 颜色->白色,ALL,AMAZON,A,T1,522.57,407.61,539,-131.39,-0.2438,0.2438
DJ502530_1,US AE 书柜 三抽带储物空间加灯带插排 颜色->白色,ALL,TIKTOK,B,T4B,13.10,7.04,515,-507.96,-0.9863,0.9863
DJ503441_2,US PT 正方形升降谷仓咖啡桌 颜色->黑麻+火烧云,ALL,AMAZON,A,T1,615.07,506.33,509,-2.67,-0.0052,0.0052
DJ505534_2,US SD L桌五抽带两组亚克力门  一件一箱 颜色->黑麻,ALL,AMAZON,A,T4B,313.15,168.35,498,-329.65,-0.6620,0.6620
DJ505323_2,US 床GSI-005T带步梯双层2抽+6布抽床含灯带99*190一件两箱黑铁+黑山纹板,ALL,AMAZON,A,T3,262.76,236.49,486,-249.51,-0.5134,0.5134
DJ503733_1,US DC 铁木床 CBF-01L 方管软包角落床带抽篮-112 T 一件一箱,ALL,AMAZON,A,T2,480.15,347.97,475,-127.03,-0.2674,0.2674
DJ502512_2,US AE 书柜 3抽屉 带插排小台款（大款） 颜色->黑色,ALL,AMAZON,A,T2,547.78,427.27,463,-35.73,-0.0772,0.0772
DJ505240_1,US 床YW-43T上床下电竞桌3抽储物柜含灯带99*190 一件两箱黑色铁+黑麻板,ALL,AMAZON,A,T2,456.12,330.55,462,-131.45,-0.2845,0.2845
DJ504015_2,US 纯板材三抽双人电脑桌  一件一箱 颜色   橡木棕色（顶板）+白麻（主体）,ALL,AMAZON,A,T2,452.86,328.19,456,-127.81,-0.2803,0.2803
DJ505162_1,US DC 铁木床 CBF-02L 方管铁木角落床带抽篮-113 F 黑 一件两箱,ALL,AMAZON,A,T1,554.43,432.45,452,-19.55,-0.0432,0.0432
DJ505493_3,US 1.15米铁木四门厨房置物架带灯 一件一箱 颜色->火烧云,ALL,TIKTOK,C,T4B,10.85,5.21,416,-410.79,-0.9875,0.9875
DJ505323_3,US 床GSI-005T带步梯双层2抽+6布抽床含灯带99*190一件两箱白铁+白山纹板,ALL,AMAZON,A,T3,291.40,278.00,404,-126.00,-0.3119,0.3119
DJ505117_2,US 1.2米推拉零食柜 一件两箱 颜色->白+棕,ALL,AMAZON,A,T2,319.51,272.41,392,-119.59,-0.3051,0.3051
DJ502512_13,"US AE 书柜 3抽屉 带插排小台款（大款） 颜色->#3,灰木纹色",ALL,AMAZON,A,T2,513.80,400.76,378,22.76,0.0602,0.0602
DJ504017_1,US DC 铁木床 CBF-02L 方管铁木角落床带抽篮-113 T 黑 一件一箱,ALL,AMAZON,A,T2,571.46,445.74,374,71.74,0.1918,0.1918
DJ505806_2,US 1.4米升降桌 一件两箱  颜色->主体黑+顶板棕,ALL,AMAZON,B,T4B,143.93,69.09,364,-294.91,-0.8102,0.8102
DJ503917_3,US 玻璃门L桌高桌带布兜款 一件一箱 颜色->黑色,ALL,AMAZON,B,T2,366.28,265.44,339,-73.56,-0.2170,0.2170
DJ505668_4,US SD L桌带文件抽桌面宽470mm  颜色->989-3灰色,ALL,AMAZON,C,T4B,53.14,25.51,332,-306.49,-0.9232,0.9232
DJ504018_1,US 纯板材X字双抽高文件柜 一件一箱 颜色->白色+棕色,ALL,AMAZON,B,T2,272.20,197.27,325,-127.73,-0.3930,0.3930
DJ505125_1,US 侧面爬梯上床下桌T 一件两箱 颜色->火烧云,ALL,AMAZON,B,T2,308.71,223.72,324,-100.28,-0.3095,0.3095
DJ504019_1,US TA 100*80双抽谷仓门升降咖啡桌 一件一箱 颜色->白+棕,ALL,AMAZON,B,T2,258.75,220.61,323,-102.39,-0.3170,0.3170
DJ505806_1,US 1.4米升降桌 一件两箱  颜色->主体白+顶板棕,ALL,AMAZON,C,T4B,77.50,37.20,318,-280.80,-0.8830,0.8830
DJ502952_3,US SD 23款L桌高桌 一件一箱 颜色->白色,ALL,AMAZON,B,T2,285.46,243.38,317,-73.62,-0.2322,0.2322
DJ505135_1,US SD 1.6米单人升降桌带文件柜  一件两箱 颜色->白麻+棕色,ALL,AMAZON,B,T2,249.36,212.60,314,-101.40,-0.3229,0.3229
DJ505212_1,US DC 铁木床 CBF-08改 铁木储物带尾桌 154 T款 一件两箱  颜色->黑色,ALL,AMAZON,A,T2,338.88,245.59,314,-68.41,-0.2179,0.2179
DJ502890_3,US SD L桌带洞洞铁皮带排插  一件一箱 颜色->黑色,ALL,AMAZON,B,T2,369.09,267.48,310,-42.52,-0.1372,0.1372
DJ502988_4,US SD L桌带两层网书架 一件一箱 颜色->火烧云,ALL,AMAZON,B,T2,374.38,271.32,310,-38.68,-0.1248,0.1248
DJ503281,EU DC 欧标木质LED打砂镜柜双开门 80*16*60 白色 一件一箱,ALL,AMAZON,B,T3,428.46,408.75,309,99.75,0.3228,0.3228
DJ504085_2,US 单人L高桌5布抽低价款 一件一箱 颜色->黑麻,ALL,AMAZON,B,T2,365.42,264.82,308,-43.18,-0.1402,0.1402
DJ505135_2,US SD 1.6米单人升降桌带文件柜  一件两箱  颜色->黑麻+棕色,ALL,AMAZON,B,T2,304.96,260.01,307,-46.99,-0.1531,0.1531
DJ505124_2,US 美式升降可直排L桌 一件两箱 颜色->棕+黑,ALL,AMAZON,B,T2,385.37,328.57,306,22.57,0.0738,0.0738
DJ504867_2,US SD U型书架桌带三抽   一件一箱 颜色 颜色->黑色,ALL,AMAZON,B,T2,370.48,288.98,304,-15.02,-0.0494,0.0494
DJ503733_4,US DC 铁木床 CBF-01L 方管软包角落床带抽篮-112 灰 Q  一件一箱,ALL,AMAZON,B,T2,255.06,217.47,301,-83.54,-0.2775,0.2775
DJ505019_2,US DC 高架床 LLB-04  YL 私密堡垒储物款 T 尺寸 一件一箱 颜色->白色,ALL,AMAZON,B,T3,202.05,203.67,301,-97.33,-0.3234,0.3234
DJ505323_1,US 床GSI-005T带步梯双层2抽+6布抽床含灯带99*190一件两箱黑铁+火烧云板,ALL,AMAZON,A,T3,206.31,196.81,301,-104.19,-0.3461,0.3461
DJ504900_1,"US 床TB-2362F FB-儿童床-002  137*190 颜色->#1,米白色泰迪绒+杨木板",ALL,AMAZON,A,T4A,144.70,75.20,297,-221.80,-0.7468,0.7468
DJVN000013_3,"US AE 书柜（Vietnam）2抽屉板材带双灯 加高款 颜色->#2,黑色麻面",ALL,AMAZON,A,T2,449.99,326.11,291,35.11,0.1207,0.1207
DJ504993_1,UK DC 铁木床 CBF-01L 方管软包角落床带抽篮-153 90*190 灰色 一件一箱,ALL,AMAZON,C,T4B,64.71,34.79,289,-254.21,-0.8796,0.8796
DJ505621_1,US DC 炫酷软包床 BFCB-01 PU材质 床头下翻门 灯带插排 黑色 F改 一件一箱,ALL,AMAZON,B,T4A,82.33,42.79,286,-243.21,-0.8504,0.8504
SKDJ502530_1,US AE 书柜 三抽带储物空间加灯带插排 颜色->白色,ALL,TIKTOK,C,T3P,476.80,476.80,286,190.80,0.6671,0.6671
DJ502512_1,US AE 书柜 3抽屉 带插排小台款（大款） 颜色->白色,ALL,AMAZON,B,T2,342.53,267.18,285,-17.82,-0.0625,0.0625
DJ505770_1,US DC 高架床 BBC-01 BD173 新长短边储物双床 双T 黑色 一件两箱,ALL,AMAZON,B,T4B,74.62,35.82,280,-244.18,-0.8721,0.8721
DJ505770_2,US DC 高架床 BBC-01 BD173 新长短边储物双床 双T 白色 一件两箱,ALL,AMAZON,B,T4B,60.01,28.80,274,-245.20,-0.8949,0.8949
DJ505534_2,US SD L桌五抽带两组亚克力门  一件一箱 颜色->黑麻,ALL,TIKTOK,A,T4B,37.10,19.94,272,-252.06,-0.9267,0.9267
DJ504015_4,US 纯板材三抽双人电脑桌  一件一箱 颜色->棕色+黑色,ALL,AMAZON,B,T2,231.44,197.32,271,-73.68,-0.2719,0.2719
DJ504400_1,"US AE 书柜 NT25 四抽悬浮滑盖加灯带插排 颜色->#1,黑色麻面",ALL,AMAZON,A,T2,282.35,204.62,270,-65.38,-0.2421,0.2421
DJ502952_4,US SD 23款L桌高桌 一件一箱 颜色->火烧云色,ALL,AMAZON,B,T2,303.37,258.65,269,-10.35,-0.0385,0.0385
DJ505171_1,US AG 翻盖布抽角落床 F 一件两箱 颜色->火烧云,ALL,AMAZON,B,T4A,91.18,44.84,269,-224.16,-0.8333,0.8333
DJ504285_1,US TS05 五抽悬浮电视柜带电视支架 颜色->黑色,ALL,AMAZON,B,T3,201.73,181.55,267,-85.45,-0.3200,0.3200
SKDJ504931_1,"US AE 书柜 NT30（原NT15） 三抽加高款带玻璃柜门加RGB灯带 一件一箱 颜色->#3,灰木纹色麻面",ALL,TIKTOK,C,T4B,164.90,88.65,266,-177.35,-0.6667,0.6667
SKDJ502530_23,"US AE 书柜 三抽带储物空间加灯带插排 颜色->#3,鱼肚白大理石纹",ALL,TIKTOK,C,T4B,211.06,101.31,264,-162.69,-0.6163,0.6163
DJ503734_1,US DC 铁木床 CBF-02L 方管铁木角落床带抽篮-113 T 灰 一件一箱,ALL,AMAZON,B,T2,500.97,390.76,263,127.76,0.4858,0.4858
DJ504085_1,US 单人L高桌5布抽低价款 一件一箱 颜色->火烧云,ALL,AMAZON,B,T2,242.94,176.06,261,-84.94,-0.3254,0.3254
DJ505164_1,US DC 铁木床 CBF-02L 方管铁木角落床带抽篮-113 F 灰 一件两箱,ALL,AMAZON,B,T2,310.15,241.92,261,-19.08,-0.0731,0.0731
DJ505572_2,US DC 高架床 LB-11  YL   六抽门架款   一件两箱 颜色->白色,ALL,AMAZON,B,T3,191.19,192.72,261,-68.28,-0.2616,0.2616
DJ504259_2,US SD 2.4米双人八抽电脑桌  一件一箱 颜色->黑色,ALL,AMAZON,B,T2,277.81,236.86,257,-20.14,-0.0784,0.0784
DJ505200_1,"US HA 书桌 VT11 8抽波浪纹大款梳妆台玻璃柜+七彩流光灯+插座 一件两箱A/B 颜色->#1,白色麻点",ALL,AMAZON,A,T3,233.32,214.56,257,-42.44,-0.1651,0.1651
DJ504405_1,US TS01 12抽悬浮顶电视柜带插排一拖二灯带 一件一箱 颜色->黑色,ALL,AMAZON,A,T4B,170.52,86.76,256,-169.24,-0.6611,0.6611
DJ505168_2,"US 594款 T尺寸上床下桌8抽带灯带插排 一件一箱,箱规不超49kg 颜色->白色",ALL,AMAZON,A,T2,368.73,287.61,255,32.61,0.1279,0.1279
DJ505359_1,EU FR镜柜 大小门单灯带无挂篮80*60cm 欧标2AC+1U1T 一件一箱 颜色->白色,ALL,AMAZON,C,T4B,14.90,8.01,254,-245.99,-0.9685,0.9685
DJ502512_13,"US AE 书柜 3抽屉 带插排小台款（大款） 颜色->#3,灰木纹色",ALL,TEMU,A,T4B,115.11,58.57,250,-191.43,-0.7657,0.7657
DJ503441_5,US PT 正方形升降谷仓咖啡桌 颜色->复古白+棕,ALL,AMAZON,B,T2,250.44,181.50,245,-63.50,-0.2592,0.2592
DJ505670_4,US SD L桌带抽屉六抽款 一件一箱 颜色->火烧云,ALL,AMAZON,C,T4B,88.13,42.30,243,-200.70,-0.8259,0.8259
SKDJVN000013_3,"US AE 书柜（Vietnam）2抽屉板材带双灯 加高款 颜色->#2,黑色麻面",ALL,TIKTOK,C,T3P,394.93,394.93,240,154.93,0.6456,0.6456
DJ503441_3,US PT 正方形升降谷仓咖啡桌 颜色->灰色,ALL,AMAZON,A,T2,278.88,202.10,238,-35.90,-0.1508,0.1508
DJ504743_2,US 双高架K腿L高桌 一件一箱 颜色->黑色,ALL,AMAZON,B,T2,291.62,248.63,238,10.63,0.0447,0.0447
DJ503440_1_WF,US SD L桌三抽带单玻璃门  一件一箱 颜色->火烧云,ALL,UNKNOWN,B,T3P,229.71,243.50,236,7.50,0.0318,0.0318
DJ504899_1,"US 床TB-2362T FB-儿童床-002  99*190 颜色->#1,米白泰迪绒",ALL,AMAZON,A,T3,159.22,151.89,235,-83.11,-0.3536,0.3536
DJ505249_1,HS 储物柜-DSTL-01顶板推拉无把手 2x3 DFS 一件两箱  颜色->黑色,ALL,TIKTOK,C,T4B,116.47,59.26,234,-174.74,-0.7468,0.7468
DJ503905_3,US AG 高款板式三抽边桌 灯带+排插 一件一箱 颜色->火烧云,ALL,AMAZON,B,T2,249.04,180.48,233,-52.52,-0.2254,0.2254
DJ504916_3,EU MJ LED木质镜柜三开门内开 HYC 100*16*60 白色 一件一箱,ALL,AMAZON,B,T3,212.51,205.15,229,-23.85,-0.1041,0.1041
DJ502952_5,US SD 23款L桌高桌 一件一箱 颜色->989-3,ALL,AMAZON,C,T2,277.47,231.14,228,3.14,0.0138,0.0138
DJ504777_1,US UA 窄款拱顶书柜 一件一箱 颜色->黑色,ALL,AMAZON,B,T3,149.92,144.93,224,-79.08,-0.3530,0.3530
DJ505039_1,EU AG软包床 绒布四抽 1灯带 欧标3U+1T插排 1.4*1.9m 一件两箱  颜色->白,ALL,AMAZON,C,T4B,48.08,25.85,223,-197.15,-0.8841,0.8841
DJ503518_1,US SD 美式L桌四抽带柜门  一件两箱 颜色->白黑,ALL,AMAZON,B,T2,401.75,291.15,222,69.15,0.3115,0.3115
DJ503866_1,"US BF 电视柜 TV08 9抽无纺布带侧边层架左右变换一件一箱 颜色->#1,黑色pu抽面+黑浮雕板",ALL,AMAZON,B,T3,179.32,161.39,222,-60.61,-0.2730,0.2730
DJ504407_1,"EU-KM-90cm水槽柜 斜切拉手款 单包 颜色->白色,麻面白",ALL,UNKNOWN,C,T4B,125.88,67.67,221,-153.33,-0.6938,0.6938
DJ505124_1,US 美式升降可直排L桌 一件两箱 颜色->棕+白,ALL,AMAZON,B,T2,275.45,234.85,219,15.85,0.0724,0.0724
DJ504175_1,"US UA 高款拱顶书柜 铣型门板 一件一箱 颜色->黑色,浮雕黑",ALL,AMAZON,A,T2,263.12,190.69,217,-26.31,-0.1213,0.1213
DJ505125_2,US 侧面爬梯上床下桌T 一件两箱 颜色->白色,ALL,AMAZON,B,T3,193.24,183.15,216,-32.85,-0.1521,0.1521
DJ505364_1,EU FR板竹双开门水槽柜 一件一箱 颜色->白色,ALL,AMAZON,B,T4B,131.70,70.80,215,-144.20,-0.6707,0.6707
DJ505535_1,US 床YW-43F上床下电竞桌3抽储物柜含灯带137*190 一件两箱 颜色黑色铁+黑麻板,ALL,AMAZON,A,T3,161.84,154.40,215,-60.60,-0.2819,0.2819
DJ504073_1,US L型桌带X字抽储物文件柜  一件一箱   颜色->橡木棕+白,ALL,AMAZON,B,T2,248.69,193.97,214,-20.03,-0.0936,0.0936
DJ504091_2,EU AG 2抽斜封边抽面边桌 排插灯带 一件一箱 颜色->白色,ALL,AMAZON,C,T4A,115.03,53.38,214,-160.62,-0.7506,0.7506
DJ505257_1,US VD 板式床 掀盖软包靠背 双灯带 4抽 Q款 一件两箱 颜色->黑色,ALL,UNKNOWN,A,T4B,159.29,81.05,214,-132.95,-0.6213,0.6213
DJ505785_1,US 竖条纹美式铁木L桌 一件一箱 颜色->棕顶+白,ALL,AMAZON,B,T4B,100.31,48.15,214,-165.85,-0.7750,0.7750
DJVN000013_2,"US AE 书柜（Vietnam）2抽屉板材带双灯 加高款 颜色->#1,白色麻面",ALL,AMAZON,C,T3,130.25,136.76,213,-76.24,-0.3579,0.3579
DJ504907_1,US DC 炫酷软包床 BFCB-01 PU材质 床头下翻门 灯带插排 黑色 一件一箱 T,ALL,AMAZON,B,T4B,60.45,29.02,212,-182.98,-0.8631,0.8631
DJ502406,VD 竹制马桶架 大款 双门储物+单层架 原色 一个一箱,ALL,AMAZON,C,T3,155.70,140.13,211,-70.87,-0.3359,0.3359
DJ502988_1,US SD L桌带两层网书架 一件一箱 颜色->白色,ALL,AMAZON,B,T3,275.03,225.53,210,15.53,0.0739,0.0739
DJ505135_1_WF,US SD 1.6米单人升降桌带文件柜  一件两箱 颜色->白麻+棕色,ALL,UNKNOWN,B,T4B,136.93,73.61,210,-136.39,-0.6495,0.6495
DJ504649_2,US YW01 7抽帐篷低阁楼床带2条灯带床头置物袋 颜色->黑色,ALL,AMAZON,A,T3,327.38,343.75,206,137.75,0.6687,0.6687
DJ505320_1,EU AG三抽一格玻璃台面床头柜40*35cm含插座2AC+1U+1T 一件一箱 颜色->白色,ALL,AMAZON,C,T4B,57.69,31.02,206,-174.98,-0.8494,0.8494
DJ503440_1,US SD L桌三抽带单玻璃门  一件一箱 颜色->火烧云,ALL,AMAZON,B,T3,238.65,195.69,205,-9.31,-0.0454,0.0454
DJ504092_2,"US AG 两抽波浪凹槽抽面边桌 一件一箱 尺码->#2,木色",ALL,AMAZON,C,T3,291.07,238.68,204,34.68,0.1700,0.1700
DJ503733_2,US DC 铁木床 CBF-01L 方管软包角落床带抽篮-112 TXL 一件一箱,ALL,AMAZON,B,T3,244.30,200.33,203,-2.67,-0.0132,0.0132
DJ504091_1,EU AG 2抽斜封边抽面边桌 排插灯带 一件一箱 颜色->黑色,ALL,AMAZON,C,T3,140.25,129.00,201,-72.00,-0.3582,0.3582
DJ502555_1,US SD 2m带支架游戏高桌 颜色 >>黑麻+磨砂黑铁管一件一箱,ALL,AMAZON,C,T3,241.93,198.38,200,-1.62,-0.0081,0.0081
DJ504743_1,US 双高架K腿L高桌 一件一箱 颜色->火烧云,ALL,AMAZON,C,T3,161.06,153.65,200,-46.35,-0.2317,0.2317
DJ504348_1,"US 床RL-76T低阁楼床下8抽4空格含灯带99*190 颜色->#1,白色铁+白色PU布抽面",ALL,TIKTOK,A,T4B,42.51,20.41,199,-178.59,-0.8975,0.8975
DJ504831_1,EU FR 浴室柜 板竹结合马桶柜H80 一件一箱 颜色->白色,ALL,AMAZON,B,T3,166.94,150.25,199,-48.75,-0.2450,0.2450
DJ504931_2,"US AE 书柜 NT30（原NT15） 三抽加高款带玻璃柜门加RGB灯带 一件一箱 颜色->#1,黑色麻面",ALL,AMAZON,A,T3,225.12,226.00,199,27.00,0.1357,0.1357
DJ504983_1,US 1m农舍板材电脑桌 一件一箱 颜色->棕+白,ALL,AMAZON,C,T3,124.62,126.10,199,-72.90,-0.3663,0.3663
DJ503917_2,US 玻璃门L桌高桌带布兜款 一件一箱 颜色->白色,ALL,AMAZON,C,T3,181.37,177.07,198,-20.93,-0.1057,0.1057
DJ502512_4,US AE 书柜 3抽屉 带插排小台款 颜色->#4,ALL,AMAZON,B,T3,174.98,161.14,197,-35.86,-0.1820,0.1820
DJ504770_3,EU MS 猫爬架 2房1吊床2顶窝 175cm 一件一箱 颜色->浅灰色,ALL,AMAZON,C,T4B,94.61,38.60,196,-157.40,-0.8031,0.8031
DJ504172_1,EU DC 铁木床 CBF-01L 方管软包角落床带抽篮-131 90*200  灰色 一件一箱,ALL,AMAZON,B,T3,136.56,130.28,195,-64.72,-0.3319,0.3319
DJ504625_2,US 6抽错层亚克力柜门L高桌 一件一箱 颜色->黑色,ALL,AMAZON,C,T3,165.56,161.72,194,-32.28,-0.1664,0.1664
DJ504916_1,EU MJ LED木质镜柜三开门内开 HYC 80*16*60 白色 一件一箱,ALL,AMAZON,C,T3,144.14,140.58,194,-53.42,-0.2754,0.2754
DJ505135_2_WF,US SD 1.6米单人升降桌带文件柜  一件两箱  颜色->黑麻+棕色,ALL,UNKNOWN,C,T4B,115.72,58.88,194,-135.12,-0.6965,0.6965
DJ503441_1,US PT 正方形升降谷仓咖啡桌 颜色->白麻+火烧云,ALL,AMAZON,A,T3,308.22,258.14,193,65.14,0.3375,0.3375
DJ504101_1,EU AG 铁木软包床 火烧云置物层 欧标USB排插 灯带 1.4*1.9m 一件一箱 颜色->深灰色,ALL,AMAZON,C,T4B,94.71,38.64,192,-153.36,-0.7987,0.7987
DJ505141_2,US SD 1.7米L桌高桌三抽带谷仓门 一件两箱 颜色->黑麻+棕色,ALL,AMAZON,C,T4B,44.34,21.28,190,-168.72,-0.8880,0.8880
DJ503440_3,US SD L桌三抽带单玻璃门  一件一箱 颜色->白麻,ALL,AMAZON,B,T3,255.97,230.37,189,41.37,0.2189,0.2189
DJ504175_1,"US UA 高款拱顶书柜 铣型门板 一件一箱 颜色->黑色,浮雕黑",ALL,UNKNOWN,A,T4B,208.35,100.01,189,-88.99,-0.4709,0.4709
DJ504642_2,US SD 2米L桌带亚克力门文件柜  一件一箱 颜色->黑麻,ALL,AMAZON,C,T3,152.79,140.87,189,-48.13,-0.2547,0.2547
DJ503518_2,US SD 美式L桌四抽带柜门  一件两箱 颜色->灰色,ALL,AMAZON,C,T2,286.39,202.78,188,14.78,0.0786,0.0786
DJ505226_2_WF,US 595款 F尺寸上床下桌6抽U形桌面带灯带插排 一件两箱 颜色->白色,ALL,UNKNOWN,D,T4B,99.59,53.54,188,-134.46,-0.7152,0.7152
DJ502834_1,US AG 铁木3抽边桌 灯带+排插  一件一箱 颜色->黑色,ALL,AMAZON,B,T2,323.71,234.60,187,47.60,0.2545,0.2545
DJ504085_3,US 单人L高桌5布抽低价款 一件一箱 颜色->白麻,ALL,AMAZON,B,T3,181.74,165.63,186,-20.37,-0.1095,0.1095
DJ505534_3,US SD L桌五抽带两组亚克力门  一件一箱 颜色->白麻,ALL,TIKTOK,C,T4B,15.72,7.55,186,-178.45,-0.9594,0.9594
DJ502860_2,US AG 立柱开放储物灯带边桌 含插座  一件一箱 颜色->白色,ALL,AMAZON,C,T3,266.40,218.45,185,33.45,0.1808,0.1808
DJ504067_1,EU VD板竹上下双开门浴室高柜 一个一箱  颜色->白色,ALL,AMAZON,B,T3,183.99,188.79,185,3.79,0.0205,0.0205
DJ504078_1,US DC 铁木床 CBF-04L 方管铁木角落床带抽 128 黑色 T 一件一箱,ALL,AMAZON,B,T3,219.15,183.87,184,-0.13,-0.0007,0.0007
DJ504632_3,US SD L桌四抽带一组亚克力门  一件一箱 颜色->黑麻,ALL,AMAZON,C,T4B,101.00,41.21,184,-142.79,-0.7760,0.7760
DJ504874_2,US 1.2m6抽弧形文件柜 一件一箱 颜色->黑色,ALL,AMAZON,C,T4B,70.33,37.81,184,-146.19,-0.7945,0.7945
DJ505257_1,US VD 板式床 掀盖软包靠背 双灯带 4抽 Q款 一件两箱 颜色->黑色,ALL,AMAZON,A,T3,229.43,234.54,184,50.54,0.2747,0.2747
DJ505121_2,US 铣槽移动柜行政桌 一件两箱 颜色->989-3+黑麻,ALL,AMAZON,B,T3,163.87,153.90,183,-29.10,-0.1590,0.1590
DJ505308,US DC 高架床 LB-W  XF 外置儿童柜款 T尺寸 一件两箱,ALL,AMAZON,B,T3,144.63,145.78,182,-36.22,-0.1990,0.1990
DJ505256_1,US VD 板式床 掀盖软包靠背 双灯带 4抽 F款 一件两箱 颜色->黑色,ALL,UNKNOWN,B,T4B,119.88,60.99,181,-120.01,-0.6630,0.6630
DJ505050_4,EU BW铁木软包床LIWS-01 床头两层板+灯带+插排HQ 黑色+火烧色 一件一箱 140*200,ALL,AMAZON,C,T4B,34.76,16.69,180,-163.31,-0.9073,0.9073
DJ505173_1,US DC 铁木床 VABF-SP 铁木角落床可变双拼款- 160G 一件双箱 颜色->黑色,ALL,AMAZON,C,T4B,43.64,20.95,180,-159.05,-0.8836,0.8836
DJ505309_1,US HS 抽屉柜 DDB-06 2x4 底座 无把手 DFS 一件两箱 颜色->黑色,ALL,TIKTOK,C,T4B,42.79,23.00,180,-157.00,-0.8722,0.8722
DJ505382_1,EU FR浴室窄高柜 拼框玻璃柜门含灯光 上下单开门 三格H180 一件一箱 颜色->白色,ALL,AMAZON,C,T4B,3.54,1.70,180,-178.30,-0.9905,0.9905
DJ505154_1,US DC 高架床 LBCD-01 2508 L型电脑桌款  一件两箱 颜色 黑色,ALL,AMAZON,B,T4A,60.72,28.18,179,-150.82,-0.8426,0.8426
DJ502566_2_WF,US SD 双抽文件柜带排插 一件一箱 颜色->火烧云,ALL,UNKNOWN,C,T4B,178.06,85.47,178,-92.53,-0.5198,0.5198
DJ504259_3,US SD 2.4米双人八抽电脑桌  一件一箱 颜色->灰色989-3,ALL,AMAZON,B,T3,162.07,145.86,177,-31.14,-0.1759,0.1759
DJ505212_2,US DC 铁木床 CBF-08改 铁木储物带尾桌 154 T款 一件两箱  颜色->白色,ALL,AMAZON,B,T3,193.38,183.00,177,6.00,0.0339,0.0339
DJ503955_2,US 美式角落桌带抽屉 一件一箱 颜色->灰色,ALL,AMAZON,B,T3,211.62,194.88,176,18.88,0.1072,0.1072
DJ505174_1,"US UA DK-XZ03 L型铁木3抽弧形腿行政桌 一件两箱 颜色->#1,胡桃色",ALL,AMAZON,C,T4A,83.19,38.60,175,-136.40,-0.7794,0.7794
DJ505668_2,US SD L桌带文件抽桌面宽470mm  颜色->黑色,ALL,AMAZON,B,T4B,80.82,38.79,175,-136.21,-0.7783,0.7783
DJ504259_1,US SD 2.4米双人八抽电脑桌  一件一箱 颜色->火烧云,ALL,AMAZON,B,T3,183.35,165.01,174,-8.99,-0.0516,0.0516
DJ504093_1,"US AG 谷仓门乡村风灯泡书桌 一件一箱 尺码->#1,仿古白",ALL,AMAZON,B,T3,185.61,167.05,171,-3.95,-0.0231,0.0231
DJ504130_1,EU AG 铁木悬浮床 2侧托盘 欧标USB排插 灯带 床垫1.4*1.9m 一件一箱 颜色->黑色,ALL,AMAZON,B,T3,168.95,172.58,171,1.58,0.0092,0.0092
DJ503651_1,EU VD 板竹洗衣机架 双单门 2个开放储物格 白色+原色 一个一箱 颜色->白色,ALL,AMAZON,B,T3,128.82,135.27,170,-34.73,-0.2043,0.2043
DJ505165_1,US GS03 7抽转角侧梯低阁楼床带灯带正面3空格储物 颜色->黑色,ALL,AMAZON,A,T4B,111.35,45.43,170,-124.57,-0.7328,0.7328
DJ502952_2,US SD 23款L桌高桌 一件一箱 颜色->989-2色,ALL,AMAZON,C,T3,147.24,132.52,169,-36.48,-0.2159,0.2159
DJ503516_1,US SD 1.4米美式三抽纯板材电脑桌  一件一箱 颜色->白黑,ALL,AMAZON,B,T3,224.17,201.75,169,32.75,0.1938,0.1938
DJ503855_1,US 带柜门抽屉美式书架 一件一箱 颜色->白黑,ALL,AMAZON,B,T3,201.24,182.13,169,13.13,0.0777,0.0777
DJ503917_1,US 玻璃门L桌高桌带布兜款 一件一箱 颜色->火烧云,ALL,AMAZON,C,T3,172.22,156.07,169,-12.93,-0.0765,0.0765
DJ504183_1,"US UA 拱顶壁柜铣型门板 一件一箱 颜色->黑色,黑浮雕",ALL,AMAZON,B,T3,119.89,125.89,169,-43.11,-0.2551,0.2551
DJ505193_1,US AG 折叠储物沙发床架 左右互换+无纺布抽 T 一件两箱 颜色->白色,ALL,AMAZON,B,T3,157.83,143.62,169,-25.38,-0.1502,0.1502
DJ504400_2,"US AE 书柜 NT25 四抽悬浮滑盖加灯带插排 颜色->#2,白色麻面",ALL,AMAZON,B,T3,134.41,131.17,168,-36.83,-0.2192,0.2192
DJ505601_1,US DC 炫酷软包床 BFCB-01 PU材质 床头下翻门 灯带插排 Q 黑色 一件两箱,ALL,AMAZON,B,T4A,77.09,40.06,168,-127.94,-0.7615,0.7615
DJ502512_1,US AE 书柜 3抽屉 带插排小台款（大款） 颜色->白色,ALL,TIKTOK,B,T4B,37.22,17.86,167,-149.14,-0.8930,0.8930
DJ502512_13,"US AE 书柜 3抽屉 带插排小台款（大款） 颜色->#3,灰木纹色",ALL,TIKTOK,A,T4B,30.40,16.35,167,-150.65,-0.9021,0.9021
DJ505093_1,US TA 六层置物架+灯带+排插 一件一箱 颜色-> 颜色->火烧云,ALL,AMAZON,C,T4A,102.75,53.39,167,-113.61,-0.6803,0.6803
DJ505493_3,US 1.15米铁木四门厨房置物架带灯 一件一箱 颜色->火烧云,ALL,AMAZON,C,T4B,22.81,10.95,167,-156.05,-0.9345,0.9345
DJ504018_3,US 纯板材X字双抽高文件柜 一件一箱 颜色->棕顶+黑麻,ALL,AMAZON,C,T4A,115.37,53.53,165,-111.47,-0.6756,0.6756
DJ505151_3,US SD 1.55米三抽L桌高桌带书架 一件两箱 颜色->I27014K木纹,ALL,AMAZON,C,T4B,62.05,31.57,165,-133.43,-0.8087,0.8087
DJ504636_4,"EU KM 铁木床洞洞板基础款 一箱一件 尺码->XL,140*200;颜色->棕色,复古色",ALL,AMAZON,C,T4B,17.75,9.54,164,-154.46,-0.9418,0.9418
DJ504867_1,US SD U型书架桌带三抽   一件一箱 颜色 颜色->火烧云,ALL,AMAZON,C,T3,178.82,175.47,164,11.47,0.0700,0.0700
DJ505467_1,US DC 软包床 BWR-01 ZY双侧护栏床尾带抽篮-2366 T 粉色 一件一箱,ALL,AMAZON,C,T4A,104.82,51.56,163,-111.44,-0.6837,0.6837
DJ505200_2,"US HA 书桌 VT11 8抽波浪纹大款梳妆台玻璃柜+七彩流光灯+插座 一件两箱A/B 颜色->#2,原木橡木麻点",ALL,AMAZON,A,T3,174.30,171.71,162,9.71,0.0599,0.0599
DJ504175_2,US UA 高款拱顶书柜 铣型门板 一件一箱 颜色->棕色G29024I全贴纸,ALL,UNKNOWN,A,T4B,122.51,62.33,161,-98.67,-0.6128,0.6128
DJ505436_2,US SD 80cmL桌高桌 一件一箱  颜色->黑麻,ALL,AMAZON,C,T4B,62.89,30.18,161,-130.82,-0.8125,0.8125
DJ503462_3,EU MS 猫爬架917简配版 2猫箱 2顶窝 1吊床 颜色->浅灰色,ALL,AMAZON,A,T4B,161.77,66.00,160,-94.00,-0.5875,0.5875
DJ505295_1,US SD 80cm转角升降桌 一件一箱  颜色->火烧云,ALL,AMAZON,C,T4A,110.17,51.12,160,-108.88,-0.6805,0.6805
DJ505320_2,EU AG三抽一格玻璃台面床头柜40*35cm含插座2AC+1U+1T 一件一箱 颜色->黑色,ALL,AMAZON,C,T4B,65.37,35.14,160,-124.86,-0.7803,0.7803
DJ505668_1,US SD L桌带文件抽桌面宽470mm  颜色->火烧云,ALL,AMAZON,B,T4B,75.51,36.24,159,-122.76,-0.7721,0.7721
DJ505278_2,US DC 高架床 LB-12 GS 错台U桌+七抽柜款 F尺寸  一件两箱 颜色->白色,ALL,AMAZON,B,T4A,80.10,41.63,158,-116.37,-0.7365,0.7365
DJ486101_1,US TP 书桌 带灯泡  2小3大抽屉3折镜（拆装）  一件一箱 颜色->白色,ALL,AMAZON,C,T4A,164.56,69.44,157,-87.56,-0.5577,0.5577
DJ505572_1,US DC 高架床 LB-11  YL   六抽门架款   一件两箱 颜色->黑色,ALL,AMAZON,B,T3,115.12,109.83,157,-47.17,-0.3005,0.3005
DJ505673_3,US RL-597款 F尺寸5抽上下床带桌子含灯带插排，带侧袋和桌边布袋 一件两箱 颜色->灰色,ALL,AMAZON,A,T4B,91.48,49.18,157,-107.82,-0.6867,0.6867
DJ503698_5,US 80cm板式储物马桶架 一件一箱 颜色->黑色+玻璃门,ALL,AMAZON,B,T3,161.95,137.25,156,-18.75,-0.1202,0.1202
DJ504106_1,EU AG 悬浮床 软包床头 铁框架 灯带 USB插排 1.4*1.9m 一件一箱 颜色->深灰色,ALL,AMAZON,B,T4B,92.00,37.54,156,-118.46,-0.7594,0.7594
DJ504129_1,US 轻奢风吸塑1m文件柜 一件一箱 颜色->原木色,ALL,AMAZON,B,T3,131.55,118.40,156,-37.60,-0.2410,0.2410
DJ504340_2,"US AG 乡村风高款边桌 一件一箱 尺码->#11,仿古白+棕色橡木",ALL,AMAZON,C,T4A,104.47,48.47,156,-107.53,-0.6893,0.6893
DJ505117_3,US 1.2米推拉零食柜 一件两箱 颜色->黑+棕,ALL,AMAZON,A,T3,214.90,207.76,156,51.76,0.3318,0.3318
DJ505121_3,US 铣槽移动柜行政桌 一件两箱 颜色->棕+黑麻,ALL,AMAZON,B,T3,157.71,150.46,156,-5.54,-0.0355,0.0355
DJ505338_1,US VD 板式床 乡村风掀盖米字拼框 6抽 Q款 一件两箱 颜色->白色,ALL,AMAZON,B,T4B,49.68,25.28,156,-130.72,-0.8379,0.8379
DJ505785_2,US 竖条纹美式铁木L桌 一件一箱 颜色->棕顶+黑,ALL,AMAZON,C,T4B,49.60,23.81,156,-132.19,-0.8474,0.8474
DJ502512_2,US AE 书柜 3抽屉 带插排小台款（大款） 颜色->黑色,ALL,TIKTOK,A,T4B,42.39,21.57,155,-133.43,-0.8608,0.8608
DJ502530_4,"US AE 书柜 三抽带储物空间加灯带插排 颜色->#4,浅粉色",ALL,AMAZON,C,T4A,66.29,30.76,155,-124.24,-0.8016,0.8016
DJ505137_1,US 1.55米美式L桌带文件柜 一件一箱 颜色->顶黑色+白,ALL,AMAZON,C,T4A,96.90,44.96,155,-110.04,-0.7099,0.7099
DJ505177_3,US AG 6布抽2小翻盖角落床 F 一件两箱 颜色->白色,ALL,AMAZON,B,T4A,53.57,24.86,155,-130.14,-0.8396,0.8396
DJ505225_2,US 594F款 F尺寸上床下桌8抽带灯带插排 一件两箱 颜色->白色,ALL,AMAZON,A,T3,190.35,193.72,155,38.72,0.2498,0.2498
DJ504612_1,US DC 铁木床 CBF-02L 方管铁木角落床带抽篮-113  白 T 一件一箱,ALL,AMAZON,B,T3,188.37,170.41,154,16.41,0.1065,0.1065
DJ503468_2,US  DC 高柜HC-03 3抽3空格 门板铣型 一件一箱 颜色->白色,ALL,AMAZON,B,T2,294.14,250.78,152,98.78,0.6499,0.6499
DJ504017_2,US DC 铁木床 CBF-02L 方管铁木角落床带抽篮-113 TXL 黑 一件一箱,ALL,AMAZON,B,T3,176.52,177.21,152,25.21,0.1659,0.1659
DJ502834_3,"US AG 铁木3抽边桌 灯带+排插  一件一箱 颜色->#1,火烧云",ALL,AMAZON,C,T3,262.42,215.18,151,64.18,0.4251,0.4251
DJ503441_4,US PT 正方形升降谷仓咖啡桌 颜色->深蓝+棕,ALL,AMAZON,B,T3,187.66,172.87,151,21.87,0.1448,0.1448
DJ504164_1,US TA 左侧置物1米三抽衣帽架 一件一箱 颜色->火烧云,ALL,AMAZON,B,T3,157.74,145.94,151,-5.06,-0.0335,0.0335
DJ505121_1,US 铣槽移动柜行政桌 一件两箱 颜色->火烧云+黑麻,ALL,AMAZON,C,T3,140.12,129.43,151,-21.57,-0.1428,0.1428
DJ505170_1,US AG 翻盖布抽角落床 T 一件两箱 颜色->火烧云,ALL,AMAZON,B,T4A,100.42,49.39,151,-101.61,-0.6729,0.6729
DJ505352_1,"UK DC铁木床LIW-01  HQ 黑色+火烧色  一件一箱 ,90*190",ALL,AMAZON,C,T4B,58.97,31.70,151,-119.30,-0.7901,0.7901
DJ502530_23,"US AE 书柜 三抽带储物空间加灯带插排 颜色->#3,鱼肚白大理石纹",ALL,AMAZON,C,T3,223.38,183.17,150,33.17,0.2211,0.2211
DJ504570_2,"EU KM 铁木床拐角床头软包带柜门 90*200 一件两箱 颜色->黑色,小浮雕黑板灰色床头",ALL,AMAZON,B,T3,113.05,106.41,150,-43.59,-0.2906,0.2906
DJ504648_1,"UK DC气动床BQD-01 603 HQ 灰色麻布+火烧色一件两箱,90*190",ALL,AMAZON,B,T3,130.22,131.26,150,-18.74,-0.1249,0.1249
DJ505212_3,US DC 铁木床 CBF-08改 铁木储物带尾桌 154 T款 一件两箱  颜色->粉色,ALL,AMAZON,B,T3,171.09,165.92,150,15.92,0.1061,0.1061
DJ505531_1,US DC 铁木床 CBF-01L 方管软包角落床带抽篮-112 粉色 T  一件一箱,ALL,AMAZON,B,T4B,34.02,16.33,150,-133.67,-0.8911,0.8911
DJ503440_2_WF,US SD L桌三抽带单玻璃门  一件一箱 颜色->黑麻,ALL,UNKNOWN,C,T4B,120.75,57.96,149,-91.04,-0.6110,0.6110
DJ504204_1,EU AG 铁木软包悬浮床 双层置物 USB插排 灯带 床垫1.4*1.9m 一件一箱 颜色->深灰色,ALL,AMAZON,B,T2,230.90,167.33,149,18.33,0.1231,0.1231
DJ505168_3,"US 594款 T尺寸上床下桌8抽带灯带插排 一件一箱,箱规不超49kg 颜色->灰色",ALL,AMAZON,A,T3,196.61,193.43,149,44.43,0.2982,0.2982
DJ505151_2,US SD 1.55米三抽L桌高桌带书架 一件两箱 颜色->黑麻,ALL,AMAZON,C,T4B,67.55,36.32,148,-111.68,-0.7546,0.7546
DJ505519_2,UK BW SCQL-01鞋柜3翻盖6隔板+冷轧钢翻转  白色 一件一箱,ALL,AMAZON,C,T4B,12.18,5.85,148,-142.15,-0.9605,0.9605
DJVN000157_1,"US WIN 异形腿行政桌 一件一箱 颜色->山纹黑(DS6607) 颜色->黑色,山纹黑色",ALL,AMAZON,C,T4B,38.12,20.49,148,-127.51,-0.8615,0.8615
DJ504183_1,"US UA 拱顶壁柜铣型门板 一件一箱 颜色->黑色,黑浮雕",ALL,UNKNOWN,B,T3P,122.07,165.63,147,18.63,0.1267,0.1267
DJ505017_3,US SD 1.5米圆弧竖条形电脑桌 一件一箱 颜色->棕色,ALL,AMAZON,C,T4B,11.07,5.31,147,-141.69,-0.9639,0.9639
DJVN000013_1,"US AE 书柜（Vietnam）2抽屉板材带双灯 加高款 颜色->#3,灰木纹色麻面",ALL,AMAZON,B,T3,217.82,205.15,147,58.15,0.3956,0.3956
DJ503462_2,EU MS 猫爬架917简配版 2猫箱 2顶窝 1吊床 颜色->深灰色,ALL,AMAZON,B,T4A,120.77,56.04,146,-89.96,-0.6162,0.6162
DJ503889,US UA 带推车侧架马桶柜>麻面白 一件一箱,ALL,AMAZON,B,T3,219.09,179.66,146,33.66,0.2305,0.2305
DJ505151_1,US SD 1.55米三抽L桌高桌带书架 一件两箱 颜色->白麻,ALL,AMAZON,C,T4B,64.11,34.47,146,-111.53,-0.7639,0.7639
DJ504649_3,US YW01 7抽帐篷低阁楼床带2条灯带床头置物袋 颜色->粉色,ALL,AMAZON,A,T2,394.74,307.90,145,162.90,1.1234,1.1234
DJ505254_1,US AG 板式床 乡村风拼框 掀盖靠背 4抽 F款 一件两箱 颜色->白色,ALL,AMAZON,B,T4A,88.70,41.16,145,-103.84,-0.7161,0.7161
DJ504019_2,US TA 100*80双抽谷仓门升降咖啡桌 一件一箱 颜色->黑+棕,ALL,AMAZON,B,T3,129.76,129.72,142,-12.28,-0.0865,0.0865
DJ505177_1,US AG 6布抽2小翻盖角落床 F 一件两箱 颜色->火烧云,ALL,AMAZON,C,T4A,95.02,49.38,140,-90.62,-0.6473,0.6473
DJ505668_2,US SD L桌带文件抽桌面宽470mm  颜色->黑色,ALL,UNKNOWN,B,T4B,52.26,25.08,140,-114.92,-0.8208,0.8208
DJ505042_1,EU AG软包床 棉麻四抽 1灯带 欧标3U+1T插排 1.4*1.9m 一件两箱  颜色->深灰色,ALL,AMAZON,C,T4B,56.77,30.52,139,-108.48,-0.7804,0.7804
DJ505062_1,US SD 1.2米翻转升降桌 一件一箱 颜色->火烧云,ALL,AMAZON,C,T4B,36.35,17.45,139,-121.55,-0.8745,0.8745
DJVN000038_2,US SD 1.8米游戏桌 一件一箱 颜色->黑色,ALL,AMAZON,C,T3,180.31,169.54,139,30.54,0.2197,0.2197
DJ504078_3,US DC 铁木床 CBF-04L 方管铁木角落床带抽 128 黑色 F 一件一箱,ALL,AMAZON,B,T3,235.03,192.73,138,54.73,0.3966,0.3966
DJ504348_1,"US 床RL-76T低阁楼床下8抽4空格含灯带99*190 颜色->#1,白色铁+白色PU布抽面",ALL,AMAZON,A,T2,213.78,164.20,138,26.20,0.1898,0.1898
DJ505176_3,US AG 6布抽2小翻盖角落床 T 一件一箱 颜色->白色,ALL,UNKNOWN,B,T4B,29.93,16.09,138,-121.91,-0.8834,0.8834
DJ505672_2,US DC 公主床 BPS-01 GS-041钻石拉扣床侧带抽 F 米色 一件一箱,ALL,AMAZON,C,T4B,50.96,27.40,138,-110.60,-0.8015,0.8015
DJ503440_2,US SD L桌三抽带单玻璃门  一件一箱 颜色->黑麻,ALL,AMAZON,C,T3,160.77,131.83,137,-5.17,-0.0377,0.0377
DJ504490_2,"US UA 梯形柜门置物现代板式行政桌 一件一箱 颜色->#1,原木色",ALL,AMAZON,C,T3,121.69,109.53,137,-27.47,-0.2005,0.2005
DJ505050_6,EU BW铁木软包床LIWS-01 床头两层板+灯带+插排HQ 黑色+火烧色 一件一箱 180*200,ALL,AMAZON,C,T4B,32.72,17.59,137,-119.41,-0.8716,0.8716
DJ505104_2,EU AG转角床 米白棉麻 床头可互换1.4*1.9m2灯带 欧规2AC+2USB 一件两箱 颜色->白色,ALL,AMAZON,C,T4B,30.37,16.33,137,-120.67,-0.8808,0.8808
DJ505240_2,US 床YW-43T上床下电竞桌3抽储物柜含灯带99*190 一件两箱白色铁+白板,ALL,AMAZON,A,T3,145.47,147.24,137,10.24,0.0747,0.0747
DJ502529_1,US AE 书柜 两抽托盘带灯无线充插排 颜色->白色,ALL,AMAZON,B,T3,175.07,154.75,135,19.75,0.1463,0.1463
DJ504176_1,"US UA 高款拱顶书柜 藤编门板 一件一箱 颜色->黄色,木色手抓纹",ALL,UNKNOWN,B,T4B,114.77,55.09,135,-79.91,-0.5919,0.5919
DJ505176_1,US AG 6布抽2小翻盖角落床 T 一件一箱 颜色->火烧云,ALL,AMAZON,B,T4A,88.05,45.76,135,-89.24,-0.6610,0.6610
DJ503575_1,VD 板竹面盆柜 单门 开放储物格 白色+原色 一个一箱 颜色->白色,ALL,AMAZON,C,T3,156.64,150.86,134,16.86,0.1258,0.1258
DJ504038_2,US 1.6米五层书架U型桌  一件一箱 颜色->黑色,ALL,AMAZON,C,T3,181.63,152.16,134,18.16,0.1355,0.1355
DJ505178_2,US 双顶带软包凳咖啡桌 一件一箱 颜色->火烧云,ALL,AMAZON,C,T4B,31.94,15.33,134,-118.67,-0.8856,0.8856
DJ505213_1,US DC 铁木床 CBF-02L 方管铁木角落床带抽篮-113 F 白 一件两箱,ALL,AMAZON,B,T3,174.30,170.26,134,36.26,0.2706,0.2706
DJ505256_1,US VD 板式床 掀盖软包靠背 双灯带 4抽 F款 一件两箱 颜色->黑色,ALL,AMAZON,B,T3,134.55,129.14,133,-3.86,-0.0290,0.0290
DJ505349_2,UK BW铁木软包床LIWS-01  HQ 灰色+火烧色 一件一箱 135*190,ALL,AMAZON,C,T4B,50.57,27.19,133,-105.81,-0.7956,0.7956
DJ503855_2,US 带柜门抽屉美式书架 一件一箱 颜色->灰色,ALL,AMAZON,B,T3,137.09,133.34,132,1.34,0.0102,0.0102
DJ504777_3,US UA 窄款拱顶书柜 一件一箱 颜色->棕色G29024I,ALL,AMAZON,B,T3,126.36,126.25,132,-5.75,-0.0436,0.0436
DJ505091_1,HS NSB-02 边柜 纯木 带插板底座款 上空双抽 DFS 颜色->黑色,ALL,AMAZON,B,T3,188.59,179.92,132,47.92,0.3630,0.3630
DJ505104_1,EU AG转角床 深灰棉麻 床头可互换1.4*1.9m2灯带 欧规2AC+2USB 一件两箱 颜色->火烧云,ALL,AMAZON,C,T4B,31.82,17.11,132,-114.89,-0.8704,0.8704
DJ505529_1,US 1.4米升降桌 一件两箱 颜色->橡木纹,ALL,AMAZON,C,T4B,54.18,29.13,132,-102.87,-0.7793,0.7793
DJ503171_3,US TA 双顶双抽带门咖啡桌 一件一箱 颜色->黑麻,ALL,AMAZON,B,T3,139.74,117.42,131,-13.58,-0.1037,0.1037
DJ504270_1,EU AG JYH210 棉麻软包气杆床 靠背2档调节 双灯带 140*200cm 一件两箱 颜色->深灰色,ALL,UNKNOWN,C,T4B,53.74,27.35,131,-103.65,-0.7913,0.7913
DJ505238_1,US HS 储物柜-DSXC-02抽面铣型带插 DFS 十斗 3x2+4一件两箱 颜色->黑色,ALL,UNKNOWN,C,T4B,18.60,8.93,131,-122.07,-0.9318,0.9318
DJ505635_1,EU AG软包床 绒布气杆 1灯带 欧标插排2AC+1U1T 0.9*2m 一件两箱  颜色->米白,ALL,AMAZON,C,T4B,14.84,7.12,131,-123.88,-0.9456,0.9456
DJ505712_2,US 床GSI-005F带步梯双层2抽+6布抽床含灯带137*190一件两箱 颜色黑铁+黑山纹板,ALL,AMAZON,A,T4B,56.24,27.00,131,-104.00,-0.7939,0.7939
SKDJVN000013_2,"US AE 书柜（Vietnam）2抽屉板材带双灯 加高款 颜色->#1,白色麻面",ALL,TIKTOK,C,T4B,242.84,123.56,131,-7.44,-0.0568,0.0568
DJ504149_1,US 单人书架桌配5布抽 一件一箱 颜色->火烧云,ALL,UNKNOWN,C,T4B,57.53,23.47,130,-106.53,-0.8194,0.8194
DJ504348_1,"US 床RL-76T低阁楼床下8抽4空格含灯带99*190 颜色->#1,白色铁+白色PU布抽面",ALL,UNKNOWN,A,T4B,111.75,60.08,130,-69.92,-0.5379,0.5379
DJ505173_2,US DC 铁木床 VABF-SP 铁木角落床可变双拼款- 160G 一件双箱 颜色->白色,ALL,AMAZON,B,T4B,30.51,12.45,130,-117.55,-0.9043,0.9043
DJ503905_2,US AG 高款板式三抽边桌 灯带+排插 一件一箱 颜色->白色,ALL,AMAZON,C,T3,155.71,140.14,129,11.14,0.0863,0.0863
DJ503955_3,US 美式角落桌带抽屉 一件一箱 颜色->棕色,ALL,AMAZON,C,T4B,56.74,30.50,129,-98.50,-0.7636,0.7636
DJ504929_2,US 1.6米农舍L桌 一件一箱 颜色->灰古木-40三胺,ALL,AMAZON,B,T4A,101.50,52.75,129,-76.25,-0.5911,0.5911
DJ505278_1,US DC 高架床 LB-12 GS 错台U桌+七抽柜款 F尺寸  一件两箱 颜色->黑色,ALL,AMAZON,B,T4A,86.92,45.17,129,-83.83,-0.6498,0.6498
DJ505459_2,US 连拱谷仓门高文件柜 一件一箱 颜色->顶板棕+黑,ALL,AMAZON,C,T4B,43.62,20.94,129,-108.06,-0.8377,0.8377
DJ504867_4,US SD U型书架桌带三抽   一件一箱 颜色 颜色->989-3,ALL,AMAZON,C,T3,128.91,127.70,128,-0.30,-0.0024,0.0024
DJ504969_1,EU AG 铁木软包床 火烧云置物层 欧标USB排插 灯带 0.9*2m 一件一箱 颜色->深灰色,ALL,AMAZON,B,T4A,66.33,34.47,128,-93.53,-0.7307,0.7307
DJ502788,US  DC 美标LED金属镜柜排铰拆装双开门 白色 一件一箱,ALL,AMAZON,C,T3,122.61,110.32,127,-16.68,-0.1313,0.1313
DJ503171_2,US TA 双顶双抽带门咖啡桌 一件一箱 颜色->象牙灰色,ALL,AMAZON,B,T3,147.39,130.01,127,3.01,0.0237,0.0237
DJ504358_1,EU VD 板式面盆柜 双开门 单抽 一件一箱 颜色->白色,ALL,AMAZON,B,T3,147.78,146.23,127,19.23,0.1514,0.1514
DJ504469_1_WF,US TA 1.1米衣帽架带鞋架层架 一件一箱 颜色->白+棕,ALL,UNKNOWN,C,T4B,60.59,32.57,127,-94.43,-0.7435,0.7435
DJ504988_1,EU AG 软包悬浮床 床头分隔置物层 1.4*1.9m 一件两箱 颜色->深灰色,ALL,AMAZON,B,T4B,55.05,29.60,127,-97.40,-0.7670,0.7670
DJ505264_1,US VD 高架床 上下铺 侧边布抽挂衣区 床下书架布抽 T 一件两箱 颜色->白色,ALL,UNKNOWN,C,T4B,30.64,16.47,127,-110.53,-0.8703,0.8703
DJ505279_1,"US 床BJS-543T 落地双层床+储物台阶 一件一箱 99*190 颜色->#1,黑铁+火烧云",ALL,AMAZON,A,T2,280.31,218.64,127,91.64,0.7216,0.7216
DJ453277_1,US VD 竹制浴室柜 单门+1层架 原色 一件一箱,ALL,AMAZON,C,T3,128.61,130.45,126,4.45,0.0353,0.0353
DJ504024_1,US 1.2米四抽L桌  一件一箱 颜色->火烧云,ALL,AMAZON,B,T3,147.82,133.04,126,7.04,0.0559,0.0559
DJ504103_1,EU AG 铁木软包床 火烧云置物层 欧标USB排插 灯带 1.6*2m 一件一箱 颜色->深灰色,ALL,AMAZON,C,T4B,37.13,15.15,126,-110.85,-0.8798,0.8798
DJ504131_1,EU AG 铁木悬浮床 2侧托盘 欧标USB排插 灯带 床垫1.4*2m 一件一箱 颜色->黑色,ALL,AMAZON,C,T4A,68.78,33.83,126,-92.17,-0.7315,0.7315
DJ504890_1,US SD L桌商用高桌带洞洞板 一件两箱 颜色->棕色+黑,ALL,AMAZON,C,T4B,69.53,33.37,126,-92.63,-0.7351,0.7351
DJ505126_3,US SD L桌升降高桌带书架  一件两箱 颜色 颜色->白麻,ALL,AMAZON,C,T4A,78.96,31.14,126,-94.86,-0.7529,0.7529
DJ504130_2,EU AG 铁木悬浮床 2侧托盘 欧标USB排插 灯带 床垫1.4*1.9m 一件一箱 颜色->白色,ALL,AMAZON,C,T4B,56.96,27.34,125,-97.66,-0.7813,0.7813
DJ504348_3,US 床RL-76T低阁楼床下8抽4空格含灯带99*190 颜色黑铁+PU黑抽面,ALL,TIKTOK,A,T4B,29.01,13.92,125,-111.08,-0.8886,0.8886
DJ505226_3,US 595款 F尺寸上床下桌6抽U形桌面带灯带插排 一件两箱 颜色->灰色,ALL,AMAZON,A,T3,162.60,165.34,125,40.34,0.3227,0.3227
DJ505459_1,US 连拱谷仓门高文件柜 一件一箱 颜色->顶板棕+白,ALL,AMAZON,C,T4B,46.19,23.50,125,-101.50,-0.8120,0.8120
DJ502420,VD 竹制浴室柜 双门上墙 原色 一个一箱,ALL,AMAZON,B,T3,120.97,99.19,124,-24.81,-0.2001,0.2001
DJ502890_4,US SD L桌带洞洞铁皮带排插  一件一箱 颜色->989-3,ALL,AMAZON,C,T3,135.93,122.33,124,-1.67,-0.0135,0.0135
DJ502895,EU DC LED镜柜三开门90*16*60 白色 一件一箱,ALL,AMAZON,B,T3,152.04,145.05,124,21.05,0.1698,0.1698
DJ503086_1,US床T-B212Q软包悬浮含插盘灯带152.5*203颜色麻布基洛斯灰,ALL,AMAZON,C,T3,161.65,145.48,124,21.48,0.1733,0.1733
DJ503351_4,US SD L桌高桌带X字双抽  一件一箱 颜色->黑色,ALL,AMAZON,B,T3,211.25,173.22,124,49.22,0.3970,0.3970
DJ505066_1,EU AG 铁木软包转角床1.4*2m简约款拉网造型 一拖二灯带 欧规3U1T插排一件两箱 颜色->深灰色,ALL,AMAZON,C,T4B,59.24,31.85,124,-92.15,-0.7432,0.7432
DJ502695,VD 竹制浴室柜 双门上墙+1层架 原色 一个一箱,ALL,AMAZON,B,T4A,82.52,38.29,123,-84.71,-0.6887,0.6887
DJ504034_1,"US 床T-B2355T皇冠灯带99*190 颜色->#1,TX-001米白+粉2024-17绒布+黑色铁",ALL,TIKTOK,B,T4B,65.88,33.52,123,-89.48,-0.7275,0.7275
DJ504907_1,US DC 炫酷软包床 BFCB-01 PU材质 床头下翻门 灯带插排 黑色 一件一箱 T,ALL,UNKNOWN,B,T4B,21.31,11.45,123,-111.55,-0.9069,0.9069
DJ505712_3,US 床GSI-005F带步梯双层2抽+6布抽床含灯带137*190一件两箱 颜色白铁+白山纹板,ALL,AMAZON,A,T4B,56.24,27.00,123,-96.00,-0.7805,0.7805
DJ503079_1,"US BF 书柜 板材美式+托盘含插盘（大款）加RGB灯带 一件一箱 颜色->#1,黑色小麻",ALL,AMAZON,C,T3,194.98,159.89,122,37.89,0.3105,0.3105
DJ503516_1,US SD 1.4米美式三抽纯板材电脑桌  一件一箱 颜色->白黑,ALL,UNKNOWN,B,T4B,21.75,10.44,122,-111.56,-0.9144,0.9144
DJ503516_2,US SD 1.4米美式三抽纯板材电脑桌  一件一箱 颜色->灰色,ALL,AMAZON,C,T3,163.03,146.72,122,24.72,0.2026,0.2026
DJ504176_1,"US UA 高款拱顶书柜 藤编门板 一件一箱 颜色->黄色,木色手抓纹",ALL,AMAZON,B,T3,132.25,124.08,122,2.08,0.0170,0.0170
DJ504777_2,US UA 窄款拱顶书柜 一件一箱 颜色->橡木色,ALL,AMAZON,B,T3,110.07,99.18,122,-22.82,-0.1871,0.1871
DJ505534_1,US SD L桌五抽带两组亚克力门  一件一箱 颜色->火烧云,ALL,AMAZON,C,T4B,49.38,23.70,122,-98.30,-0.8057,0.8057
DJVN000124_1,"US 升降方形咖啡桌 带轮子 一件一箱 尺码->#10,原木色",ALL,AMAZON,C,T4B,19.38,10.42,122,-111.58,-0.9146,0.9146
DJ504701_1,EU AG灯芯绒 床围环绕灯带 1.4*1.9m气杆床 2AC+1U1T插孔 一件两箱 颜色->米白,ALL,AMAZON,C,T4B,40.44,21.74,121,-99.26,-0.8204,0.8204
DJ505069_4,US AG 高架布抽角落床 F 一件一箱 颜色->白色,ALL,AMAZON,B,T4A,63.92,31.44,121,-89.56,-0.7402,0.7402
DJ505168_2_WF,"US 594款 T尺寸上床下桌8抽带灯带插排 一件一箱,箱规不超49kg 颜色->白色",ALL,UNKNOWN,D,T4B,94.00,45.12,121,-75.88,-0.6271,0.6271
DJ502935_3,US床T-B221CF软包Y形格子柜含插盘灯带137*190黑色铁+米白绒布,ALL,AMAZON,A,T3,309.20,253.54,120,133.54,1.1129,1.1129
DJ503122_3,US SD 谷仓门双顶咖啡桌 一件一箱 颜色->白橡纹+卡罗橡纹,ALL,TIKTOK,B,T4B,91.20,32.69,120,-87.31,-0.7276,0.7276
DJ504994_1,UK DC 铁木床 CBF-01L 方管软包角落床带抽篮-153 90*190 米白  一件一箱,ALL,AMAZON,C,T4B,29.62,15.07,120,-104.93,-0.8744,0.8744
DJVN000039_3,US SD 圆弧面转角高桌 一件一箱 颜色->火烧云,ALL,AMAZON,C,T3,128.60,123.06,120,3.06,0.0255,0.0255
DJVN000182_1,"US 悬浮带玻璃床头柜 胡桃木色 一件一箱 尺码->52,胡桃木色",ALL,AMAZON,C,T4B,15.06,7.23,120,-112.77,-0.9398,0.9398
DJ504636_8,"EU KM 铁木床洞洞板基础款 一箱一件 尺码->XXL,160*200;颜色->棕色,复古色",ALL,AMAZON,C,T4B,9.59,5.16,119,-113.84,-0.9567,0.9567
DJ504660_1,US DC 高架床 TB-01  YL 床尾二抽 三T床上桌款 一件两箱 颜色->黑色,ALL,AMAZON,B,T3,126.28,118.00,119,-1.00,-0.0084,0.0084
DJ505349_4,UK BW铁木软包床LIWS-01  HQ 灰色+火烧色 一件一箱 120*190,ALL,AMAZON,C,T4B,48.34,25.99,119,-93.01,-0.7816,0.7816
DJ505505_1,UK AG JYH213A 棉麻软包气杆床 圆弧掀盖靠背 双灯带 135*190cm 一件两箱 颜色->深灰色,ALL,AMAZON,C,T4B,14.61,7.02,119,-111.98,-0.9410,0.9410
DJVN000063_1,"US WIN 三抽一层板接待桌 一件一箱 颜色->#1,胡桃木（E8034-2)+山纹黑（DS6607）",ALL,AMAZON,C,T4B,46.69,23.76,119,-95.24,-0.8004,0.8004
DJ478585_3,EU MS 猫爬架3顶窝175一件一箱 颜色->浅灰色,ALL,AMAZON,B,T3,128.69,115.82,118,-2.18,-0.0185,0.0185
DJ503574_1,VD 板竹浴室高柜 双门 开放储物格 白色+原色 一个一箱 颜色->白色,ALL,AMAZON,C,T3,133.77,134.21,118,16.21,0.1374,0.1374
DJ504625_1,US 6抽错层亚克力柜门L高桌 一件一箱 颜色->火烧云,ALL,AMAZON,C,T3,125.09,116.40,118,-1.60,-0.0135,0.0135
DJ504915_3,EU DC LED木质镜柜三开门内开 HYC 100*16*60 白色 一件一箱,ALL,TIKTOK,C,T4B,29.23,14.03,118,-103.97,-0.8811,0.8811
DJ505084_1,EU BW铁木软包床LIWS-01 床尾两抽屉 黑色+火烧色 HQ 一件一箱140*190,ALL,AMAZON,C,T4B,17.27,8.29,118,-109.71,-0.9298,0.9298
DJ505579_2,US 八抽上床下桌带洞洞板  一件两箱  颜色->白色,ALL,UNKNOWN,B,T4B,62.17,33.42,118,-84.58,-0.7167,0.7167
DJ504175_2,US UA 高款拱顶书柜 铣型门板 一件一箱 颜色->棕色G29024I全贴纸,ALL,AMAZON,A,T3,213.62,199.65,117,82.65,0.7064,0.7064
DJ505168_2,"US 594款 T尺寸上床下桌8抽带灯带插排 一件一箱,箱规不超49kg 颜色->白色",ALL,WALMART,A,T4B,56.86,30.57,117,-86.43,-0.7388,0.7388
DJ505554_2,US YSY-694款 T尺寸14抽上床下桌带排插灯带 一件两箱 颜色->白色,ALL,AMAZON,D,T4B,84.21,45.27,117,-71.73,-0.6131,0.6131
DJ505668_3,US SD L桌带文件抽桌面宽470mm  颜色->白色,ALL,AMAZON,C,T4B,55.14,26.46,117,-90.54,-0.7738,0.7738
DJ502988_2,US SD L桌带两层网书架 一件一箱 颜色->黑色,ALL,AMAZON,C,T3,163.66,134.20,116,18.20,0.1569,0.1569
DJ503122_6,US TA 谷仓门双顶咖啡桌 一件一箱 颜色->白G42014K+仿古樱桃,ALL,TIKTOK,C,T4B,4.21,2.02,116,-113.98,-0.9826,0.9826
DJ504652_1,US VD 板式床 乡村风掀盖米字拼框 5抽 T款 一件一箱 颜色->白色,ALL,AMAZON,C,T4B,31.73,17.06,116,-98.94,-0.8530,0.8530
DJ505300_3,US 床GJ-013T低阁楼双层储物6布抽床+空格含灯带一件一箱黑铁+黑色小浮雕,ALL,AMAZON,A,T4B,105.96,43.23,116,-72.77,-0.6273,0.6273
DJ503351_3,US SD L桌高桌带X字双抽  一件一箱 颜色->灰色989-3,ALL,AMAZON,B,T3,236.68,194.08,115,79.08,0.6876,0.6876
DJ504318_2,US 床T-B732T带屋顶软包床带护边含插盘灯带99*190 颜色粉色绒布+白色铁,ALL,AMAZON,A,T3,145.27,134.93,115,19.93,0.1733,0.1733
DJ504405_2,US TS01 12抽悬浮顶电视柜带插排一拖二灯带 一件一箱 颜色->火烧云,ALL,AMAZON,B,T3,122.97,110.67,115,-4.33,-0.0377,0.0377
DJ504405_4,US TS01 12抽悬浮顶电视柜带插排一拖二灯带 一件一箱 颜色->灰色,ALL,AMAZON,B,T3,145.12,127.12,115,12.12,0.1054,0.1054
DJ505040_1,EU AG软包床 绒布四抽 1灯带 欧标3U+1T插排 1.4*2m 一件两箱 颜色->白色,ALL,AMAZON,C,T4B,29.25,15.72,115,-99.28,-0.8633,0.8633
DJ505168_1,"US 594款 T尺寸上床下桌8抽带灯带插排 一件一箱,箱规不超49kg 颜色->火烧云",ALL,AMAZON,A,T3,154.56,150.28,115,35.28,0.3068,0.3068
DJ505579_1,US 八抽上床下桌带洞洞板  一件两箱  颜色->火烧云,ALL,UNKNOWN,B,T4B,37.20,20.00,115,-95.00,-0.8261,0.8261
DJVN000039_2,US SD 圆弧面转角高桌 一件一箱 颜色->黑色,ALL,AMAZON,C,T4A,84.89,39.39,115,-75.61,-0.6575,0.6575
100103604,US DC 铁木床 CBF-02GL 方管铁木角落床带抽篮-113G Q 黑 一件一箱,ALL,AMAZON,C,T4B,37.64,18.07,114,-95.93,-0.8415,0.8415
DJ502566_2,US SD 双抽文件柜带排插 一件一箱 颜色->火烧云,ALL,AMAZON,B,T3,198.26,162.58,114,48.58,0.4261,0.4261
DJ504164_2,US TA 左侧置物1米三抽衣帽架 一件一箱 颜色->浅象牙灰,ALL,AMAZON,C,T3,136.51,133.05,114,19.05,0.1671,0.1671
DJ504261_1,"EU AG 板式边桌 编藤双抽+单隔层+灯带 无排插款 一件一箱 尺码->#1,木色",ALL,AMAZON,C,T4B,76.41,41.08,114,-72.92,-0.6397,0.6397
DJ505019_1,US DC 高架床 LLB-04  YL 私密堡垒储物款 T 尺寸 一件一箱 颜色->黑色,ALL,AMAZON,B,T4A,92.38,48.01,114,-65.99,-0.5789,0.5789
DJ505079_1,US UA BK-GD01 高款拱顶书柜带推车 一件一箱 颜色->黑色,ALL,AMAZON,B,T3,94.58,96.13,114,-17.87,-0.1567,0.1567
DJ505200_3,"US HA 书桌 VT11 8抽波浪纹大款梳妆台玻璃柜+七彩流光灯+插座 一件两箱A/B 颜色->#3,黑色大浮雕",ALL,AMAZON,B,T4A,62.96,32.72,114,-81.28,-0.7130,0.7130
DJ505638_1,EU AG软包气杆床 绒布 床头可调+尾抽1.4*1.9m 1灯带 欧标排插3U1T 一件两箱 颜色->米白,ALL,AMAZON,C,T4B,9.96,4.78,114,-109.22,-0.9580,0.9580
DJVN000038_1,US SD 1.8米游戏桌 一件一箱 颜色->白色,ALL,AMAZON,C,T4A,69.06,32.04,114,-81.96,-0.7189,0.7189
DJ503905_4,US AG 高款板式三抽边桌 灯带+排插 一件一箱 颜色->灰橡木,ALL,AMAZON,C,T3,114.61,116.11,113,3.11,0.0276,0.0276
DJ504707_2,US 板式带玻璃门升降咖啡桌 一件一箱 颜色->黑色,ALL,AMAZON,C,T4A,62.20,24.53,113,-88.47,-0.7829,0.7829
DJ504888_2,US SD L桌X字升降桌带文件柜  一件两箱 颜色->棕+黑色,ALL,AMAZON,C,T4B,80.02,43.02,113,-69.98,-0.6193,0.6193
DJ505193_2,US AG 折叠储物沙发床架 左右互换+无纺布抽 T 一件两箱 颜色->灰橡木,ALL,AMAZON,B,T3,136.62,133.63,113,20.63,0.1826,0.1826
DJ503955_1,US 美式角落桌带抽屉 一件一箱 颜色->白+黑,ALL,AMAZON,B,T3,121.66,107.72,112,-4.28,-0.0383,0.0383
DJ504149_3,US 单人书架桌配5布抽 一件一箱 颜色->白色,ALL,UNKNOWN,C,T4B,71.71,29.26,112,-82.74,-0.7388,0.7388
DJ504553_1,EU FR 板竹上下双开门128高浴室柜 一个一箱 颜色->白色,ALL,AMAZON,C,T4B,72.06,29.40,112,-82.60,-0.7375,0.7375
DJ504610_1,US VD 板式悬浮床 掀盖软包靠背 F 一件一箱 颜色->黑色,ALL,AMAZON,C,T4B,48.07,25.84,112,-86.16,-0.7692,0.7692
DJ505049_3,EU DC铁木床LIW-01 床头一层盖板+灯带+插排 HQ 黑色+火烧色 一件一箱 140*190,ALL,AMAZON,C,T4B,71.52,34.33,112,-77.67,-0.6935,0.6935
DJ505120_2,US SD L升降桌带文件柜  一件两箱   颜色->黑麻,ALL,AMAZON,C,T3,122.28,112.49,112,0.49,0.0044,0.0044
DJ505273_3,US 床T-B303F软包床头翻开床尾铝材四抽137*190 一件一箱 颜色绒布白色+白色铁,ALL,AMAZON,A,T3,129.19,135.65,112,23.65,0.2111,0.2111
DJ505380_1,EU FR浴室高柜 拼框玻璃柜门含灯光 上下单开门 两格H190 一件一箱  颜色->白色,ALL,AMAZON,C,T4B,15.72,7.55,112,-104.45,-0.9326,0.9326
DJ505558_1,"EU KM BF-RK01 软包基础靠背收纳款 单包装 尺码->L,140*190;颜色->白色,pu-油腊皮纹",ALL,AMAZON,C,T4B,23.47,11.27,112,-100.73,-0.8994,0.8994
DJ504546_1,"US 床YL-544T布抽儿童床含灯带、含插盘99*190 颜色->#1,白色",ALL,AMAZON,A,T4A,102.15,47.40,111,-63.60,-0.5730,0.5730
DJ504546_2,"US 床YL-544T布抽儿童床含灯带、含插盘99*190 颜色->#2,黑色",ALL,AMAZON,B,T3,115.12,105.11,111,-5.89,-0.0530,0.0530
DJ505079_2,"US UA BK-GD01 高款拱顶书柜带推车 一件一箱 颜色->黄色,橡木色",ALL,AMAZON,B,T4A,84.62,39.26,111,-71.74,-0.6463,0.6463
DJ505352_3,UK DC铁木床LIW-01  HQ 黑色+火烧色  一件一箱 150*200,ALL,AMAZON,C,T4B,44.97,24.17,111,-86.83,-0.7822,0.7822
DJ502694,VD 竹制烘焙架 三孔排插 原色 一个1箱,ALL,AMAZON,C,T4B,96.13,39.22,110,-70.78,-0.6434,0.6434
DJ503911_2,"US BF 储物柜 DT15 5抽无把手悬浮带灯带插头 一件一箱 颜色->#2,白色三胺麻面",ALL,AMAZON,A,T4A,134.07,62.21,110,-47.79,-0.4345,0.4345
DJ504065_3,EU DC 悬浮床 BXF-02L 床头槽灯菱形扣款-HQ108 灰色麻布 140*190,ALL,AMAZON,C,T4B,26.80,14.41,110,-95.59,-0.8690,0.8690
DJ504532_3,"EU VD 角落气杆软包床 2层置物 欧标床垫1.4*2m 绒布 一件两箱 颜色->#1,米白",ALL,AMAZON,B,T4B,47.88,25.74,110,-84.26,-0.7660,0.7660
DJ504570_2,"EU KM 铁木床拐角床头软包带柜门 90*200 一件两箱 颜色->黑色,小浮雕黑板灰色床头",ALL,UNKNOWN,B,T4B,129.76,62.29,110,-47.71,-0.4338,0.4338
DJ505234_1,US VD 高架床 L形办公桌 侧边5层布抽 T 一件两箱 颜色->白色,ALL,UNKNOWN,B,T4B,50.35,25.62,110,-84.38,-0.7671,0.7671
SFDJ503122_3,US SD 谷仓门双顶咖啡桌 一件一箱 颜色->白橡纹+卡罗橡纹,ALL,TIKTOK,D,T4B,154.11,62.88,110,-47.12,-0.4284,0.4284
DJ503164_1,US SD 1m悬浮升降咖啡桌 颜色->黑色 一件一箱,ALL,AMAZON,C,T3,146.27,131.65,109,22.65,0.2078,0.2078
DJ503685_2,US 1米双抽高文件柜 一件一箱 颜色->火烧云X字,ALL,AMAZON,B,T3,137.14,116.11,109,7.11,0.0653,0.0653
DJ503908,EU BW SCQL-01鞋柜3翻盖6隔板+冷轧钢翻转 白色 一件一箱,ALL,AMAZON,B,T4A,75.85,39.42,109,-69.58,-0.6384,0.6384
DJ504175_4,US UA 高款拱顶书柜 铣型门板 一件一箱 颜色->咖啡胡桃浮雕+H65074K,ALL,AMAZON,D,T4B,24.36,11.69,109,-97.31,-0.8928,0.8928
DJ504832_1,EU AG JYH208B 棉麻软包气杆床 掀盖靠背 三灯带 140*190cm 一件两箱 颜色->深灰色,ALL,AMAZON,C,T4A,78.97,38.84,109,-70.16,-0.6437,0.6437
DJ504898_3,US BJS-549 T 儿童树屋床+布抽 含灯带 99*190cm 一件一箱 颜色->粉色,ALL,AMAZON,B,T4B,42.99,21.87,109,-87.13,-0.7993,0.7993
DJ505641_1,EU AG气杆床 绒布 立耳简约款1.4*1.9m 1灯带 欧标排插3U1T 一件两箱  颜色->米白,ALL,AMAZON,C,T4B,23.25,11.16,109,-97.84,-0.8976,0.8976
DJVN000062_1,"US WIN 一抽一门接待桌 一件一箱 颜色->#1,胡桃木（E8034-2)+山纹黑（DS6607）",ALL,AMAZON,C,T4B,70.64,37.98,109,-71.03,-0.6516,0.6516
SKDJ502512_4,US AE 书柜 3抽屉 带插排小台款 颜色->#4,ALL,TIKTOK,C,T4B,40.71,19.54,109,-89.46,-0.8207,0.8207
DJ504094_1,"US AG 大款谷仓门乡村风LED镜书桌 一件一箱 尺码->#1,仿古白",ALL,AMAZON,B,T3,127.24,112.49,108,4.49,0.0416,0.0416
DJ504901_3,EU DC 铁木床IW-01带灯带欧标插排 HQ G黑色火烧云 140*190 一件一箱,ALL,AMAZON,C,T4A,93.08,43.19,108,-64.81,-0.6001,0.6001
DJ502529_2,US AE 书柜 两抽托盘带灯无线充插排 颜色->黑色,ALL,AMAZON,B,T3,201.85,165.52,107,58.52,0.5469,0.5469
DJ503280,EU DC 欧标木质LED打砂镜柜双开门 70*16*60 白色 一件一箱,ALL,AMAZON,B,T3,275.52,247.97,107,140.97,1.3175,1.3175
DJ504066_1,EU FR板竹浴室窄高柜 上下单开门 一个一箱 颜色->白色,ALL,AMAZON,C,T4B,89.28,36.43,107,-70.58,-0.6596,0.6596
DJ504068_51,EU BW 悬浮床BXF-Q01床头两层+灯带+插排HQ602白色麻布+原木色一件两箱140*190,ALL,AMAZON,C,T4B,27.19,13.05,107,-93.95,-0.8780,0.8780
DJ504762_1,US SD T字双人桌 一件一箱  颜色->黑色,ALL,AMAZON,C,T4B,80.09,32.68,107,-74.32,-0.6946,0.6946
DJ504800_1,EU AG软包床 侧边置物 绒布气杆床1.4*1.9m 1灯带+欧标2AC+1U1T 一件两箱 颜色->米白,ALL,AMAZON,C,T4A,71.94,33.38,107,-73.62,-0.6880,0.6880
DJ504931_1,"US AE 书柜 NT30（原NT15） 三抽加高款带玻璃柜门加RGB灯带 一件一箱 颜色->#3,灰木纹色麻面",ALL,AMAZON,B,T4B,86.05,35.11,107,-71.89,-0.6719,0.6719
DJ505206_2,US DC 高架床 LB-X  AF 七抽L桌款 F尺寸  一件两箱 颜色->白色,ALL,AMAZON,C,T4A,80.42,37.31,107,-69.69,-0.6513,0.6513
DJ505317_1_WF,"US BF WD03 写字桌带文件柜十字玻璃门带插排灯带，一件两箱 颜色->白色,拼黑色",ALL,UNKNOWN,D,T4B,72.19,34.65,107,-72.35,-0.6762,0.6762
DJ505462_2,"UK DC铁木软包床LIWS-01  HQ 灰色+火烧色 一件一箱,135*190",ALL,AMAZON,C,T4B,39.91,21.46,107,-85.54,-0.7995,0.7995
DJ505556_2,EU AG 床头柜 全板式三抽一开放格 单灯带 欧标2AC+1U1T 一件一箱 颜色->黑色,ALL,AMAZON,C,T4B,34.24,18.40,107,-88.60,-0.8280,0.8280
DJ505577_1,UK DC 铁木床 CBF-11L 方管铁木角落床带抽篮-152G 灰 90×190 一件两箱,ALL,AMAZON,C,T4B,39.41,18.92,107,-88.08,-0.8232,0.8232
DJ503782_2,US VD29 书桌 三折镜转角梳妆台 一件一箱 颜色->黑色,ALL,AMAZON,A,T4B,135.47,55.27,106,-50.73,-0.4786,0.4786
DJ504874_1,US 1.2m6抽弧形文件柜 一件一箱 颜色->黑+火烧云,ALL,AMAZON,C,T4B,41.24,22.17,106,-83.83,-0.7909,0.7909
DJ504915_1,EU DC LED木质镜柜三开门内开 HYC 80*16*60 白色 一件一箱,ALL,AMAZON,C,T3,165.39,148.85,106,42.85,0.4042,0.4042
DJ505116_3,US 斜腿错层行政桌 一件一箱 颜色->胡桃色,ALL,AMAZON,B,T3,156.67,141.00,106,35.00,0.3302,0.3302
DJ505189_2,US YW01F 7抽帐篷低阁楼床带2条灯带床头置物袋 颜色->黑色,ALL,AMAZON,D,T4B,19.04,9.14,106,-96.86,-0.9138,0.9138
DJ505384_1,"US GSI-922T 儿童双层床+书柜 99*190 一件一箱  颜色->#1,纯白",ALL,AMAZON,B,T4A,83.61,38.79,106,-67.21,-0.6340,0.6340
DJVN000025_2,"US AE 书柜 NT26 四抽小台款含插排一件一箱 颜色->#1,黑色",ALL,AMAZON,C,T3,121.93,113.22,106,7.22,0.0681,0.0681
100103804,US DC 铁木床 CBF-02GL 方管铁木角落床带抽篮-113G Q 灰 一件一箱,ALL,AMAZON,D,T4B,17.94,8.61,105,-96.39,-0.9180,0.9180
DJ504656_3,EU MS 猫爬架 1吊床1猫屋2平台 150cm 一件一箱 颜色->浅灰色,ALL,AMAZON,B,T3,136.49,143.32,105,38.32,0.3649,0.3649
DJ504702_2,EU AG灯芯绒 床围环绕灯带 1.4*2m气杆床 2AC+1U1T插孔 一件两箱 颜色->深灰色,ALL,AMAZON,C,T4B,44.57,23.96,105,-81.04,-0.7718,0.7718
DJ504809_1,US VD33 书桌 大镜子7抽波浪纹抽面透明玻璃门 一件一箱 颜色->棕色,ALL,UNKNOWN,C,T4B,15.50,7.44,105,-97.56,-0.9291,0.9291
DJ505051_1,EU BW铁木软包床LIWS-01 床头两层板+灯带+插排HQ 白色+原木色 一件一箱90*200,ALL,AMAZON,C,T4B,40.44,19.41,105,-85.59,-0.8152,0.8152
DJVN000013_2,"US AE 书柜（Vietnam）2抽屉板材带双灯 加高款 颜色->#1,白色麻面",ALL,TIKTOK,C,T4B,32.40,17.42,105,-87.58,-0.8341,0.8341
DJ505570_3,US 床CY-303Q软包床头翻开床尾铝材四抽灯带153*203 一件一箱 颜色米白绒布+白铁,ALL,AMAZON,B,T4B,39.19,18.81,104,-85.19,-0.8191,0.8191
DJ504015_1,US 纯板材三抽双人电脑桌  一件一箱 颜色 象牙灰色,ALL,AMAZON,C,T3,162.45,133.21,103,30.21,0.2933,0.2933
DJ504021_2,US AG 玻璃桌面灯带边桌 含插座  一件一箱 颜色->白色,ALL,AMAZON,C,T4A,84.88,39.39,103,-63.61,-0.6176,0.6176
DJ504330_1,EU FR 双开门LED灯光铁木浴室镜柜 欧标插座2插孔+1U1T 一件一箱 颜色->白色,ALL,AMAZON,C,T4A,107.02,49.66,103,-53.34,-0.5179,0.5179
DJ504345_3,EU BW铁木床LIWS-02 高床头储物+倾斜靠背+灯带插排 ZY火烧色一件一箱 140*190,ALL,AMAZON,C,T4B,41.69,21.21,103,-81.79,-0.7940,0.7940
DJ504348_4,US 床RL-76T低阁楼床下8抽4空格含灯带99*190 颜色粉铁+粉麻板+PU粉抽面,ALL,TIKTOK,C,T4B,15.28,7.33,103,-95.67,-0.9288,0.9288
DJ505394_1,US DC 铁木床 CBF-10L 铁木角落床气动款- 150G T 一件一箱 颜色->黑色,ALL,AMAZON,C,T4A,85.54,39.69,103,-63.31,-0.6146,0.6146
DJ502890_1,US SD L桌带洞洞铁皮带排插  一件一箱 颜色->火烧云,ALL,AMAZON,C,T4B,112.56,45.92,102,-56.08,-0.5498,0.5498
DJ502917_3,EU MS 猫爬架 2个吊床 大型加高193 颜色->浅灰色,ALL,AMAZON,C,T4A,78.13,30.81,102,-71.19,-0.6979,0.6979
DJ504013_1,US 1.4米三抽吸塑桌 一件一箱 颜色->原木色,ALL,AMAZON,C,T4B,123.26,50.29,102,-51.71,-0.5070,0.5070
DJ504405_3,US TS01 12抽悬浮顶电视柜带插排一拖二灯带 一件一箱 颜色->白色,ALL,AMAZON,B,T3,139.07,132.68,102,30.68,0.3008,0.3008
DJ505205_3,US DC 高架床 LB-X  AF 七抽L桌款 T尺寸 一件两箱 颜色->多色,ALL,AMAZON,B,T4B,39.14,18.79,102,-83.21,-0.8158,0.8158
DJ505621_1,US DC 炫酷软包床 BFCB-01 PU材质 床头下翻门 灯带插排 黑色 F改 一件一箱,ALL,UNKNOWN,B,T4B,20.59,9.89,102,-92.11,-0.9031,0.9031
DJ505672_1,US DC 公主床 BPS-01 GS-041钻石拉扣床侧带抽 T 米色 一件一箱,ALL,AMAZON,B,T4B,60.91,32.75,102,-69.25,-0.6790,0.6790
DJ505785_3,US 竖条纹美式铁木L桌 一件一箱 颜色->浅灰色+黑管,ALL,AMAZON,C,T4B,54.47,26.15,102,-75.85,-0.7437,0.7437
DJVN000174_1,US PIX F折叠床垫 一件一箱 其他->#3,ALL,AMAZON,D,T4B,21.26,10.20,102,-91.80,-0.9000,0.9000
DJ502890_2,US SD L桌带洞洞铁皮带排插  一件一箱 颜色->白色,ALL,AMAZON,C,T4B,145.51,59.37,101,-41.63,-0.4122,0.4122
DJ502950,US DC 木质镜柜三开门 80*16*60 白色 一件一箱,ALL,AMAZON,C,T3,173.03,148.11,101,47.11,0.4664,0.4664
DJ504951_1,"EU KM BF-RC01 功能床头侧4抽 双包 尺码->L,140*190;颜色->白色,PU-白",ALL,AMAZON,C,T4B,48.17,25.89,101,-75.11,-0.7436,0.7436
DJ505012_1,US 1.8m亚克力展示书柜 一件一箱 颜色->黑麻,ALL,AMAZON,C,T3,131.53,121.62,101,20.62,0.2041,0.2041
DJ505107_1,US L桌美式纯板材高桌  一件两箱 颜色->白浮雕+黑麻,ALL,AMAZON,C,T4A,106.17,49.26,101,-51.74,-0.5123,0.5123
DJ505137_2,US 1.55米美式L桌带文件柜 一件一箱 颜色->橡木灰,ALL,AMAZON,C,T4A,97.64,38.51,101,-62.49,-0.6187,0.6187
DJ505225_3,US 594F款 F尺寸上床下桌8抽带灯带插排 一件两箱 颜色->灰色,ALL,AMAZON,A,T3,151.60,156.65,101,55.65,0.5510,0.5510
DJ505240_1,US 床YW-43T上床下电竞桌3抽储物柜含灯带99*190 一件两箱黑色铁+黑麻板,ALL,UNKNOWN,A,T4B,99.47,40.59,101,-60.41,-0.5982,0.5982
DJ505435_1,US SD 190cm两门高桌 一件一箱  颜色->黑麻,ALL,AMAZON,C,T4B,52.70,25.30,101,-75.70,-0.7495,0.7495
DJ505631_1,EU AG JYUH230 棉麻软包气杆床 软壳双灯带 140*200cm 一件两箱 颜色->深灰色,ALL,AMAZON,C,T4B,19.93,9.57,101,-91.43,-0.9053,0.9053
DJ502408,VD 竹制浴室柜 高款 单门+3层架 原色 一个一箱,ALL,AMAZON,C,T4B,125.55,51.22,100,-48.78,-0.4878,0.4878
DJ504038_1,US 1.6米五层书架U型桌  一件一箱 颜色->火烧云,ALL,AMAZON,C,T3,121.33,108.30,100,8.30,0.0830,0.0830
DJ504048_4,EU DC气动床BQD-01床头两层+灯带+插排HQ603灰色麻布+火烧色 一件两箱160*200,ALL,AMAZON,C,T4B,54.14,25.99,100,-74.01,-0.7401,0.7401
DJ504088_2,VD10转角镜子开门梳妆台带凳子 一件一箱 颜色->黑色,ALL,AMAZON,B,T4B,113.07,46.13,100,-53.87,-0.5387,0.5387
DJ504132_1,EU AG 铁木悬浮床 2侧托盘 欧标USB排插 灯带 床垫1.6*2m 一件一箱 颜色->黑色,ALL,AMAZON,C,T4B,80.44,32.82,100,-67.18,-0.6718,0.6718
DJ504458_1,EU VD 板竹浴室镜柜 LED打砂镜 三开门 一件一箱 颜色->白色,ALL,AMAZON,C,T4B,43.45,20.86,100,-79.14,-0.7914,0.7914
DJ505248_2,"US UA DK-XZ06 超大文件抽行政电脑桌一件两箱 颜色->#2,胡桃色",ALL,AMAZON,C,T4B,95.16,38.83,100,-61.17,-0.6117,0.6117
DJ505556_1,EU AG 床头柜 全板式三抽一开放格 单灯带 欧标2AC+1U1T 一件一箱 颜色->白色,ALL,AMAZON,C,T4B,36.67,19.72,100,-80.28,-0.8028,0.8028
DJ503139_1,US SD 1.6米双抽单人桌带排插  一件一箱 颜色->黑麻,ALL,AMAZON,C,T4A,114.27,53.02,99,-45.98,-0.4644,0.4644
DJ504532_1,EU VD 角落气杆软包床 2层置物 欧标床垫1.4*2m 一件两箱 颜色->深灰色,ALL,AMAZON,B,T4A,80.49,39.59,99,-59.41,-0.6001,0.6001
DJ504688_1,UK AG 悬浮床 软包床头 铁框架 英标排插 灯带 床垫135*190cm 一件一箱 颜色->深灰色,ALL,AMAZON,C,T4B,28.85,15.51,99,-83.49,-0.8433,0.8433
DJ504816_1,EU AG软包床 侧边置物 绒布气杆床1.4*2.0m 1灯带+欧标2AC+1U1T一件两箱 颜色->深灰色,ALL,AMAZON,C,T4B,23.68,11.36,99,-87.64,-0.8852,0.8852
DJ504860_1,EU AG 铁木软包转角床 0.9*2m 简约款拉网造型 一拖二灯带 欧规3U1T插排 一件一箱 颜色->深灰色,ALL,AMAZON,B,T4B,87.38,46.97,99,-52.03,-0.5255,0.5255
DJ504964_1,UK BW铁木床LIWS-02 高床头储物+倾斜靠背+灯带插排 ZY 火烧色 一件一箱 90*190,ALL,AMAZON,C,T4B,25.04,10.21,99,-88.79,-0.8968,0.8968
DJ505217_2,US DC 铁木床 BFH-02 X谷仓造型床尾部换鞋箱款- 902 Q 一件双箱 颜色->橡木灰,ALL,AMAZON,B,T3,134.35,134.79,99,35.79,0.3615,0.3615
DJ505406_1,US BJS-102T带帐蓬屋顶双层床含灯带99*190 一件一箱  颜色粉铁+粉色布,ALL,AMAZON,B,T4A,55.75,25.87,99,-73.13,-0.7387,0.7387
DJ505439_2,EU DC 铁木床 CBF-11L 方管铁木角落床带抽篮-138G 灰 90×200 一件两箱,ALL,AMAZON,C,T4B,21.04,10.10,99,-88.90,-0.8980,0.8980
DJ502934_3,US床T-B221CQ软包Y形格子柜含插盘灯带152.5*203黑色铁+米白绒布,ALL,AMAZON,B,T3,167.94,137.71,98,39.71,0.4052,0.4052
DJ504183_2,"US UA 拱顶壁柜铣型门板 一件一箱 颜色->黄色,木色手抓纹",ALL,UNKNOWN,C,T4B,66.46,31.90,98,-66.10,-0.6745,0.6745
DJ504400_1,"US AE 书柜 NT25 四抽悬浮滑盖加灯带插排 颜色->#1,黑色麻面",ALL,UNKNOWN,A,T4B,37.17,19.98,98,-78.02,-0.7961,0.7961
DJ504743_3,US 双高架K腿L高桌 一件一箱 颜色->白色,ALL,AMAZON,C,T3,147.04,140.27,98,42.27,0.4313,0.4313
DJ504928_1,"US SK TS-DK01 铁木布抽高款带层架电视柜 一件一箱 颜色->黑色,小浮雕",ALL,AMAZON,C,T4B,19.71,9.46,98,-88.54,-0.9035,0.9035
DJ505295_2,US SD 80cm转角升降桌 一件一箱  颜色->黑麻,ALL,AMAZON,C,T4A,78.75,36.54,98,-61.46,-0.6271,0.6271
DJ503122_3,US SD 谷仓门双顶咖啡桌 一件一箱 颜色->白橡纹+卡罗橡纹,ALL,AMAZON,B,T3,138.93,132.54,97,35.54,0.3664,0.3664
DJ503141,US DC 木质LED打砂镜柜双开门 70*16*60 白色 一件一箱,ALL,AMAZON,C,T4B,83.55,34.09,97,-62.91,-0.6486,0.6486
DJ504094_2,"US AG 大款谷仓门乡村风LED镜书桌 一件一箱 尺码->#2,仿古橡木",ALL,AMAZON,C,T4A,90.38,41.94,97,-55.06,-0.5677,0.5677
DJ504789_1,EU AG 铁木软包床 方块软包 欧标USB排插 灯带 1.4*2m 一件一箱 颜色->深灰色,ALL,AMAZON,C,T4B,17.62,8.96,97,-88.04,-0.9076,0.9076
DJ505176_3,US AG 6布抽2小翻盖角落床 T 一件一箱 颜色->白色,ALL,AMAZON,B,T4B,46.19,23.50,97,-73.50,-0.7577,0.7577
DJ505712_1,US 床GSI-005F带步梯双层2抽+6布抽床含灯带137*190一件两箱 颜色黑铁+火烧云板,ALL,AMAZON,A,T4B,42.74,20.51,97,-76.49,-0.7885,0.7885
DJ505729_2,US SD X单人三铁木款升降桌 一件一箱 颜色->棕+白,ALL,AMAZON,C,T4B,21.92,10.52,97,-86.48,-0.8915,0.8915
DJ503462_1,EU MS 猫爬架917简配版 2猫箱 2顶窝 1吊床 颜色->米白,ALL,AMAZON,B,T4B,102.77,41.93,96,-54.07,-0.5632,0.5632
DJ503698_3,US 80cm板式储物马桶架 一件一箱 颜色->白+玻璃门,ALL,AMAZON,B,T3,141.95,127.75,96,31.75,0.3308,0.3308
DJ504040_1,EU FR板竹双开门面盆柜 左三开放格 一个一箱 颜色->白色,ALL,AMAZON,C,T4B,76.49,31.21,96,-64.79,-0.6749,0.6749
DJ504648_3,UK DC气动床BQD-01 603 HQ 灰色麻布+火烧色一件两箱 150*200,ALL,AMAZON,C,T4A,76.37,39.69,96,-56.31,-0.5866,0.5866
DJ504764_1,"US 床YL-412T 柜体沙发床+桌面 含灯带、插盘99*190 颜色->#1,白色",ALL,AMAZON,A,T4A,95.43,44.28,96,-51.72,-0.5388,0.5388
DJ504891_2,"US SJ02款 T尺寸两布抽铁床 一件一箱,重量不超22kg 颜色->白色",ALL,AMAZON,B,T3,98.86,97.15,96,1.15,0.0120,0.0120
DJ504910_3,US DC 铁木床 CBF-01L 方管软包角落床带抽篮-112 米白 F 一件一箱,ALL,AMAZON,C,T4B,82.20,33.54,96,-62.46,-0.6507,0.6507
DJ505068_3,US AG 高架布抽角落床 T 一件一箱 颜色->粉色,ALL,AMAZON,B,T4A,77.44,38.09,96,-57.91,-0.6032,0.6032
DJ505349_3,UK BW铁木软包床LIWS-01  HQ 灰色+火烧色 一件一箱 150*200,ALL,AMAZON,C,T4B,27.03,14.53,96,-81.47,-0.8486,0.8486
SKDJ503170_1,EU KM 板式升降可展开咖啡桌 颜色->浅灰色,ALL,TIKTOK,C,T4B,64.44,26.35,96,-69.65,-0.7255,0.7255
DJ504285_2,US TS05 五抽悬浮电视柜带电视支架 颜色->白色,ALL,AMAZON,C,T4B,71.58,36.42,95,-58.58,-0.6166,0.6166
DJ504890_2,US SD L桌商用高桌带洞洞板 一件两箱 颜色->黑色,ALL,AMAZON,C,T4B,53.36,25.62,95,-69.38,-0.7304,0.7304
DJ505093_2,US TA 六层置物架+灯带+排插 一件一箱 颜色-> 颜色->黑色,ALL,AMAZON,B,T4A,66.05,32.48,95,-62.52,-0.6581,0.6581
DJ505118_1,US 1.4米升降桌 一件两箱  颜色->主体白+顶板棕,ALL,AMAZON,B,T2,341.34,266.25,95,171.25,1.8026,1.8026
DJ505161_3,US R132款 侧梯7抽帐篷低阁楼床带2条灯带床头置物袋 一件一箱 颜色->粉色,ALL,AMAZON,A,T4B,62.00,33.33,95,-61.67,-0.6491,0.6491
DJ505226_2,US 595款 F尺寸上床下桌6抽U形桌面带灯带插排 一件两箱 颜色->白色,ALL,WALMART,A,T4B,106.71,51.22,95,-43.78,-0.4608,0.4608
DJ505264_2,US VD 高架床 上下铺 侧边布抽挂衣区 床下书架布抽 T 一件两箱 颜色->黑色,ALL,UNKNOWN,C,T4B,17.07,9.18,95,-85.82,-0.9034,0.9034
DJ505630_1,EU AG JYUH230 棉麻软包气杆床 软壳双灯带 140*190cm 一件两箱 颜色->深灰色,ALL,AMAZON,C,T4B,12.18,5.85,95,-89.15,-0.9385,0.9385
DJVN000110_1,"US WIN 八字胡书柜 一件两箱 颜色->#2,浮雕山纹黑",ALL,AMAZON,D,T4B,18.04,9.70,95,-85.30,-0.8979,0.8979
DJ503877_1,US 双抽美式文件柜 一件一箱 颜色->灰色,ALL,AMAZON,C,T4B,86.39,35.25,94,-58.75,-0.6250,0.6250
DJ505117_1,US 1.2米推拉零食柜 一件两箱 颜色->灰古木-40三胺,ALL,AMAZON,C,T4B,95.25,38.86,94,-55.14,-0.5865,0.5865
DJ505119_1,US 1.5米两抽带亚克力门文件柜 一件两箱 颜色->黑色,ALL,AMAZON,C,T3,120.35,120.60,94,26.60,0.2830,0.2830
DJ505196_1,"US 床YL545 F板式5抽布抽床+集成书柜 灯带+插盘 一件两箱 137*190  颜色->#1,白色",ALL,AMAZON,A,T4A,86.85,34.26,94,-59.75,-0.6356,0.6356
DJ505233_1,Us 弧面L形商务办公桌 一件一箱 颜色->火烧云+黑,ALL,AMAZON,C,T4B,37.45,17.98,94,-76.02,-0.8087,0.8087
DJ505306_2,"US HA 书桌 VT13 8抽波浪纹小款1.3m梳妆台+七彩流光灯+插座 一件两箱A/B 颜色->#2,白色麻面",ALL,AMAZON,C,T4B,41.24,16.82,94,-77.18,-0.8210,0.8210
DJ505437_3,US DC 现代农舍 BFMH-01床下六抽屉 CK 黑色 一件两箱,ALL,AMAZON,C,T4B,16.39,7.86,94,-86.14,-0.9163,0.9163
DJ505568_1,UK AG床头柜 全板式三抽一格 单灯带 英规2AC+1U1T 一件一箱 颜色->白色,ALL,AMAZON,C,T4B,12.40,5.95,94,-88.05,-0.9367,0.9367
DJ454909_3,"EU MS 猫爬架 猫勺2个 一件一箱 颜色->#2,浅灰色",ALL,AMAZON,C,T4A,117.60,54.57,93,-38.43,-0.4132,0.4132
DJ503734_2,US DC 铁木床 CBF-02L 方管铁木角落床带抽篮-113 TXL 灰 一件一箱,ALL,AMAZON,C,T3,158.85,130.26,93,37.26,0.4006,0.4006
DJ504024_2,US 1.2米四抽L桌  一件一箱 颜色->黑色,ALL,AMAZON,C,T4A,102.10,47.38,93,-45.62,-0.4906,0.4906
DJ504170_1,"EU AG 板式边桌 编藤双抽+单隔层+排插灯带 一件一箱 尺码->#1,木色",ALL,AMAZON,C,T4A,95.96,44.53,93,-48.47,-0.5212,0.5212
DJ504340_4,US AG 乡村风高款边桌 一件一箱 颜色->灰色,ALL,AMAZON,C,T4B,56.70,28.85,93,-64.15,-0.6898,0.6898
DJ504874_3,US 1.2m6抽弧形文件柜 一件一箱 颜色->白色,ALL,AMAZON,C,T4B,24.60,11.80,93,-81.20,-0.8731,0.8731
DJ505124_1_WF,US 美式升降可直排L桌 一件两箱 颜色->棕+白,ALL,UNKNOWN,C,T4B,42.29,20.30,93,-72.70,-0.7817,0.7817
DJ505267_2,"US 床RL-510F上床铁网+板下桌挂钩抽屉含插盘灯带137*190一件两箱 颜色->#2,白铁+浅色板",ALL,UNKNOWN,B,T4B,90.82,48.83,93,-44.18,-0.4750,0.4750
DJ505576_1,US SD 1.52米单门高桌 一件一箱  颜色->黑麻,ALL,AMAZON,C,T4B,105.88,56.92,93,-36.08,-0.3880,0.3880
DJ503916_1,US HS 抽屉柜 DDBT-03 1x6+2 底座 无把手 一件一箱 颜色->黑色,ALL,UNKNOWN,B,T4B,39.13,15.96,92,-76.04,-0.8265,0.8265
DJ504365_1,EU KM 喷漆水槽柜60cm两抽金属底角 一箱一个 颜色->白色,ALL,AMAZON,C,T4B,69.48,28.35,92,-63.65,-0.6919,0.6919
DJ504538_1,US K腿6抽单人游戏桌 一件一箱 颜色->黑色碳纤维,ALL,AMAZON,B,T3,102.06,107.16,92,15.16,0.1648,0.1648
DJ505196_1,"US 床YL545 F板式5抽布抽床+集成书柜 灯带+插盘 一件两箱 137*190  颜色->#1,白色",ALL,UNKNOWN,A,T4B,51.59,21.05,92,-70.95,-0.7712,0.7712
DJ505275_1,US 床T-B259Q床头翻开气压杆波浪含插盘灯带床153*203一件两箱 颜色黑色pu,ALL,AMAZON,A,T3,177.74,168.96,92,76.96,0.8365,0.8365
DJ505848_1,US YSY-696款 T尺寸上下铺4抽长桌面带灯带插排 一件两箱 颜色->黑色,ALL,AMAZON,C,T4B,21.70,10.42,92,-81.58,-0.8868,0.8868
DJ503122_1,US SD 谷仓门双顶咖啡桌 一件一箱 颜色->浅橡木灰,ALL,AMAZON,B,T3,131.63,118.47,91,27.47,0.3018,0.3018
DJ503846_2,US TA X字板材厨房置物架 一件一箱 颜色->黑麻+火烧云,ALL,AMAZON,C,T4B,111.74,45.59,91,-45.41,-0.4990,0.4990
DJ503880_1,US 592T款 两抽14寸铁床带床尾布 一件一箱 颜色->深灰色,ALL,AMAZON,C,T3,155.51,127.52,91,36.52,0.4013,0.4013
DJ503955_2,US 美式角落桌带抽屉 一件一箱 颜色->灰色,ALL,UNKNOWN,B,T4B,71.29,29.08,91,-61.92,-0.6804,0.6804
DJ504015_3,US 纯板材三抽双人电脑桌  一件一箱 颜色->橡木棕色,ALL,AMAZON,C,T3,131.20,108.30,91,17.30,0.1901,0.1901
DJ504642_1,US SD 2米L桌带亚克力门文件柜  一件一箱 颜色->火烧云,ALL,AMAZON,C,T4A,67.42,31.28,91,-59.72,-0.6562,0.6562
DJ504902_1,EU BW 铁木床IW-01带灯带欧标插排 HQ G黑色火烧云 90*200 一件一箱,ALL,AMAZON,B,T4A,72.27,33.54,91,-57.46,-0.6315,0.6315
DJ505016_2,"US UA DK-XZ02 板式梯形腿假厚桌面行政桌 一件一箱 颜色->#1,年轮橡木",ALL,AMAZON,C,T4A,85.40,42.00,91,-49.00,-0.5384,0.5384
DJ505052_3,EU BW铁木软包床LIWS-01 床头两层板+灯带+插排HQ黑色pu+黑色一件一箱140*190,ALL,AMAZON,C,T4B,64.33,32.73,91,-58.27,-0.6403,0.6403
DJ505177_3,US AG 6布抽2小翻盖角落床 F 一件两箱 颜色->白色,ALL,UNKNOWN,B,T4B,24.29,13.06,91,-77.94,-0.8565,0.8565
DJ505226_1,US 595款 F尺寸上床下桌6抽U形桌面带灯带插排 一件两箱 颜色->火烧云,ALL,AMAZON,A,T4B,73.24,29.88,91,-61.12,-0.6716,0.6716
DJ505785_1,US 竖条纹美式铁木L桌 一件一箱 颜色->棕顶+白,ALL,WALMART,B,T4B,19.26,9.25,91,-81.75,-0.8984,0.8984
DJ502844,VD 板式边桌 编藤双抽+单隔层+插排+灯带 木色 一个一箱,ALL,AMAZON,C,T4A,140.03,55.23,90,-34.77,-0.3864,0.3864
DJ502919_1,US TA 双抽双顶咖啡桌 颜色->火烧云,ALL,AMAZON,C,T4B,100.32,40.93,90,-49.07,-0.5452,0.5452
DJ504411_1,US UA 悬浮款单列五层斗柜 一个一箱 颜色-->黑色 山纹黑,ALL,UNKNOWN,C,T4B,32.45,17.44,90,-72.56,-0.8062,0.8062
DJ504490_1,"US UA 梯形柜门置物现代板式行政桌 一件一箱 浮雕黑 颜色->黑色,浮雕黑",ALL,AMAZON,C,T4B,90.69,37.00,90,-53.00,-0.5889,0.5889
DJ504649_1,US YW01 7抽帐篷低阁楼床带2条灯带床头置物袋 颜色->白色,ALL,AMAZON,A,T3,202.93,190.53,90,100.53,1.1170,1.1170
DJ504861_2,US 农舍风1.2m谷仓门文件柜 一件一箱 颜色->棕+黑,ALL,AMAZON,C,T4B,28.79,13.82,90,-76.18,-0.8465,0.8465
DJ505069_3,US AG 高架布抽角落床 F 一件一箱 颜色->粉色,ALL,AMAZON,C,T4B,65.41,26.68,90,-63.32,-0.7035,0.7035
DJ505208_1,US DC 高架床 BB-02  YL 上T下F 二抽层架款   一件两箱 颜色->黑色,ALL,AMAZON,B,T3,140.61,145.21,90,55.21,0.6135,0.6135
DJ502859,EU DC 折叠床床面铁板 黑色 5英寸床垫 一件一箱,ALL,AMAZON,B,T4A,115.83,56.97,89,-32.03,-0.3599,0.3599
DJ503487_1,EU BW 边柜NSD-03 欧标插排氛围灯款 上空2抽 两件一箱 颜色->黑色,ALL,AMAZON,C,T4B,88.95,36.29,89,-52.71,-0.5922,0.5922
DJ503782_1,US VD29 书桌 三折镜转角梳妆台 一件一箱 颜色->白色,ALL,AMAZON,C,T4B,59.72,28.67,89,-60.33,-0.6779,0.6779
DJ503880_1,US 592T款 两抽14寸铁床带床尾布 一件一箱 颜色->深灰色,ALL,UNKNOWN,C,T4B,52.15,25.03,89,-63.97,-0.7188,0.7188
DJ504308_3,EU DC铁木床LIW-02 床头一层板+交叉造型+灯带插排 ZY 火烧色 一件一箱 140*190,ALL,AMAZON,C,T4B,44.46,21.34,89,-67.66,-0.7602,0.7602
DJ504561_1,EU AG门厅衣帽架 板式全开放格顶部置物 一件两箱  颜色->白色,ALL,AMAZON,C,T4B,26.10,12.53,89,-76.47,-0.8592,0.8592
DJ505550_1,"US UA DK-SJ03 L型板式储物升降电脑桌 一件两箱 颜色->#1,胡桃色+黑色",ALL,AMAZON,C,T4B,97.94,52.65,89,-36.35,-0.4084,0.4084
DJ505743_1,UK DC 铁木床 CBF-11L 方管铁木角落床带抽篮-152G 白 90×190 一件两箱,ALL,AMAZON,C,T4B,22.14,10.63,89,-78.37,-0.8806,0.8806
DJ505879_3,US 吸塑竖条升降可直排L桌 一件两箱 颜色->原木色,ALL,AMAZON,C,T4B,28.12,13.50,89,-75.50,-0.8483,0.8483
DJ502419,VD 竹制浴室柜 双门+双层架 原色 一个一箱,ALL,AMAZON,C,T4A,77.72,38.23,88,-49.77,-0.5656,0.5656
DJ504259_4,US SD 2.4米双人八抽电脑桌  一件一箱 颜色->棕色+白色,ALL,AMAZON,C,T4B,25.24,12.12,88,-75.88,-0.8623,0.8623
DJ504490_1,"US UA 梯形柜门置物现代板式行政桌 一件一箱 浮雕黑 颜色->黑色,浮雕黑",ALL,UNKNOWN,C,T4B,49.12,23.58,88,-64.42,-0.7321,0.7321
DJ504648_4,"UK DC气动床BQD-01 603 灰色麻布+火烧色一件两箱,120*190",ALL,AMAZON,D,T4B,33.66,16.15,88,-71.85,-0.8164,0.8164
DJ504929_3,US 1.6米农舍L桌 一件一箱 颜色->白+棕,ALL,AMAZON,C,T4B,60.52,32.53,88,-55.47,-0.6303,0.6303
DJ505052_5,EU BW铁木软包床LIWS-01 床头两层板+灯带+插排HQ黑色pu+黑色一件一箱160*200,ALL,AMAZON,C,T4B,32.99,15.84,88,-72.16,-0.8200,0.8200
DJ505344_2,US VD 高架床 L形桌 书架 5布抽 布袋 铁网格 挂衣杆 F 一件两箱 颜色->黑色,ALL,UNKNOWN,C,T4B,32.48,15.59,88,-72.41,-0.8228,0.8228
DJ505554_3,US YSY-694款 T尺寸14抽上床下桌带排插灯带 一件两箱 颜色->灰色,ALL,AMAZON,D,T4B,56.69,28.84,88,-59.16,-0.6722,0.6722
DJ505761_2,US DC 地板床 FBI-02  HQ 树屋侧边储物 Twin  一件一箱 颜色->白色,ALL,AMAZON,D,T4B,15.28,7.33,88,-80.67,-0.9167,0.9167
SKDJVN000014_1,"US AE 书柜(Vietnam) 3抽屉 带插排小台款（大款）加RGB灯带 颜色->#3,灰木纹色麻面",ALL,TIKTOK,C,T4B,73.97,35.50,88,-52.50,-0.5965,0.5965
DJ503866_2,"US BF 电视柜 TV08 9抽无纺布带侧边层架左右变换一件一箱 颜色->#2,火烧云印染抽面+火烧云浮雕板",ALL,AMAZON,C,T4B,59.91,28.76,87,-58.24,-0.6694,0.6694
DJ503905_1,US AG 高款板式三抽边桌 灯带+排插 一件一箱 颜色->黑色,ALL,TIKTOK,A,T4B,62.39,31.74,87,-55.26,-0.6351,0.6351
DJ504019_3,US TA 100*80双抽谷仓门升降咖啡桌 一件一箱 颜色->灰古木-40三胺,ALL,AMAZON,B,T3,100.57,98.45,87,11.45,0.1316,0.1316
DJ504068_52,EU BW悬浮床BXF-Q01床头两层+灯带+插排HQ602白色麻布+原木色 一件两箱140*200,ALL,AMAZON,C,T4B,18.43,8.85,87,-78.15,-0.8983,0.8983
DJ504469_2,US TA 1.1米衣帽架带鞋架层架 一件一箱 颜色->黑色,ALL,AMAZON,B,T3,98.10,103.00,87,16.00,0.1840,0.1840
DJ504532_2,EU VD 角落气杆软包床 2层置物 欧标床垫1.4*2m 一件两箱 颜色->米白,ALL,UNKNOWN,C,T4B,29.79,16.01,87,-70.99,-0.8159,0.8159
DJ505121_4,US 铣槽移动柜行政桌 一件两箱 颜色->棕+白麻,ALL,AMAZON,C,T4B,55.20,22.52,87,-64.48,-0.7411,0.7411
DJVN000121_1,"US WIN 八字胡墙柜异形门款 一件一箱 ->#2,浮雕山纹黑",ALL,AMAZON,D,T4B,20.01,10.76,87,-76.24,-0.8763,0.8763
DJ504406_1,EU AG转角床 深灰棉麻 床头可互换1.4*2m 2灯带 欧规2AC+2USB 一件两箱 颜色->火烧云,ALL,AMAZON,B,T4A,79.18,36.74,86,-49.26,-0.5728,0.5728
DJ504469_1,US TA 1.1米衣帽架带鞋架层架 一件一箱 颜色->白+棕,ALL,AMAZON,B,T3,126.21,132.52,86,46.52,0.5410,0.5410
DJ504676_2,"US UA 拱顶带灯狭缝柜 一件一箱 颜色->黄色,橡木黄",ALL,AMAZON,C,T4B,49.20,23.62,86,-62.38,-0.7254,0.7254
DJ504846_2,US 床TB-748F 双层抽屉软包转角床 含灯带137*190 颜色->#2 白铁+白PU,ALL,AMAZON,B,T4B,65.76,35.36,86,-50.64,-0.5889,0.5889
DJ504887_2,US 低价款5布抽2m电脑桌 一件一箱 颜色->顶板棕+白,ALL,AMAZON,C,T4B,51.03,27.44,86,-58.57,-0.6810,0.6810
DJ504916_2,EU MJ LED木质镜柜三开门内开 HYC 90*16*60 白色 一件一箱,ALL,AMAZON,C,T4B,72.17,29.44,86,-56.56,-0.6576,0.6576
DJ504929_3,US 1.6米农舍L桌 一件一箱 颜色->白+棕,ALL,WALMART,C,T4B,15.92,8.56,86,-77.44,-0.9004,0.9004
DJ505043_1,EU FR浴室高柜 板竹结合 上下单开门 底柜单脏衣篮款H170 一件一箱 颜色->白色,ALL,AMAZON,C,T4B,63.07,32.09,86,-53.91,-0.6268,0.6268
DJ505049_1,"EU DC铁木床LIW-01 床头一层盖板+灯带+插排 HQ 黑色+火烧色 一件一箱 ,90*200",ALL,AMAZON,C,T4B,37.42,17.96,86,-68.04,-0.7911,0.7911
DJ505255_1,US AG 板式床 乡村风拼框 掀盖靠背 4抽 Q款 一件两箱 颜色->白色,ALL,AMAZON,C,T4B,34.76,16.69,86,-69.31,-0.8060,0.8060
DJ505344_1,US VD 高架床 L形桌 书架 5布抽 布袋 铁网格 挂衣杆 F 一件两箱 颜色->白色,ALL,UNKNOWN,C,T4B,26.88,10.96,86,-75.04,-0.8725,0.8725
DJ505466_1,US DC 软包床 BWR-01 ZY双侧护栏床尾带抽篮-2366 T 米色 一件一箱,ALL,AMAZON,C,T4A,68.65,31.85,86,-54.15,-0.6296,0.6296
DJ505474_1,UK AG 铁木悬浮床 软包靠背 双层置物 USB插排 灯带 床垫150*200cm 一件一箱 颜色->深灰色,ALL,AMAZON,C,T4B,5.09,2.45,86,-83.55,-0.9716,0.9716
DJ505499_1,EU AG 布抽软包靠背角落床 140*190 一件两箱 颜色->火烧云,ALL,AMAZON,C,T4B,12.62,6.06,86,-79.94,-0.9296,0.9296
DJ505568_2,UK AG床头柜 全板式三抽一格 单灯带 英规2AC+1U1T 一件一箱 颜色->黑色,ALL,AMAZON,C,T4B,12.84,6.17,86,-79.83,-0.9283,0.9283
DJ503347_3,US SD 1.5米单人桌三抽  一件一箱 颜色->灰色989-3,ALL,UNKNOWN,C,T4B,81.45,41.44,85,-43.56,-0.5124,0.5124
DJ503413,VD 竹制浴室高柜 对开门+3层架 原色 一个一箱,ALL,AMAZON,C,T4A,79.00,36.66,85,-48.34,-0.5687,0.5687
DJ504024_3,US 1.2米四抽L桌  一件一箱 颜色->白色,ALL,AMAZON,C,T4B,80.39,32.80,85,-52.20,-0.6141,0.6141
DJ504129_3,US 轻奢风吸塑1m文件柜 一件一箱 颜色->棕色,ALL,AMAZON,C,T4A,81.74,37.93,85,-47.07,-0.5538,0.5538
DJ504133_1,EU AG 铁木悬浮床 2侧托盘 欧标USB排插 灯带 床垫1.8*2m 一件一箱 颜色->黑色,ALL,AMAZON,C,T4B,98.04,40.00,85,-45.00,-0.5294,0.5294
DJ504297_2,"US BF 储物柜 DT25 7抽无拉手悬浮顶带灯带一件一箱 颜色->#2,白色麻面",ALL,AMAZON,C,T4A,100.93,46.83,85,-38.17,-0.4490,0.4490
DJ505100_2,US 弧面带柜体三抽老板桌 一件一箱 颜色->2133+黑,ALL,AMAZON,C,T4A,63.90,29.65,85,-55.35,-0.6512,0.6512
DJ505126_2,US SD L桌升降高桌带书架  一件两箱 颜色 颜色->黑麻,ALL,AMAZON,C,T4A,65.36,30.32,85,-54.68,-0.6432,0.6432
DJ505174_3,"US UA DK-XZ03 L型铁木3抽弧形腿行政桌 一件两箱 颜色->#3,大理石色",ALL,AMAZON,D,T4B,17.94,8.61,85,-76.39,-0.8987,0.8987
DJ505240_2,US 床YW-43T上床下电竞桌3抽储物柜含灯带99*190 一件两箱白色铁+白板,ALL,UNKNOWN,A,T4B,75.20,30.68,85,-54.32,-0.6391,0.6391
DJ505349_1,UK BW铁木软包床LIWS-01  HQ 灰色+火烧色 一件一箱 90*190,ALL,AMAZON,C,T4B,71.74,38.57,85,-46.43,-0.5462,0.5462
DJ505440_1,EU DC 铁木床 CBF-11L 方管铁木角落床带抽篮-138G 白 90×190 一件两箱,ALL,AMAZON,C,T4B,16.39,7.86,85,-77.14,-0.9075,0.9075
DJ505695_2,US YSY-599款 F尺寸上床下书架含灯带插排含床侧挂袋 一件两箱 颜色->白色,ALL,UNKNOWN,B,T4B,49.82,23.91,85,-61.09,-0.7187,0.7187
DJVN000025_1,"US AE 书柜 NT26 四抽小台款含插排一件一箱 颜色->#3,灰木纹色",ALL,AMAZON,C,T4A,109.05,43.01,85,-41.99,-0.4940,0.4940
DJVN000179_1,"US 圆弧异型床头柜 原木色一件一箱  尺码->52,原木色",ALL,AMAZON,D,T4B,9.74,4.68,85,-80.32,-0.9450,0.9450
DJ504166_2,"EU KM 软包-带床头-悬浮床 一箱一个 尺码->L,190*140;颜色->白色,PU-白",ALL,AMAZON,B,T4B,38.31,19.49,84,-64.51,-0.7680,0.7680
DJ504366_1,EU KM 喷漆水槽柜80cm两抽金属底角 一箱一个 颜色->白色,ALL,AMAZON,C,T4B,49.90,20.36,84,-63.64,-0.7576,0.7576
DJ504520_2,US 160cm单人板材电脑桌 一件一箱 颜色->灰古木-40三胺,ALL,AMAZON,C,T4A,99.06,39.07,84,-44.93,-0.5349,0.5349
DJ505068_4,US AG 高架布抽角落床 T 一件一箱 颜色->白色,ALL,AMAZON,C,T4B,55.02,26.41,84,-57.59,-0.6856,0.6856
DJ505139_1,US SD 2米美式L桌带6抽 一件两箱 颜色->黑麻+棕色,ALL,AMAZON,C,T4B,45.09,24.24,84,-59.76,-0.7114,0.7114
DJ505165_2,US GS03 7抽转角侧梯低阁楼床带灯带正面3空格储物 颜色->白色,ALL,AMAZON,A,T4B,70.31,28.69,84,-55.31,-0.6585,0.6585
DJ505176_4,US AG 6布抽2小翻盖角落床 T 一件一箱 颜色->粉色,ALL,AMAZON,B,T4A,56.05,27.57,84,-56.43,-0.6718,0.6718
DJ505246_3,"US UA DK-XZ04 双拼色行政电脑桌一件两箱 颜色->#3,风轻云扬灰（原4071新洞洞板）",ALL,AMAZON,C,T3,112.22,106.70,84,22.70,0.2703,0.2703
DJ505275_1_WF,US 床T-B259Q床头翻开气压杆波浪含插盘灯带床153*203一件两箱 颜色黑色pu,ALL,UNKNOWN,D,T4B,71.20,29.05,84,-54.95,-0.6542,0.6542
DJ505317_2_WF,US BF WD03 写字桌带文件柜十字玻璃门带插排灯带，一件两箱 颜色->灰色,ALL,UNKNOWN,D,T4B,35.21,16.90,84,-67.10,-0.7988,0.7988
DJ505350_3,UK BW铁木软包床LIWS-01  HQ 白色+原木色 一件一箱 150*200,ALL,AMAZON,C,T4B,17.29,9.29,84,-74.71,-0.8894,0.8894
DJ505376_1,EU VD 板式面盆柜 上下双抽 一件一箱 颜色->白色,ALL,AMAZON,C,T4B,33.76,18.15,84,-65.85,-0.7839,0.7839
DJ505589_2,EU MS 猫爬架 2顶窝猫房爬梯猫勺吊床 一件一箱 颜色->深灰色,ALL,AMAZON,C,T4B,15.28,7.33,84,-76.67,-0.9127,0.9127
DJ505885_1,US SD 2.5米美式双人升降桌 一件两箱 颜色->棕+白,ALL,AMAZON,D,T4B,17.49,8.40,84,-75.60,-0.9000,0.9000
DJVN000040_3,"US AE 书柜 NT27 抽屉2个+空格 2件1箱小麻点款 二件一箱 颜色->#2,白色小麻点",ALL,AMAZON,C,T4A,119.28,55.35,84,-28.65,-0.3411,0.3411
DJVN000120_1,"USAE FQ-NT28 抽屉2个+1空格小麻点款不超22kg 含RGB灯带 二件一箱 颜色->#1,黑色麻面",ALL,AMAZON,C,T4B,25.46,12.22,84,-71.78,-0.8545,0.8545
DJ503527_2,US 床T-B245T软包水晶扣公主床灯带99*190 颜色2024-17粉色绒布,ALL,AMAZON,C,T3,193.80,158.91,83,75.91,0.9146,0.9146
DJ503846_1,US TA X字板材厨房置物架 一件一箱 颜色->白麻+火烧云,ALL,AMAZON,C,T3,130.23,113.80,83,30.80,0.3711,0.3711
DJ504340_1,"US AG 乡村风高款边桌 一件一箱 尺码->#10,胡桃木色",ALL,AMAZON,C,T4A,73.94,34.31,83,-48.69,-0.5867,0.5867
DJ504453_1,"US UA 带推车侧架马桶柜 农舍风撞色 一件一箱 颜色->白色,做旧白+胡桃木",ALL,AMAZON,B,T4A,110.34,43.52,83,-39.48,-0.4757,0.4757
DJ504520_1,US 160cm单人板材电脑桌 一件一箱 颜色->白木纹柜体+黑桌面,ALL,AMAZON,C,T3,141.25,128.71,83,45.71,0.5507,0.5507
DJ505115_1,US 1.2米美式单人高桌  一件两箱 颜色->白+黑,ALL,AMAZON,C,T4A,86.87,34.26,83,-48.74,-0.5872,0.5872
DJ505171_2,US AG 翻盖布抽角落床 F 一件两箱 颜色->灰色,ALL,AMAZON,B,T4A,74.22,36.51,83,-46.49,-0.5602,0.5602
DJ505294_2,US 洞洞板升降L桌带柜体 一件两箱 颜色->黑色,ALL,AMAZON,C,T4B,50.95,24.45,83,-58.55,-0.7054,0.7054
DJ505300_2,US 床GJ-013T低阁楼双层储物6布抽床+空格含灯带一件一箱白铁+白麻板,ALL,AMAZON,A,T3,159.65,150.57,83,67.57,0.8141,0.8141
DJ505317_3,US BF WD03 写字桌带文件柜十字玻璃门带插排灯带，一件两箱 颜色->黑色,ALL,AMAZON,A,T4A,89.33,41.45,83,-41.55,-0.5006,0.5006
DJ505321_2,US DC 高架床 LBOS-02 L型桌开放格储物款 F 一件两箱 颜色 白色,ALL,AMAZON,C,T4B,26.76,14.38,83,-68.62,-0.8267,0.8267
DJ505749_2,US AG 板式床 靠背翻盖 床头4布抽 6铁线抽 Q 一件两箱 颜色->黑色,ALL,AMAZON,C,T4B,18.16,8.71,83,-74.29,-0.8950,0.8950
DJVN000082_1,US WIN L型八字脚铁木行政桌 一件两箱 颜色->山纹黑(DS6607),ALL,AMAZON,C,T4B,19.13,10.28,83,-72.72,-0.8761,0.8761
DJ502917_2,EU MS 猫爬架 2个吊床 大型加高193 颜色->深灰色,ALL,AMAZON,C,T4B,67.97,32.62,82,-49.38,-0.6021,0.6021
DJ502991,US  DC 美标LED金属镜柜铰链拆装三开门100 白色 一件一箱,ALL,AMAZON,C,T4A,119.70,55.54,82,-26.46,-0.3227,0.3227
DJ503171_1,US TA 双顶双抽带门咖啡桌 一件一箱 颜色->火烧云,ALL,AMAZON,C,T4B,128.93,52.60,82,-29.40,-0.3585,0.3585
DJ503483_2,US PT 带灯排插层架文件柜  一件一箱 颜色->火烧云,ALL,AMAZON,C,T4A,111.45,51.71,82,-30.29,-0.3694,0.3694
DJ503518_1_WF,US SD 美式L桌四抽带柜门  一件两箱 颜色->白黑,ALL,UNKNOWN,C,T4B,63.55,34.16,82,-47.84,-0.5834,0.5834
DJ504107_2,EU AG 悬浮床 软包床头 铁框架 灯带 USB插排 1.4*2m 一件一箱 颜色->白色,ALL,AMAZON,C,T4B,36.70,14.97,82,-67.03,-0.8174,0.8174
DJ504777_2,US UA 窄款拱顶书柜 一件一箱 颜色->橡木色,ALL,UNKNOWN,B,T4B,53.81,28.93,82,-53.07,-0.6472,0.6472
DJ504777_3,US UA 窄款拱顶书柜 一件一箱 颜色->棕色G29024I,ALL,UNKNOWN,B,T4B,27.88,14.99,82,-67.01,-0.8172,0.8172
DJ505500_1,EU AG 布抽软包靠背角落床 140*200 一件两箱 颜色->火烧云,ALL,AMAZON,C,T4B,7.31,3.51,82,-78.49,-0.9572,0.9572
DJ505711_2,US SD L桌六抽升降桌电脑桌 一件两箱 颜色->棕色+白色,ALL,AMAZON,D,T4B,12.40,5.95,82,-76.05,-0.9274,0.9274
DJVN000165_1,"US 藤编组合床头柜 一件一箱 原木色 尺码->#15,原木色",ALL,AMAZON,C,T4B,11.74,5.63,82,-76.37,-0.9313,0.9313
DJ504129_2,US 轻奢风吸塑1m文件柜 一件一箱 颜色->黑色,ALL,AMAZON,C,T4B,69.85,28.50,81,-52.50,-0.6482,0.6482
DJ504543_2,US TS08 1米6长11抽悬浮顶电视柜带灯带插排 一件一箱 颜色->火烧云,ALL,AMAZON,C,T4B,39.48,20.09,81,-60.91,-0.7520,0.7520
DJ504676_1,"US UA 拱顶带灯狭缝柜 一件一箱 颜色->黑色,山纹黑",ALL,AMAZON,C,T4A,67.80,31.46,81,-49.54,-0.6116,0.6116
DJ505046_1,EU FR浴室镜柜 板式 LED镜 大小门铣槽包覆柜门简约白 一件一箱 颜色->白色,ALL,AMAZON,C,T4B,46.25,24.86,81,-56.14,-0.6931,0.6931
DJ505174_2,"US UA DK-XZ03 L型铁木3抽弧形腿行政桌 一件两箱 颜色->#2,灰色",ALL,AMAZON,C,T4B,64.71,26.40,81,-54.60,-0.6741,0.6741
DJ505462_1,UK DC铁木软包床LIWS-01  HQ 灰色+火烧色 一件一箱 90*190,ALL,AMAZON,C,T4B,69.36,37.29,81,-43.71,-0.5397,0.5397
DJ505467_2,US DC 软包床 BWR-01 ZY双侧护栏床尾带抽篮-2366 F 粉色 一件一箱,ALL,AMAZON,C,T4B,46.77,22.45,81,-58.55,-0.7228,0.7228
DJVN000120_3,"USAE FQ-NT28 抽屉2个+1空格小麻点款不超22kg 含RGB灯带 二件一箱 颜色->#3,灰木纹色麻面",ALL,AMAZON,C,T4B,23.03,11.05,81,-69.95,-0.8635,0.8635
DJVN000156_1,"US QZ 假拱形四门食品柜，一件一箱 尺码->#1,深橡木色",ALL,AMAZON,D,T4B,20.15,9.67,81,-71.33,-0.8806,0.8806
SKDJ503170_2,"EU KM 板式升降可展开咖啡桌 颜色->棕色,火烧木",ALL,TIKTOK,C,T4B,59.26,22.84,81,-58.16,-0.7181,0.7181
DJ504085_2,US 单人L高桌5布抽低价款 一件一箱 颜色->黑麻,ALL,TEMU,B,T4B,72.98,39.23,80,-40.77,-0.5096,0.5096
DJ504221_1,US TS04 6抽1米8电视柜带灯带插排 颜色->火烧云,ALL,AMAZON,C,T4B,69.33,28.29,80,-51.71,-0.6464,0.6464
DJ504794_1,EU AG 铁木软包床 3置物层 欧标USB排插 灯带 1.4*1.9m 一件一箱 颜色->黑色,ALL,AMAZON,C,T4B,17.94,8.61,80,-71.39,-0.8924,0.8924
DJ504842_1,US 板材双抽波浪板高文件柜 一件一箱 颜色->原木色,ALL,AMAZON,C,T4A,61.67,28.61,80,-51.39,-0.6423,0.6423
DJ505032_3,US R124款 屋顶书架低阁楼床 带灯带床头置物袋侧边挂袋，一件一箱 颜色->粉色,ALL,UNKNOWN,B,T4B,28.55,13.70,80,-66.30,-0.8287,0.8287
DJ505107_2,US L桌美式纯板材高桌  一件两箱  颜色->灰色,ALL,AMAZON,C,T4A,87.13,40.43,80,-39.57,-0.4947,0.4947
DJ505463_1,UK DC 悬浮床BXF-Q01 602 HQ 灰色麻布+火烧色 一件一箱90*190,ALL,AMAZON,C,T4B,31.19,16.76,80,-63.24,-0.7904,0.7904
DJ505729_3,US SD X单人三铁木款升降桌 一件一箱 颜色->原木纹+白,ALL,AMAZON,C,T4B,7.31,3.51,80,-76.49,-0.9562,0.9562
DJVN000092_1,"US WIN 空心板腿沙发桌 一件一箱 颜色->#2,原木色：大通/元素DS66122",ALL,AMAZON,D,T4B,31.42,16.90,80,-63.11,-0.7888,0.7888
DJ503056,US DC 木质镜柜三开门 70*16*60 白色 一件一箱,ALL,AMAZON,C,T4A,120.91,47.69,79,-31.31,-0.3964,0.3964
DJ503860_4,"EU BW铁木床DIW-01 床头一层盖板+灯带+插排 HQ 黑色+火烧色  一件一箱 ,160*200",ALL,AMAZON,C,T4B,56.19,26.97,79,-52.03,-0.6586,0.6586
DJ504021_1,US AG 玻璃桌面灯带边桌 含插座  一件一箱 颜色->黑色,ALL,AMAZON,C,T4B,96.32,39.30,79,-39.70,-0.5025,0.5025
DJ504891_1,"US SJ02款 T尺寸两布抽铁床 一件一箱,重量不超22kg 颜色->黑色",ALL,AMAZON,B,T3,97.64,94.97,79,15.97,0.2022,0.2022
DJ505100_1,US 弧面带柜体三抽老板桌 一件一箱 颜色->复古灰+黑,ALL,AMAZON,C,T4A,79.17,36.74,79,-42.27,-0.5350,0.5350
DJ505100_3,US 弧面带柜体三抽老板桌 一件一箱 颜色->192-1+黑,ALL,AMAZON,C,T4B,49.96,23.98,79,-55.02,-0.6965,0.6965
DJ505295_3,US SD 80cm转角升降桌 一件一箱  颜色->白麻,ALL,AMAZON,C,T4A,62.97,29.22,79,-49.78,-0.6302,0.6302
DJ505579_2,US 八抽上床下桌带洞洞板  一件两箱  颜色->白色,ALL,AMAZON,B,T4B,38.85,19.77,79,-59.23,-0.7498,0.7498
DJ505635_2,EU AG软包床 棉麻气杆 1灯带 欧标插排2AC+1U1T 0.9*2m 一件两箱  颜色->深灰色,ALL,AMAZON,C,T4B,12.40,5.95,79,-73.05,-0.9247,0.9247
DJ505659_2,US SD 1.9M五抽单人桌  一件一箱  颜色->黑色,ALL,AMAZON,C,T4B,59.92,32.22,79,-46.78,-0.5922,0.5922
DJ505673_1,US RL-597款 F尺寸5抽上下床带桌子含灯带插排，带侧袋和桌边布袋 一件两箱 颜色->火烧云,ALL,AMAZON,B,T4B,57.74,31.04,79,-47.96,-0.6070,0.6070
DJ505879_2,US 吸塑竖条升降可直排L桌 一件两箱 颜色->黑麻,ALL,AMAZON,C,T4B,32.55,15.62,79,-63.38,-0.8022,0.8022
100103901,US DC 铁木床 CBF-02GL 方管铁木角落床带抽篮-113G T 粉 一件一箱,ALL,AMAZON,D,T4B,12.18,5.85,78,-72.15,-0.9250,0.9250
DJ504068_6,"EU BW悬浮床BXF-Q01床头两层+灯带+插排HQ602灰色麻布+火烧色一件两箱,180*200",ALL,AMAZON,B,T3,129.40,135.87,78,57.87,0.7419,0.7419
DJ504173_26,"EU KM 铁木-带床头-悬浮床 一箱一个 尺码->XL,140*200;颜色->白色,原木白",ALL,AMAZON,C,T4B,22.13,11.26,78,-66.74,-0.8557,0.8557
DJ504688_1,UK AG 悬浮床 软包床头 铁框架 英标排插 灯带 床垫135*190cm 一件一箱 颜色->深灰色,ALL,UNKNOWN,C,T4B,12.84,6.17,78,-71.83,-0.9210,0.9210
DJ504777_5,US UA 窄款拱顶书柜 一件一箱 颜色->咖啡胡桃浮雕+H65074K,ALL,AMAZON,D,T4B,12.62,6.06,78,-71.94,-0.9223,0.9223
DJ504790_1,EU AG 铁木软包床 方块软包 欧标USB排插 灯带 1.6*2m 一件一箱 颜色->深灰色,ALL,AMAZON,C,T4B,47.93,23.01,78,-54.99,-0.7051,0.7051
DJ505177_4,US AG 6布抽2小翻盖角落床 F 一件两箱 颜色->粉色,ALL,AMAZON,B,T4A,60.31,27.98,78,-50.02,-0.6412,0.6412
DJ505307_1,US HS 梳妆台 VDNX-01 改 MFL 错落布局 六抽一门好莱坞灯串 一件一箱 颜色->白色,ALL,AMAZON,C,T4B,58.61,29.82,78,-48.18,-0.6177,0.6177
DJ505458_3,US SD X1.4米6抽升降桌 一件一箱 颜色->原木色+白色PU,ALL,AMAZON,C,T4B,35.07,14.31,78,-63.69,-0.8165,0.8165
DJVN000173_1,"US PIX Q折叠床垫 一件一箱 颜色->#3,LHA12513/75783",ALL,AMAZON,D,T4B,11.96,5.74,78,-72.26,-0.9264,0.9264
DJ504647_1,UK DC 悬浮床BXF-Q01 602 HQ 灰色麻布+火烧色 一件两箱135*190,ALL,AMAZON,C,T4B,49.88,25.38,77,-51.62,-0.6704,0.6704
DJ504891_3,"US SJ02款 T尺寸两布抽铁床 一件一箱,重量不超22kg 颜色->粉色",ALL,AMAZON,B,T3,113.64,114.09,77,37.09,0.4816,0.4816
DJ504975_1,EU AG 板式床 软包掀盖靠背 4抽 欧洲床垫1.4*1.9m 一件两箱 颜色->白色,ALL,AMAZON,C,T4B,56.45,30.35,77,-46.65,-0.6059,0.6059
DJ505178_1,US 双顶带软包凳咖啡桌 一件一箱 颜色->白+棕,ALL,AMAZON,C,T4B,26.96,11.00,77,-66.00,-0.8571,0.8571
DJ505246_3,"US UA DK-XZ04 双拼色行政电脑桌一件两箱 颜色->#3,风轻云扬灰（原4071新洞洞板）",ALL,UNKNOWN,C,T4B,29.84,15.18,77,-61.82,-0.8028,0.8028
DJ505279_2,US 床BJS-543T 落地双层床+储物台阶 一件一箱 99*190 颜色->#2 纯白,ALL,AMAZON,A,T3,149.33,156.79,77,79.79,1.0363,1.0363
DJ505294_3,US 洞洞板升降L桌带柜体 一件两箱 颜色->棕顶+白,ALL,AMAZON,C,T4B,56.41,27.08,77,-49.92,-0.6483,0.6483
DJ505329_3,US ER DK-TM01 双侧储物行政电脑桌 一件两箱 颜色->#3 灰色（复古灰7201）+黑麻色,ALL,AMAZON,D,T4B,36.54,17.54,77,-59.46,-0.7723,0.7723
DJ505534_3,US SD L桌五抽带两组亚克力门  一件一箱 颜色->白麻,ALL,AMAZON,C,T4B,31.22,14.99,77,-62.01,-0.8054,0.8054
DJ502459_1_WF,"US TP 书桌 五抽圆镜三色灯带压床头柜 颜色->#1,白+原木色",ALL,UNKNOWN,B,T4B,77.63,31.67,76,-44.33,-0.5833,0.5833
DJ503465,EU BW 折叠床床面铁管拆装简易款 黑色 4英寸床垫 一件一箱,ALL,AMAZON,A,T3,201.73,181.55,76,105.55,1.3889,1.3889
DJ504285_3,US TS05 五抽悬浮电视柜带电视支架 颜色->火烧云,ALL,AMAZON,C,T4A,72.71,33.74,76,-42.26,-0.5561,0.5561
DJ504532_1,EU VD 角落气杆软包床 2层置物 欧标床垫1.4*2m 一件两箱 颜色->深灰色,ALL,UNKNOWN,B,T4B,24.51,12.47,76,-63.53,-0.8359,0.8359
DJ504983_2,US 1m农舍板材电脑桌 一件一箱 颜色->黑麻,ALL,AMAZON,C,T4B,74.71,30.48,76,-45.52,-0.5989,0.5989
DJ505171_2,US AG 翻盖布抽角落床 F 一件两箱 颜色->灰色,ALL,UNKNOWN,B,T4B,35.77,18.20,76,-57.80,-0.7605,0.7605
DJ505317_3,US BF WD03 写字桌带文件柜十字玻璃门带插排灯带，一件两箱 颜色->黑色,ALL,UNKNOWN,A,T4B,52.05,24.99,76,-51.01,-0.6712,0.6712
DJ505355_1,EU BW 悬浮床BXF-Q01床头两层+灯带+插排HQ602灰色麻布+火烧色 一件一箱90*190,ALL,AMAZON,C,T4B,19.84,10.67,76,-65.33,-0.8596,0.8596
DJ505505_2,UK AG JYH213A 棉麻软包气杆床 圆弧掀盖靠背 双灯带 135*190cm 一件两箱 颜色->米白,ALL,AMAZON,C,T4B,13.95,6.70,76,-69.30,-0.9119,0.9119
DJ505572_1,US DC 高架床 LB-11  YL   六抽门架款   一件两箱 颜色->黑色,ALL,UNKNOWN,B,T4B,42.23,22.70,76,-53.30,-0.7013,0.7013
DJVN000163_1,"US QZ 卧室书桌，一件一箱 尺码->#1,原橡木色",ALL,AMAZON,D,T4B,42.07,20.19,76,-55.81,-0.7343,0.7343
DJ502529_19,"US AE 书柜 两抽托盘带灯无线充插排 颜色->#3,灰木纹",ALL,AMAZON,B,T3,137.81,113.00,75,38.00,0.5067,0.5067
DJ502566_3,US SD 双抽文件柜带排插 一件一箱 颜色->灰色,ALL,AMAZON,C,T4A,95.02,44.09,75,-30.91,-0.4122,0.4122
DJ503122_6,US TA 谷仓门双顶咖啡桌 一件一箱 颜色->白G42014K+仿古樱桃,ALL,AMAZON,C,T4B,16.39,7.86,75,-67.14,-0.8951,0.8951
DJ503877_2,US 双抽美式文件柜 一件一箱 颜色->白色,ALL,AMAZON,C,T4B,114.85,46.86,75,-28.14,-0.3752,0.3752
DJ504512_1,EU FR 拼色浴室高柜一抽+上下单开门 一件一箱 颜色->白色,ALL,AMAZON,C,T4B,44.01,23.66,75,-51.34,-0.6845,0.6845
DJ504625_3,US 6抽错层亚克力柜门L高桌 一件一箱 颜色->白色,ALL,AMAZON,C,T4B,18.82,9.03,75,-65.97,-0.8796,0.8796
DJ505050_3,EU BW铁木软包床LIWS-01 床头两层板+灯带+插排HQ 黑色+火烧色 一件一箱 140*190,ALL,AMAZON,D,T4B,41.41,19.87,75,-55.13,-0.7350,0.7350
DJ505124_2_WF,US 美式升降可直排L桌 一件两箱 颜色->棕+黑,ALL,UNKNOWN,C,T4B,36.54,17.54,75,-57.46,-0.7662,0.7662
DJ505176_1,US AG 6布抽2小翻盖角落床 T 一件一箱 颜色->火烧云,ALL,UNKNOWN,B,T4B,18.87,10.15,75,-64.85,-0.8647,0.8647
DJ505196_3,US 床YL545 F板式5抽布抽床+集成书柜 一件两箱  颜色->#2黑铁+灰板,ALL,UNKNOWN,B,T4B,45.99,18.76,75,-56.24,-0.7498,0.7498
DJ505254_1,US AG 板式床 乡村风拼框 掀盖靠背 4抽 F款 一件两箱 颜色->白色,ALL,UNKNOWN,B,T4B,48.90,19.95,75,-55.05,-0.7340,0.7340
DJ505313_3,EU DC软包床 140x190 BCR-01下翻门+灯带+插排HQ611白色麻面+原木 一件两箱,ALL,AMAZON,C,T4B,15.72,7.55,75,-67.45,-0.8994,0.8994
DJ505498_2,EU AG 布抽软包靠背角落床 90*200 一件两箱 颜色->白色,ALL,AMAZON,C,T4B,19.26,9.25,75,-65.75,-0.8767,0.8767
DJ503139_2,US SD 1.6米双抽单人桌带排插  一件一箱 颜色->火烧云,ALL,AMAZON,C,T4B,73.00,29.78,74,-44.22,-0.5975,0.5975
DJ504216_2,"US HA 书桌 VT03 11抽铁木无纺布菱形格双列置物架款 颜色->#2,黑色麻面+黑皮",ALL,AMAZON,C,T4A,65.69,30.48,74,-43.52,-0.5881,0.5881
DJ504287_1,US TA 1.2米4抽2玻璃门铁木厨房置物架 一件一箱 颜色->火烧云,ALL,AMAZON,C,T4A,73.39,34.05,74,-39.95,-0.5398,0.5398
DJ504514,EU BW铁木床LIWS-02 高床头储物+倾斜靠背+灯带插排 ZY火烧色一件两箱 180*200,ALL,AMAZON,C,T4B,40.21,16.41,74,-57.59,-0.7783,0.7783
DJ504888_1,US SD L桌X字升降桌带文件柜 一件两箱 颜色->棕+白色,ALL,AMAZON,C,T4B,67.84,36.47,74,-37.53,-0.5071,0.5071
DJ504983_3,US 1m农舍板材电脑桌 一件一箱 颜色->浅灰色,ALL,AMAZON,C,T4B,52.87,21.57,74,-52.43,-0.7085,0.7085
DJ505079_3,US UA BK-GD01 高款拱顶书柜带推车 一件一箱 颜色->棕色G29024I,ALL,AMAZON,C,T4B,39.19,18.81,74,-55.19,-0.7458,0.7458
DJ505115_2,US 1.2米美式单人高桌  一件两箱 颜色->灰色,ALL,AMAZON,C,T4B,59.15,24.14,74,-49.86,-0.6738,0.6738
DJ505248_1,"US UA DK-XZ06 超大文件抽行政电脑桌一件两箱 颜色->#1,复古色",ALL,AMAZON,C,T4A,66.18,30.71,74,-43.29,-0.5850,0.5850
DJ505358_1,EU FR镜柜 大小门弧角双灯带80*60cm 欧标2AC+1U1T 一件一箱 颜色->白色,ALL,AMAZON,C,T4B,42.41,22.80,74,-51.20,-0.6919,0.6919
DJ505360_1,EU FR镜柜 大小门单灯带 1层开放格有挂篮80*70cm 欧标2AC+1U1T 一件一箱 颜色->白色,ALL,AMAZON,C,T4B,26.86,14.44,74,-59.56,-0.8049,0.8049
DJ505437_1,US DC 现代农舍 BFMH-01床下六抽屉 Q 黑色 一件两箱,ALL,UNKNOWN,C,T4B,2.88,1.38,74,-72.62,-0.9813,0.9813
DJ505575_1,UK DC 悬浮床 BXF-02L 床头槽灯菱形扣款-HQ108 135*190 灰色麻布,ALL,AMAZON,C,T4B,23.03,11.05,74,-62.95,-0.8506,0.8506
DJ505738_1,US DC 铁木床 SCB-01L 铁麻布层架布兜PU面布抽角落床-172 T 黑色 一件一箱,ALL,AMAZON,C,T4B,26.79,12.86,74,-61.14,-0.8262,0.8262
DJ505879_1,US 吸塑竖条升降可直排L桌 一件两箱 颜色->261833-14咖啡胡桃零度,ALL,AMAZON,C,T4B,42.74,20.51,74,-53.49,-0.7228,0.7228
DJVN000040_3,"US AE 书柜 NT27 抽屉2个+空格 2件1箱小麻点款 二件一箱 颜色->#2,白色小麻点",ALL,UNKNOWN,C,T4B,34.87,18.75,74,-55.25,-0.7467,0.7467
DJ502410,VD 竹制置物架 大款+6层 原色 一个一箱,ALL,AMAZON,C,T4A,103.49,48.02,73,-24.98,-0.3422,0.3422
DJ502691,US DC 宽浴室柜 H160cm 上三层架中抽屉下柜子 白色 一件一箱,ALL,AMAZON,C,T4A,82.31,32.47,73,-40.53,-0.5553,0.5553
DJ503079_2,"US BF 书柜 板材美式+托盘含插盘（大款）加RGB灯带 一件一箱 颜色->#2,白色小麻",ALL,TIKTOK,C,T4B,19.71,9.46,73,-63.54,-0.8704,0.8704
DJ503416_2,US PT 美式四抽侧边置物床Q  一件两箱 颜色->白色PU,ALL,TEMU,B,T4B,103.46,42.21,73,-30.79,-0.4218,0.4218
DJ504048_2,"EU DC气动床BQD-01床头两层+灯带+插排HQ603灰色麻布+火烧色 一件两箱,140*190",ALL,AMAZON,C,T4B,53.20,27.07,73,-45.93,-0.6292,0.6292
DJ504283_1,US AG 绒布软包皇冠公主床 T 一件一箱 颜色->粉色,ALL,AMAZON,C,T4A,112.27,44.28,73,-28.72,-0.3934,0.3934
DJ504317_1,"US UA一型行政电脑桌 一件一箱 麻面黑+胡桃色 颜色->#1,麻面黑+胡桃色",ALL,AMAZON,C,T4B,86.60,41.57,73,-31.43,-0.4305,0.4305
DJ504345_1,EU BW铁木床LIWS-02 高床头储物+倾斜靠背+灯带插排 ZY 火烧色 一件一箱 90*200,ALL,AMAZON,C,T4B,37.18,15.17,73,-57.83,-0.7922,0.7922
DJ504354_2,US TA 双顶布抽层架带灯咖啡桌 一件一箱 颜色->黑+棕,ALL,AMAZON,B,T3,98.29,93.96,73,20.96,0.2871,0.2871
DJ504809_1,US VD33 书桌 大镜子7抽波浪纹抽面透明玻璃门 一件一箱 颜色->棕色,ALL,AMAZON,C,T4B,27.66,14.87,73,-58.13,-0.7963,0.7963
DJ504873_1,US UA SB--CC01 150cm长款带除臭换鞋凳 一个一箱 颜色-麻面白+灰色软包 颜色->白色,ALL,AMAZON,C,T4B,37.97,18.22,73,-54.78,-0.7503,0.7503
DJ505154_2,US DC 高架床 LBCD-01 2508 L型电脑桌款  一件两箱 颜色 白色,ALL,AMAZON,C,T4B,37.95,18.22,73,-54.78,-0.7505,0.7505
DJ505193_1,US AG 折叠储物沙发床架 左右互换+无纺布抽 T 一件两箱 颜色->白色,ALL,UNKNOWN,B,T4B,61.78,29.65,73,-43.35,-0.5938,0.5938
DJ505207_2,US 竖条纹吸塑错层板材L桌 一件两箱 颜色->黑色,ALL,AMAZON,C,T4B,60.45,30.76,73,-42.24,-0.5787,0.5787
DJ505291,US HS 梳妆台-VDFX-01错层款滑动镜 一件两箱 颜色->白色,ALL,AMAZON,C,T4A,66.30,30.76,73,-42.24,-0.5786,0.5786
DJ505427_2,EU DC 软包双灯款气动床BQQ-02 ZY 93款  灰色 一件两箱 140*190,ALL,AMAZON,C,T4B,12.84,6.17,73,-66.83,-0.9155,0.9155
DJ505575_2,UK DC 悬浮床 BXF-02L 床头槽灯菱形扣款-HQ108 150*200 灰色麻布,ALL,AMAZON,C,T4B,13.51,6.48,73,-66.52,-0.9112,0.9112
DJ505659_1,US SD 1.9M五抽单人桌  一件一箱  颜色->火烧云,ALL,AMAZON,C,T4B,42.00,22.58,73,-50.42,-0.6907,0.6907
DJ505659_4,US SD 1.9M五抽单人桌  一件一箱  颜色->989-3灰色,ALL,AMAZON,C,T4B,63.57,34.17,73,-38.83,-0.5319,0.5319
DJ505670_1,US SD L桌带抽屉六抽款 一件一箱 颜色->黑色,ALL,AMAZON,C,T4B,25.91,12.43,73,-60.57,-0.8297,0.8297
DJVN000209_1,"US WIN 双门八字胡书柜 一件一箱 颜色->#1,浮雕山纹黑大通元素DS6607/A05014K",ALL,AMAZON,D,T4B,4.87,2.34,73,-70.66,-0.9680,0.9680
DJ502416,VD 竹制门厅架 储物盒+软包 原色 一个一箱,ALL,AMAZON,C,T4B,78.15,31.89,72,-40.11,-0.5571,0.5571
DJ504019_1,US TA 100*80双抽谷仓门升降咖啡桌 一件一箱 颜色->白+棕,ALL,UNKNOWN,B,T4B,16.23,8.26,72,-63.74,-0.8853,0.8853
DJ504625_4,US 6抽错层亚克力柜门L高桌 一件一箱 颜色->989-3浅灰色,ALL,AMAZON,C,T4B,25.02,12.01,72,-59.99,-0.8332,0.8332
DJ504660_1,US DC 高架床 TB-01  YL 床尾二抽 三T床上桌款 一件两箱 颜色->黑色,ALL,UNKNOWN,B,T4B,46.74,25.13,72,-46.87,-0.6510,0.6510
DJ504852_1,US AG 绒布皇冠公主床 尾两抽 F 颜色->粉色,ALL,AMAZON,C,T4B,20.32,9.75,72,-62.25,-0.8645,0.8645
DJ505176_2,US AG 6布抽2小翻盖角落床 T 一件一箱 颜色->灰色,ALL,UNKNOWN,B,T4B,35.36,19.01,72,-52.99,-0.7360,0.7360
DJ505226_1,US 595款 F尺寸上床下桌6抽U形桌面带灯带插排 一件两箱 颜色->火烧云,ALL,UNKNOWN,A,T4B,76.55,31.23,72,-40.77,-0.5663,0.5663
DJ505255_2,US AG 板式床 乡村风拼框 掀盖靠背 4抽 Q款 一件两箱 颜色->灰色,ALL,AMAZON,B,T4B,34.10,16.37,72,-55.63,-0.7727,0.7727
DJ505309_2,US HS 抽屉柜 DDB-06 2x4 底座 无把手 DFS 一件两箱 颜色->白色,ALL,TIKTOK,C,T4B,76.39,41.07,72,-30.93,-0.4296,0.4296
DJ505329_1,"US ER DK-TM01 双侧储物行政电脑桌 一件两箱 颜色->#1,胡桃木色+黑麻",ALL,AMAZON,D,T4A,63.74,29.57,72,-42.43,-0.5893,0.5893
DJ505384_3,US GSI-922T 儿童双层床+书柜 99*190 一件一箱  颜色->粉色,ALL,AMAZON,B,T4B,26.74,12.84,72,-59.16,-0.8217,0.8217
DJ505405_1,"US UA DK-NS01 农舍风灯柜板式电脑桌 一件两箱 颜色->#1,白色+胡桃色",ALL,AMAZON,C,T4B,33.62,17.11,72,-54.89,-0.7624,0.7624
DJ505426_1,EU AG灯芯绒床 围环绕灯带 0.9*2m气杆床 2AC+1U1T插孔 一件两箱 颜色->米白,ALL,AMAZON,C,T4B,16.61,7.97,72,-64.03,-0.8893,0.8893
DJ505658_1,US SD 1.7米五抽单人桌  一件一箱   颜色->火烧云,ALL,AMAZON,C,T4B,48.05,23.06,72,-48.94,-0.6797,0.6797
DJ505758_3,US SR RWD-02 1×4+2 6抽抽屉柜辐射松贴实木皮油漆 一件一箱 颜色->棕色,ALL,AMAZON,C,T4B,25.91,12.43,72,-59.57,-0.8273,0.8273
DJ505844_3,US UA BD-WD 带屋顶T尺寸儿童床 一件一箱  颜色->黑色,ALL,AMAZON,C,T4B,16.16,7.76,72,-64.24,-0.8922,0.8922
DJ505885_2,US SD 2.5米美式双人升降桌 一件两箱 颜色->棕+黑,ALL,AMAZON,C,T4B,12.62,6.06,72,-65.94,-0.9159,0.9159
SKDJVN000013_4,US AE 书柜（Vietnam）2抽屉板材带双灯 加高款 颜色->#4,ALL,TIKTOK,C,T4B,47.84,22.96,72,-49.04,-0.6810,0.6810
DJ502650_3,"US TP 铁木梳妆台 带玻璃门五抽灯泡插排款 颜色->白色,白色铁件",ALL,UNKNOWN,C,T4B,39.15,15.70,71,-55.30,-0.7789,0.7789
DJ504068_5,"EU BW悬浮床BXF-Q01床头两层+灯带+插排HQ602灰色麻布+火烧色一件两箱,160*200",ALL,AMAZON,C,T4B,48.23,19.68,71,-51.32,-0.7229,0.7229
DJ504570_3,"EU KM 铁木床拐角床头软包带柜门 90*190 一件两箱 颜色->黑色,小浮雕黑板灰色床头",ALL,AMAZON,C,T4B,51.44,24.69,71,-46.31,-0.6522,0.6522
DJ504620_2,"EU KM 软包床-床头斜线绗缝 单包装 基础款 尺码->XL,140*200;颜色>白色,PU-白",ALL,AMAZON,C,T4B,22.94,9.36,71,-61.64,-0.8681,0.8681
DJ504809_2,"US VD33 书桌 大镜子7抽波浪纹抽面透明玻璃门 一件一箱 颜色->#1,原木色",ALL,UNKNOWN,C,T4B,6.93,3.73,71,-67.27,-0.9475,0.9475
DJ504910_4,US DC 铁木床 CBF-01L 方管软包角落床带抽篮-112 米白 Q一件一箱,ALL,AMAZON,C,T4A,68.64,31.85,71,-39.15,-0.5514,0.5514
DJ505051_6,EU BW铁木软包床LIWS-01 床头两层板+灯带+插排HQ 白色+原木色 一件一箱180*200,ALL,AMAZON,C,T4B,28.45,15.29,71,-55.71,-0.7846,0.7846
DJ505126_1,US SD L桌升降高桌带书架  一件两箱 颜色 颜色->火烧云,ALL,AMAZON,C,T4A,65.77,30.52,71,-40.48,-0.5702,0.5702
DJ505147_2,US 床BJS-543F 落地双层床+储物台阶  137*190 一件两箱 颜色->#2 火烧云,ALL,AMAZON,B,T4B,53.31,28.66,71,-42.34,-0.5963,0.5963
DJ505168_3_WF,"US 594款 T尺寸上床下桌8抽带灯带插排 一件一箱,箱规不超49kg 颜色->灰色",ALL,UNKNOWN,D,T4B,59.29,28.46,71,-42.54,-0.5991,0.5991
DJ505226_2,US 595款 F尺寸上床下桌6抽U形桌面带灯带插排 一件两箱 颜色->白色,ALL,TIKTOK,A,T4B,26.60,14.30,71,-56.70,-0.7985,0.7985
DJ505248_2,"US UA DK-XZ06 超大文件抽行政电脑桌一件两箱 颜色->#2,胡桃色",ALL,UNKNOWN,C,T4B,59.21,31.83,71,-39.17,-0.5517,0.5517
DJ505256_2,US VD 板式床 掀盖软包靠背 双灯带 4抽 F款 一件两箱 颜色->白色,ALL,UNKNOWN,C,T4B,41.17,19.76,71,-51.24,-0.7217,0.7217
DJ505518_1,UK BW 床头柜 窄柜 NSQL-01+感应灯+插排 DFS 白色 一件一箱,ALL,AMAZON,C,T4B,9.74,4.68,71,-66.32,-0.9341,0.9341
DJ505535_2,US 床YW-43F上床下电竞桌3抽储物柜含灯带137*190 一件两箱 颜色白色铁+白板,ALL,AMAZON,B,T4B,43.23,21.99,71,-49.01,-0.6902,0.6902
DJ505645_1,US VD 板式床 乡村风 3灯带 2柜门 4抽 F 一件两箱 颜色->白色,ALL,AMAZON,C,T4B,8.19,3.93,71,-67.07,-0.9446,0.9446
DJ505646_1,US VD 板式床 乡村风 3灯带 2柜门 4抽 Q 一件两箱 颜色->白色,ALL,AMAZON,C,T4B,15.72,7.55,71,-63.45,-0.8937,0.8937
DJ505646_2,US VD 板式床 乡村风 3灯带 2柜门 4抽 Q 一件两箱 颜色->灰色,ALL,AMAZON,C,T4B,16.83,8.08,71,-62.92,-0.8862,0.8862
DJ502897,VD 竹制浴室柜 单镜门上墙 原色 一个一箱,ALL,AMAZON,C,T4A,91.02,42.23,70,-27.77,-0.3967,0.3967
DJ502919_2,US TA 双抽双顶咖啡桌 颜色->黑麻,ALL,AMAZON,B,T4B,108.48,44.26,70,-25.74,-0.3677,0.3677
DJ503995_1,US AG 火烧云PU软包 抽屉床 T 一件一箱 颜色->黑色,ALL,UNKNOWN,C,T4B,28.35,11.57,70,-58.43,-0.8348,0.8348
DJ504085_2,US 单人L高桌5布抽低价款 一件一箱 颜色->黑麻,ALL,WALMART,B,T4B,35.16,18.90,70,-51.10,-0.7299,0.7299
DJ504202_1,EU AG 板式床 软包掀盖靠背 4抽 欧洲床垫1.4*2m 一件两箱 颜色->白色,ALL,AMAZON,C,T4B,38.01,19.34,70,-50.66,-0.7237,0.7237
DJ504331_1,EU FR 三开门LED灯光铁木浴室镜柜 欧标插座2插孔+1U1T 一件一箱 颜色->白色,ALL,AMAZON,C,T4A,87.29,34.43,70,-35.57,-0.5082,0.5082
DJ504406_2,EU AG转角床 浅灰棉麻 床头可互换1.4*2m 2灯带 欧规2AC+2USB 一件两箱 颜色->白色,ALL,AMAZON,C,T4B,67.85,27.68,70,-42.32,-0.6045,0.6045
DJ504657_1,"US HA 书桌 VT05 5抽单压波浪纹加高梳妆台玻璃柜+七彩流光灯+插座 颜色->#1,原木色",ALL,AMAZON,C,T4B,41.02,22.05,70,-47.95,-0.6850,0.6850
DJ504860_1,EU AG 铁木软包转角床 0.9*2m 简约款拉网造型 一拖二灯带 欧规3U1T插排 一件一箱 颜色->深灰色,ALL,UNKNOWN,B,T4B,40.49,21.77,70,-48.23,-0.6891,0.6891
DJ504931_2,"US AE 书柜 NT30（原NT15） 三抽加高款带玻璃柜门加RGB灯带 一件一箱 颜色->#1,黑色麻面",ALL,TIKTOK,A,T4B,28.34,13.61,70,-56.39,-0.8056,0.8056
DJ504936_2,EU AG 气杆软包床 圆弧掀盖靠背 双灯带 棉麻 1.4*1.9m 颜色->米白,ALL,AMAZON,C,T4B,38.19,20.53,70,-49.47,-0.7067,0.7067
DJ505134_2,US SD 1.6米单人升降行政桌  一件两箱 颜色->黑麻+火烧云,ALL,UNKNOWN,C,T4B,47.69,19.46,70,-50.54,-0.7220,0.7220
DJ505170_2,US AG 翻盖布抽角落床 T 一件两箱 颜色->灰色,ALL,AMAZON,B,T4A,87.07,40.40,70,-29.60,-0.4229,0.4229
DJ505217_1,US DC 铁木床 BFH-02 X谷仓造型床尾部换鞋箱款- 902 Q 一件双箱 颜色->胡桃白,ALL,AMAZON,B,T4B,80.57,32.87,70,-37.13,-0.5304,0.5304
DJ505246_4,"US UA DK-XZ04 双拼色行政电脑桌一件两箱 颜色->#4,大理石（原4071 新洞洞板）",ALL,AMAZON,C,T3,125.37,126.54,70,56.54,0.8077,0.8077
DJ505338_2,US VD 板式床 乡村风掀盖米字拼框 6抽 Q款 一件两箱 颜色->棕色,ALL,AMAZON,C,T4B,19.77,10.06,70,-59.94,-0.8562,0.8562
DJ505581_2,EU BW铁木软包床LIWS-01 HQ  122款 粉色 一件一箱 90*200,ALL,AMAZON,C,T4B,19.04,9.14,70,-60.86,-0.8694,0.8694
DJ505589_3,EU MS 猫爬架 2顶窝猫房爬梯猫勺吊床 一件一箱 颜色->浅灰色,ALL,AMAZON,C,T4B,71.08,34.12,70,-35.88,-0.5126,0.5126
DJ505634_1,"US UA DK-XZ09 2米L型板式3抽行政桌 一件两箱 颜色->#1,胡桃色+麻面黑",ALL,AMAZON,C,T4B,14.17,6.80,70,-63.20,-0.9028,0.9028
DJ505668_5,US SD L桌带文件抽桌面宽470mm  颜色->989-2,ALL,AMAZON,C,T4B,20.81,9.99,70,-60.01,-0.8573,0.8573
DJ478585_1,EU MS 猫爬架3顶窝175一件一箱 颜色->米白,ALL,AMAZON,C,T4B,67.61,32.45,69,-36.55,-0.5297,0.5297
DJ502257_1_WF,US AE 书柜 抽屉2个+插盘 2件1箱小麻点款 二件一箱 颜色->黑色,ALL,UNKNOWN,D,T4B,70.02,33.61,69,-35.39,-0.5129,0.5129
DJ503122_3_WF,US SD 谷仓门双顶咖啡桌 一件一箱 颜色->白橡纹+卡罗橡纹,ALL,UNKNOWN,C,T4B,15.99,8.59,69,-60.41,-0.8755,0.8755
DJ504078_2,US DC 铁木床 CBF-04L 方管铁木角落床带抽 128 黑色 TXL 一件一箱,ALL,AMAZON,C,T4B,107.74,43.96,69,-25.04,-0.3629,0.3629
DJ504132_2,EU AG 铁木悬浮床 2侧托盘 欧标USB排插 灯带 床垫1.6*2m 一件一箱 颜色->白色,ALL,AMAZON,C,T4B,38.22,19.45,69,-49.55,-0.7182,0.7182
DJ504308_1,EU DC铁木床LIW-02 床头一层板+交叉造型+灯带插排 ZY 火烧色 一件一箱 90*200,ALL,AMAZON,C,T4B,32.05,17.23,69,-51.77,-0.7503,0.7503
DJ504648_2,UK DC气动床BQD-01 603 HQ 灰色麻布+火烧色一件两箱 135*190,ALL,AMAZON,B,T4A,90.70,47.14,69,-21.86,-0.3169,0.3169
DJ504971_1,EU AG床头柜 隐藏式带锁三抽一格40*35cm+欧标1AC+2USB插排+RGB灯带 一件一箱 颜色->白色,ALL,AMAZON,C,T3,112.17,106.41,69,37.41,0.5422,0.5422
DJ505052_4,EU BW铁木软包床LIWS-01 床头两层板+灯带+插排HQ黑色pu+黑色一件一箱140*200,ALL,AMAZON,C,T4B,37.59,20.21,69,-48.79,-0.7071,0.7071
DJ505225_2,US 594F款 F尺寸上床下桌8抽带灯带插排 一件两箱 颜色->白色,ALL,UNKNOWN,A,T4B,51.40,20.97,69,-48.03,-0.6960,0.6960
DJ505337_1,US VD 板式床 乡村风掀盖米字拼框 6抽 F款 一件两箱 颜色->白色,ALL,AMAZON,C,T4B,43.13,21.94,69,-47.06,-0.6820,0.6820
DJ505361_1,EU FR浴室窄高柜 板式 一抽+纸巾架 铣槽包覆柜门一件一箱 颜色->白色,ALL,AMAZON,C,T4B,50.90,27.36,69,-41.64,-0.6035,0.6035
DJ505491_1,"UK KM BF-LA01 铁木床铁线镂空  一箱一件  尺码->L,135*190;颜色->棕色,复古色",ALL,AMAZON,C,T4B,35.09,18.86,69,-50.14,-0.7266,0.7266
DJ505589_1,EU MS 猫爬架 2顶窝猫房爬梯猫勺吊床 一件一箱 颜色->米白,ALL,AMAZON,C,T4B,8.64,4.14,69,-64.86,-0.9399,0.9399
DJVN000086_1,"US WIN 大柜子铁配木马桶架 一件一箱 颜色->#3,原木色(DS6650-L02)",ALL,AMAZON,D,T4B,26.76,10.92,69,-58.08,-0.8418,0.8418
DJ503561_1,US 床T-B303T软包床头翻开床尾铝材四抽灯带99*190 颜色麻布深灰,ALL,AMAZON,C,T4A,99.32,46.08,68,-21.92,-0.3223,0.3223
DJ504018_2,US 纯板材X字双抽高文件柜 一件一箱 颜色->棕色,ALL,AMAZON,C,T4B,55.73,22.74,68,-45.26,-0.6656,0.6656
DJ504288_2,"US 床T-B731T前后围栏四抽水晶扣含插盘灯带99*190 颜色->#2,2024-17粉色绒布+白色铁",ALL,AMAZON,B,T3,104.73,109.97,68,41.97,0.6172,0.6172
DJ504660_2,US DC 高架床 TB-01  YL 床尾二抽 三T床上桌款 一件两箱 颜色->白色,ALL,AMAZON,C,T4B,73.71,30.08,68,-37.92,-0.5577,0.5577
DJ504762_2,US SD T字双人桌 一件一箱  颜色->火烧云,ALL,AMAZON,C,T4A,81.73,37.92,68,-30.08,-0.4423,0.4423
DJ504915_1,EU DC LED木质镜柜三开门内开 HYC 80*16*60 白色 一件一箱,ALL,TIKTOK,C,T4B,17.94,8.61,68,-59.39,-0.8734,0.8734
DJ504922_1,"US SK CT-YX01 圆形咖啡桌 一件一箱 颜色->#1,实木色",ALL,AMAZON,C,T4B,43.59,20.92,68,-47.08,-0.6923,0.6923
DJ505086_1,US DC PU床 双侧LED USB款 Q 黑色 HQ一件一箱,ALL,AMAZON,B,T4B,59.96,24.46,68,-43.54,-0.6403,0.6403
DJ505155_1,US 上床下床侧边带四抽挂衣架 一件一箱 颜色->火烧云,ALL,AMAZON,C,T3,173.74,182.43,68,114.43,1.6828,1.6828
DJVN000014_3,"US AE 书柜(Vietnam) 3抽屉 带插排小台款（大款）加RGB灯带 颜色->#2,黑色麻面",ALL,WALMART,C,T4B,60.00,24.48,68,-43.52,-0.6400,0.6400
DJVN000073_1,US 31寸现代简约洗手台 一件一箱 颜色->黑色麻面(DS6607-D),ALL,AMAZON,C,T4B,50.60,24.29,68,-43.71,-0.6428,0.6428
DJ504510_1,EU FR 拼色浴室面盆柜单开门+左三层开放格 一件一箱 颜色->白色,ALL,AMAZON,C,T4B,64.09,32.61,67,-34.39,-0.5133,0.5133
DJ504565_1,"US 床YL545 T板式5抽布抽床+集成书柜 灯带+插盘99*190 颜色->#1,白板+白铁",ALL,AMAZON,B,T4A,87.62,40.65,67,-26.35,-0.3932,0.3932
DJ504572_1,US 1.4mX字腿错层板材单人桌 一件一箱 颜色->棕顶+白,ALL,AMAZON,C,T4B,27.46,13.18,67,-53.82,-0.8033,0.8033
DJ504610_2,US VD 板式悬浮床 掀盖软包靠背 F 一件一箱 颜色->白色,ALL,AMAZON,C,T4B,32.08,16.32,67,-50.68,-0.7564,0.7564
DJ504722_2,"UK KM 铁木床洞洞板基础款 一箱一件 尺码->#11,英标135*190;颜色->棕色,复古色",ALL,AMAZON,C,T4B,60.72,32.64,67,-34.36,-0.5128,0.5128
DJ505019_4,US DC 高架床 LLB-04  YL 私密堡垒储物款 T 尺寸 一件一箱 颜色->粉色,ALL,AMAZON,D,T4B,25.46,12.22,67,-54.78,-0.8176,0.8176
DJ505120_1,US SD L升降桌带文件柜  一件两箱  颜色->火烧云,ALL,AMAZON,C,T4A,104.99,48.71,67,-18.29,-0.2729,0.2729
DJ505134_2,US SD 1.6米单人升降行政桌  一件两箱 颜色->黑麻+火烧云,ALL,AMAZON,C,T4B,54.69,26.25,67,-40.75,-0.6082,0.6082
DJ505200_1,"US HA 书桌 VT11 8抽波浪纹大款梳妆台玻璃柜+七彩流光灯+插座 一件两箱A/B 颜色->#1,白色麻点",ALL,UNKNOWN,A,T4B,11.07,5.31,67,-61.69,-0.9207,0.9207
DJ505483_3,US 1.2米双铁网门厨房置物架 一件一箱 颜色-> 颜色->火烧云,ALL,AMAZON,C,T4B,61.20,32.90,67,-34.10,-0.5090,0.5090
DJ505641_2,EU AG气杆床 绒布 立耳简约款1.4*1.9m 1灯带 欧标排插3U1T 一件两箱  颜色->深灰色,ALL,AMAZON,C,T4B,9.52,4.57,67,-62.43,-0.9318,0.9318
DJ505671_1,US DC 公主床 BPS-01 GS-041钻石拉扣床侧带抽 T 粉色 一件一箱,ALL,AMAZON,B,T4B,61.90,33.28,67,-33.72,-0.5034,0.5034
DJ505711_3,US SD L桌六抽升降桌电脑桌 一件两箱 颜色->木纹色+白色,ALL,AMAZON,C,T4B,9.30,4.46,67,-62.54,-0.9334,0.9334
DJ505732_2,US 1.5米农舍竖条对开门L桌 一件一箱 颜色->灰古木,ALL,AMAZON,C,T4B,22.36,10.74,67,-56.26,-0.8398,0.8398
DJ502834_1,US AG 铁木3抽边桌 灯带+排插  一件一箱 颜色->黑色,ALL,UNKNOWN,B,T4B,72.69,34.89,66,-31.11,-0.4714,0.4714
DJ504296_2,"US BF 储物柜 DT24 6抽无拉手悬浮顶带灯带一件一箱 颜色->#2,白色麻面",ALL,AMAZON,C,T3,107.18,110.32,66,44.32,0.6716,0.6716
DJ504572_2,US 1.4mX字腿错层板材单人桌 一件一箱 颜色->棕顶+黑,ALL,UNKNOWN,C,T4B,31.95,17.18,66,-48.82,-0.7397,0.7397
DJ504692_1,UK AG JYH210A 棉麻软包气杆床 靠背2档调节 双灯带 135*190cm 一件两箱 颜色->深灰色,ALL,UNKNOWN,B,T4B,8.86,4.25,66,-61.75,-0.9356,0.9356
DJ505137_2,US 1.55米美式L桌带文件柜 一件一箱 颜色->橡木灰,ALL,UNKNOWN,C,T4B,56.43,30.34,66,-35.66,-0.5404,0.5404
DJ505138_2,US SD 1.8米三抽L桌带双柜门 一件两箱 颜色->浮雕白+棕色,ALL,AMAZON,C,T4B,26.15,12.55,66,-53.45,-0.8099,0.8099
DJ505238_2,US HS 储物柜-DSXC-02抽面铣型带插 DFS 十斗 3x2+4一件两箱 颜色->白色,ALL,UNKNOWN,C,T4B,11.94,6.42,66,-59.58,-0.9027,0.9027
DJ505525_1_WF,US 床BJS-2406Q空格翻盖悬浮软包含插盘灯带153*203 一件一箱 颜色麻布深灰+木纹黑色板,ALL,UNKNOWN,D,T4B,39.72,20.21,66,-45.79,-0.6938,0.6938
DJVN000208_1,"US WIN 全开放八字胡书柜 一件一箱 颜色->#1,浮雕山纹黑大通元素DS6607/A05014K",ALL,AMAZON,D,T4B,4.87,2.34,66,-63.66,-0.9646,0.9646
DJ502566_1,US SD 双抽文件柜带排插 一件一箱 颜色->黑麻,ALL,AMAZON,C,T4B,96.97,39.57,65,-25.43,-0.3913,0.3913
DJ502894,EU DC LED镜柜三开门80*16*60 白色 一件一箱,ALL,AMAZON,B,T4A,118.71,58.39,65,-6.61,-0.1017,0.1017
DJ503006,EU DC LED镜柜三开门70*16*60 白色 一件一箱,ALL,AMAZON,B,T3,164.72,148.25,65,83.25,1.2808,1.2808
DJ503905_3,US AG 高款板式三抽边桌 灯带+排插 一件一箱 颜色->火烧云,ALL,TIKTOK,B,T4B,27.05,12.98,65,-52.02,-0.8003,0.8003
DJ504345_2,EU BW铁木床LIWS-02 高床头储物+倾斜靠背+灯带插排 ZY火烧色 一件一箱 120*200,ALL,AMAZON,C,T4B,44.29,21.26,65,-43.74,-0.6730,0.6730
DJ504399_1,"US AE 书柜 NT24 两抽悬浮滑盖加灯带插排 颜色->#1,黑色麻面",ALL,TIKTOK,C,T4B,34.96,18.80,65,-46.20,-0.7108,0.7108
DJ504513,EU BW铁木床LIWS-02 高床头储物+倾斜靠背+灯带插排 ZY火烧色一件两箱 160*200,ALL,AMAZON,C,T4B,30.83,14.80,65,-50.20,-0.7723,0.7723
DJ504642_3,US SD 2米L桌带亚克力门文件柜  一件一箱 颜色->白麻,ALL,AMAZON,C,T4B,58.58,28.12,65,-36.88,-0.5674,0.5674
DJ504647_2,UK DC 悬浮床BXF-Q01 602 HQ 灰色麻布+火烧色 一件两箱 150*200,ALL,AMAZON,C,T4B,37.78,18.14,65,-46.87,-0.7210,0.7210
DJ504649_3,US YW01 7抽帐篷低阁楼床带2条灯带床头置物袋 颜色->粉色,ALL,UNKNOWN,A,T4B,46.97,19.16,65,-45.84,-0.7052,0.7052
DJ504851_1,US AG 绒布皇冠公主床 尾抽 T  颜色->粉色,ALL,AMAZON,C,T4B,39.30,21.13,65,-43.87,-0.6749,0.6749
DJ504888_3,US SD L桌X字升降桌带文件柜  一件两箱 颜色->原木+白色,ALL,AMAZON,C,T4B,51.73,27.81,65,-37.19,-0.5722,0.5722
DJ504937_1,EU AG JYH213 棉麻软包气杆床 圆弧靠背掀盖 双灯带 140*200m 一件两箱 颜色->深灰色,ALL,AMAZON,C,T4B,49.35,20.13,65,-44.87,-0.6903,0.6903
DJ504979_1,EU VD 板式面盆柜 双开门 单抽 侧边可左右互换置物层 一件一箱 颜色->白色,ALL,AMAZON,C,T4B,52.55,26.73,65,-38.27,-0.5887,0.5887
DJ505103_3,EU AG转角床 浅灰棉麻 床头可互换0.9*2m 2灯带 欧规2AC+2USB 一件两箱 颜色->白色,ALL,AMAZON,C,T4B,23.33,12.55,65,-52.45,-0.8070,0.8070
DJ505154_1,US DC 高架床 LBCD-01 2508 L型电脑桌款  一件两箱 颜色 黑色,ALL,UNKNOWN,B,T4B,14.68,7.89,65,-57.11,-0.8786,0.8786
DJ505161_1,US R132款 侧梯7抽帐篷低阁楼床带2条灯带床头置物袋 一件一箱 颜色->黑色,ALL,AMAZON,A,T4B,77.28,39.32,65,-25.68,-0.3951,0.3951
DJ505193_2,US AG 折叠储物沙发床架 左右互换+无纺布抽 T 一件两箱 颜色->灰橡木,ALL,UNKNOWN,B,T4B,75.39,38.36,65,-26.64,-0.4099,0.4099
DJ505276_2,"US 床T-B259F床头翻开气压杆波浪含插盘灯带床137*190一件两箱 颜色->#2,颜色TX-001米白绒布",ALL,AMAZON,C,T4B,34.44,17.52,65,-47.48,-0.7304,0.7304
DJ505300_4,US 床GJ-013T低阁楼双层储物6布抽床+空格含灯带一件一箱粉铁+粉色板,ALL,AMAZON,B,T4A,73.48,28.98,65,-36.02,-0.5542,0.5542
DJ505303_3,US 床YLS-017上T下F床4抽办公桌含插盘灯带一件两箱黑铁+灰木纹板+黑色PU抽面,ALL,AMAZON,B,T4A,64.75,30.04,65,-34.96,-0.5378,0.5378
DJ505419_1,"US AG 乡村风板式翻盖气撑床架 Q 一件两箱 尺码->#1,仿古白色",ALL,AMAZON,C,T4B,41.34,21.03,65,-43.97,-0.6764,0.6764
DJ505438_2,US DC 现代农舍 BFMH-01床下六抽屉 K 白色 一件两箱,ALL,AMAZON,C,T4B,8.19,3.93,65,-61.07,-0.9395,0.9395
DJ503416_2,US PT 美式四抽侧边置物床Q  一件两箱 颜色->白色PU,ALL,AMAZON,B,T4A,80.98,31.94,64,-32.06,-0.5010,0.5010
DJ503576_1,VD 板竹面盆柜 双门 白色+原色 一个一箱 颜色->白色,ALL,AMAZON,C,T4B,67.08,27.37,64,-36.63,-0.5723,0.5723
DJ503583_1,EU DC 悬浮床BXF-01L 铁管全拆装无床头-93款 黑色 90*200 一件一箱,ALL,AMAZON,C,T4B,23.67,12.73,64,-51.27,-0.8011,0.8011
DJ504469_3,US TA 1.1米衣帽架带鞋架层架 一件一箱 颜色->火烧云,ALL,AMAZON,B,T3,84.94,89.19,64,25.19,0.3935,0.3935
DJ504672_2,US TS11 板式六抽圆柱支撑顶电视柜带电视支架 颜色->白色,ALL,AMAZON,C,T4B,32.92,15.80,64,-48.20,-0.7531,0.7531
DJ504915_3,EU DC LED木质镜柜三开门内开 HYC 100*16*60 白色 一件一箱,ALL,AMAZON,C,T3,151.70,136.53,64,72.53,1.1332,1.1332
DJ504951_2,"EU KM BF-RC01 功能床头侧4抽 双包 尺码->L,140*190;颜色->灰色,PU-灰",ALL,AMAZON,C,T4B,51.18,27.52,64,-36.48,-0.5701,0.5701
DJ505052_7,EU BW铁木软包床LIWS-01 床头两层板+灯带+插排HQ黑色pu+黑色一件一箱90*190,ALL,AMAZON,C,T4B,64.90,34.89,64,-29.11,-0.4549,0.4549
DJ505176_2,US AG 6布抽2小翻盖角落床 T 一件一箱 颜色->灰色,ALL,AMAZON,B,T4A,56.49,27.79,64,-36.21,-0.5659,0.5659
DJ505248_3,"US UA DK-XZ06 超大文件抽行政电脑桌一件两箱 颜色->#3,大理石色",ALL,AMAZON,C,T4A,94.64,37.33,64,-26.67,-0.4168,0.4168
DJ505300_2,US 床GJ-013T低阁楼双层储物6布抽床+空格含灯带一件一箱白铁+白麻板,ALL,UNKNOWN,A,T4B,59.39,31.93,64,-32.07,-0.5011,0.5011
DJ505523_1,US UA BK-LMZ02 三拱门罗马柱书柜 一件一箱 颜色->黑色,ALL,AMAZON,C,T4B,24.58,11.80,64,-52.20,-0.8156,0.8156
DJ505596_1,EU AG JYH234 棉麻软包气杆床 黑灰色2027板 掀盖靠背 双灯带  140*190cm 一件两箱 颜色->深灰色,ALL,AMAZON,C,T4B,9.52,4.57,64,-59.43,-0.9286,0.9286
DJ505610_2,UK BW 边柜NSD-03 英标插排氛围灯款 上空2抽 两件一箱 颜色->白色,ALL,AMAZON,C,T4B,14.61,7.02,64,-56.98,-0.8904,0.8904
DJ505741_2,US AG 高搁架6布抽角落床 T 一件一箱 颜色->灰色,ALL,AMAZON,C,T4B,9.74,4.68,64,-59.32,-0.9269,0.9269
DJ504543_1,US TS08 1米6长11抽悬浮顶电视柜带灯带插排 一件一箱 颜色->黑色,ALL,AMAZON,C,T4A,62.92,29.20,63,-33.80,-0.5366,0.5366
DJ504777_4,US UA 窄款拱顶书柜 一件一箱 颜色->复古白G05256,ALL,AMAZON,D,T4B,15.72,7.55,63,-55.45,-0.8802,0.8802
DJ505050_1,EU BW铁木软包床LIWS-01 床头两层板+灯带+插排HQ 黑色+火烧色 一件一箱 90*200,ALL,AMAZON,C,T4B,35.80,18.22,63,-44.78,-0.7109,0.7109
DJ505051_5,EU BW铁木软包床LIWS-01 床头两层板+灯带+插排HQ 白色+原木色 一件一箱160*200,ALL,AMAZON,C,T4B,22.14,10.63,63,-52.37,-0.8313,0.8313
DJ505079_3,US UA BK-GD01 高款拱顶书柜带推车 一件一箱 颜色->棕色G29024I,ALL,UNKNOWN,C,T4B,6.20,2.98,63,-60.02,-0.9528,0.9528
DJ505103_2,EU AG转角床 米白棉麻 床头可互换0.9*2m 2灯带 欧规2AC+2USB 一件两箱 颜色->白色,ALL,UNKNOWN,C,T4B,32.77,17.62,63,-45.38,-0.7204,0.7204
DJ505134_1,US SD 1.6米单人升降行政桌  一件两箱 颜色->金丝楠木+黑麻,ALL,AMAZON,C,T4B,54.13,25.98,63,-37.02,-0.5876,0.5876
DJ505139_2,US SD 2米美式L桌带6抽 一件两箱 颜色->浮雕白+棕色,ALL,AMAZON,C,T4B,39.40,21.18,63,-41.82,-0.6638,0.6638
DJ505229_3,"US HA 书桌 VT12 圆弧柱5抽两门波浪纹大镜子款 一件两箱A/B 颜色->#3,灰色橡木色",ALL,UNKNOWN,C,T4B,40.90,21.99,63,-41.01,-0.6510,0.6510
DJ505300_1,US 床GJ-013T低阁楼双层储物6布抽床+空格含灯带一件一箱 颜色黑铁+22022胡挑木,ALL,AMAZON,B,T4A,72.32,33.55,63,-29.45,-0.4674,0.4674
DJ505408_3,"EU KM BF-TCC01 板式-侧4抽双灯带 两箱包 尺码->XXL,160*200;颜色->白色,白色+原木色",ALL,AMAZON,C,T4B,16.42,8.83,63,-54.17,-0.8599,0.8599
DJ505507_1,UK AG JYH208A 棉麻软包气杆床 床耳床尾3灯带 靠背翻盖 135*190cm 一件两箱 颜色->深灰色,ALL,AMAZON,B,T4B,56.87,30.58,63,-32.42,-0.5147,0.5147
DJ505530_1,US 纯板材吸塑竖条纹错层L高桌 一件两箱 颜色->原木色,ALL,AMAZON,C,T4B,30.78,14.77,63,-48.23,-0.7655,0.7655
DJ505576_2,US SD 1.52米单门高桌 一件一箱  颜色->火烧云,ALL,AMAZON,C,T4B,44.22,23.77,63,-39.23,-0.6227,0.6227
DJ505661_2,US AG 板式床 靠背翻盖软包 床头双柜门 6抽 F 一件两箱 颜色->黑色,ALL,AMAZON,C,T4B,7.75,3.72,63,-59.28,-0.9410,0.9410
DJ505683_2,UK BW 悬浮床BXF-Q03床头储物 CY 灰色麻布+黑色 一件一箱90*190,ALL,AMAZON,C,T4B,14.84,7.12,63,-55.88,-0.8870,0.8870
DJVN000121_2,US WIN 八字胡墙柜异形门款 一件一箱 ->#2原木色: 吉福Joyful-J8130-7V 3DPM7,ALL,AMAZON,D,T4B,13.05,7.02,63,-55.98,-0.8886,0.8886
DJ502530_2,US AE 书柜 三抽带储物空间加灯带插排 颜色->黑色,ALL,WALMART,A,T4B,75.43,30.77,62,-31.23,-0.5037,0.5037
DJ503441_2_WF,US PT 正方形升降谷仓咖啡桌 颜色->黑麻+火烧云,ALL,UNKNOWN,C,T4B,29.80,16.02,62,-45.98,-0.7416,0.7416
DJ503712_1,US 亚克力双开门高文件柜 一件一箱 颜色->白麻色,ALL,AMAZON,C,T4B,74.00,30.19,62,-31.81,-0.5131,0.5131
DJ504308_5,EU DC铁木床LIW-02 床头一层板+交叉造型+灯带插排 ZY 火烧色 一件一箱 160*200,ALL,AMAZON,C,T4B,40.93,22.00,62,-40.00,-0.6452,0.6452
DJ504532_2,EU VD 角落气杆软包床 2层置物 欧标床垫1.4*2m 一件两箱 颜色->米白,ALL,AMAZON,C,T4B,29.68,14.24,62,-47.76,-0.7703,0.7703
DJ504693_1,UK AG JYH210A 棉麻软包气杆床 靠背2档调节 双灯带 150*200cm 一件两箱 颜色->深灰色,ALL,AMAZON,C,T4B,51.34,26.12,62,-35.88,-0.5788,0.5788
DJ504701_2,EU AG灯芯绒床围环绕灯带 1.4*1.9m气杆床 2AC+1U1T插孔 一件两箱 颜色->深灰色,ALL,AMAZON,C,T4B,13.95,6.70,62,-55.30,-0.8920,0.8920
DJ504744_1,US SD 1.6m5抽L桌带排插 一件一箱  颜色->黑色,ALL,AMAZON,C,T4B,56.63,28.81,62,-33.19,-0.5353,0.5353
DJ504898_1,"US 床BJS-549T 儿童树屋床+布抽 含灯带 99*190 颜色->#1,白色",ALL,AMAZON,B,T4A,63.00,29.23,62,-32.77,-0.5285,0.5285
DJ504901_2,EU DC 铁木床IW-01带灯带欧标插排 HQ G黑色火烧云 120*200 一件一箱,ALL,AMAZON,B,T4B,44.68,22.73,62,-39.27,-0.6334,0.6334
DJ505050_2,EU BW铁木软包床LIWS-01 床头两层板+灯带+插排HQ 黑色+火烧色 一件一箱 120*200,ALL,AMAZON,C,T4B,34.51,17.56,62,-44.44,-0.7168,0.7168
DJ505052_6,EU BW铁木软包床LIWS-01 床头两层板+灯带+插排HQ黑色pu+黑色一件一箱180*200,ALL,AMAZON,C,T4B,38.73,20.82,62,-41.18,-0.6642,0.6642
DJ505069_4P11,US AG 高架布抽角落床 F 一件一箱 4个把手+把手螺丝+4个白色布抽 一套一包,ALL,AMAZON,D,T4B,62.00,29.76,62,-32.24,-0.5200,0.5200
DJ505134_3,US SD 1.6米单人升降行政桌  一件两箱 颜色->白麻+木纹,ALL,UNKNOWN,C,T4B,73.98,35.51,62,-26.49,-0.4273,0.4273
DJ505163_1,"EU KM BF-TR01 基础款铁木床头软包床 尺码->L,140*190;颜色->白色,麻布白+原木板材",ALL,AMAZON,C,T4B,30.27,14.53,62,-47.47,-0.7657,0.7657
DJ505168_1,"US 594款 T尺寸上床下桌8抽带灯带插排 一件一箱,箱规不超49kg 颜色->火烧云",ALL,WALMART,A,T4B,64.28,30.85,62,-31.15,-0.5024,0.5024
DJ505212_2,US DC 铁木床 CBF-08改 铁木储物带尾桌 154 T款 一件两箱  颜色->白色,ALL,UNKNOWN,B,T4B,51.83,27.87,62,-34.13,-0.5506,0.5506
DJ505499_2,EU AG 布抽软包靠背角落床 140*190 一件两箱 颜色->白色,ALL,AMAZON,C,T4B,19.04,9.14,62,-52.86,-0.8526,0.8526
DJ505524_1,US UA BK-LMZ03 单拱门罗马柱书柜80cm 一件一箱 颜色->黑色,ALL,AMAZON,C,T4B,20.15,9.67,62,-52.33,-0.8440,0.8440
DJ505662_2,US AG 板式床 靠背翻盖软包 床头双柜门 6抽 Q 一件两箱 颜色->黑色,ALL,AMAZON,C,T4B,17.49,8.40,62,-53.60,-0.8646,0.8646
DJ486101_1,US TP 书桌 带灯泡  2小3大抽屉3折镜（拆装）  一件一箱 颜色->白色,ALL,TIKTOK,C,T4B,6.25,3.36,61,-57.64,-0.9449,0.9449
DJ503698_2,US 80cm板式储物马桶架 一件一箱 颜色->灰古木+玻璃门,ALL,AMAZON,B,T4B,84.96,34.66,61,-26.34,-0.4317,0.4317
DJ504085_3,US 单人L高桌5布抽低价款 一件一箱 颜色->白麻,ALL,TEMU,B,T4B,63.36,25.85,61,-35.15,-0.5762,0.5762
DJ504129_3,US 轻奢风吸塑1m文件柜 一件一箱 颜色->棕色,ALL,UNKNOWN,C,T4B,42.20,21.47,61,-39.53,-0.6480,0.6480
DJ505084_2,EU BW铁木软包床LIWS-01 床尾两抽屉 黑色+火烧色 HQ 一件一箱140*200,ALL,AMAZON,C,T4B,17.94,8.61,61,-52.39,-0.8589,0.8589
DJ505086_2,US DC PU床 双侧LED USB款 K 黑色 HQ一件一箱,ALL,AMAZON,C,T4A,62.03,28.78,61,-32.22,-0.5281,0.5281
DJ505103_1,EU AG转角床 深灰棉麻 床头可互换0.9*2m 2灯带 欧规2AC+2USB 一件两箱 颜色->火烧云,ALL,AMAZON,C,T4B,28.51,14.51,61,-46.49,-0.7622,0.7622
DJ505248_4,"US UA DK-XZ06 超大文件抽行政电脑桌一件两箱 颜色->#4,风轻云扬灰",ALL,AMAZON,C,T4B,50.76,24.36,61,-36.64,-0.6006,0.6006
DJ505319_1,US UA MV-HM01 弧面错层梳妆台五抽两柜 一件一箱 颜色->白色,ALL,AMAZON,C,T4B,4.26,2.29,61,-58.71,-0.9625,0.9625
DJ505427_3,EU DC 软包双灯款气动床BQQ-02 ZY 93款  灰色 一件两箱 140*200,ALL,AMAZON,C,T4B,21.92,10.52,61,-50.48,-0.8275,0.8275
DJ505496_2,US 床BJS-2408T拱形双开门含插盘灯带 99*190 一件一箱 颜色 米白绒布+白板,ALL,UNKNOWN,B,T4B,26.57,12.75,61,-48.25,-0.7909,0.7909
DJVN000127_1,"US QZ 藤编一抽床头柜，带插座，一件一箱 尺码->#1,灰橡木",ALL,AMAZON,D,T4B,45.50,24.46,61,-36.54,-0.5990,0.5990
DJ454146_2,US TP 折叠餐桌  方形玄关桌  一件一箱 颜色->YZ6630+寿光暖白（小麻）,ALL,AMAZON,C,T4B,28.03,11.44,60,-48.56,-0.8094,0.8094
DJ503121_3,HS NSFH-01L 边柜 纯木 插板翻门 双抽 一件一箱 颜色->橡木灰,ALL,AMAZON,C,T3,167.17,137.08,60,77.08,1.2846,1.2846
DJ503915_1,US HS 抽屉柜 DDBT-02 1x5+2 底座 无把手 一件一箱 颜色->黑色,ALL,UNKNOWN,C,T4B,13.68,5.58,60,-54.42,-0.9069,0.9069
DJ504846_1,"US 床TB-748F 双层抽屉软包转角床 含灯带 137*190 颜色->#1,黑铁+灰色麻布",ALL,AMAZON,C,T4B,46.55,25.03,60,-34.97,-0.5829,0.5829
DJ504877_1,EU FR浴室镜柜 铁木双开门LED灯 70*70两侧挂篮 欧标2AC+1U1T 一件一箱 颜色->白色,ALL,AMAZON,C,T4B,41.30,16.85,60,-43.15,-0.7191,0.7191
DJ504961_1,UK BW 软包气动床BQQ-01 HQ 608 灰色 一件两箱135*190,ALL,AMAZON,C,T4B,27.58,11.25,60,-48.75,-0.8125,0.8125
DJ505103_2,EU AG转角床 米白棉麻 床头可互换0.9*2m 2灯带 欧规2AC+2USB 一件两箱 颜色->白色,ALL,AMAZON,C,T4B,20.32,10.92,60,-49.08,-0.8179,0.8179
DJ505234_2,US VD 高架床 L形办公桌 侧边5层布抽 T 一件两箱 颜色->黑色,ALL,UNKNOWN,C,T4B,26.95,12.93,60,-47.07,-0.7844,0.7844
DJ505312_3,EU DC软包床140x190 BCR-01下翻门+灯带+插排HQ611灰色麻面+火烧云 一件两箱,ALL,AMAZON,C,T4B,11.51,5.53,60,-54.47,-0.9079,0.9079
DJ505356_1,EU BW 悬浮床BXF-Q01床头两层+灯带+插排HQ602白色麻布+原木色 一件一箱90*190,ALL,AMAZON,C,T4B,14.97,8.05,60,-51.95,-0.8659,0.8659
DJ505362_1,EU FR浴室窄高柜 板式 两抽三格 铣槽包覆柜门 一件一箱 颜色->白色,ALL,AMAZON,C,T4B,54.97,29.55,60,-30.45,-0.5075,0.5075
DJ505428_4,EU BW 软包折叠储物气动床BQQ-03 ZY 95款 灰色 一件两箱160*200,ALL,AMAZON,C,T4B,11.51,5.53,60,-54.47,-0.9079,0.9079
DJ505490_1,"UK KM BF TM02 床头拼板3灯带 单包 尺码->L,135*190;颜色->黑色,包覆+麻面",ALL,AMAZON,C,T4B,28.45,15.29,60,-44.71,-0.7451,0.7451
DJ505671_2,US DC 公主床 BPS-01 GS-041钻石拉扣床侧带抽 F 粉色 一件一箱,ALL,AMAZON,C,T4B,49.09,26.39,60,-33.61,-0.5602,0.5602
DJVN000125_1,"US 方形咖啡桌带灯带 一件一箱 深胡桃 尺码->#12,胡桃木色",ALL,AMAZON,C,T4B,9.18,4.94,60,-55.06,-0.9177,0.9177
DJ503900_2,US 床T-B704F前后围栏含插盘灯带137*190 颜色2024-17粉色绒布+白色铁,ALL,AMAZON,B,T3,206.38,169.23,59,110.23,1.8683,1.8683
DJ504081_1,US DC 铁木床 CBF-04L 方管铁木角落床带抽 128 橡木灰 T 一件一箱,ALL,AMAZON,B,T3,160.19,131.36,59,72.36,1.2264,1.2264
DJ504088_1,VD10转角镜子开门梳妆台带凳子 一件一箱 颜色->白色,ALL,TIKTOK,B,T4B,10.04,5.11,59,-53.89,-0.9134,0.9134
DJ504125_1,US DC 悬浮床BXF-01L 铁管全拆 HQ -75改 黑色 F 一件一箱,ALL,WALMART,C,T4B,36.91,17.72,59,-41.28,-0.6997,0.6997
DJ504787_1,EU AG 铁木软包床 方块软包 欧标USB排插 灯带 0.9*2m 一件一箱 颜色->深灰色,ALL,AMAZON,C,T4B,25.33,12.16,59,-46.84,-0.7939,0.7939
DJ505049_4,EU DC铁木床LIW-01 床头一层盖板+灯带+插排 HQ 黑色+火烧色 一件一箱 140*200,ALL,AMAZON,C,T4B,11.74,5.63,59,-53.37,-0.9045,0.9045
DJ505052_1,EU BW铁木软包床LIWS-01 床头两层板+灯带+插排HQ黑色pu+黑色一件一箱90*200,ALL,AMAZON,C,T4B,41.10,20.91,59,-38.09,-0.6455,0.6455
DJ505079_1,US UA BK-GD01 高款拱顶书柜带推车 一件一箱 颜色->黑色,ALL,UNKNOWN,B,T4B,18.58,8.92,59,-50.08,-0.8488,0.8488
DJ505221_2,US DC 高架床 LB-08  AF 床+L桌+衣帽间 T 尺寸 一件两箱 颜色->白色,ALL,AMAZON,C,T4B,42.50,17.34,59,-41.66,-0.7061,0.7061
DJ505242_2,US 床GJ-014T屋顶低阁楼床8布抽+空格含灯带一件一箱白铁+白麻板,ALL,AMAZON,B,T3,116.13,121.93,59,62.93,1.0666,1.0666
DJ505430_1,US RL- 923F 树屋地板床+绘本架 一件一箱 137*190 颜色->粉色,ALL,AMAZON,C,T4B,43.25,22.00,59,-37.00,-0.6271,0.6271
DJ505439_1,EU DC 铁木床 CBF-11L 方管铁木角落床带抽篮-138G 灰 90×190 一件两箱,ALL,AMAZON,B,T4B,52.60,28.28,59,-30.72,-0.5208,0.5208
DJ505462_3,"UK DC铁木软包床LIWS-01  HQ 灰色+火烧色 一件一箱 ,150*200",ALL,AMAZON,C,T4B,14.37,7.73,59,-51.27,-0.8690,0.8690
DJ505540_1,UK VD 角落气杆软包床 2层置物 床垫135*190cm 一件两箱 颜色->深灰色,ALL,AMAZON,C,T4B,10.63,5.10,59,-53.90,-0.9135,0.9135
DJ505581_1,EU BW铁木软包床LIWS-01 HQ  122款 粉色 一件一箱 90*190,ALL,AMAZON,C,T4B,7.53,3.61,59,-55.39,-0.9387,0.9387
DJ505645_2,US VD 板式床 乡村风 3灯带 2柜门 4抽 F 一件两箱 颜色->灰色,ALL,AMAZON,C,T4B,11.51,5.53,59,-53.47,-0.9063,0.9063
DJVN000109_1,"US WIN 银色悬浮行政桌 一件两箱 颜色->#2,浮雕山纹黑",ALL,AMAZON,C,T4B,24.92,13.40,59,-45.60,-0.7730,0.7730
DJVN000167_1,"US 藤编角落床头柜 一件一箱 原木色 尺码->#13,原木色",ALL,AMAZON,C,T4B,18.38,8.82,59,-50.18,-0.8505,0.8505
DJ504015_5,US 纯板材三抽双人电脑桌  一件一箱 颜色->原木色,ALL,AMAZON,C,T4B,30.20,16.23,58,-41.77,-0.7201,0.7201
DJ504088_4,"VD10转角镜子开门梳妆台带凳子 一件一箱 颜色->#4,原木色",ALL,TIKTOK,C,T4B,13.06,7.02,58,-50.98,-0.8789,0.8789
DJ504340_3,US AG 乡村风高款边桌 一件一箱 颜色->木色,ALL,AMAZON,C,T4B,35.49,18.05,58,-39.95,-0.6887,0.6887
DJ504522_1,EU AG JYH215 棉麻软包气杆床 火烧云板 靠背掀盖 双灯带 90*200cm 一件两箱 颜色->深灰色,ALL,AMAZON,C,T4B,57.82,23.59,58,-34.41,-0.5933,0.5933
DJ504793_1,EU AG 铁木软包床 3置物层 欧标USB排插 灯带 0.9*2m 一件一箱 颜色->黑色,ALL,AMAZON,C,T4B,9.52,4.57,58,-53.43,-0.9212,0.9212
DJ504900_1,"US 床TB-2362F FB-儿童床-002  137*190 颜色->#1,米白色泰迪绒+杨木板",ALL,UNKNOWN,A,T4B,11.65,6.26,58,-51.74,-0.8920,0.8920
DJ505092_1,HS NSB-03L 边柜 纯木 带插板底座款 上空三抽 DFS 颜色->黑色,ALL,AMAZON,C,T4A,75.32,34.95,58,-23.05,-0.3974,0.3974
DJ505156_2,US AG 7布抽高架床 F 一件两箱 颜色->灰色,ALL,UNKNOWN,B,T4B,53.53,27.24,58,-30.76,-0.5304,0.5304
DJ505395_1,US DC 铁木床 CBF-10L 铁木角落床气动款- 150G F  一件两箱 颜色->黑色,ALL,AMAZON,C,T4B,55.80,26.78,58,-31.22,-0.5382,0.5382
DJ505436_3,US SD 80cmL桌高桌 一件一箱  颜色->白麻,ALL,AMAZON,C,T4B,14.84,7.12,58,-50.88,-0.8772,0.8772
DJ505446_2,"US AG 斜百叶抽面板式抽屉床 加翻盖 F 一件两箱 尺码->#2,浅榨木色",ALL,AMAZON,C,T4B,14.17,6.80,58,-51.20,-0.8827,0.8827
DJ505498_1,EU AG 布抽软包靠背角落床 90*200 一件两箱 颜色->火烧云,ALL,AMAZON,C,T4B,7.53,3.61,58,-54.39,-0.9377,0.9377
DJ505518_2,UK BW 床头柜 窄柜 NSQL-01+感应灯+插排 DFS 白色 两件一箱,ALL,AMAZON,C,T4B,9.96,4.78,58,-53.22,-0.9175,0.9175
DJ505558_2,"EU KM BF-RK01 软包基础靠背收纳款 单包装 尺码->L,140*190;颜色->黑色,pu-荔枝纹",ALL,AMAZON,C,T4B,18.38,8.82,58,-49.18,-0.8479,0.8479
DJ505649_1,US DC 铁木床 CBF-04L 方管铁木角落床带抽 128 白色 T 一件一箱,ALL,AMAZON,C,T4B,20.15,9.67,58,-48.33,-0.8332,0.8332
DJVN000014_1,"US AE 书柜(Vietnam) 3抽屉 带插排小台款（大款）加RGB灯带 颜色->#3,灰木纹色麻面",ALL,WALMART,C,T4B,35.01,17.81,58,-40.19,-0.6929,0.6929
SFDJ503122_4,US TA 谷仓门双顶咖啡桌 一件一箱 颜色->蓝色+棕色（顶）,ALL,TIKTOK,D,T4B,50.55,24.26,58,-33.74,-0.5817,0.5817
DJ503606,VD 竹制置物架 梯形 4层 白色边框 一个一箱,ALL,AMAZON,C,T4B,59.42,24.24,57,-32.76,-0.5747,0.5747
DJ504177_2,EU AG JYH208 棉麻软包气杆床 三灯带 140*190cm 一件两箱 颜色->米白,ALL,AMAZON,B,T4B,43.75,22.26,57,-34.74,-0.6095,0.6095
DJ504473_1,"US UA 长款两抽谷仓门换鞋凳 一件一箱 颜色->白色,做旧白+胡桃木",ALL,AMAZON,C,T4A,132.03,61.26,57,4.26,0.0748,0.0748
DJ504702_1,EU AG灯芯绒 床围环绕灯带 1.4*2m气杆床 2AC+1U1T插孔 一件两箱 颜色->米白,ALL,AMAZON,C,T4B,20.73,11.14,57,-45.86,-0.8045,0.8045
DJ504777_1,US UA 窄款拱顶书柜 一件一箱 颜色->黑色,ALL,UNKNOWN,B,T4B,33.21,16.90,57,-40.10,-0.7035,0.7035
DJ504978_2,US R123款 5抽帐篷低阁楼床 带2条灯带床头置物袋 颜色->黑色,ALL,TIKTOK,B,T4B,15.94,7.65,57,-49.35,-0.8657,0.8657
DJ505156_1,US AG 7布抽高架床 F 一件两箱 颜色->火烧云,ALL,UNKNOWN,C,T4B,21.62,11.62,57,-45.38,-0.7962,0.7962
DJ505246_6,"US UA DK-XZ04 双拼色行政电脑桌一件两箱 颜色->#6,金边胡桃（原4071 新洞洞板）",ALL,AMAZON,C,T4A,84.44,39.18,57,-17.82,-0.3126,0.3126
DJ505257_2,US VD 板式床 掀盖软包靠背 双灯带 4抽 Q款 一件两箱 颜色->白色,ALL,UNKNOWN,C,T4B,28.32,14.41,57,-42.59,-0.7472,0.7472
DJ505345_1,EU VD 角落气杆软包床 2层置物 欧标床垫0.9*2m 一件两箱 颜色->深灰色,ALL,AMAZON,C,T4B,22.36,10.74,57,-46.26,-0.8117,0.8117
DJ505381_1,EU FR浴室高柜 拼框玻璃柜门含灯光 上下单开门 1格1抽H180 一件一箱 颜色->白色,ALL,AMAZON,C,T4B,7.97,3.83,57,-53.17,-0.9329,0.9329
DJ505436_1,US SD 80cmL桌高桌 一件一箱  颜色->火烧云,ALL,AMAZON,C,T4B,22.14,10.63,57,-46.37,-0.8135,0.8135
DJ505477_2,US VD 低高架床 侧边步梯 渐变色9布抽 F 一件两箱 颜色->灰色,ALL,AMAZON,B,T4B,48.37,24.61,57,-32.39,-0.5682,0.5682
DJ505515_2,US AG 板式床 乡村风拼框 掀盖靠背 4抽 K款 一件两箱 颜色->灰色,ALL,AMAZON,C,T4B,43.08,23.16,57,-33.84,-0.5937,0.5937
DJ505579_1,US 八抽上床下桌带洞洞板  一件两箱  颜色->火烧云,ALL,TEMU,B,T4B,25.91,13.93,57,-43.07,-0.7556,0.7556
DJVN000098_1,"US WIN 小款式马桶架 一件一箱 颜色->#2,浮雕大山纹白",ALL,AMAZON,D,T4B,36.52,19.63,57,-37.37,-0.6556,0.6556
DJ503079_2,"US BF 书柜 板材美式+托盘含插盘（大款）加RGB灯带 一件一箱 颜色->#2,白色小麻",ALL,AMAZON,C,T4B,132.04,53.87,56,-2.13,-0.0380,0.0380
DJ503122_4,US TA 谷仓门双顶咖啡桌 一件一箱 颜色->蓝色+棕色（顶）,ALL,AMAZON,C,T4A,81.96,32.33,56,-23.67,-0.4227,0.4227
DJ503122_5,US TA 谷仓门双顶咖啡桌 一件一箱 颜色->黑+咖啡胡桃,ALL,AMAZON,C,T4B,16.61,7.97,56,-48.03,-0.8577,0.8577
DJ503537_2,US SD 1.4米游戏桌 一件一箱 颜色->黑色,ALL,AMAZON,C,T4B,70.59,33.88,56,-22.12,-0.3949,0.3949
DJ504015_2_WF,US 纯板材三抽双人电脑桌  一件一箱 颜色   橡木棕色（顶板）+白麻（主体）,ALL,UNKNOWN,C,T4B,29.89,14.35,56,-41.65,-0.7438,0.7438
DJ504308_6,EU DC铁木床LIW-02 床头一层板+交叉造型+灯带插排 ZY 火烧色 一件一箱 180*200,ALL,UNKNOWN,B,T4B,28.84,14.67,56,-41.33,-0.7380,0.7380
DJ504348_3,US 床RL-76T低阁楼床下8抽4空格含灯带99*190 颜色黑铁+PU黑抽面,ALL,UNKNOWN,A,T4B,58.51,31.45,56,-24.55,-0.4383,0.4383
DJ505049_2,EU DC铁木床LIW-01 床头一层盖板+灯带+插排 HQ 黑色+火烧色 一件一箱 120*200,ALL,AMAZON,C,T4B,27.01,12.97,56,-43.03,-0.7684,0.7684
DJ505105_1,EU AG转角床 米白棉麻 床头可互换1.4*2m 2灯带 欧规2AC+2USB 一件两箱  颜色->白色,ALL,UNKNOWN,C,T4B,20.97,11.27,56,-44.73,-0.7987,0.7987
DJ505154_2,US DC 高架床 LBCD-01 2508 L型电脑桌款  一件两箱 颜色 白色,ALL,UNKNOWN,C,T4B,22.81,10.95,56,-45.05,-0.8045,0.8045
DJ505178_1,US 双顶带软包凳咖啡桌 一件一箱 颜色->白+棕,ALL,TEMU,C,T4B,10.49,5.34,56,-50.66,-0.9047,0.9047
DJ505207_1,US 竖条纹吸塑错层板材L桌 一件两箱 颜色->原木色,ALL,AMAZON,C,T4A,99.37,48.87,56,-7.13,-0.1272,0.1272
DJ505250_2,US HS 储物柜-DSBL-03侧板自攻丝 1x5+2 DFS 一件两箱 颜色->白色,ALL,UNKNOWN,B,T4B,75.08,38.20,56,-17.80,-0.3178,0.3178
DJ505329_2,US ER DK-TM01 双侧储物行政电脑桌 一件两箱 颜色->#2复古色+黑麻,ALL,AMAZON,D,T4B,21.26,10.20,56,-45.80,-0.8178,0.8178
DJ505459_3,US 连拱谷仓门高文件柜 一件一箱 颜色->象牙灰,ALL,AMAZON,C,T4B,36.95,19.86,56,-36.14,-0.6453,0.6453
DJ505480_1,US AG 柜门翻盖四抽书架床 F 一件两箱 颜色->白色,ALL,AMAZON,B,T4B,40.71,20.71,56,-35.29,-0.6302,0.6302
DJ505588_1,EU AG JYH210 棉麻软包气杆床 靠背2档调节 双灯带 180*200cm 一件两箱 颜色->深灰色,ALL,AMAZON,C,T4B,22.59,10.84,56,-45.16,-0.8064,0.8064
DJ505719_2,US MS 层架七布抽储物+鞋凳挂衣区低矮床 T 一件一箱 颜色->粉色,ALL,AMAZON,C,T4B,27.46,13.18,56,-42.82,-0.7647,0.7647
DJ505806_1_WF,US 1.4米升降桌 一件两箱  颜色->主体白+顶板棕,ALL,UNKNOWN,C,T4B,17.49,8.40,56,-47.60,-0.8500,0.8500
DJVN000101_1,"US QZ 条纹四门餐边柜，三个抽屉，一件一箱 ,原木色",ALL,AMAZON,D,T4B,36.60,19.68,56,-36.32,-0.6486,0.6486
DJ503138_2,US SD U型桌文件抽带2个活动支架  一件一箱 颜色->黑色,ALL,AMAZON,C,T4B,36.95,18.80,55,-36.20,-0.6582,0.6582
DJ503451_5,"EU KM 铁木带布抽升降可展开咖啡桌 颜色->卡其色,沙丘黄",ALL,UNKNOWN,C,T4B,49.17,20.06,55,-34.94,-0.6353,0.6353
DJ503573_1,VD 板竹浴室柜 双门 开放储物格 白色+原色 一个一箱 颜色->白色,ALL,AMAZON,C,T4B,60.34,24.62,55,-30.38,-0.5524,0.5524
DJ504318_2,US 床T-B732T带屋顶软包床带护边含插盘灯带99*190 颜色粉色绒布+白色铁,ALL,TIKTOK,A,T4B,9.74,4.68,55,-50.32,-0.9149,0.9149
DJ504622_1,US VD 板式床 掀盖软包靠背 双灯带 4抽 T款 一件一箱 颜色->黑色,ALL,AMAZON,B,T4B,47.66,24.25,55,-30.75,-0.5591,0.5591
DJ504770_1,EU MS 猫爬架 2房1吊床2顶窝 175cm 一件一箱 颜色->米白,ALL,AMAZON,C,T4B,24.42,12.42,55,-42.58,-0.7741,0.7741
DJ505048_6,"EU KM BF GY01 靠背储物液压床 双包 尺码>XXL,160*200;颜色>灰色,亚麻灰",ALL,AMAZON,C,T4B,20.35,9.77,55,-45.23,-0.8223,0.8223
DJ505323_1,US 床GSI-005T带步梯双层2抽+6布抽床含灯带99*190一件两箱黑铁+火烧云板,ALL,UNKNOWN,A,T4B,31.10,16.72,55,-38.28,-0.6960,0.6960
DJ505423_2,"US AG 柔光灯箱板式抽屉床 Q 一件两箱 尺码->#2,浅榨木色",ALL,AMAZON,C,T4B,28.94,13.89,55,-41.11,-0.7474,0.7474
DJ505487_1,"UK KM BF-TR01 基础款铁木床头软包床 尺码->L,135*190;颜色->白色,白色+原木色",ALL,AMAZON,C,T4B,18.62,10.01,55,-44.99,-0.8180,0.8180
DJ505493_2,US 1.15米铁木四门厨房置物架带灯 一件一箱 颜色->989-3灰色,ALL,AMAZON,C,T4B,15.06,7.23,55,-47.77,-0.8686,0.8686
DJ505519_3,UK BW SCQL-01鞋柜4翻盖8隔板+冷轧钢翻转  白色 一件一箱,ALL,AMAZON,C,T4B,19.71,9.46,55,-45.54,-0.8280,0.8280
DJ505748_2,US AG 板式床 靠背翻盖 床头4布抽 6铁线抽 F 一件两箱 颜色->黑色,ALL,AMAZON,C,T4B,10.63,5.10,55,-49.90,-0.9072,0.9072
DJVN000093_1,"US WIN 3层假厚板沙发桌 一件一箱 颜色->#2,原木色:大通/元素DS66122",ALL,AMAZON,D,T4B,11.17,6.01,55,-48.99,-0.8908,0.8908
DJVN000133_1,"US 圆弧升降咖啡桌 胡桃木色 一件一箱 尺码->#13,胡桃木色",ALL,TIKTOK,C,T4B,16.06,8.63,55,-46.37,-0.8430,0.8430
DJVN000178_1,"US 圆弧条方形床头柜 一件一箱 尺码->52,原木色",ALL,AMAZON,C,T4B,8.19,3.93,55,-51.07,-0.9285,0.9285
DJ502917_1,EU MS 猫爬架 2个吊床 大型加高193 颜色->米白,ALL,AMAZON,C,T4B,30.96,14.86,54,-39.14,-0.7248,0.7248
DJ503483_1,US PT 带灯排插层架文件柜  一件一箱 颜色->黑色,ALL,AMAZON,C,T4B,70.02,28.57,54,-25.43,-0.4709,0.4709
DJ503514_3,EU MS 猫爬架3顶窝585增配版 一件一箱 颜色->浅灰色,ALL,UNKNOWN,C,T4B,22.56,12.13,54,-41.87,-0.7754,0.7754
DJ503907,EU BW SCQL-01鞋柜2翻盖4隔板+冷轧钢翻转  白色 一件一箱,ALL,AMAZON,C,T4B,31.57,15.15,54,-38.85,-0.7194,0.7194
DJ504296_1,"US BF 储物柜 DT24 6抽无拉手悬浮顶带灯带一件一箱 颜色->#1,黑色麻面",ALL,AMAZON,B,T3,181.42,181.84,54,127.84,2.3675,2.3675
DJ504565_1,"US 床YL545 T板式5抽布抽床+集成书柜 灯带+插盘99*190 颜色->#1,白板+白铁",ALL,UNKNOWN,B,T4B,33.76,16.21,54,-37.79,-0.6999,0.6999
DJ504611_2,US VD 板式悬浮床 掀盖软包靠背 Q 一件一箱 颜色->白色,ALL,AMAZON,C,T4B,33.06,16.82,54,-37.18,-0.6885,0.6885
DJ504616,EU BW BSS-02 床头软包倾斜靠背+灯带+插排BD 灰色+火烧色 一件两箱 90*200,ALL,AMAZON,C,T4B,44.58,21.40,54,-32.60,-0.6037,0.6037
DJ504881_2,EU AG 高架床 上下铺 侧边布抽衣帽架 床垫90*200cm 一件两箱 颜色->白色,ALL,AMAZON,C,T4B,19.93,9.57,54,-44.43,-0.8228,0.8228
DJ504978_3,US R123款 5抽帐篷低阁楼床 带2条灯带床头置物袋 颜色->粉色,ALL,UNKNOWN,A,T4B,24.38,13.10,54,-40.90,-0.7573,0.7573
DJ505051_2,EU BW铁木软包床LIWS-01 床头两层板+灯带+插排HQ 白色+原木色 一件一箱120*200,ALL,AMAZON,C,T4B,33.81,18.18,54,-35.82,-0.6634,0.6634
DJ505192_4,US SSR AMBC-01 4门仿大理石面板餐边柜 一件两箱 颜色->黄橡木,ALL,UNKNOWN,C,T4B,15.74,8.46,54,-45.54,-0.8433,0.8433
DJ505193_3,US AG 折叠储物沙发床架 左右互换+无纺布抽 T 一件两箱 颜色->火烧云,ALL,AMAZON,B,T4A,66.95,26.41,54,-27.59,-0.5110,0.5110
DJ505289_1,US HS 梳妆台-VDND-01 金拱门01款 平桌面 七抽  一件两箱 颜色->白色,ALL,AMAZON,C,T4B,37.81,18.15,54,-35.85,-0.6639,0.6639
DJ505312_2,EU DC软包床90x200 BCR-01下翻门+灯带+插排HQ611灰色麻面+火烧云 一件两箱,ALL,AMAZON,C,T4B,21.70,10.42,54,-43.58,-0.8071,0.8071
DJ505342_1,US VD JYH205 PU软包4抽床 弧形掀盖靠背 双灯带 Q 一件两箱 颜色->黑色,ALL,AMAZON,C,T4B,48.30,23.19,54,-30.81,-0.5706,0.5706
DJ505463_2,UK DC 悬浮床BXF-Q01 602 HQ 白色麻布+原木色 一件一箱 90*190,ALL,AMAZON,C,T4B,23.83,12.81,54,-41.19,-0.7628,0.7628
DJ505674_1,"EU KM BF-GJ05 软包L型单包基础款 一件一箱  灰色 尺码->S ,90*190",ALL,AMAZON,C,T4B,11.96,5.74,54,-48.26,-0.8937,0.8937
DJ505757_3,US SR RWD-01 2×3 6抽抽屉柜辐射松贴实木皮油漆 一件一箱 颜色->棕色,ALL,AMAZON,C,T4B,24.36,11.69,54,-42.31,-0.7835,0.7835
DJ502706,US DC 浴室柜 H122cmD33cm 上两层架中抽屉下柜子 白色 一件一箱,ALL,AMAZON,C,T3,120.44,108.40,53,55.40,1.0452,1.0452
DJ503860_3,EU BW铁木床DIW-01 床头一层盖板+灯带+插排 HQ 黑色+火烧色  一件一箱 140*200,ALL,AMAZON,C,T4B,57.33,30.82,53,-22.18,-0.4185,0.4185
DJ504104_2,"US 床BJS-592T布抽日间床含灯带插盘99*190 颜色->#2,纯白",ALL,AMAZON,C,T4B,56.15,22.91,53,-30.09,-0.5678,0.5678
DJ504176_2,US UA 高款拱顶书柜 藤编门板 一件一箱 颜色->黑色,ALL,AMAZON,C,T4A,71.19,33.03,53,-19.97,-0.3768,0.3768
DJ504400_1,"US AE 书柜 NT25 四抽悬浮滑盖加灯带插排 颜色->#1,黑色麻面",ALL,TIKTOK,A,T4B,17.34,9.32,53,-43.68,-0.8241,0.8241
DJ504864_2,US VD 板式床 床头床尾拼框 掀盖靠背 4抽 T款 一件一箱 颜色->灰色,ALL,AMAZON,C,T4B,10.63,5.10,53,-47.90,-0.9037,0.9037
DJ504891_2,"US SJ02款 T尺寸两布抽铁床 一件一箱,重量不超22kg 颜色->白色",ALL,UNKNOWN,B,T4B,40.97,16.72,53,-36.28,-0.6846,0.6846
DJ504904_1,EU DC 铁木床IW-01带灯带欧标插排 HQ G黑色火烧云 160*200  一件一箱,ALL,AMAZON,C,T4B,37.31,18.98,53,-34.02,-0.6419,0.6419
DJ505048_12,EU KM BF GY01 靠背储物液压床 尺码->M90*200;颜色->灰色,ALL,UNKNOWN,C,T4B,50.59,27.20,53,-25.80,-0.4869,0.4869
DJ505099_3,"US 床GS-888T儿童双层床+集合绘本储物 含灯带、插排99*190 颜色->#3,粉色",ALL,UNKNOWN,B,T4B,7.72,4.15,53,-48.85,-0.9217,0.9217
DJ505218_1,US DC 铁木床 BFH-01 方管X谷仓吊轨推拉门置物格款- 胡桃白-901 K 一件两箱,ALL,AMAZON,C,T4B,28.46,14.48,53,-38.52,-0.7268,0.7268
DJ505242_4,US 床GJ-014T屋顶低阁楼床8布抽+空格含灯带一件一箱粉铁+粉色麻板,ALL,AMAZON,B,T4A,73.03,33.89,53,-19.11,-0.3606,0.3606
DJ505276_1,"US 床T-B259F床头翻开气压杆波浪含插盘灯带床137*190一件两箱 颜色->#1,黑色pu",ALL,AMAZON,B,T4A,61.71,28.63,53,-24.37,-0.4598,0.4598
DJ505355_2,EU BW 悬浮床BXF-Q01床头两层+灯带+插排HQ602灰色麻布+火烧色 一件一箱90*200,ALL,AMAZON,C,T4B,22.50,12.10,53,-40.90,-0.7718,0.7718
DJ505638_2,EU AG软包气杆床 绒布 床头可调+尾抽1.4*1.9m 1灯带 欧标排插3U1T 一件两箱 颜色->深灰色,ALL,AMAZON,C,T4B,5.31,2.55,53,-50.45,-0.9519,0.9519
DJVN000014_3,"US AE 书柜(Vietnam) 3抽屉 带插排小台款（大款）加RGB灯带 颜色->#2,黑色麻面",ALL,UNKNOWN,C,T4B,25.68,13.07,53,-39.93,-0.7535,0.7535
DJVN000154_1,"US QZ 斜面三抽床头柜，带灯带，插座，一件一箱 尺码->#1,黑色水曲柳",ALL,AMAZON,D,T4B,50.55,27.18,53,-25.82,-0.4872,0.4872
SKDJ502530_4,US AE 书柜 三抽带储物空间加灯带插排 颜色->#4,ALL,TIKTOK,C,T4B,47.69,24.27,53,-28.73,-0.5421,0.5421
DJ470883_1,US AE 写字桌  （92*48）四个小抽屉带插座 白色 一件一箱,ALL,UNKNOWN,C,T4B,59.29,24.19,52,-27.81,-0.5348,0.5348
DJ478585_1,EU MS 猫爬架3顶窝175一件一箱 颜色->米白,ALL,UNKNOWN,C,T4B,49.89,20.36,52,-31.64,-0.6085,0.6085
DJ503079_1,"US BF 书柜 板材美式+托盘含插盘（大款）加RGB灯带 一件一箱 颜色->#1,黑色小麻",ALL,UNKNOWN,C,T4B,61.85,29.69,52,-22.31,-0.4291,0.4291
DJ503422_2,"US VK 基础款高层带洞洞板电脑桌 一个一箱 颜色->黑色,浮雕黑",ALL,AMAZON,C,T4B,59.77,28.69,52,-23.31,-0.4483,0.4483
DJ503685_3,US 1米双抽高文件柜 一件一箱 颜色->黑浮雕X字,ALL,AMAZON,C,T4B,59.83,24.41,52,-27.59,-0.5306,0.5306
DJ504048_1,"EU DC气动床BQD-01床头两层物+灯带+插排HQ603灰色麻布+火烧色一件两箱,90*200",ALL,AMAZON,C,T4B,45.34,21.77,52,-30.23,-0.5814,0.5814
DJ504068_53,EU BW 悬浮床BXF-Q01床头两层+灯带+插排HQ602白色麻布+原木色一件两箱160*200,ALL,AMAZON,C,T4B,26.17,12.56,52,-39.44,-0.7585,0.7585
DJ504068_54,EU BW 悬浮床BXF-Q01床头两层+灯带+插排HQ602白色麻布+原木色一件两箱180*200,ALL,AMAZON,C,T4B,36.02,17.29,52,-34.71,-0.6675,0.6675
DJ504107_1,EU AG 悬浮床 软包床头 铁框架 灯带 USB插排 1.4*2m 一件一箱 颜色->深灰色,ALL,UNKNOWN,C,T4B,61.15,29.35,52,-22.65,-0.4356,0.4356
DJ504522_2,EU AG JYH215 棉麻软包气杆床 灰色板 靠背掀盖 双灯带 90*200cm 一件两箱 颜色->米白,ALL,AMAZON,C,T4B,42.88,17.50,52,-34.50,-0.6635,0.6635
DJ504779_2,"US 床TB-748T双层抽屉软包转角床 含灯带 99*190 颜色->#2,白铁+白PU",ALL,AMAZON,C,T4B,56.86,30.57,52,-21.43,-0.4122,0.4122
DJ504861_1,US 农舍风1.2m谷仓门文件柜 一件一箱 颜色->棕+白,ALL,AMAZON,C,T4B,29.01,13.92,52,-38.08,-0.7323,0.7323
DJ505048_11,EU KM BF GY01 靠背储物液压床 尺码->M 90*200 ;颜色->白色,ALL,UNKNOWN,C,T4B,45.67,24.55,52,-27.45,-0.5279,0.5279
DJ505160_1,US DC 高架床 BB-01  YL 双床L桌款 TXL+T  一件两箱 颜色->黑色,ALL,AMAZON,B,T3,130.59,134.93,52,82.93,1.5949,1.5949
DJ505277_1,US 床T-B259T床头翻开气压杆波浪含插盘灯带床99*190 颜色黑色pu,ALL,AMAZON,C,T4B,20.46,10.41,52,-41.59,-0.7998,0.7998
DJ505498_3,EU AG 布抽软包靠背角落床 90*200 一件两箱 颜色->黑灰色,ALL,AMAZON,C,T4B,11.51,5.53,52,-46.47,-0.8937,0.8937
DJ505599_4,"EU KM BF-GJ04 铁木拐角床头侧软包带柜门 尺码->M,90*200;颜色->黑色,黑板+灰软包",ALL,AMAZON,C,T4B,37.15,19.97,52,-32.03,-0.6160,0.6160
DJ505643_1,EU AG气杆床 绒布 立耳简约款1.6*2m 1灯带 欧标排插3U1T 一件两箱 颜色->深灰色,ALL,AMAZON,C,T4B,6.64,3.19,52,-48.81,-0.9387,0.9387
DJ503142,US DC 木质LED打砂镜柜双开门 80*16*60 白色 一件一箱,ALL,AMAZON,C,T4A,94.80,46.63,51,-4.37,-0.0857,0.0857
DJ503733_4,US DC 铁木床 CBF-01L 方管软包角落床带抽篮-112 灰 Q  一件一箱,ALL,TIKTOK,B,T4B,19.62,8.01,51,-42.99,-0.8430,0.8430
DJ504024_2,US 1.2米四抽L桌  一件一箱 颜色->黑色,ALL,UNKNOWN,C,T4B,34.37,16.50,51,-34.50,-0.6765,0.6765
DJ504131_2,EU AG 铁木悬浮床 2侧托盘 欧标USB排插 灯带 床垫1.4*2m 一件一箱 颜色->白色,ALL,AMAZON,C,T4B,39.41,18.92,51,-32.08,-0.6290,0.6290
DJ504194_1,"US AG 收纳储物书桌 K字玻璃灯带柜门 LED镜门 凳子 一件一箱 尺码->#1,仿古白",ALL,AMAZON,C,T4B,41.81,17.06,51,-33.94,-0.6656,0.6656
DJ504270_1,EU AG JYH210 棉麻软包气杆床 靠背2档调节 双灯带 140*200cm 一件两箱 颜色->深灰色,ALL,AMAZON,C,T3,123.82,120.89,51,69.89,1.3704,1.3704
DJ504271_2,EU AG JYH210 棉麻软包气杆床 靠背2档调节 双灯带 160*200cm 一件两箱 颜色->米白,ALL,AMAZON,C,T4B,21.89,11.14,51,-39.86,-0.7817,0.7817
DJ504436_1,"EU KM 板式鞋柜 100cm2斗1抽1柜鞋柜-3层翻斗  单包 颜色->白色,麻面白",ALL,AMAZON,C,T4B,42.04,17.15,51,-33.85,-0.6637,0.6637
DJ504511_1,EU FR 拼色浴室镜柜LED灯光镜+下开放格 一件一箱 颜色->白色,ALL,UNKNOWN,C,T4B,41.13,22.11,51,-28.89,-0.5664,0.5664
DJ504649_3,US YW01 7抽帐篷低阁楼床带2条灯带床头置物袋 颜色->粉色,ALL,TIKTOK,A,T4B,34.71,18.66,51,-32.34,-0.6341,0.6341
DJ504801_1,EU AG软包床 侧边置物 绒布气杆床1.4*2.0m 1灯带+欧标2AC+1U1T 一件两箱 颜色->米白,ALL,AMAZON,C,T4B,35.29,16.94,51,-34.06,-0.6679,0.6679
DJ504979_1,EU VD 板式面盆柜 双开门 单抽 侧边可左右互换置物层 一件一箱 颜色->白色,ALL,UNKNOWN,C,T4B,15.50,7.44,51,-43.56,-0.8541,0.8541
DJ505147_1,"US 床BJS-543F 落地双层床+储物台阶 含灯带、插盘 137*190 一件两箱 颜色->#1,纯白",ALL,AMAZON,C,T4B,30.10,16.18,51,-34.82,-0.6828,0.6828
DJ505245_2,"US UA DK-XZ01 板式原木L型行政桌 一件两箱 颜色->#2,胡桃色",ALL,UNKNOWN,C,T4B,9.96,4.78,51,-46.22,-0.9062,0.9062
DJ505254_2,US AG 板式床 乡村风拼框 掀盖靠背 4抽 F款 一件两箱 颜色->灰色,ALL,AMAZON,C,T4B,33.11,17.80,51,-33.20,-0.6510,0.6510
DJ505312_1,EU DC软包床 90x190 BCR-01下翻门+灯带+插排HQ611灰色麻面+火烧云 一件两箱,ALL,AMAZON,C,T4B,16.61,7.97,51,-43.03,-0.8437,0.8437
DJ505337_2,US VD 板式床 乡村风掀盖米字拼框 6抽 F款 一件两箱 颜色->棕色,ALL,AMAZON,C,T4B,15.30,7.78,51,-43.22,-0.8474,0.8474
DJ505517_1,UK BW 软包气动床BQQ-01 HQ 608 白色 一件两箱90*190,ALL,AMAZON,C,T4B,25.69,12.33,51,-38.67,-0.7583,0.7583
DJ505538_1,US DC 板式床 BFX-02黑麻面床下四抽屉-GS021 Q 黑 一件两箱,ALL,AMAZON,C,T4B,27.05,14.54,51,-36.46,-0.7149,0.7149
DJ505557_1,EU FR洗衣机架 板竹双开门-上下单侧敞口置物 一件一箱 颜色->白色,ALL,AMAZON,C,T4B,18.82,9.03,51,-41.97,-0.8229,0.8229
DJ505805_3,US YSY-695款 F尺寸上床下桌10抽U形桌面带灯带插排 一件两箱 颜色->灰色,ALL,AMAZON,D,T4B,18.82,9.03,51,-41.97,-0.8229,0.8229
DJ486101_2,US TP 书桌 带灯泡  2小3大抽屉3折镜（拆装）  一件一箱 颜色->黑色,ALL,AMAZON,C,T4B,63.58,30.52,50,-19.48,-0.3896,0.3896
DJ502706,US DC 浴室柜 H122cmD33cm 上两层架中抽屉下柜子 白色 一件一箱,ALL,TIKTOK,C,T4B,17.63,8.97,50,-41.03,-0.8206,0.8206
DJ503277_4,US PT 米字型门板材衣帽架  一件一箱 颜色->白+棕,ALL,AMAZON,C,T4B,43.06,21.91,50,-28.09,-0.5618,0.5618
DJ503440_3_WF,US SD L桌三抽带单玻璃门  一件一箱 颜色->白麻,ALL,UNKNOWN,C,T4B,44.76,18.26,50,-31.74,-0.6348,0.6348
DJ503955_3,US 美式角落桌带抽屉 一件一箱 颜色->棕色,ALL,UNKNOWN,C,T4B,10.85,5.21,50,-44.79,-0.8958,0.8958
DJ504538_2,US K腿6抽单人游戏桌 一件一箱 颜色->白色碳纤维,ALL,AMAZON,C,T4B,34.79,17.70,50,-32.30,-0.6460,0.6460
DJ504744_2,US SD 1.6m5抽L桌带排插 一件一箱  颜色->火烧云,ALL,AMAZON,C,T4A,79.65,41.39,50,-8.61,-0.1722,0.1722
DJ505041_1,EU AG软包床 棉麻两抽 1灯带 欧标3U+1T插排 0.9*2m 一件两箱 颜色->深灰色,ALL,AMAZON,C,T4B,29.94,16.10,50,-33.90,-0.6780,0.6780
DJ505068_4,US AG 高架布抽角落床 T 一件一箱 颜色->白色,ALL,UNKNOWN,C,T4B,10.15,4.87,50,-45.13,-0.9025,0.9025
DJ505120_3,US SD L升降桌带文件柜  一件两箱   颜色->白麻,ALL,AMAZON,C,T4A,64.33,29.85,50,-20.15,-0.4031,0.4031
DJ505200_2,"US HA 书桌 VT11 8抽波浪纹大款梳妆台玻璃柜+七彩流光灯+插座 一件两箱A/B 颜色->#2,原木橡木麻点",ALL,UNKNOWN,A,T4B,21.00,11.29,50,-38.71,-0.7742,0.7742
DJ505237_2,US HS 储物柜-DSXC-01抽面铣型带插板 DFS 九斗 2x3+3一件两箱 颜色->白色,ALL,UNKNOWN,C,T4B,15.11,7.25,50,-42.75,-0.8550,0.8550
DJ505277_2,US 床T-B259T床头翻开气压杆波浪含插盘灯带床99*190 颜色TX-001米白绒布,ALL,AMAZON,C,T4B,27.56,14.02,50,-35.98,-0.7196,0.7196
DJ505331_1,EU DC CBQ-05 客卧气动款青少年床90*190 白色 一件两箱,ALL,AMAZON,C,T4B,13.05,7.02,50,-42.98,-0.8597,0.8597
DJ505345_2,EU VD 角落气杆软包床 2层置物 欧标床垫0.9*2m 一件两箱 颜色->米白,ALL,AMAZON,C,T4B,7.09,3.40,50,-46.60,-0.9320,0.9320
DJ505437_2,US DC 现代农舍 BFMH-01床下六抽屉 K 黑色 一件两箱,ALL,AMAZON,C,T4B,8.64,4.14,50,-45.86,-0.9171,0.9171
DJ505494_1,"US UA DK-XZ08 一型圆拱腿开放置物行政桌 一件一箱 颜色->黑色,山纹黑",ALL,AMAZON,C,T4B,23.69,11.37,50,-38.63,-0.7725,0.7725
DJ505537_2,US YL-601T床头屋顶床尾书架床99*190一件一箱 颜色 白铁+白麻板+浅灰色布,ALL,UNKNOWN,C,T4B,8.41,4.04,50,-45.96,-0.9192,0.9192
DJ505618_6,EU BW BXF-Q02 舒适靠背款悬浮床 HQ 614 灰色麻布 一件两箱 180*200,ALL,AMAZON,C,T4B,4.43,2.13,50,-47.87,-0.9575,0.9575
DJ505669_2,US YSY-694款 F尺寸14抽上床下桌带排插灯带 一件两箱 颜色->白色,ALL,AMAZON,D,T4B,41.75,22.44,50,-27.56,-0.5511,0.5511
DJ505786_3,US SR RWN-01 3抽床头柜 美规插排辐射松贴水曲柳实木皮油漆 一件一箱 颜色->棕色,ALL,AMAZON,C,T4B,17.49,8.40,50,-41.60,-0.8320,0.8320
DJVN000092_2,US WIN 空心板腿沙发桌 一件一箱 颜色->棕色 元素DS66121,ALL,AMAZON,D,T4B,35.34,19.00,50,-31.00,-0.6200,0.6200
DJ503277_1,US PT 米字型门板材衣帽架  一件一箱 颜色->火烧云,ALL,AMAZON,C,T4A,83.68,33.01,49,-15.99,-0.3264,0.3264
DJ503416_1,US PT 美式四抽侧边置物床Q  一件两箱 颜色->黑色PU,ALL,TEMU,B,T4B,81.73,33.34,49,-15.66,-0.3195,0.3195
DJ503416_2,US PT 美式四抽侧边置物床Q  一件两箱 颜色->白色PU,ALL,TIKTOK,B,T4B,55.83,26.80,49,-22.20,-0.4531,0.4531
DJ503955_1,US 美式角落桌带抽屉 一件一箱 颜色->白+黑,ALL,UNKNOWN,B,T4B,44.47,22.63,49,-26.37,-0.5382,0.5382
DJ504400_3,US AE 书柜 NT25 四抽悬浮滑盖加灯带插排 颜色->#3,ALL,AMAZON,C,T4B,51.87,24.90,49,-24.10,-0.4919,0.4919
DJ504780_3,US 1.2变1.6米铁木软包餐桌椅套装 一件一箱 颜色->黑色,ALL,AMAZON,B,T3,95.50,92.80,49,43.80,0.8940,0.8940
DJ504824_1,US 3抽农舍风竖条文件柜 一件一箱 颜色->白+棕顶,ALL,AMAZON,C,T4B,50.42,25.65,49,-23.35,-0.4765,0.4765
DJ505028_1,EU AG 6布抽角落床 140*200 一件两箱 颜色->火烧云,ALL,AMAZON,C,T4B,44.66,22.72,49,-26.28,-0.5363,0.5363
DJ505070_2,EU AG JYH210 棉麻软包气杆床 靠背2档调节 双灯带 90*200cm 一件两箱 颜色->米白,ALL,AMAZON,C,T4B,24.94,12.69,49,-36.31,-0.7411,0.7411
DJ505142_3,EU MJ MCQ-01铝槽环绕灯带双开门+开放格木质镜柜80*78*18 白色 一件一箱,ALL,AMAZON,C,T4B,28.43,15.28,49,-33.72,-0.6881,0.6881
DJ505168_2,"US 594款 T尺寸上床下桌8抽带灯带插排 一件一箱,箱规不超49kg 颜色->白色",ALL,TIKTOK,A,T4B,12.98,6.98,49,-42.02,-0.8576,0.8576
DJ505425_2,US DC 板式床 BFX-03软包开合储物床下四抽屉-282 K 黑麻面 一件两箱,ALL,AMAZON,C,T4B,23.69,11.37,49,-37.63,-0.7679,0.7679
DJ505563_1,"USHA MFL-DT35 无拉手8抽悬浮矮柜含灯带 一件两箱 颜色->#1,黑色麻面",ALL,AMAZON,B,T4B,71.96,38.69,49,-10.31,-0.2104,0.2104
DJVN000025_3,"US AE 书柜 NT26 四抽小台款含插排一件一箱 颜色->#2,白色",ALL,UNKNOWN,C,T4B,17.13,6.99,49,-42.01,-0.8574,0.8574
DJVN000067_2,"US QZ 钢琴面一斗床头柜 -件一箱 尺码->#2,黑胡桃色",ALL,AMAZON,C,T4B,32.47,17.45,49,-31.55,-0.6438,0.6438
DJ503122_1,US SD 谷仓门双顶咖啡桌 一件一箱 颜色->浅橡木灰,ALL,TIKTOK,B,T4B,64.42,28.99,48,-19.02,-0.3961,0.3961
DJ503466_2,"US BF 电视柜 TV07 铁木6无纺布抽pu面转角直装两种安装 颜色->#2,黑色木纹色",ALL,AMAZON,B,T3,161.31,132.27,48,84.27,1.7556,1.7556
DJ503897_2,US DC 铁木床 BFH-01 方管X谷仓吊轨推拉门置物格款- 橡木灰 901 T 一件一箱,ALL,AMAZON,C,T4B,51.82,24.87,48,-23.13,-0.4818,0.4818
DJ503905_4,US AG 高款板式三抽边桌 灯带+排插 一件一箱 颜色->灰橡木,ALL,TIKTOK,C,T4B,8.11,3.89,48,-44.11,-0.9189,0.9189
DJ504146_1,US DC 铁木床 BFH-01 方管X谷仓吊轨推拉门置物格款- 胡桃白 901TXL 一件一箱,ALL,AMAZON,C,T4B,47.98,23.03,48,-24.97,-0.5202,0.5202
DJ504216_3,US HA 书桌 VT03 11抽铁木无纺布菱形格双列置物架款 颜色 粉色+粉皮,ALL,TIKTOK,C,T4B,12.47,6.34,48,-41.66,-0.8679,0.8679
DJ504620_1,"EU KM 软包床-床头斜线绗缝 单包装 基础款 尺码->L,140*190;颜色->白色,PU-白",ALL,AMAZON,C,T4A,88.25,34.81,48,-13.19,-0.2749,0.2749
DJ504901_1,EU DC 铁木床IW-01带灯带欧标插排 HQ G黑色火烧云 90*200 一件一箱,ALL,AMAZON,B,T4A,57.49,28.28,48,-19.72,-0.4109,0.4109
DJ505048_1,"EU KM BF GY01 靠背储物液压床 双箱 尺码->L,140*190;颜色->白色,PU-白",ALL,AMAZON,C,T4B,21.68,11.66,48,-36.34,-0.7572,0.7572
DJ505116_2,US 斜腿错层行政桌 一件一箱 颜色->989-3灰色,ALL,AMAZON,C,T4A,89.22,41.40,48,-6.60,-0.1376,0.1376
DJ505242_2,US 床GJ-014T屋顶低阁楼床8布抽+空格含灯带一件一箱白铁+白麻板,ALL,UNKNOWN,B,T4B,35.45,18.04,48,-29.96,-0.6243,0.6243
DJ505265_1,US 床YLS-006上F下T床8抽含灯带一件两箱 颜色黑铁+火烧云板,ALL,AMAZON,C,T4B,57.52,23.47,48,-24.53,-0.5111,0.5111
DJ505438_3,US DC 现代农舍 BFMH-01床下六抽屉 CK 白色 一件两箱,ALL,AMAZON,C,T4B,11.29,5.42,48,-42.58,-0.8870,0.8870
DJ505454_2,"US UA DK-XZ07 分离式储物柜行政桌 一件两箱 颜色->#2,灰色+麻面黑（原4848）",ALL,AMAZON,C,T4B,43.72,20.99,48,-27.01,-0.5628,0.5628
DJ505785_1,US 竖条纹美式铁木L桌 一件一箱 颜色->棕顶+白,ALL,UNKNOWN,B,T4B,12.62,6.06,48,-41.94,-0.8738,0.8738
DJVN000013_4,US AE 书柜（Vietnam）2抽屉板材带双灯 加高款 颜色->#4,ALL,AMAZON,C,T4B,51.85,21.15,48,-26.85,-0.5593,0.5593
DJVN000086_2,US WIN 大柜子铁配木马桶架 一件一箱 颜色->麻面黑色(DS6607-D),ALL,AMAZON,D,T4B,27.05,12.98,48,-35.02,-0.7295,0.7295
100102901,US TA 1.5米口子农舍推拉零食柜 一件两箱 颜色->灰古木-40三胺,ALL,AMAZON,D,T4B,16.16,7.76,47,-39.24,-0.8349,0.8349
DJ504381_1,"EU KM 板式梳妆台120cm带电带玻璃 两箱一件 颜色->白色,麻面白",ALL,AMAZON,C,T4B,20.89,10.03,47,-36.97,-0.7866,0.7866
DJ504522_1,EU AG JYH215 棉麻软包气杆床 火烧云板 靠背掀盖 双灯带 90*200cm 一件两箱 颜色->深灰色,ALL,UNKNOWN,C,T4B,44.24,23.78,47,-23.22,-0.4940,0.4940
DJ504961_2,UK BW 软包气动床BQQ-01 HQ 608 灰色 一件两箱 150*200,ALL,AMAZON,C,T4B,29.16,11.90,47,-35.10,-0.7469,0.7469
DJ505027_2,EU AG 6布抽角落床 90*200 一件两箱 颜色->白色,ALL,UNKNOWN,C,T4B,34.25,16.44,47,-30.56,-0.6502,0.6502
DJ505203_1,EU DC 铁木床 CBF-01L HQ 软包角落床 606 140*190  灰色  一件两箱,ALL,AMAZON,C,T4B,29.59,15.91,47,-31.09,-0.6616,0.6616
DJ505208_2,US DC 高架床 BB-02  YL 上T下F 二抽层架款   一件两箱 颜色->白色,ALL,AMAZON,C,T4B,69.99,28.55,47,-18.45,-0.3925,0.3925
DJ505246_4,"US UA DK-XZ04 双拼色行政电脑桌一件两箱 颜色->#4,大理石（原4071 新洞洞板）",ALL,UNKNOWN,C,T4B,28.29,14.39,47,-32.61,-0.6938,0.6938
DJ505255_1,US AG 板式床 乡村风拼框 掀盖靠背 4抽 Q款 一件两箱 颜色->白色,ALL,UNKNOWN,C,T4B,15.50,7.44,47,-39.56,-0.8417,0.8417
DJ505262_2,US VD 高架床 L形上下铺 侧边5层布抽 T 一件两箱 颜色->黑色,ALL,AMAZON,B,T4A,72.88,35.85,47,-11.15,-0.2373,0.2373
DJ505262_2,US VD 高架床 L形上下铺 侧边5层布抽 T 一件两箱 颜色->黑色,ALL,WALMART,B,T4B,25.87,13.91,47,-33.09,-0.7040,0.7040
DJ505305_3,US 床YLS-017上F下F床4抽办公桌含插盘灯带一件两箱黑铁+灰木纹板+黑色PU抽面,ALL,AMAZON,A,T4B,72.22,29.47,47,-17.53,-0.3731,0.3731
DJ505307_1,US HS 梳妆台 VDNX-01 改 MFL 错落布局 六抽一门好莱坞灯串 一件一箱 颜色->白色,ALL,TIKTOK,C,T4B,13.57,7.30,47,-39.70,-0.8447,0.8447
DJ505354_1,"US BF 储物柜 DT13 10抽复古回型抽面 一件两箱A/B 颜色->#1,黑顶+白麻面",ALL,UNKNOWN,C,T4B,34.30,16.47,47,-30.53,-0.6496,0.6496
DJ505466_2,US DC 软包床 BWR-01 ZY双侧护栏床尾带抽篮-2366 F 米色 一件一箱,ALL,AMAZON,C,T4B,28.67,13.76,47,-33.24,-0.7072,0.7072
DJ505569_2,US 竖条正方形滑动咖啡桌 一件一箱 颜色->夏特胡桃,ALL,AMAZON,C,T4B,9.52,4.57,47,-42.43,-0.9028,0.9028
DJ505612_2,UK BW 边柜NSD-03 英标插排氛围灯款 上空2抽 一件一箱 颜色->白色,ALL,AMAZON,C,T4B,6.42,3.08,47,-43.92,-0.9344,0.9344
DJ505668_1,US SD L桌带文件抽桌面宽470mm  颜色->火烧云,ALL,UNKNOWN,B,T4B,14.84,7.12,47,-39.88,-0.8485,0.8485
DJ505729_1,US SD X单人三铁木款升降桌 一件一箱 颜色->棕+黑,ALL,AMAZON,C,T4B,20.81,9.99,47,-37.01,-0.7874,0.7874
DJVN000064_2,US WIN 4合一拼合面板脚带洞洞行政办公桌 一件一箱 颜色->胡桃色(E8034-2),ALL,AMAZON,C,T4B,14.97,7.19,47,-39.81,-0.8471,0.8471
DJVN000087_2,US WIN 三七分铁配木马桶架 一件一箱 颜色->黑色麻面(DS6607-D),ALL,AMAZON,D,T4B,25.05,12.03,47,-34.97,-0.7441,0.7441
DJ503114_1,HS NSD-02边柜 两抽布抽屉 带插排氛围灯款 两件一箱 颜色->黑色,ALL,AMAZON,C,T3,139.55,127.26,46,81.26,1.7665,1.7665
DJ503138_2_WF,US SD U型桌文件抽带2个活动支架  一件一箱 颜色->黑色,ALL,UNKNOWN,C,T4B,20.36,10.95,46,-35.05,-0.7620,0.7620
DJ503139_3_WF,US SD 1.6米双抽单人桌带排插  一件一箱 颜色->989-3,ALL,UNKNOWN,C,T4B,37.30,17.90,46,-28.10,-0.6108,0.6108
DJ503277_5,US PT 米字型门板材衣帽架  一件一箱 颜色->黑+棕,ALL,AMAZON,C,T4B,40.13,20.42,46,-25.58,-0.5562,0.5562
DJ503915_2,US HS 抽屉柜 DDBT-02 1x5+2 底座 无把手 一件一箱 颜色->白色,ALL,UNKNOWN,B,T4B,20.94,10.05,46,-35.95,-0.7815,0.7815
DJ504348_2_WF,"US 床RL-76T低阁楼床下8抽4空格含灯带99*190 颜色->#20,黑色铁+浅咖色抽面",ALL,UNKNOWN,D,T4B,28.51,15.33,46,-30.67,-0.6668,0.6668
DJ504528_1,"US UA 四腿双顶四推拉门咖啡桌 一件一箱 颜色->白色,做旧白+栗棕木",ALL,AMAZON,C,T4B,62.95,25.68,46,-20.32,-0.4417,0.4417
DJ504539_1,EU VD 悬浮床 软包床头 铁框架 灯带 USB插排 1.8*2m 一件一箱 颜色->深灰色,ALL,AMAZON,C,T4B,31.27,16.81,46,-29.19,-0.6346,0.6346
DJ504890_3,US SD L桌商用高桌带洞洞板 一件两箱 颜色->白色,ALL,UNKNOWN,C,T4B,6.25,3.36,46,-42.64,-0.9269,0.9269
DJ504929_3,US 1.6米农舍L桌 一件一箱 颜色->白+棕,ALL,UNKNOWN,C,T4B,27.01,14.52,46,-31.48,-0.6843,0.6843
DJ505244_2,US UA DK-SR01 现代板式双人电脑桌 一件两箱 颜色->黑色,ALL,AMAZON,C,T4B,28.14,15.13,46,-30.87,-0.6711,0.6711
DJ505321_1,US DC 高架床 LBOS-02 L型桌开放格储物款 F 一件两箱 颜色 黑色,ALL,AMAZON,C,T4B,15.42,8.29,46,-37.71,-0.8199,0.8199
DJ505412_2,US SSR JYCS-02 3抽+2浅抽6宫格+4开放空格衣柜 一件两箱 颜色->白色,ALL,AMAZON,D,T4B,12.40,5.95,46,-40.05,-0.8706,0.8706
DJ505428_6,"EU BW 软包折叠储物气动床BQQ-03 ZY 95款 灰色 一件两箱,90*190",ALL,AMAZON,C,T4B,6.86,3.30,46,-42.70,-0.9284,0.9284
DJ505430_3,US RL- 923F 树屋地板床+绘本架 一件一箱 137*190 颜色->黑色,ALL,AMAZON,C,T4B,7.75,3.72,46,-42.28,-0.9191,0.9191
DJ505432_1,US SD 1.7米美式乡村竖条纹L桌 一件两箱   颜色->棕+白,ALL,AMAZON,C,T4B,33.85,18.19,46,-27.81,-0.6045,0.6045
DJ505481_1,US AG 柜门翻盖四抽书架床 Q 一件两箱 颜色->白色,ALL,AMAZON,C,T4B,34.18,17.39,46,-28.61,-0.6219,0.6219
DJ505488_1,"UK KM BF-XF01 软包带床头-悬浮床 一箱一个  尺码->L,135*190;颜色->灰色,亚麻-灰色",ALL,AMAZON,C,T4B,31.32,16.84,46,-29.16,-0.6339,0.6339
DJ505493_4,US 1.15米铁木四门厨房置物架带灯 一件一箱 颜色->白色,ALL,AMAZON,C,T4B,11.29,5.42,46,-40.58,-0.8821,0.8821
DJ505749_1,US AG 板式床 靠背翻盖 床头4布抽 6铁线抽 Q 一件两箱 颜色->白色,ALL,AMAZON,C,T4B,13.06,6.27,46,-39.73,-0.8637,0.8637
DJ505785_2,US 竖条纹美式铁木L桌 一件一箱 颜色->棕顶+黑,ALL,WALMART,C,T4B,14.39,6.91,46,-39.09,-0.8498,0.8498
DJ502512_2,US AE 书柜 3抽屉 带插排小台款（大款） 颜色->黑色,ALL,UNKNOWN,A,T4B,33.81,16.23,45,-28.77,-0.6393,0.6393
DJ502636,VD 竹制浴室柜 单门上墙 原色 一个一箱,ALL,AMAZON,C,T4B,65.46,26.71,45,-18.29,-0.4065,0.4065
DJ503855_3,US 带柜门抽屉美式书架 一件一箱 颜色->I27014K木纹,ALL,AMAZON,C,T4B,13.29,6.38,45,-38.62,-0.8583,0.8583
DJ504206_1,EU AG 铁木软包悬浮床 双层置物 USB插排 灯带 床垫1.6*2m 一件一箱 颜色->深灰色,ALL,AMAZON,B,T4B,37.02,17.77,45,-27.23,-0.6051,0.6051
DJ504609_1,US VD 板式悬浮床 掀盖软包靠背 T 一件一箱 颜色->黑色,ALL,AMAZON,C,T4B,26.90,14.46,45,-30.54,-0.6786,0.6786
DJ504659_2,"EU KM 铁木 床头拼板3灯带 单包 尺码->XL,140*200;颜色->黑色,包覆-麻面黑",ALL,AMAZON,C,T4B,16.93,8.61,45,-36.39,-0.8086,0.8086
DJ504978_3,US R123款 5抽帐篷低阁楼床 带2条灯带床头置物袋 颜色->粉色,ALL,AMAZON,A,T4A,104.90,48.68,45,3.68,0.0817,0.0817
DJ505534_1,US SD L桌五抽带两组亚克力门  一件一箱 颜色->火烧云,ALL,TIKTOK,C,T4B,3.99,1.91,45,-43.09,-0.9575,0.9575
DJ505570_1,US 床CY-303Q软包床头翻开床尾铝材四抽灯带153*203 一件一箱 颜色深灰麻布+黑铁,ALL,AMAZON,A,T4B,35.57,19.12,45,-25.88,-0.5751,0.5751
DJ505597_1,EU AG JYH234 棉麻软包气杆床 黑灰色2027板 掀盖靠背 双灯带 140*200cm 一件两箱 颜色->深灰色,ALL,AMAZON,C,T4B,6.64,3.19,45,-41.81,-0.9291,0.9291
DJ505658_3,US SD 1.7米五抽单人桌  一件一箱   颜色->白色,ALL,AMAZON,C,T4B,5.31,2.55,45,-42.45,-0.9433,0.9433
DJ505739_1,US DC 铁木床 SCB-01L 铁麻布层架布兜PU面布抽角落床-172 T 白色 一件一箱,ALL,AMAZON,C,T4B,18.82,9.03,45,-35.97,-0.7993,0.7993
DJVN000039_3,US SD 圆弧面转角高桌 一件一箱 颜色->火烧云,ALL,UNKNOWN,C,T4B,32.60,15.65,45,-29.35,-0.6522,0.6522
DJVN000064_1,US WIN 4合一拼合面板脚带洞洞行政办公桌 一件一箱 颜色->山纹黑（DS6607）,ALL,AMAZON,C,T4B,13.46,7.24,45,-37.76,-0.8392,0.8392
DJVN000114_1,"US WIN 180cm四拱形沙发桌 一件一箱 颜色->#2,浮雕山纹黑",ALL,AMAZON,D,T4B,20.34,10.93,45,-34.07,-0.7570,0.7570
SFDJ503733_3,US DC 铁木床 CBF-01L 方管软包角落床带抽篮-112 灰 F 一件一箱,ALL,TIKTOK,C,T4B,9.96,4.78,45,-40.22,-0.8937,0.8937
DJ504469_1,US TA 1.1米衣帽架带鞋架层架 一件一箱 颜色->白+棕,ALL,UNKNOWN,B,T4B,37.36,20.09,44,-23.91,-0.5435,0.5435
DJ504469_3_WF,US TA 1.1米衣帽架带鞋架层架 一件一箱 颜色->火烧云,ALL,UNKNOWN,C,T4B,30.68,16.49,44,-27.51,-0.6252,0.6252
DJ504779_1,"US 床TB-748T双层抽屉软包转角床 含灯带 99*190 颜色->#1,黑铁+灰色麻布",ALL,AMAZON,C,T4B,37.95,20.40,44,-23.60,-0.5363,0.5363
DJ504898_2,US 床BJS-549T 儿童树屋床+布抽 含灯带 99*190 颜色->#2 黑色,ALL,AMAZON,B,T4B,31.48,15.11,44,-28.89,-0.6566,0.6566
DJ504929_1,US 1.6米农舍L桌 一件一箱 颜色->白+黑,ALL,AMAZON,C,T4B,42.57,22.88,44,-21.12,-0.4799,0.4799
DJ504930_1,"US AE 书桌 VT09 八抽悬浮桌面梳妆台LED灯光镜RGB灯带 颜色->#1,黑色麻点",ALL,AMAZON,C,T4B,12.76,6.12,44,-37.88,-0.8609,0.8609
DJ505027_1,EU AG 6布抽角落床 90*200 一件两箱 颜色->火烧云,ALL,UNKNOWN,C,T4B,57.67,31.01,44,-12.99,-0.2953,0.2953
DJ505069_4,US AG 高架布抽角落床 F 一件一箱 颜色->白色,ALL,UNKNOWN,B,T4B,21.39,11.50,44,-32.50,-0.7386,0.7386
DJ505105_1,EU AG转角床 米白棉麻 床头可互换1.4*2m 2灯带 欧规2AC+2USB 一件两箱  颜色->白色,ALL,AMAZON,C,T4B,35.48,18.05,44,-25.95,-0.5897,0.5897
DJ505142_2,EU MJ MCQ-01铝槽环绕灯带双开门+开放格木质镜柜70*78*18 白色 一件一箱,ALL,AMAZON,C,T4B,27.87,14.98,44,-29.02,-0.6596,0.6596
DJ505178_2,US 双顶带软包凳咖啡桌 一件一箱 颜色->火烧云,ALL,TEMU,C,T4B,11.65,5.59,44,-38.41,-0.8729,0.8729
DJ505190_1,US SD 1.5米板材衣帽架 一件两箱  颜色->水曲柳白,ALL,AMAZON,C,T4B,52.46,26.69,44,-17.31,-0.3934,0.3934
DJ505514_2,UK AG JYH208A 棉麻软包气杆床 床耳床尾3灯带 靠背翻盖 90*190cm 一件两箱 颜色->米白,ALL,AMAZON,C,T4B,10.19,4.89,44,-39.11,-0.8889,0.8889
DJ505673_1,US RL-597款 F尺寸5抽上下床带桌子含灯带插排，带侧袋和桌边布袋 一件两箱 颜色->火烧云,ALL,UNKNOWN,B,T4B,34.52,18.56,44,-25.44,-0.5782,0.5782
DJ505733_1,US 1.6米农舍L桌 一件一箱 颜色->木色藤编,ALL,AMAZON,C,T4B,31.22,14.99,44,-29.01,-0.6594,0.6594
DJ505784_2,US VD 高架床 L形上下铺 双书桌 T 一件两箱 颜色->黑色,ALL,UNKNOWN,C,T4B,7.31,3.51,44,-40.49,-0.9203,0.9203
DJ505787_3,US SR RWN-02 2抽1空格床头柜 美规插排辐射松贴水曲柳实木皮油漆 一件一箱 颜色->棕色,ALL,AMAZON,C,T4B,17.49,8.40,44,-35.60,-0.8091,0.8091
DJVN000134_1,"US QZ 条纹浴室柜，带单色灯带，一件一箱 尺码->#1,原木色",ALL,AMAZON,D,T4B,44.95,21.58,44,-22.42,-0.5096,0.5096
DJVN000147_1,US WIN 升降咖啡桌圆角款一件一箱 颜色->棕色Joyful-J7856-7V 3DPM)底座山纹黑,ALL,AMAZON,D,T4B,33.50,18.01,44,-25.99,-0.5907,0.5907
DJ502566_4,US SD 双抽文件柜带排插 一件一箱 颜色->棕色,ALL,AMAZON,C,T4B,35.03,14.29,43,-28.71,-0.6677,0.6677
DJ502963,EU DC 折叠床床面菱形网改款 黑色 5英寸床垫 一件一箱,ALL,AMAZON,C,T4B,62.91,32.01,43,-10.99,-0.2556,0.2556
DJ504469_2_WF,US TA 1.1米衣帽架带鞋架层架 一件一箱 颜色->黑色,ALL,UNKNOWN,C,T4B,34.87,18.75,43,-24.25,-0.5641,0.5641
DJ504538_1,US K腿6抽单人游戏桌 一件一箱 颜色->黑色碳纤维,ALL,UNKNOWN,B,T4B,23.10,11.76,43,-31.24,-0.7266,0.7266
DJ504777_1,US UA 窄款拱顶书柜 一件一箱 颜色->黑色,ALL,WALMART,B,T4B,21.39,11.50,43,-31.50,-0.7325,0.7325
DJ504881_1,EU AG 高架床 上下铺 侧边布抽衣帽架 床垫90*200cm 一件两箱 颜色->黑色,ALL,UNKNOWN,C,T4B,13.46,7.24,43,-35.76,-0.8317,0.8317
DJ505019_3,US DC 高架床 LLB-04  YL 私密堡垒储物款 T 尺寸 一件一箱 颜色->多色,ALL,AMAZON,C,T4B,38.00,18.24,43,-24.76,-0.5758,0.5758
DJ505050_7,EU BW铁木软包床LIWS-01 床头两层板+灯带+插排HQ 黑色+火烧色 一件一箱 90*190,ALL,AMAZON,C,T4B,45.92,23.36,43,-19.64,-0.4566,0.4566
DJ505139_3,US SD 2米美式L桌带6抽 一件两箱 颜色->I27014K木纹,ALL,AMAZON,C,T4B,34.54,16.58,43,-26.42,-0.6144,0.6144
DJ505161_1,US R132款 侧梯7抽帐篷低阁楼床带2条灯带床头置物袋 一件一箱 颜色->黑色,ALL,UNKNOWN,A,T4B,14.15,7.61,43,-35.39,-0.8230,0.8230
DJ505237_1,US HS 储物柜-DSXC-01抽面铣型带插板 DFS 九斗 2x3+3一件两箱 颜色->黑色,ALL,UNKNOWN,C,T4B,23.08,12.41,43,-30.59,-0.7115,0.7115
DJ505278_1,US DC 高架床 LB-12 GS 错台U桌+七抽柜款 F尺寸  一件两箱 颜色->黑色,ALL,WALMART,B,T4B,15.86,8.53,43,-34.48,-0.8017,0.8017
DJ505307_1,US HS 梳妆台 VDNX-01 改 MFL 错落布局 六抽一门好莱坞灯串 一件一箱 颜色->白色,ALL,UNKNOWN,C,T4B,24.46,13.15,43,-29.85,-0.6942,0.6942
DJ505311_2,US HS 抽屉柜 DDB-09 3x3 底座 三孔插排 无把手 一件两箱 颜色->白色,ALL,UNKNOWN,C,T4B,13.10,5.34,43,-37.66,-0.8757,0.8757
DJ505379_1,EU FR浴室宽高柜 拼框玻璃柜门含灯光 上下双开门 两格H180 一件一箱  颜色->白色,ALL,AMAZON,C,T4B,34.54,16.58,43,-26.42,-0.6144,0.6144
DJ505419_2,"US AG 乡村风板式翻盖气撑床架 Q 一件两箱 尺码->#2,胡桃木色",ALL,AMAZON,C,T4B,23.27,12.51,43,-30.49,-0.7091,0.7091
DJ505483_1,US 1.2米双铁网门厨房置物架 一件一箱 颜色-> 颜色->黑麻,ALL,AMAZON,C,T4B,39.86,19.13,43,-23.87,-0.5551,0.5551
DJ505742_2,US AG 高搁架6布抽角落床 F 一件一箱 颜色->灰色,ALL,AMAZON,C,T4B,12.84,6.17,43,-36.83,-0.8566,0.8566
DJVN000152_1,US WIN桌面八边形行政桌 一件两箱 颜色->棕色：大通元素DS66131,ALL,AMAZON,C,T4B,8.84,4.75,43,-38.25,-0.8895,0.8895
DJ454909_2,"EU MS 猫爬架 猫勺2个 一件一箱 颜色->#1,紫灰色",ALL,AMAZON,C,T4B,50.27,20.51,42,-21.49,-0.5117,0.5117
DJ503909,EU BW SC-01鞋柜4翻盖8隔板+不锈钢翻转 白色 一件一箱,ALL,AMAZON,C,T4B,36.41,14.86,42,-27.14,-0.6463,0.6463
DJ504309_6,EU BW铁木床DIW-02 床头一层板+几何造型+灯带插排 ZY 火烧色 一件一箱180*200,ALL,AMAZON,C,T4B,36.99,17.75,42,-24.25,-0.5773,0.5773
DJ504795_1,EU AG 铁木软包床 3置物层 欧标USB排插 灯带 1.4*2m 一件一箱 颜色->黑色,ALL,AMAZON,C,T4B,11.07,5.31,42,-36.69,-0.8735,0.8735
DJ504955_2,"US HA 储物柜 DT34 6抽无拉手悬浮矮柜含灯带 颜色->#2,白色麻面",ALL,AMAZON,C,T4B,56.41,30.33,42,-11.67,-0.2779,0.2779
DJ505103_1,EU AG转角床 深灰棉麻 床头可互换0.9*2m 2灯带 欧规2AC+2USB 一件两箱 颜色->火烧云,ALL,UNKNOWN,C,T4B,16.95,9.11,42,-32.89,-0.7831,0.7831
DJ505189_3,US YW01F 7抽帐篷低阁楼床带2条灯带床头置物袋 颜色->粉色,ALL,AMAZON,C,T4B,15.28,7.33,42,-34.67,-0.8254,0.8254
DJ505214_1,"US 床YW541T 双层床+桌面  99*190 一件一箱 颜色->#1,纯白",ALL,UNKNOWN,C,T4B,28.38,11.58,42,-30.42,-0.7243,0.7243
DJ505273_1,US 床T-B303F软包床头翻开床尾铝材四抽137*190 一件一箱 颜色麻布深灰,ALL,AMAZON,B,T4B,19.43,10.45,42,-31.55,-0.7513,0.7513
DJ505303_1,US 床YLS-017上T下F床4抽办公桌含插盘灯带一件两箱黑铁+火烧云板+火烧云抽面,ALL,AMAZON,B,T4B,47.39,19.33,42,-22.67,-0.5397,0.5397
DJ505312_5,EU DC软包床 160x200BCR-01下翻门+灯带+插排HQ611灰色麻面+火烧云 一件两箱,ALL,AMAZON,C,T4B,21.04,10.10,42,-31.90,-0.7596,0.7596
DJ505418_1,"US AG 乡村风板式翻盖气撑床架 F 一件两箱 尺码->#1,仿古白色",ALL,AMAZON,C,T4B,15.33,6.26,42,-35.74,-0.8511,0.8511
DJ505424_2,US SD 美式乡村竖条纹4抽文件柜 一件一箱 颜色->棕+白,ALL,AMAZON,C,T4B,23.69,11.37,42,-30.63,-0.7292,0.7292
DJ505427_1,EU DC 软包双灯款气动床BQQ-02 ZY 93款  灰色 一件两箱 90*200,ALL,AMAZON,C,T4B,8.41,4.04,42,-37.96,-0.9038,0.9038
DJ505494_1,"US UA DK-XZ08 一型圆拱腿开放置物行政桌 一件一箱 颜色->黑色,山纹黑",ALL,UNKNOWN,C,T4B,14.14,7.60,42,-34.40,-0.8190,0.8190
DJ505532_1,US 1.4米单人6抽升降桌 一件两箱 颜色->棕色+白色,ALL,AMAZON,C,T4B,76.29,41.01,42,-0.99,-0.0235,0.0235
DJ505538_2,US DC 板式床 BFX-02黑麻面床下四抽屉-GS021 K 黑 一件两箱,ALL,AMAZON,C,T4B,49.43,26.57,42,-15.43,-0.3673,0.3673
DJ505550_1,"US UA DK-SJ03 L型板式储物升降电脑桌 一件两箱 颜色->#1,胡桃色+黑色",ALL,UNKNOWN,C,T4B,18.38,8.82,42,-33.18,-0.7899,0.7899
DJ505596_2,EU AG JYH234 棉麻软包气杆床 尼罗橡木板 掀盖靠背 双灯带 140*190cm 一件两箱 颜色->米白,ALL,AMAZON,C,T4B,18.82,9.03,42,-32.97,-0.7849,0.7849
DJ505610_1,UK BW 边柜NSD-03 英标插排氛围灯款 上空2抽 两件一箱 颜色->黑色,ALL,AMAZON,C,T4B,6.20,2.98,42,-39.02,-0.9291,0.9291
DJ505666_6,"EU KM BF-RG01 软包拐角液压床 双包装 尺码->XL,140*200;颜色->灰色,亚麻灰",ALL,AMAZON,C,T4B,7.97,3.83,42,-38.17,-0.9089,0.9089
DJ505668_3,US SD L桌带文件抽桌面宽470mm  颜色->白色,ALL,UNKNOWN,C,T4B,17.71,8.50,42,-33.50,-0.7975,0.7975
DJ505674_2,"EU KM BF-GJ05 软包L型单包基础款 一件一箱 灰色 尺码->M ,90*200",ALL,AMAZON,C,T4B,17.71,8.50,42,-33.50,-0.7975,0.7975
DJ505685_2,UK BW 悬浮床BXF-Q03床头储物 CY 灰色麻布+黑色 一件两箱150*200,ALL,AMAZON,C,T4B,6.20,2.98,42,-39.02,-0.9291,0.9291
DJ505695_3,US YSY-599款 F尺寸上床下书架含灯带插排含床侧挂袋 一件两箱 颜色->灰色,ALL,UNKNOWN,C,T4B,21.70,10.42,42,-31.58,-0.7520,0.7520
DJVN000014_2,"US AE 书柜(Vietnam) 3抽屉 带插排小台款（大款）加RGB灯带 颜色->#1,白色麻面",ALL,UNKNOWN,C,T4B,23.18,11.13,42,-30.87,-0.7350,0.7350
DJVN000115_1,US QZ 24寸洗手台，两门一抽，白色水曲柳，一件一箱,ALL,AMAZON,D,T4B,45.09,24.24,42,-17.76,-0.4229,0.4229
DJ502950,US DC 木质镜柜三开门 80*16*60 白色 一件一箱,ALL,UNKNOWN,C,T4B,24.88,12.66,41,-28.34,-0.6912,0.6912
DJ504520_2,US 160cm单人板材电脑桌 一件一箱 颜色->灰古木-40三胺,ALL,UNKNOWN,C,T4B,54.58,22.27,41,-18.73,-0.4568,0.4568
DJ504577_2,"US BF 储物柜 DT30 7抽凹槽无把手高柜一件一箱 颜色->#2,白色小麻",ALL,AMAZON,C,T4A,56.51,26.22,41,-14.78,-0.3605,0.3605
DJ505115_2_WF,US 1.2米美式单人高桌  一件两箱 颜色->灰色,ALL,UNKNOWN,C,T4B,27.90,15.00,41,-26.00,-0.6342,0.6342
DJ505177_2,US AG 6布抽2小翻盖角落床 F 一件两箱 颜色->灰色,ALL,UNKNOWN,B,T4B,14.77,7.94,41,-33.06,-0.8064,0.8064
DJ505207_3,US 竖条纹吸塑错层板材L桌 一件两箱 颜色->白+黑,ALL,AMAZON,C,T4B,40.45,20.58,41,-20.42,-0.4980,0.4980
DJ505300_3,US 床GJ-013T低阁楼双层储物6布抽床+空格含灯带一件一箱黑铁+黑色小浮雕,ALL,UNKNOWN,A,T4B,12.60,6.41,41,-34.59,-0.8436,0.8436
DJ505341_1,US VD JYH205 PU软包4抽床 弧形掀盖靠背 双灯带 F 一件两箱 颜色->黑色,ALL,AMAZON,B,T4B,32.69,15.69,41,-25.31,-0.6173,0.6173
DJ505342_2,US VD JYH205 绒布软包4抽床 弧形掀盖靠背 双灯带 Q 一件两箱 颜色->粉色,ALL,AMAZON,C,T4B,15.06,7.23,41,-33.77,-0.8238,0.8238
DJ505562_2,"USHA MFL-DT37 无拉手假12抽斗柜矮柜 一件两箱 颜色->#2,白色麻面",ALL,AMAZON,C,T4B,41.87,22.51,41,-18.49,-0.4510,0.4510
DJ505601_1,US DC 炫酷软包床 BFCB-01 PU材质 床头下翻门 灯带插排 Q 黑色 一件两箱,ALL,UNKNOWN,B,T4B,11.07,5.31,41,-35.69,-0.8704,0.8704
DJ505685_1,UK BW 悬浮床BXF-Q03床头储物 CY 灰色麻布+黑色 一件两箱135*190,ALL,AMAZON,C,T4B,12.40,5.95,41,-35.05,-0.8548,0.8548
DJVN000014_4,US AE 书柜(Vietnam) 3抽屉 带插排小台款（大款）加RGB灯带 颜色->#4,ALL,WALMART,C,T4B,18.08,8.68,41,-32.32,-0.7883,0.7883
DJVN000139_1,US WIN 农舍风多抽升降咖啡桌-四抽款 一件一箱 颜色->顶板颜色大通H65014K/桌身大通G05256K,ALL,AMAZON,D,T4B,35.33,18.99,41,-22.01,-0.5368,0.5368
DJVN000175_1,US PIX T折叠床垫 一件一箱 颜色->#3,ALL,AMAZON,D,T4B,17.49,8.40,41,-32.60,-0.7952,0.7952
DJ470882_1,US AE 写字桌  （92*48）四个小抽屉 白色 一件一箱,ALL,UNKNOWN,C,T4B,22.12,11.89,40,-28.11,-0.7026,0.7026
DJ486101_3,US TP 书桌 带灯泡  2小3大抽屉3折镜（拆装）  一件一箱 颜色->棕色,ALL,AMAZON,C,T4A,113.27,52.08,40,12.08,0.3020,0.3020
DJ487481_2,"EU MS 猫爬架 单勺两房 90MM 一件一箱 颜色->#1,浅灰+白麻",ALL,UNKNOWN,C,T4B,27.60,14.04,40,-25.96,-0.6490,0.6490
DJ502566_3_WF,US SD 双抽文件柜带排插 一件一箱 颜色->灰色,ALL,UNKNOWN,C,T4B,52.08,26.50,40,-13.50,-0.3375,0.3375
DJ502834_3,"US AG 铁木3抽边桌 灯带+排插  一件一箱 颜色->#1,火烧云",ALL,UNKNOWN,C,T4B,34.41,16.52,40,-23.48,-0.5871,0.5871
DJ503114_1,HS NSD-02边柜 两抽布抽屉 带插排氛围灯款 两件一箱 颜色->黑色,ALL,TIKTOK,C,T4B,25.27,12.86,40,-27.14,-0.6786,0.6786
DJ503846_3,US TA X字板材厨房置物架 一件一箱 颜色->灰K13074K,ALL,AMAZON,C,T4B,58.45,23.85,40,-16.15,-0.4038,0.4038
DJ503976_2,"US AG 1x3藤编交叉腿边桌 含排插 一件一箱 尺码->#2,黑色",ALL,UNKNOWN,C,T4B,27.42,13.95,40,-26.05,-0.6513,0.6513
DJ504751_1,US GS01 8抽转角铁床可左右换装含插排灯带床沿挡片 一件一箱 颜色->黑色,ALL,UNKNOWN,C,T4B,32.60,13.30,40,-26.70,-0.6675,0.6675
DJ504762_2_WF,US SD T字双人桌 一件一箱  颜色->火烧云,ALL,UNKNOWN,C,T4B,29.01,14.76,40,-25.24,-0.6310,0.6310
DJ504764_2,"US 床YL-412T 柜体沙发床+桌面 含灯带、插盘99*190 颜色->#2,黑铁+灰板",ALL,AMAZON,A,T4B,74.01,35.52,40,-4.48,-0.1119,0.1119
DJ504770_2,EU MS 猫爬架 2房1吊床2顶窝 175cm 一件一箱 颜色->深灰色,ALL,AMAZON,C,T4B,43.56,22.16,40,-17.84,-0.4460,0.4460
DJ504824_2,US 3抽农舍风竖条文件柜 一件一箱 颜色->棕色,ALL,AMAZON,C,T4B,34.67,17.64,40,-22.36,-0.5589,0.5589
DJ505171_1_WF,US AG 翻盖布抽角落床 F 一件两箱 颜色->火烧云,ALL,UNKNOWN,D,T4B,9.96,4.78,40,-35.22,-0.8804,0.8804
DJ505259_1,"US AG 板式床 藤编拼框 4抽 掀盖靠背 Q款 一件两箱 颜色->#1,木纹色",ALL,AMAZON,C,T4B,39.04,20.99,40,-19.01,-0.4753,0.4753
DJ505309_1_WF,US HS 抽屉柜 DDB-06 2x4 底座 无把手 DFS 一件两箱 颜色->黑色,ALL,UNKNOWN,C,T4B,35.43,17.01,40,-22.99,-0.5748,0.5748
DJ505312_4,EU DC软包床140x200BCR-01下翻门+灯带+插排HQ611灰色麻面+火烧云 一件两箱,ALL,AMAZON,C,T4B,25.46,12.22,40,-27.78,-0.6944,0.6944
DJ505424_1,US SD 美式乡村竖条纹4抽文件柜 一件一箱 颜色->棕色,ALL,AMAZON,C,T4B,25.46,12.22,40,-27.78,-0.6944,0.6944
DJ505428_1,EU BW 软包折叠储物气动床BQQ-03 ZY 95款 灰色 一件两箱 90*200,ALL,AMAZON,C,T4B,9.74,4.68,40,-35.32,-0.8831,0.8831
DJ505477_2,US VD 低高架床 侧边步梯 渐变色9布抽 F 一件两箱 颜色->灰色,ALL,UNKNOWN,B,T4B,34.37,18.48,40,-21.52,-0.5380,0.5380
DJ505528_1,EU DC 铁木床 CBF-01L HQ 方管软包角落床带抽篮-606G 90*190 米白色 一件一箱,ALL,AMAZON,D,T4B,13.06,6.27,40,-33.73,-0.8432,0.8432
DJ505640_1,EU AG软包气杆床 绒布 床头可调+尾抽1.6*2m 1灯带 欧标排插3U1T 一件两箱 颜色->深灰色,ALL,AMAZON,C,T4B,8.86,4.25,40,-35.75,-0.8937,0.8937
DJ505727_1,US 85cm四层四抽文件柜 一件一箱 颜色->0873-13顶板棕+白,ALL,AMAZON,C,T4B,9.96,4.78,40,-35.22,-0.8804,0.8804
DJ505885_3,US SD 2.5米美式双人升降桌 一件两箱 颜色->棕色,ALL,AMAZON,D,T4B,8.64,4.14,40,-35.86,-0.8964,0.8964
DJVN000170_1,"US WIN 斜拼花纹农舍风L升降行政桌 一件两箱 颜色->#2,吉福Joyful 7 TP-JH2203 3DMB",ALL,AMAZON,C,T4B,26.04,14.00,40,-26.00,-0.6500,0.6500
SFDJ505118_1,US 1.4米升降桌 一件两箱  颜色->主体白+顶板棕,ALL,TEMU,D,T4B,45.00,24.19,40,-15.81,-0.3952,0.3952
DJ503122_2,US SD 谷仓门双顶咖啡桌 一件一箱 颜色->火烧云色,ALL,AMAZON,C,T4B,64.17,26.18,39,-12.82,-0.3287,0.3287
DJ503351_2,US SD L桌高桌带X字双抽  一件一箱 颜色->白麻,ALL,AMAZON,C,T4B,107.19,43.73,39,4.73,0.1213,0.1213
DJ503351_4,US SD L桌高桌带X字双抽  一件一箱 颜色->黑色,ALL,TEMU,B,T4B,63.20,25.78,39,-13.22,-0.3389,0.3389
DJ503483_3,US PT 带灯排插层架文件柜  一件一箱 颜色->灰色,ALL,AMAZON,C,T4B,47.29,22.70,39,-16.30,-0.4179,0.4179
DJ503912_2,US AG 软包床 郁金香花瓣 荷兰绒 4抽屉 T 一件一箱 颜色->粉色,ALL,AMAZON,C,T4B,28.63,11.68,39,-27.32,-0.7006,0.7006
DJ504021_2,US AG 玻璃桌面灯带边桌 含插座  一件一箱 颜色->白色,ALL,TIKTOK,C,T4B,17.35,9.32,39,-29.68,-0.7609,0.7609
DJ504129_2,US 轻奢风吸塑1m文件柜 一件一箱 颜色->黑色,ALL,UNKNOWN,C,T4B,46.47,24.98,39,-14.02,-0.3594,0.3594
DJ504572_1,US 1.4mX字腿错层板材单人桌 一件一箱 颜色->棕顶+白,ALL,UNKNOWN,C,T4B,28.41,11.59,39,-27.41,-0.7028,0.7028
DJ504777_2,US UA 窄款拱顶书柜 一件一箱 颜色->橡木色,ALL,WALMART,B,T4B,23.63,12.70,39,-26.30,-0.6743,0.6743
DJ504889_2,"US AE 书桌 VT08 玻璃柜两抽玻璃桌面梳妆台带RGB灯带 颜色->#2,黑色麻面",ALL,UNKNOWN,C,T4B,5.54,2.66,39,-36.34,-0.9319,0.9319
DJ504890_3,US SD L桌商用高桌带洞洞板 一件两箱 颜色->白色,ALL,AMAZON,C,T4B,21.99,11.82,39,-27.18,-0.6969,0.6969
DJ504986_2,US 梳妆台-VDQS-01轻奢风波浪板 一件一箱 颜色->白色,ALL,AMAZON,C,T4B,8.98,4.83,39,-34.17,-0.8762,0.8762
DJ505062_2,US SD 1.2米翻转升降桌 一件一箱 颜色->黑色,ALL,AMAZON,C,T4B,33.85,13.81,39,-25.19,-0.6460,0.6460
DJ505125_2,US 侧面爬梯上床下桌T 一件两箱 颜色->白色,ALL,WALMART,B,T4B,13.06,5.33,39,-33.67,-0.8634,0.8634
DJ505168_3,"US 594款 T尺寸上床下桌8抽带灯带插排 一件一箱,箱规不超49kg 颜色->灰色",ALL,TIKTOK,A,T4B,12.98,6.98,39,-32.02,-0.8211,0.8211
DJ505307_2,US HS 梳妆台 VDNX-01 改 MFL 错落布局 六抽一门好莱坞灯串 一件一箱 颜色->黑色,ALL,AMAZON,C,T4B,22.93,11.01,39,-28.00,-0.7178,0.7178
DJ505500_2,EU AG 布抽软包靠背角落床 140*200 一件两箱 颜色->白色,ALL,AMAZON,C,T4B,16.61,7.97,39,-31.03,-0.7956,0.7956
DJ505645_2,US VD 板式床 乡村风 3灯带 2柜门 4抽 F 一件两箱 颜色->灰色,ALL,UNKNOWN,C,T4B,2.66,1.27,39,-37.73,-0.9673,0.9673
DJ505790_1,"UK KM BF-TG02 铁木软包大床头拐角床 双包装 尺码->L,135*190 亚麻-灰",ALL,AMAZON,C,T4B,24.36,11.69,39,-27.31,-0.7003,0.7003
DJVN000169_1,"US WIN L型斜抽升降桌 一件两箱 颜色->#2,棕色:元素H64154K",ALL,AMAZON,C,T4B,11.41,6.13,39,-32.87,-0.8427,0.8427
SFDJ503122_2,US SD 谷仓门双顶咖啡桌 一件一箱 颜色->火烧云色,ALL,TIKTOK,D,T4B,58.56,28.11,39,-10.89,-0.2793,0.2793
DJ502682_3,US床T-B213Q软包灯带和USB款四抽屉含垫（153*203）一件一箱 颜色黑色PU,ALL,AMAZON,C,T3,137.82,113.01,38,75.01,1.9740,1.9740
DJ504015_3_WF,US 纯板材三抽双人电脑桌  一件一箱 颜色->橡木棕色,ALL,UNKNOWN,C,T4B,6.64,3.19,38,-34.81,-0.9161,0.9161
DJ504027_4,EU DC 悬浮床BXF-01L 铁管全拆装无床头-93款 HQ 黑色 140*200 一件一箱,ALL,AMAZON,C,T4B,88.65,45.11,38,7.11,0.1870,0.1870
DJ504106_2,EU AG 悬浮床 软包床头 铁框架 灯带 USB插排 1.4*1.9m 一件一箱 颜色->白色,ALL,AMAZON,C,T4B,42.51,17.34,38,-20.66,-0.5436,0.5436
DJ504107_3,EU AG 悬浮床 软包床头 铁框架 灯带 USB插排 1.4*2m 一件一箱 颜色->米白,ALL,AMAZON,C,T4B,19.07,7.78,38,-30.22,-0.7952,0.7952
DJ504108_2,EU AG 悬浮床 软包床头 铁框架 灯带 USB插排 1.6*2m 一件一箱 颜色->白色,ALL,AMAZON,C,T4B,24.51,13.18,38,-24.82,-0.6532,0.6532
DJ504354_2,US TA 双顶布抽层架带灯咖啡桌 一件一箱 颜色->黑+棕,ALL,UNKNOWN,B,T4B,16.22,8.26,38,-29.74,-0.7828,0.7828
DJ504397_1,"EU KM 板式鞋柜 100m双排4门2抽鞋柜  单包 颜色->白色,麻面白",ALL,AMAZON,C,T4B,45.53,21.86,38,-16.15,-0.4249,0.4249
DJ504477_2,US 床T-B737F拱形中间翻门水晶扣围栏含插盘灯带137*190 颜色白铁+米白绒布+白板+白脚,ALL,UNKNOWN,C,T4B,16.95,8.62,38,-29.38,-0.7730,0.7730
DJ505016_1,"US UA DK-XZ02 板式梯形腿假厚桌面行政桌 一件一箱 颜色->黑色,山纹黑",ALL,AMAZON,C,T4B,40.78,16.64,38,-21.36,-0.5622,0.5622
DJ505017_1,US SD 1.5米圆弧竖条形电脑桌 一件一箱 颜色原木色7625手抓纹+82039-162,ALL,UNKNOWN,C,T4B,3.76,1.81,38,-36.19,-0.9524,0.9524
DJ505048_5,"EU KM BF GY01 靠背储物液压床 双箱 尺码>XXL,160*200;颜色>白色,PU-白",ALL,AMAZON,C,T4B,20.93,10.65,38,-27.35,-0.7197,0.7197
DJ505048_8,"EU KM BF GY01 靠背储物液压床 双包 尺码>XXXL,180*200;颜色>灰色,亚麻灰",ALL,UNKNOWN,C,T4B,42.14,22.65,38,-15.35,-0.4038,0.4038
DJ505083_1,"EU KM BF-TG01基础款铁木拐角床 单箱 尺码>M,90*200;颜色>黑色,亚麻灰+山纹黑",ALL,UNKNOWN,C,T4B,22.38,12.03,38,-25.97,-0.6834,0.6834
DJ505205_1,US DC 高架床 LB-X  AF 七抽L桌款 T尺寸 一件两箱 颜色->黑色,ALL,WALMART,B,T4B,18.41,8.84,38,-29.16,-0.7674,0.7674
DJ505235_1,US VD 高架床 上下铺 办公桌 书架 T 一件两箱 颜色->白色,ALL,AMAZON,C,T4B,40.93,16.70,38,-21.30,-0.5605,0.5605
DJ505296_1,US UA 大款门厅架带全身镜侧边储物柜 一件两箱 颜色->白色,ALL,AMAZON,C,T4A,63.91,29.65,38,-8.35,-0.2196,0.2196
DJ505347_3,US 1.1变1.5米圆形带层架餐桌椅套装 一件一箱 颜色->黑色,ALL,AMAZON,C,T4B,25.79,13.86,38,-24.14,-0.6352,0.6352
DJ505438_1,US DC 现代农舍 BFMH-01床下六抽屉 Q 白色 一件两箱,ALL,AMAZON,C,T4B,4.43,2.13,38,-35.87,-0.9440,0.9440
DJ505588_2,EU AG JYH210 棉麻软包气杆床 靠背2档调节 双灯带 180*200cm 一件两箱 颜色->米白,ALL,AMAZON,C,T4B,16.16,7.76,38,-30.24,-0.7958,0.7958
DJ505756_1,US AG 大款玻璃桌面 铁木3抽2门书桌 一件一箱 颜色->白色,ALL,AMAZON,C,T4B,5.76,2.76,38,-35.24,-0.9273,0.9273
DJ505845_2,"US ER BF-TM05 美国6抽儿童床造型款一件一箱 颜色->#3,粉色",ALL,AMAZON,C,T4B,8.19,3.93,38,-34.07,-0.8965,0.8965
DJVN000014_1,"US AE 书柜(Vietnam) 3抽屉 带插排小台款（大款）加RGB灯带 颜色->#3,灰木纹色麻面",ALL,UNKNOWN,C,T4B,16.42,8.83,38,-29.17,-0.7677,0.7677
DJVN000211_1,"US WIN 农舍餐边柜 一件一箱 颜色->#1,胡桃色元素DS66108农舍白元素DS6612",ALL,AMAZON,D,T4B,7.75,3.72,38,-34.28,-0.9021,0.9021
SFDJ503122_1,US SD 谷仓门双顶咖啡桌 一件一箱 颜色->浅橡木灰,ALL,TIKTOK,D,T4B,53.72,25.79,38,-12.21,-0.3214,0.3214
100103702,US DC 铁木床 CBF-02GL 方管铁木角落床带抽篮-113G TXL 白 一件一箱,ALL,AMAZON,D,T4B,6.64,3.19,37,-33.81,-0.9138,0.9138
DJ502512_2_WF,US AE 书柜 3抽屉 带插排小台款（大款） 颜色->黑色,ALL,UNKNOWN,C,T4B,60.42,29.00,37,-8.00,-0.2161,0.2161
DJ502919_5,US TA 双抽双顶咖啡桌 颜色->棕色+黑麻,ALL,AMAZON,C,T4B,18.40,9.36,37,-27.64,-0.7471,0.7471
DJ503171_4,US TA 双顶双抽带门咖啡桌 一件一箱 颜色->棕色,ALL,AMAZON,C,T4B,24.39,11.71,37,-25.29,-0.6835,0.6835
DJ503351_3,US SD L桌高桌带X字双抽  一件一箱 颜色->灰色989-3,ALL,UNKNOWN,B,T4B,21.26,10.20,37,-26.80,-0.7243,0.7243
DJ503416_1,US PT 美式四抽侧边置物床Q  一件两箱 颜色->黑色PU,ALL,AMAZON,B,T4B,52.48,21.41,37,-15.59,-0.4213,0.4213
DJ503905_1,US AG 高款板式三抽边桌 灯带+排插 一件一箱 颜色->黑色,ALL,UNKNOWN,A,T4B,69.89,33.55,37,-3.45,-0.0933,0.0933
DJ504027_6,EU DC 悬浮床BXF-01L 铁管全拆装无床头-93款 HQ 黑色 180*200 一件一箱,ALL,UNKNOWN,C,T4B,45.20,21.69,37,-15.31,-0.4137,0.4137
DJ504050_1,"US 床BJS-590T低阁楼床下6抽屉含灯带99*190 颜色->#1,白色铁+白色板",ALL,AMAZON,C,T4B,131.35,54.46,37,17.46,0.4718,0.4718
DJ504175_1,"US UA 高款拱顶书柜 铣型门板 一件一箱 颜色->黑色,浮雕黑",ALL,WALMART,A,T4B,39.03,18.73,37,-18.27,-0.4937,0.4937
DJ504298_1,"US BF 储物柜 DT26 8抽凹槽无把手高柜一件一箱 颜色->#1,黑色麻面",ALL,UNKNOWN,A,T4B,57.81,23.25,37,-13.75,-0.3716,0.3716
DJ504348_2,"US 床RL-76T低阁楼床下8抽4空格含灯带99*190 颜色->#20,黑色铁+浅咖色抽面",ALL,AMAZON,B,T3,117.28,108.30,37,71.30,1.9269,1.9269
DJ504365_1,EU KM 喷漆水槽柜60cm两抽金属底角 一箱一个 颜色->白色,ALL,UNKNOWN,C,T4B,60.91,29.24,37,-7.76,-0.2098,0.2098
DJ504475_1,US 床T-B737T拱形中间翻门水晶扣围栏含插盘灯带99*190 颜色白铁+粉色绒布+白板+白脚,ALL,AMAZON,C,T4B,31.11,14.94,37,-22.06,-0.5963,0.5963
DJ504705_2,"US UA 高款罗马柱床头柜带灯带插排 一件一箱 颜色->棕色,刀砍纹棕",ALL,AMAZON,C,T4B,22.95,11.01,37,-25.99,-0.7023,0.7023
DJ504777_3,US UA 窄款拱顶书柜 一件一箱 颜色->棕色G29024I,ALL,WALMART,B,T4B,13.93,6.69,37,-30.31,-0.8193,0.8193
DJ504937_2,EU AG 气杆软包床 圆弧掀盖靠背 双灯带 棉麻 1.4*2m 颜色->米白,ALL,AMAZON,C,T4B,24.24,13.03,37,-23.97,-0.6479,0.6479
DJ504986_1,US 梳妆台-VDQS-01轻奢风波浪板 一件一箱 颜色 木纹色,ALL,AMAZON,C,T4B,11.63,6.25,37,-30.75,-0.8310,0.8310
DJ505140_3,US SD L桌美式四抽四柜门高桌 一件两箱  颜色->I27014K木纹,ALL,AMAZON,C,T4B,11.29,5.42,37,-31.58,-0.8535,0.8535
DJ505174_4,"US UA DK-XZ03 L型铁木3抽弧形腿行政桌 一件两箱 颜色->#4,原木色",ALL,AMAZON,C,T4B,14.61,7.02,37,-29.98,-0.8104,0.8104
DJ505220_2,US DC 铁木床 BFH-01 方管X谷仓吊轨推拉门置物格款- 橡木灰-901 CK 一件两箱,ALL,AMAZON,C,T4B,30.18,15.36,37,-21.64,-0.5849,0.5849
DJ505244_1,"US UA DK-SR01 现代板式双人电脑桌 一件两箱 颜色->白色,白色+黑色",ALL,UNKNOWN,C,T4B,30.42,16.36,37,-20.64,-0.5580,0.5580
DJ505261_2,US VD 板式床 推拉谷仓门 4抽 Q款 一件两箱 颜色->深灰色,ALL,AMAZON,C,T4B,19.86,9.53,37,-27.47,-0.7424,0.7424
DJ505267_3,"US 床RL-510F上床铁网+板下桌挂钩抽屉含插盘灯带137*190一件两箱 颜色->#3,黑铁+灰木纹板",ALL,UNKNOWN,B,T4B,41.88,22.52,37,-14.48,-0.3914,0.3914
DJ505464_1,"UK DC 悬浮床BXF-Q01 602 HQ 白色麻布+原木色 一件两箱135*190 尺码->S,135*190",ALL,AMAZON,C,T4B,25.97,13.97,37,-23.03,-0.6226,0.6226
DJ505496_1,US 床BJS-2408T拱形双开门含插盘灯带 99*190 一件一箱 颜色 粉色绒布+白板,ALL,AMAZON,B,T4B,50.62,25.76,37,-11.24,-0.3038,0.3038
DJ505516_5,EU BW 软包气动床BQQ-01 HQ 608 白色 一件两箱 160*200,ALL,AMAZON,C,T4B,24.36,11.69,37,-25.31,-0.6841,0.6841
DJ505570_2,US 床CY-303Q软包床头翻开床尾铝材四抽灯带153*203 一件一箱 颜色黑色PU+黑铁,ALL,TIKTOK,A,T4B,21.80,11.72,37,-25.28,-0.6832,0.6832
DJ505669_3,US YSY-694款 F尺寸14抽上床下桌带排插灯带 一件两箱 颜色->灰色,ALL,AMAZON,D,T4B,31.55,16.96,37,-20.04,-0.5416,0.5416
DJ505673_2,US RL-597款 F尺寸5抽上下床带桌子含灯带插排，带侧袋和桌边布袋 一件两箱 颜色->白色,ALL,AMAZON,D,T4B,33.50,18.01,37,-18.99,-0.5132,0.5132
DJ505770_2,US DC 高架床 BBC-01 BD173 新长短边储物双床 双T 白色 一件两箱,ALL,UNKNOWN,B,T4B,9.74,4.68,37,-32.32,-0.8736,0.8736
DJ503080_2,"US BF 书柜 金色铁腿+托盘含插盘（大款）加RGB灯带 一件一箱 颜色->#2,白色小麻",ALL,AMAZON,C,T4B,77.01,36.96,36,0.96,0.0268,0.0268
DJ503451_2,"EU KM 铁木带布抽升降可展开咖啡桌 一件一箱 颜色->灰色,浅灰色",ALL,UNKNOWN,C,T4B,76.32,31.14,36,-4.86,-0.1351,0.1351
DJ503451_4,EU KM 铁木带布抽升降可展开咖啡桌 颜色->黑色,ALL,AMAZON,C,T4B,38.04,15.52,36,-20.48,-0.5688,0.5688
DJ503855_1,US 带柜门抽屉美式书架 一件一箱 颜色->白黑,ALL,UNKNOWN,B,T4B,50.10,20.44,36,-15.56,-0.4322,0.4322
DJ503901_2,"US 床T-B704T前后围栏含插盘灯带99*190 颜色,2024-17粉色绒布+白色铁",ALL,AMAZON,B,T3,227.03,186.16,36,150.16,4.1711,4.1711
DJ504216_3,US HA 书桌 VT03 11抽铁木无纺布菱形格双列置物架款 颜色 粉色+粉皮,ALL,AMAZON,C,T4B,39.27,19.98,36,-16.02,-0.4450,0.4450
DJ504258_1,"US BF 书架  BC04 8抽7层双列书架（不可转角） 颜色->#3,黑色+黑pu",ALL,AMAZON,C,T4B,33.51,13.67,36,-22.33,-0.6203,0.6203
DJ504546_1,"US 床YL-544T布抽儿童床含灯带、含插盘99*190 颜色->#1,白色",ALL,UNKNOWN,A,T4B,98.23,52.81,36,16.81,0.4668,0.4668
DJ504596_3,US DC 高架床 LLB-01  YL 床+阅读角 T 尺寸 一件一箱 颜色->粉色,ALL,AMAZON,C,T4B,50.56,20.63,36,-15.37,-0.4270,0.4270
DJ504615,EU BW BSS-01 床头软包倾斜靠背+灯带+插排BD 灰色+火烧色 一件一箱 90*200,ALL,AMAZON,C,T4B,22.88,11.64,36,-24.36,-0.6767,0.6767
DJ504644_1,"EU KM 板式展示柜玻璃带灯 一箱一个 颜色->白色,麻面白",ALL,AMAZON,C,T4B,46.31,18.90,36,-17.10,-0.4751,0.4751
DJ504672_1,US TS11 板式六抽圆柱支撑顶电视柜带电视支架 颜色->黑色,ALL,UNKNOWN,C,T4B,18.01,9.68,36,-26.32,-0.7310,0.7310
DJ504676_2,"US UA 拱顶带灯狭缝柜 一件一箱 颜色->黄色,橡木黄",ALL,UNKNOWN,C,T4B,19.31,9.83,36,-26.17,-0.7270,0.7270
DJ504808_2,US AG 乡村风长虹玻璃LED书桌 一件一箱 颜色->灰色,ALL,AMAZON,C,T4B,19.06,9.15,36,-26.85,-0.7459,0.7459
DJ505099_3,"US 床GS-888T儿童双层床+集合绘本储物 含灯带、插排99*190 颜色->#3,粉色",ALL,AMAZON,B,T4B,15.18,6.19,36,-29.81,-0.8280,0.8280
DJ505257_1,US VD 板式床 掀盖软包靠背 双灯带 4抽 Q款 一件两箱 颜色->黑色,ALL,TIKTOK,A,T4B,5.98,2.87,36,-33.13,-0.9203,0.9203
DJ505305_2,US 床YLS-017上F下F床4抽办公桌含插盘灯带一件两箱白铁+白山纹板+白色PU抽面,ALL,UNKNOWN,B,T4B,37.52,20.17,36,-15.83,-0.4397,0.4397
DJ505318_1,"US床T-B715Q床头置物软包床前后铝材灯带四抽含垫一件两箱152.5*203 颜色->#1,颜色黑色PU",ALL,UNKNOWN,A,T4B,16.86,6.88,36,-29.12,-0.8089,0.8089
DJ505428_3,EU BW 软包折叠储物气动床BQQ-03 ZY 95款 灰色 一件两箱140*200,ALL,AMAZON,C,T4B,5.09,2.45,36,-33.55,-0.9321,0.9321
DJ505483_2,US 1.2米双铁网门厨房置物架 一件一箱 颜色-> 颜色->复古白,ALL,AMAZON,C,T4B,24.58,11.80,36,-24.20,-0.6723,0.6723
DJ505558_3,"EU KM BF-RK01 软包基础靠背收纳款 单包装 尺码->XL,140*200;颜色->白色,pu-油腊皮纹",ALL,AMAZON,C,T4B,5.31,2.55,36,-33.45,-0.9291,0.9291
DJ505626_1,US ER BF-TM03 双层F+T儿童床 一件一箱 颜色->白色,ALL,AMAZON,C,T4B,11.74,5.63,36,-30.37,-0.8435,0.8435
DJ505650_3,US SD 1.4米单人三抽U型腿电脑桌  一件一箱 颜色->白色大山纹零度,ALL,AMAZON,C,T4B,13.73,6.59,36,-29.41,-0.8169,0.8169
DJ505660_2,US 双抽农舍竖条高文件柜 一件一箱 颜色->棕色,ALL,AMAZON,C,T4B,23.32,12.54,36,-23.46,-0.6518,0.6518
DJ505663_2,"EU KM BF-RX03 带床头悬浮床 双包装 尺码->XXXL,180*200;颜色->灰色,亚麻灰",ALL,AMAZON,C,T4B,9.74,4.68,36,-31.32,-0.8701,0.8701
DJVN000014_3,"US AE 书柜(Vietnam) 3抽屉 带插排小台款（大款）加RGB灯带 颜色->#2,黑色麻面",ALL,TEMU,C,T4B,34.70,14.16,36,-21.84,-0.6066,0.6066
DJVN000056_2,US SD 1.7米X字三抽L桌 一件一箱 颜色 颜色->棕色（顶）+白,ALL,AMAZON,C,T3,175.13,157.62,36,121.62,3.3782,3.3782
DJVN000176_1,"US WIN 原木格栅换鞋凳+2门2抽款 一件一箱 颜色->#2,Joyful: J8130-7V 3DPM7",ALL,AMAZON,D,T4B,32.33,15.52,36,-20.48,-0.5689,0.5689
DJ502952_1,US SD 23款L桌高桌 一件一箱 颜色->黑色,ALL,TEMU,A,T4B,23.63,12.70,35,-22.30,-0.6370,0.6370
DJ503411_3,EU KM 铁木圆形升降咖啡桌 颜色->白色,ALL,TEMU,C,T4B,6.64,3.19,35,-31.81,-0.9089,0.9089
DJ503537_1,US SD 1.4米游戏桌 一件一箱 颜色->白色,ALL,AMAZON,C,T4B,30.49,12.44,35,-22.56,-0.6446,0.6446
DJ503835_2,US SD L桌高桌带洞洞铁皮带排插（小尺寸版）  一件一箱 颜色->白色,ALL,AMAZON,C,T4B,54.14,22.09,35,-12.91,-0.3689,0.3689
DJ504048_3,EU DC气动床BQD-01床头两层+灯带+插排HQ603灰色麻布+火烧色 一件两箱140*200,ALL,AMAZON,C,T4B,37.46,19.06,35,-15.94,-0.4555,0.4555
DJ504194_2,"US AG 收纳储物书桌 K字玻璃灯带柜门 LED镜门 凳子 一件一箱 尺码->#2,仿古橡木",ALL,AMAZON,C,T4B,56.77,27.25,35,-7.75,-0.2214,0.2214
DJ504259_2,US SD 2.4米双人八抽电脑桌  一件一箱 颜色->黑色,ALL,UNKNOWN,B,T4B,36.70,18.67,35,-16.33,-0.4664,0.4664
DJ504345_4,EU BW铁木床LIWS-02 高床头储物+倾斜靠背+灯带插排 ZY火烧色一件一箱 140*200,ALL,AMAZON,C,T4B,28.25,11.53,35,-23.47,-0.6706,0.6706
DJ504348_4,US 床RL-76T低阁楼床下8抽4空格含灯带99*190 颜色粉铁+粉麻板+PU粉抽面,ALL,AMAZON,C,T4B,35.21,16.90,35,-18.10,-0.5172,0.5172
DJ504762_4,US SD T字双人桌 一件一箱  颜色->碳纤维黑色,ALL,AMAZON,C,T4B,47.63,22.87,35,-12.13,-0.3467,0.3467
DJ504809_2,"US VD33 书桌 大镜子7抽波浪纹抽面透明玻璃门 一件一箱 颜色->#1,原木色",ALL,AMAZON,C,T4B,10.80,5.49,35,-29.51,-0.8431,0.8431
DJ504915_2,EU DC LED木质镜柜三开门内开 HYC 90*16*60 白色 一件一箱,ALL,AMAZON,C,T4B,51.34,24.64,35,-10.36,-0.2959,0.2959
DJ505168_3,"US 594款 T尺寸上床下桌8抽带灯带插排 一件一箱,箱规不超49kg 颜色->灰色",ALL,WALMART,A,T4B,65.87,31.62,35,-3.38,-0.0967,0.0967
DJ505316_1,US BF VD19 书桌 铁木开门灯带镜子首饰玻璃门带凳子 一件一箱 颜色->白色,ALL,UNKNOWN,C,T4B,9.96,4.78,35,-30.22,-0.8633,0.8633
DJ505329_4,US ER DK-TM01 双侧储物行政电脑桌 一件两箱 颜色->#4 大理石色+黑麻,ALL,AMAZON,D,T4B,15.28,7.33,35,-27.67,-0.7904,0.7904
DJ505369_1,EU AG软包床 绒布四抽 1灯带 欧标3U+1T插排 1.6*2m 一件两箱 颜色->米白,ALL,AMAZON,C,T4B,17.71,9.52,35,-25.48,-0.7279,0.7279
DJ505665_2,"EU AD BF-TG03 铁木软包内侧大布抽拐角床 双包装 尺码->M,90*200;颜色->灰色,亚麻灰",ALL,AMAZON,C,T4B,6.42,3.08,35,-31.92,-0.9120,0.9120
DJ505695_2,US YSY-599款 F尺寸上床下书架含灯带插排含床侧挂袋 一件两箱 颜色->白色,ALL,AMAZON,B,T4B,23.25,11.16,35,-23.84,-0.6811,0.6811
DJ505825_1,US DC 铁木床 BCR-01 圆角软包翻门款- 2376G  白色  F 一件两箱,ALL,AMAZON,D,T4B,5.54,2.66,35,-32.34,-0.9241,0.9241
DJ505848_2,US YSY-696款 T尺寸上下铺4抽长桌面带灯带插排 一件两箱 颜色->白色,ALL,AMAZON,C,T4B,10.41,4.99,35,-30.01,-0.8573,0.8573
DJ505852_2,US RL-R170款上T下F上下铺4抽长桌面带灯带排插 一件两箱 颜色->白色,ALL,AMAZON,D,T4B,8.64,4.14,35,-30.86,-0.8816,0.8816
DJVN000057_3,US SD 1.4米单人X字三抽电脑桌 一件一箱 颜色->象牙灰,ALL,AMAZON,C,T4B,49.22,23.63,35,-11.37,-0.3249,0.3249
SKDJ503450_1,"EU KM 板式L型桌腿升降可展开咖啡桌 颜色->白色,麻面白",ALL,TIKTOK,C,T4B,10.22,5.20,35,-29.80,-0.8515,0.8515
DJ487481_2,"EU MS 猫爬架 单勺两房 90MM 一件一箱 颜色->#1,浅灰+白麻",ALL,AMAZON,C,T4B,73.49,35.28,34,1.28,0.0376,0.0376
DJ502512_1_WF,US AE 书柜 3抽屉 带插排小台款（大款） 颜色->白色,ALL,UNKNOWN,C,T4B,38.64,15.76,34,-18.24,-0.5364,0.5364
DJ502552_1,US TP 书桌 2小3大抽屉3折1大2小方镜 带插排 USB灯泡串（拆装） 颜色->白色,ALL,TIKTOK,C,T4B,14.15,7.61,34,-26.39,-0.7763,0.7763
DJ502919_2,US TA 双抽双顶咖啡桌 颜色->黑麻,ALL,TEMU,B,T4B,35.54,19.11,34,-14.89,-0.4381,0.4381
DJ503450_1,"EU KM 板式L型桌腿升降可展开咖啡桌 颜色->白色,麻面白",ALL,AMAZON,C,T4B,59.61,28.61,34,-5.39,-0.1584,0.1584
DJ503514_2,EU MS 猫爬架3顶窝585增配版 一件一箱 颜色->深灰色,ALL,AMAZON,C,T4B,33.86,16.25,34,-17.75,-0.5220,0.5220
DJ503685_2,US 1米双抽高文件柜 一件一箱 颜色->火烧云X字,ALL,UNKNOWN,B,T4B,37.14,17.83,34,-16.17,-0.4756,0.4756
DJ503733_3,US DC 铁木床 CBF-01L 方管软包角落床带抽篮-112 灰 F 一件一箱,ALL,UNKNOWN,A,T4B,39.03,15.92,34,-18.08,-0.5317,0.5317
DJ503839_2,US DC 软包床 HQ112 三圈灯四抽2085款 Q尺寸 PU 一件一箱 颜色->白色,ALL,AMAZON,C,T4B,35.77,14.59,34,-19.41,-0.5707,0.5707
DJ503897_1,US DC 铁木床 BFH-01 方管X谷仓吊轨推拉门置物格款-胡桃白 901 T 一件一箱,ALL,AMAZON,C,T4B,61.44,25.07,34,-8.93,-0.2627,0.2627
DJ503955_2,US 美式角落桌带抽屉 一件一箱 颜色->灰色,ALL,WALMART,B,T4B,15.59,6.36,34,-27.64,-0.8129,0.8129
DJ504024_1,US 1.2米四抽L桌  一件一箱 颜色->火烧云,ALL,UNKNOWN,B,T4B,29.46,14.99,34,-19.01,-0.5592,0.5592
DJ504034_1,"US 床T-B2355T皇冠灯带99*190 颜色->#1,TX-001米白+粉2024-17绒布+黑色铁",ALL,UNKNOWN,B,T4B,29.26,11.94,34,-22.06,-0.6488,0.6488
DJ504265,US UA 天鹅绒软包床 一件一箱 米白色软包+白色铁架  T尺寸,ALL,AMAZON,C,T4B,26.87,12.14,34,-21.86,-0.6430,0.6430
DJ504309_3,EU BW铁木床DIW-02 床头一层板+几何造型+灯带插排 ZY 火烧色 一件一箱 140*190,ALL,AMAZON,C,T4B,48.49,24.67,34,-9.33,-0.2743,0.2743
DJ504317_1,"US UA一型行政电脑桌 一件一箱 麻面黑+胡桃色 颜色->#1,麻面黑+胡桃色",ALL,UNKNOWN,C,T4B,24.93,12.69,34,-21.31,-0.6269,0.6269
DJ504408_1,"EU KM 80cm4门餐边柜 双包 颜色->白色,麻面白",ALL,UNKNOWN,C,T4B,30.53,15.53,34,-18.47,-0.5431,0.5431
DJ504622_1,US VD 板式床 掀盖软包靠背 双灯带 4抽 T款 一件一箱 颜色->黑色,ALL,UNKNOWN,B,T4B,24.31,13.07,34,-20.93,-0.6157,0.6157
DJ504799_1,US VD 板式床 掀盖软包靠背 双灯带 4抽 K款 一件两箱 颜色->黑色,ALL,UNKNOWN,C,T4B,22.22,10.67,34,-23.33,-0.6863,0.6863
DJ505052_2,EU BW铁木软包床LIWS-01 床头两层板+灯带+插排HQ黑色pu+黑色一件一箱120*200,ALL,AMAZON,C,T4B,39.31,21.13,34,-12.87,-0.3785,0.3785
DJ505069_3,US AG 高架布抽角落床 F 一件一箱 颜色->粉色,ALL,UNKNOWN,C,T4B,9.93,5.34,34,-28.66,-0.8430,0.8430
DJ505138_3,US SD 1.8米三抽L桌带双柜门 一件两箱 颜色->I27014K木纹,ALL,AMAZON,C,T4B,30.75,16.53,34,-17.47,-0.5138,0.5138
DJ505160_1,US DC 高架床 BB-01  YL 双床L桌款 TXL+T  一件两箱 颜色->黑色,ALL,WALMART,B,T4B,27.51,13.20,34,-20.80,-0.6117,0.6117
DJ505208_1,US DC 高架床 BB-02  YL 上T下F 二抽层架款   一件两箱 颜色->黑色,ALL,UNKNOWN,B,T4B,37.37,17.94,34,-16.06,-0.4725,0.4725
DJ505226_3,US 595款 F尺寸上床下桌6抽U形桌面带灯带插排 一件两箱 颜色->灰色,ALL,TIKTOK,A,T4B,6.81,3.66,34,-30.34,-0.8922,0.8922
DJ505241_2,US 床BJS-101T落地三床屋顶床 99*190+99*230一件两箱白铁+白板+白布,ALL,UNKNOWN,C,T4B,31.15,16.75,34,-17.25,-0.5074,0.5074
DJ505294_1,US 洞洞板升降L桌带柜体 一件两箱 颜色->白色,ALL,AMAZON,C,T4B,26.04,10.63,34,-23.37,-0.6874,0.6874
DJ505316_1,US BF VD19 书桌 铁木开门灯带镜子首饰玻璃门带凳子 一件一箱 颜色->白色,ALL,AMAZON,C,T4B,20.59,9.89,34,-24.11,-0.7092,0.7092
DJ505397_1,EU DC 铁木床 CBF-11L 方管铁木角落床带抽篮-138G 黑 90×190 一件两箱,ALL,AMAZON,C,T4B,23.00,12.36,34,-21.64,-0.6364,0.6364
DJ505437_1,US DC 现代农舍 BFMH-01床下六抽屉 Q 黑色 一件两箱,ALL,AMAZON,C,T4B,2.66,1.27,34,-32.73,-0.9625,0.9625
DJ505598_3,US 床GSI-004T上下双层床带侧边办公桌床含插盘灯带99*190 一件两箱 颜色白铁+白山纹板,ALL,AMAZON,C,T4B,42.51,21.63,34,-12.37,-0.3638,0.3638
DJ505616_2,"EU KM BF GY03 靠背储物+开放格+尾抽液压床 尺码->XL,140*200;颜色->灰色,亚麻灰",ALL,AMAZON,C,T4B,3.99,1.91,34,-32.09,-0.9437,0.9437
DJ505936_2,"UK KM  BF RY02 床头拼板液压床 双包 尺码->XL,135*190;颜色->灰色,亚麻-灰",ALL,AMAZON,C,T4B,21.26,10.20,34,-23.80,-0.6999,0.6999
DJ478945_1,"US TP 折叠餐桌 方形玄关桌  一件一箱  颜色->#1,栗木+铁灰",ALL,AMAZON,C,T4B,34.71,12.09,33,-20.91,-0.6336,0.6336
DJ503347_4,US SD 1.5米单人桌三抽  一件一箱 颜色->顶棕+主体白,ALL,AMAZON,C,T4B,22.30,11.35,33,-21.65,-0.6562,0.6562
DJ503351_3,US SD L桌高桌带X字双抽  一件一箱 颜色->灰色989-3,ALL,WALMART,B,T4B,36.88,19.83,33,-13.17,-0.3992,0.3992
DJ503468_1,US  DC 高柜HC-03 3抽3空格 门板铣型 一件一箱 颜色->黑色,ALL,AMAZON,C,T4B,59.03,24.08,33,-8.92,-0.2702,0.2702
DJ504178_1,EU AG JYH208 棉麻软包气杆床 三灯带 140*200cm 一件两箱 颜色->深灰色,ALL,UNKNOWN,B,T4B,38.91,20.92,33,-12.08,-0.3661,0.3661
DJ504270_2,EU AG JYH210 棉麻软包气杆床 靠背2档调节 双灯带 140*200cm 一件两箱 颜色->米白,ALL,UNKNOWN,C,T4B,17.55,8.93,33,-24.07,-0.7294,0.7294
DJ504317_2,"US UA一型行政电脑桌 一件一箱 麻面黑+灰色 颜色->#2,麻面黑+灰色",ALL,AMAZON,C,T4B,36.66,17.60,33,-15.40,-0.4667,0.4667
DJ504982_1,US VD 低高架床 侧步梯 渐变色9布抽 书报架 拱形板 T 一件一箱 颜色->白色,ALL,UNKNOWN,C,T4B,19.98,9.59,33,-23.41,-0.7094,0.7094
DJ505051_7,"EU BW铁木软包床LIWS-01 床头两层板+灯带+插排HQ 白色+原木色 一件一箱,90*190",ALL,AMAZON,C,T4A,86.23,42.41,33,9.41,0.2853,0.2853
DJ505166_2,"US HA 书桌 VT10 小款异型加高梳妆台玻璃柜（含储物凳）+七彩流光灯+插座 颜色->#2,白色麻面",ALL,AMAZON,C,T4B,24.34,12.38,33,-20.62,-0.6247,0.6247
DJ505193_3,US AG 折叠储物沙发床架 左右互换+无纺布抽 T 一件两箱 颜色->火烧云,ALL,UNKNOWN,B,T4B,35.12,17.87,33,-15.13,-0.4584,0.4584
DJ505196_3,US 床YL545 F板式5抽布抽床+集成书柜 一件两箱  颜色->#2黑铁+灰板,ALL,AMAZON,B,T4B,38.39,15.66,33,-17.34,-0.5253,0.5253
DJ505241_3,US 床BJS-101T落地三床屋顶床 99*190+99*230一件两箱粉铁+粉板+粉布,ALL,AMAZON,C,T4B,21.02,10.70,33,-22.31,-0.6759,0.6759
DJ505245_1,"US UA DK-XZ01 板式原木L型行政桌 一件两箱 颜色->#1,年轮橡木",ALL,AMAZON,C,T4B,27.95,13.42,33,-19.58,-0.5934,0.5934
DJ505262_1,US VD 高架床 L形上下铺 侧边5层布抽 T 一件两箱 颜色->白色,ALL,AMAZON,C,T4B,45.02,22.91,33,-10.09,-0.3059,0.3059
DJ505262_1,US VD 高架床 L形上下铺 侧边5层布抽 T 一件两箱 颜色->白色,ALL,UNKNOWN,C,T4B,23.05,12.39,33,-20.61,-0.6245,0.6245
DJ505461_2,US DC 高架床 LLB-02 YL 树屋款低阁楼床 T尺寸  一件两箱 颜色->白色,ALL,UNKNOWN,B,T4B,48.29,25.96,33,-7.04,-0.2134,0.2134
DJ505487_2,"UK KM BF-TR01 基础款铁木床头软包床 尺码->L,135*190;颜色->灰色,灰色+复古色",ALL,AMAZON,C,T4B,35.92,19.31,33,-13.69,-0.4148,0.4148
DJ505532_2,US 1.4米单人6抽升降桌 一件两箱 颜色->棕色+黑色,ALL,AMAZON,B,T4B,191.60,103.01,33,70.01,2.1214,2.1214
DJ505579_2,US 八抽上床下桌带洞洞板  一件两箱  颜色->白色,ALL,TEMU,B,T4B,21.89,11.14,33,-21.86,-0.6626,0.6626
DJ505642_1,EU AG气杆床 绒布 立耳简约款1.4*2m 1灯带 欧标排插3U1T 一件两箱 颜色->米白,ALL,AMAZON,C,T4B,10.85,5.21,33,-27.79,-0.8422,0.8422
DJ505658_4,US SD 1.7米五抽单人桌  一件一箱   颜色->989-3灰色,ALL,AMAZON,D,T4B,7.97,3.83,33,-29.17,-0.8841,0.8841
DJ505668_2,US SD L桌带文件抽桌面宽470mm  颜色->黑色,ALL,TEMU,B,T4B,14.61,7.02,33,-25.98,-0.7874,0.7874
DJ505740_3,US 80cmX字谷仓门板材文件柜 一件一箱 颜色->YB-M941棕,ALL,AMAZON,C,T4B,17.49,8.40,33,-24.60,-0.7455,0.7455
DJ505761_1,US DC 地板床 FBI-02  HQ 树屋侧边储物 Twin  一件一箱 颜色->黑色,ALL,AMAZON,D,T4B,6.20,2.98,33,-30.02,-0.9098,0.9098
DJ505784_1,US VD 高架床 L形上下铺 双书桌 T 一件两箱 颜色->白色,ALL,AMAZON,C,T4B,8.19,3.93,33,-29.07,-0.8808,0.8808
DJVN000057_3,US SD 1.4米单人X字三抽电脑桌 一件一箱 颜色->象牙灰,ALL,WALMART,C,T4B,18.79,9.02,33,-23.98,-0.7267,0.7267
DJVN000116_1,"US QZ 30寸洗手台，两门三抽，一件一箱 ,白水曲柳",ALL,AMAZON,D,T4B,49.00,26.34,33,-6.66,-0.2017,0.2017
SKDJ503451_2,"EU KM 铁木带布抽升降可展开咖啡桌 一件一箱 颜色->灰色,浅灰色",ALL,TIKTOK,C,T4B,10.01,4.80,33,-28.20,-0.8545,0.8545
100102903,US TA 1.5米口子农舍推拉零食柜 一件两箱 颜色->黑+棕,ALL,AMAZON,D,T4B,24.58,11.80,32,-20.20,-0.6313,0.6313
DJ503385_1,US 床T-B208Q软包全拆弧形床头悬浮含插盘灯带153*203 颜色麻布深灰,ALL,UNKNOWN,B,T4B,28.04,14.27,32,-17.73,-0.5542,0.5542
DJ503450_3,EU KM 板式L型桌腿升降可展开咖啡桌 颜色->灰色,ALL,AMAZON,C,T4B,39.45,18.94,32,-13.06,-0.4082,0.4082
DJ503900_2,US 床T-B704F前后围栏含插盘灯带137*190 颜色2024-17粉色绒布+白色铁,ALL,UNKNOWN,B,T4B,29.96,16.10,32,-15.90,-0.4967,0.4967
DJ503901_2,"US 床T-B704T前后围栏含插盘灯带99*190 颜色,2024-17粉色绒布+白色铁",ALL,TIKTOK,B,T4B,24.22,9.88,32,-22.12,-0.6913,0.6913
DJ504019_2,US TA 100*80双抽谷仓门升降咖啡桌 一件一箱 颜色->黑+棕,ALL,UNKNOWN,B,T4B,22.47,10.78,32,-21.22,-0.6630,0.6630
DJ504477_1,US 床T-B737F拱形中间翻门水晶扣围栏含插盘灯带137*190 颜色白铁+粉色绒布+白板+白脚,ALL,UNKNOWN,C,T4B,10.39,5.28,32,-26.72,-0.8349,0.8349
DJ504519,EU BW 沙发凳折叠床 10cm厚床垫*3 90*200 颜色黑色 一件一箱,ALL,AMAZON,C,T4B,32.27,15.49,32,-16.51,-0.5159,0.5159
DJ504873_1,US UA SB--CC01 150cm长款带除臭换鞋凳 一个一箱 颜色-麻面白+灰色软包 颜色->白色,ALL,UNKNOWN,C,T4B,9.15,4.92,32,-27.08,-0.8464,0.8464
DJ504978_2,US R123款 5抽帐篷低阁楼床 带2条灯带床头置物袋 颜色->黑色,ALL,AMAZON,B,T3,97.89,99.75,32,67.75,2.1173,2.1173
DJ505161_2,US R132款 侧梯7抽帐篷低阁楼床带2条灯带床头置物袋 一件一箱 颜色->白色,ALL,AMAZON,C,T4B,40.71,19.54,32,-12.46,-0.3894,0.3894
DJ505241_2,US 床BJS-101T落地三床屋顶床 99*190+99*230一件两箱白铁+白板+白布,ALL,AMAZON,C,T4B,28.05,13.47,32,-18.53,-0.5792,0.5792
DJ505244_2,US UA DK-SR01 现代板式双人电脑桌 一件两箱 颜色->黑色,ALL,UNKNOWN,C,T4B,20.56,11.05,32,-20.95,-0.6546,0.6546
DJ505252_2,"US TS12 中世纪现代风两门加高电视柜带排插灯带，一件一箱 颜色->#2,原木色",ALL,AMAZON,D,T4B,8.81,4.48,32,-27.52,-0.8600,0.8600
DJ505305_3,US 床YLS-017上F下F床4抽办公桌含插盘灯带一件两箱黑铁+灰木纹板+黑色PU抽面,ALL,UNKNOWN,A,T4B,31.15,16.75,32,-15.25,-0.4766,0.4766
DJ505313_4,EU DC软包床 140x200 BCR-01下翻门+灯带+插排HQ611白色麻面+原木 一件两箱,ALL,AMAZON,C,T4B,13.51,6.48,32,-25.52,-0.7974,0.7974
DJ505313_5,EU DC软包床 160x200 BCR-01下翻门+灯带+插排HQ611白色麻面+原木 一件两箱,ALL,AMAZON,C,T4B,22.14,10.63,32,-21.37,-0.6678,0.6678
DJ505325_2,US 床GSI-006F带储物柜上床下桌床含灯带插盘137*190一件两箱白铁+白麻板,ALL,AMAZON,D,T4B,16.83,8.56,32,-23.44,-0.7324,0.7324
DJ505329_1,"US ER DK-TM01 双侧储物行政电脑桌 一件两箱 颜色->#1,胡桃木色+黑麻",ALL,UNKNOWN,D,T4B,10.15,5.46,32,-26.54,-0.8295,0.8295
DJ505428_2,EU BW 软包折叠储物气动床BQQ-03 ZY 95款 灰色 一件两箱140*190,ALL,AMAZON,C,T4B,7.53,3.61,32,-28.39,-0.8870,0.8870
DJ505554_1,US YSY-694款 T尺寸14抽上床下桌带排插灯带 一件两箱 颜色->火烧云,ALL,AMAZON,D,T4B,23.27,11.84,32,-20.16,-0.6300,0.6300
DJ505576_3,US SD 1.52米单门高桌 一件一箱  颜色->白麻,ALL,AMAZON,C,T4B,56.97,30.63,32,-1.37,-0.0428,0.0428
DJ505644_1,US DC 铁木床 BFX-01 床头床尾含灯带床头翻门置物GS 黑色麻面 F 一件一箱,ALL,AMAZON,D,T4B,9.52,4.57,32,-27.43,-0.8572,0.8572
DJ505742_1,US AG 高搁架6布抽角落床 F 一件一箱 颜色->火烧云,ALL,AMAZON,C,T4B,19.26,9.25,32,-22.75,-0.7110,0.7110
DJ505764_1,EU BW SCQL-03鞋柜4翻盖8隔板+冷轧钢翻转  黑色 一件一箱,ALL,AMAZON,C,T4B,15.94,7.65,32,-24.35,-0.7608,0.7608
DJVN000063_2,US WIN 三抽一层板接待桌 一件一箱 颜色->山纹黑色（DS6607）,ALL,AMAZON,C,T4B,53.09,28.54,32,-3.46,-0.1081,0.1081
SFDJ505012_1,US 1.8m亚克力展示书柜 一件一箱 颜色->黑麻,ALL,TIKTOK,D,T4B,12.43,6.68,32,-25.32,-0.7911,0.7911
DJ503518_2_WF,US SD 美式L桌四抽带柜门  一件两箱 颜色->灰色,ALL,UNKNOWN,C,T4B,57.06,30.67,31,-0.33,-0.0105,0.0105
DJ504024_3,US 1.2米四抽L桌  一件一箱 颜色->白色,ALL,UNKNOWN,C,T4B,21.77,11.08,31,-19.92,-0.6427,0.6427
DJ504027_5,EU DC 悬浮床BXF-01L 铁管全拆装无床头-93款 HQ 黑色 160*200 一件一箱,ALL,AMAZON,C,T4B,66.83,34.00,31,3.00,0.0969,0.0969
DJ504258_2,"US BF 书架  BC04 8抽7层双列书架（不可转角） 颜色->#1,火烧云",ALL,AMAZON,C,T4B,97.48,39.77,31,8.77,0.2829,0.2829
DJ504287_2,US TA 1.2米4抽2玻璃门铁木厨房置物架 一件一箱 颜色->黑色,ALL,AMAZON,C,T4B,47.94,19.56,31,-11.44,-0.3690,0.3690
DJ504348_2,"US 床RL-76T低阁楼床下8抽4空格含灯带99*190 颜色->#20,黑色铁+浅咖色抽面",ALL,TIKTOK,B,T4B,5.98,2.87,31,-28.13,-0.9074,0.9074
DJ504403,US HS 梳妆台 MFL-VDNF-05 农舍风吊轨门 三抽二门 好莱坞灯串 一件一箱,ALL,UNKNOWN,C,T4B,22.85,10.97,31,-20.03,-0.6462,0.6462
DJ504824_3,US 3抽农舍风竖条文件柜 一件一箱 颜色->灰色,ALL,AMAZON,C,T4B,25.47,12.22,31,-18.78,-0.6057,0.6057
DJ504888_3,US SD L桌X字升降桌带文件柜  一件两箱 颜色->原木+白色,ALL,UNKNOWN,C,T4B,5.60,3.01,31,-27.99,-0.9028,0.9028
DJ505119_1,US 1.5米两抽带亚克力门文件柜 一件两箱 颜色->黑色,ALL,UNKNOWN,C,T4B,26.90,13.68,31,-17.32,-0.5586,0.5586
DJ505298_1,US AG 火烧云PU软包 抽屉床 F 一件两箱 颜色->黑色,ALL,UNKNOWN,C,T4B,66.70,32.02,31,1.02,0.0328,0.0328
DJ505399_2,US AG 双柜门翻盖板式床 侧边4抽 铝槽灯带+排插 F款 一件两箱 颜色->白色,ALL,AMAZON,C,T4B,17.87,8.58,31,-22.42,-0.7233,0.7233
DJ505447_2,"US AG 斜百叶抽面板式抽屉床 加翻盖 Q 一件两箱 尺码->#2,浅榨木色",ALL,AMAZON,C,T4B,18.82,9.03,31,-21.97,-0.7086,0.7086
DJ505540_2,UK VD 角落气杆软包床 2层置物 床垫135*190cm 一件两箱 颜色->米白色,ALL,AMAZON,C,T4B,3.76,1.81,31,-29.19,-0.9417,0.9417
DJ505597_2,EU AG JYH234 棉麻软包气杆床 尼罗橡木板 掀盖靠背 双灯带 140*200cm 一件两箱 颜色->米白,ALL,AMAZON,C,T4B,10.85,5.21,31,-25.79,-0.8320,0.8320
DJ505615_2,"EU KM BF GY02 靠背储物液压床 尺码->L,140*190;颜色->灰色,亚麻灰",ALL,AMAZON,C,T4B,10.63,5.10,31,-25.90,-0.8354,0.8354
DJVN000097_1,"US WIN 独立柜马桶架 一件一箱 颜色->#2,浮雕大山纹白",ALL,AMAZON,D,T4B,39.45,18.93,31,-12.07,-0.3892,0.3892
DJ502552_1,US TP 书桌 2小3大抽屉3折1大2小方镜 带插排 USB灯泡串（拆装） 颜色->白色,ALL,AMAZON,C,T4B,34.63,14.13,30,-15.87,-0.5290,0.5290
DJ503212,EU  DC 德标LED金属镜柜铰链拆装三开门100 白色 一件一箱,ALL,AMAZON,C,T4B,36.85,15.04,30,-14.97,-0.4988,0.4988
DJ503514_1,EU MS 猫爬架3顶窝585增配版 一件一箱 颜色->米白,ALL,AMAZON,C,T4B,31.07,15.81,30,-14.19,-0.4731,0.4731
DJ503553_3,EU MS 猫爬架 909增配款 一件一箱 颜色->浅灰色,ALL,AMAZON,C,T4B,58.18,26.35,30,-3.65,-0.1217,0.1217
DJ503733_2,US DC 铁木床 CBF-01L 方管软包角落床带抽篮-112 TXL 一件一箱,ALL,TIKTOK,B,T4B,15.75,7.56,30,-22.44,-0.7481,0.7481
DJ503841_1,US AG 金属圆脚书桌 三色好莱坞灯泡 右侧分格收纳+玻璃柜门 颜色->白色,ALL,UNKNOWN,C,T4B,15.21,8.17,30,-21.83,-0.7275,0.7275
DJ504318_2,US 床T-B732T带屋顶软包床带护边含插盘灯带99*190 颜色粉色绒布+白色铁,ALL,UNKNOWN,A,T4B,14.88,8.00,30,-22.00,-0.7334,0.7334
DJ504660_2,US DC 高架床 TB-01  YL 床尾二抽 三T床上桌款 一件两箱 颜色->白色,ALL,UNKNOWN,C,T4B,13.32,7.16,30,-22.84,-0.7613,0.7613
DJ504742_3,US SD L桌带抽屉六抽款 一件一箱 颜色->989-3灰色,ALL,AMAZON,C,T4A,79.92,37.08,30,7.08,0.2361,0.2361
DJ504792_6,EU BW 软包气动床BQQ-01 HQ 608 灰色 一件两箱 180*200,ALL,AMAZON,C,T4B,57.71,31.02,30,1.02,0.0342,0.0342
DJ504950_2,US ER BF-TM02 八抽单层儿童床 一件一箱 颜色->白色,ALL,AMAZON,C,T4B,19.18,9.76,30,-20.24,-0.6747,0.6747
DJ505027_1,EU AG 6布抽角落床 90*200 一件两箱 颜色->火烧云,ALL,AMAZON,C,T4B,23.15,11.11,30,-18.89,-0.6297,0.6297
DJ505062_1,US SD 1.2米翻转升降桌 一件一箱 颜色->火烧云,ALL,WALMART,C,T4B,8.92,4.80,30,-25.20,-0.8400,0.8400
DJ505176_4,US AG 6布抽2小翻盖角落床 T 一件一箱 颜色->粉色,ALL,UNKNOWN,B,T4B,11.45,6.15,30,-23.85,-0.7949,0.7949
DJ505200_3,"US HA 书桌 VT11 8抽波浪纹大款梳妆台玻璃柜+七彩流光灯+插座 一件两箱A/B 颜色->#3,黑色大浮雕",ALL,UNKNOWN,B,T4B,9.74,4.68,30,-25.32,-0.8441,0.8441
DJ505212_1,US DC 铁木床 CBF-08改 铁木储物带尾桌 154 T款 一件两箱  颜色->黑色,ALL,WALMART,A,T4B,16.67,8.00,30,-22.00,-0.7332,0.7332
DJ505241_1,"US 床BJS-101T落地三床屋顶床 99*190+99*230一件两箱,黑铁+黑板+深灰布",ALL,AMAZON,C,T4B,22.57,9.21,30,-20.79,-0.6931,0.6931
DJ505242_4,US 床GJ-014T屋顶低阁楼床8布抽+空格含灯带一件一箱粉铁+粉色麻板,ALL,UNKNOWN,B,T4B,19.42,10.44,30,-19.56,-0.6521,0.6521
DJ505246_6,"US UA DK-XZ04 双拼色行政电脑桌一件两箱 颜色->#6,金边胡桃（原4071 新洞洞板）",ALL,UNKNOWN,C,T4B,21.45,10.91,30,-19.09,-0.6363,0.6363
DJ505277_1,US 床T-B259T床头翻开气压杆波浪含插盘灯带床99*190 颜色黑色pu,ALL,UNKNOWN,C,T4B,10.43,5.60,30,-24.40,-0.8132,0.8132
DJ505328_2,US DC 矮高架床 LBB-02 BD163 树屋+短桌+层架双床 双T 白色 一件一箱,ALL,AMAZON,C,T4B,12.02,6.46,30,-23.54,-0.7846,0.7846
DJ505400_2,US AG 双柜门翻盖板式床 侧边4抽 铝槽灯带+排插 Q款 一件两箱 颜色->白色,ALL,AMAZON,C,T4B,21.73,10.43,30,-19.57,-0.6523,0.6523
DJ505481_2,US AG 柜门翻盖四抽书架床 Q 一件两箱 颜色->灰色,ALL,AMAZON,C,T4B,26.28,14.13,30,-15.87,-0.5290,0.5290
DJ505497_2,EU AG 布抽软包靠背角落床 90*190 一件两箱 颜色->白色,ALL,AMAZON,D,T4B,24.14,11.58,30,-18.42,-0.6138,0.6138
DJ505539_2,UK VD 角落气杆软包床 2层置物 床垫90*190cm 一件两箱 颜色->米白,ALL,AMAZON,C,T4B,8.19,3.93,30,-26.07,-0.8689,0.8689
DJ505581_3,EU BW铁木软包床LIWS-01 HQ  122款 粉色 一件一箱 120*200,ALL,AMAZON,C,T4B,3.99,1.91,30,-28.09,-0.9362,0.9362
DJ505605_2,"EU KM BF-TG02 铁木软包大床头拐角床 双包装 尺码->M,90*200;颜色->灰色,亚麻-灰",ALL,AMAZON,C,T4B,18.38,8.82,30,-21.18,-0.7059,0.7059
DJ505649_3,US DC 铁木床 CBF-04L 方管铁木角落床带抽 128 白色 F  一件一箱,ALL,AMAZON,C,T4B,17.27,8.29,30,-21.71,-0.7237,0.7237
DJ502890_3,US SD L桌带洞洞铁皮带排插  一件一箱 颜色->黑色,ALL,TIKTOK,B,T4B,12.45,5.97,29,-23.03,-0.7940,0.7940
DJ503553_1,EU MS 猫爬架 909增配款 一件一箱 颜色->米白,ALL,AMAZON,C,T4B,22.07,11.87,29,-17.13,-0.5908,0.5908
DJ504106_3,EU AG 悬浮床 软包床头 铁框架 灯带 USB插排 1.4*1.9m 一件一箱 颜色->米白,ALL,AMAZON,C,T4B,25.09,10.24,29,-18.76,-0.6470,0.6470
DJ504285_1,US TS05 五抽悬浮电视柜带电视支架 颜色->黑色,ALL,UNKNOWN,B,T4B,39.99,20.35,29,-8.65,-0.2983,0.2983
DJ504379_1,"EU KM 板式餐边柜大款三抽谷仓门 两箱一件 颜色->白色,麻面白",ALL,AMAZON,C,T4B,36.45,18.55,29,-10.45,-0.3604,0.3604
DJ504565_3,"US 床YL545 T板式5抽布抽床+集成书柜 灯带+插盘99*190 颜色->#3,黑板+黑铁",ALL,AMAZON,D,T4B,13.95,6.70,29,-22.30,-0.7691,0.7691
DJ504580_5,EU DC气动床BQD-01床头两层+灯带+插排HQ603白色麻面+原木色 一件两箱160*200,ALL,AMAZON,C,T4B,31.37,16.87,29,-12.13,-0.4184,0.4184
DJ504717_3,US 单人升降桌带竖条凹槽腿 一件一箱 颜色->白色,ALL,AMAZON,C,T4B,11.16,6.00,29,-23.00,-0.7932,0.7932
DJ504991_3,US DC 铁木床 BFX-01 床头床尾含灯带床头翻门置物 黑色麻面 K一件一箱,ALL,AMAZON,C,T4B,45.94,18.74,29,-10.26,-0.3537,0.3537
DJ505012_2,US 1.8m亚克力展示书柜 一件一箱 颜色->白麻,ALL,AMAZON,C,T4B,34.75,16.68,29,-12.32,-0.4249,0.4249
DJ505028_2,EU AG 6布抽角落床 140*200 一件两箱 颜色->白色,ALL,AMAZON,B,T4A,60.61,28.12,29,-0.88,-0.0303,0.0303
DJ505070_1,EU AG JYH210 棉麻软包气杆床 靠背2档调节 双灯带 90*200cm 一件两箱 颜色->深灰色,ALL,AMAZON,C,T4B,56.07,26.91,29,-2.09,-0.0719,0.0719
DJ505088_1,EU AG 6布抽角落床 140*190 一件两箱 颜色->火烧云,ALL,AMAZON,C,T4B,25.26,13.58,29,-15.42,-0.5317,0.5317
DJ505174_2,"US UA DK-XZ03 L型铁木3抽弧形腿行政桌 一件两箱 颜色->#2,灰色",ALL,UNKNOWN,C,T4B,3.73,2.01,29,-26.99,-0.9308,0.9308
DJ505212_3,US DC 铁木床 CBF-08改 铁木储物带尾桌 154 T款 一件两箱  颜色->粉色,ALL,WALMART,B,T4B,19.38,9.30,29,-19.70,-0.6792,0.6792
DJ505477_1,US VD 低高架床 侧边步梯 渐变色9布抽 F 一件两箱 颜色->白色,ALL,AMAZON,C,T4B,43.42,22.09,29,-6.91,-0.2383,0.2383
DJ505492_1,UK KM 板式镜柜LED 白色 一箱一个 颜色->白色,ALL,AMAZON,C,T4B,37.56,20.19,29,-8.81,-0.3038,0.3038
DJ505517_3,"UK BW 软包气动床BQQ-01 HQ 608 白色 一件两箱,150*200",ALL,AMAZON,C,T4B,33.44,16.05,29,-12.95,-0.4466,0.4466
DJ505605_3,"EU KM BF-TG02 铁木软包大床头拐角床 双包装 尺码->L,140*190;颜色->灰色,亚麻-灰",ALL,AMAZON,C,T4B,13.73,6.59,29,-22.41,-0.7727,0.7727
DJ505666_3,"EU KM BF-RG01 软包拐角液压床 双包装 尺码->M,90*200;颜色->灰色,亚麻灰",ALL,AMAZON,C,T4B,19.93,9.57,29,-19.43,-0.6701,0.6701
DJ505785_3,US 竖条纹美式铁木L桌 一件一箱 颜色->浅灰色+黑管,ALL,WALMART,C,T4B,6.42,3.08,29,-25.92,-0.8937,0.8937
DJ478945_1,"US TP 折叠餐桌 方形玄关桌  一件一箱  颜色->#1,栗木+铁灰",ALL,UNKNOWN,C,T4B,38.06,15.53,28,-12.47,-0.4454,0.4454
DJ503416_1,US PT 美式四抽侧边置物床Q  一件两箱 颜色->黑色PU,ALL,TIKTOK,B,T4B,18.23,8.75,28,-19.25,-0.6875,0.6875
DJ504411_1,US UA 悬浮款单列五层斗柜 一个一箱 颜色-->黑色 山纹黑,ALL,WALMART,C,T4B,14.56,6.99,28,-21.01,-0.7503,0.7503
DJ504693_2,UK AG JYH210A 棉麻软包气杆床 靠背2档调节 双灯带 150*200cm 一件两箱 颜色->米白,ALL,AMAZON,C,T4B,12.65,6.80,28,-21.20,-0.7570,0.7570
DJ504799_2,US VD 板式床 掀盖软包靠背 双灯带 4抽 K款 一件两箱 颜色->白色,ALL,AMAZON,C,T4B,20.31,8.29,28,-19.71,-0.7040,0.7040
DJ505028_2,EU AG 6布抽角落床 140*200 一件两箱 颜色->白色,ALL,UNKNOWN,B,T4B,28.77,13.81,28,-14.19,-0.5068,0.5068
DJ505165_1,US GS03 7抽转角侧梯低阁楼床带灯带正面3空格储物 颜色->黑色,ALL,UNKNOWN,A,T4B,10.77,5.79,28,-22.21,-0.7933,0.7933
DJ505207_1,US 竖条纹吸塑错层板材L桌 一件两箱 颜色->原木色,ALL,UNKNOWN,C,T4B,41.61,16.98,28,-11.02,-0.3936,0.3936
DJ505260_1,US VD 板式床 推拉谷仓门 4抽 F款 一件两箱 颜色->白色,ALL,AMAZON,C,T4B,29.40,14.96,28,-13.04,-0.4658,0.4658
DJ505276_2,"US 床T-B259F床头翻开气压杆波浪含插盘灯带床137*190一件两箱 颜色->#2,颜色TX-001米白绒布",ALL,UNKNOWN,C,T4B,24.60,12.51,28,-15.49,-0.5530,0.5530
DJ505296_1,US UA 大款门厅架带全身镜侧边储物柜 一件两箱 颜色->白色,ALL,UNKNOWN,C,T4B,19.32,10.39,28,-17.62,-0.6291,0.6291
DJ505300_3,US 床GJ-013T低阁楼双层储物6布抽床+空格含灯带一件一箱黑铁+黑色小浮雕,ALL,TIKTOK,A,T4B,11.94,6.42,28,-21.58,-0.7707,0.7707
DJ505451_3,"UK KM BF-CJ01 床头斜线绗缝 基础款软包床 单包 尺码->L,135*190;颜色->白色,PU-白",ALL,AMAZON,C,T4B,18.63,10.02,28,-17.98,-0.6422,0.6422
DJ505524_2,US UA BK-LMZ03 单拱门罗马柱书柜80cm 一件一箱 颜色->白色,ALL,AMAZON,C,T4B,18.60,8.93,28,-19.07,-0.6811,0.6811
DJ505572_2,US DC 高架床 LB-11  YL   六抽门架款   一件两箱 颜色->白色,ALL,UNKNOWN,B,T4B,39.72,21.35,28,-6.65,-0.2374,0.2374
DJ505578_3,US 现代简约风移动柜行政桌 一件一箱 颜色->浅棕+白,ALL,AMAZON,C,T4B,13.95,6.70,28,-21.30,-0.7609,0.7609
DJ505636_2,US DC 高架床 BBC-03 YC 折线造型床头+短桌 上F下F  一件两箱 颜色->白色,ALL,AMAZON,C,T4B,18.38,8.82,28,-19.18,-0.6849,0.6849
DJ505648_1,US SD 1.2米悬浮升降咖啡桌 一件一箱  颜色->黑色高光,ALL,AMAZON,C,T4B,26.79,12.86,28,-15.14,-0.5406,0.5406
DJ505666_2,"EU KM BF-RG01 软包拐角液压床 双包装 尺码->M,90*200;颜色->白色,PU白",ALL,AMAZON,C,T4B,5.31,2.55,28,-25.45,-0.9089,0.9089
DJ505670_2,US SD L桌带抽屉六抽款 一件一箱 颜色->白色,ALL,AMAZON,D,T4B,3.54,1.70,28,-26.30,-0.9392,0.9392
DJ505785_2,US 竖条纹美式铁木L桌 一件一箱 颜色->棕顶+黑,ALL,UNKNOWN,C,T4B,4.65,2.23,28,-25.77,-0.9203,0.9203
DJ505806_2_WF,US 1.4米升降桌 一件两箱  颜色->主体黑+顶板棕,ALL,UNKNOWN,C,T4B,13.29,6.38,28,-21.62,-0.7723,0.7723
DJ505852_1,US RL-R170款上T下F上下铺4抽长桌面带灯带排插 一件两箱 颜色->黑色,ALL,AMAZON,C,T4B,11.96,5.74,28,-22.26,-0.7951,0.7951
DJVN000014_2,"US AE 书柜(Vietnam) 3抽屉 带插排小台款（大款）加RGB灯带 颜色->#1,白色麻面",ALL,WALMART,C,T4B,23.38,12.57,28,-15.43,-0.5511,0.5511
DJVN000129_1,"US QZ 藤编五抽斗柜，一件一箱 尺码->#1,灰橡木",ALL,AMAZON,D,T4B,27.20,14.62,28,-13.38,-0.4778,0.4778
SFDJ505107_1,US L桌美式纯板材高桌  一件两箱 颜色->白浮雕+黑麻,ALL,UNKNOWN,D,T4B,10.90,5.86,28,-22.14,-0.7908,0.7908
DJ503561_3,"US 床T-B303T软包床头翻开床尾铝材四抽99*190 颜色->#3,绒布白色+白色铁",ALL,UNKNOWN,B,T4B,11.41,6.14,27,-20.86,-0.7727,0.7727
DJ503911_2,"US BF 储物柜 DT15 5抽无把手悬浮带灯带插头 一件一箱 颜色->#2,白色三胺麻面",ALL,UNKNOWN,A,T4B,55.39,28.19,27,1.19,0.0439,0.0439
DJ503983_1,US VD JYH205 泰迪绒软包4抽床 弧形掀盖靠背 双灯带 T 一件一箱 颜色->米白,ALL,UNKNOWN,C,T4B,10.79,5.49,27,-21.51,-0.7967,0.7967
DJ504125_4,US DC 悬浮床BXF-01L 铁管全拆 HQ -75改 黑色 CK 一件一箱,ALL,AMAZON,C,T4B,105.54,45.67,27,18.67,0.6916,0.6916
DJ504129_1,US 轻奢风吸塑1m文件柜 一件一箱 颜色->原木色,ALL,UNKNOWN,B,T4B,33.69,17.14,27,-9.86,-0.3651,0.3651
DJ504175_2,US UA 高款拱顶书柜 铣型门板 一件一箱 颜色->棕色G29024I全贴纸,ALL,WALMART,A,T4B,21.32,10.85,27,-16.15,-0.5981,0.5981
DJ504176_2,US UA 高款拱顶书柜 藤编门板 一件一箱 颜色->黑色,ALL,UNKNOWN,C,T4B,13.93,5.69,27,-21.31,-0.7894,0.7894
DJ504202_3,"EU AG 板式床 软包掀盖靠背 4抽 1.4*2m床垫 一件两箱 颜色->#1,白色+浅灰",ALL,AMAZON,C,T4B,12.98,6.98,27,-20.02,-0.7416,0.7416
DJ504308_1,EU DC铁木床LIW-02 床头一层板+交叉造型+灯带插排 ZY 火烧色 一件一箱 90*200,ALL,UNKNOWN,C,T4B,21.06,10.72,27,-16.28,-0.6031,0.6031
DJ504348_4,US 床RL-76T低阁楼床下8抽4空格含灯带99*190 颜色粉铁+粉麻板+PU粉抽面,ALL,UNKNOWN,C,T4B,3.99,1.91,27,-25.09,-0.9292,0.9292
DJ504762_3,US SD T字双人桌 一件一箱  颜色->白色,ALL,AMAZON,C,T4B,32.58,13.29,27,-13.71,-0.5077,0.5077
DJ504852_2,US AG 绒布皇冠公主床 尾两抽 F 颜色->白色,ALL,AMAZON,C,T4B,10.75,4.39,27,-22.61,-0.8375,0.8375
DJ504867_2,US SD U型书架桌带三抽   一件一箱 颜色 颜色->黑色,ALL,TIKTOK,B,T4B,27.08,13.78,27,-13.22,-0.4896,0.4896
DJ504982_1,US VD 低高架床 侧步梯 渐变色9布抽 书报架 拱形板 T 一件一箱 颜色->白色,ALL,AMAZON,C,T4B,50.47,20.59,27,-6.41,-0.2374,0.2374
DJ504982_1,US VD 低高架床 侧步梯 渐变色9布抽 书报架 拱形板 T 一件一箱 颜色->白色,ALL,WALMART,C,T4B,11.05,5.62,27,-21.38,-0.7917,0.7917
DJ505103_3,EU AG转角床 浅灰棉麻 床头可互换0.9*2m 2灯带 欧规2AC+2USB 一件两箱 颜色->白色,ALL,UNKNOWN,C,T4B,20.25,10.89,27,-16.11,-0.5968,0.5968
DJ505119_4,US 1.5米两抽带亚克力门文件柜 一件两箱 颜色->9898-3灰色,ALL,AMAZON,C,T4B,31.32,15.04,27,-11.97,-0.4431,0.4431
DJ505170_2,US AG 翻盖布抽角落床 T 一件两箱 颜色->灰色,ALL,UNKNOWN,B,T4B,30.93,15.74,27,-11.26,-0.4171,0.4171
DJ505205_1,US DC 高架床 LB-X  AF 七抽L桌款 T尺寸 一件两箱 颜色->黑色,ALL,AMAZON,B,T2,203.72,158.90,27,131.90,4.8853,4.8853
DJ505279_3,US 床BJS-543T 落地双层床+储物台阶 一件一箱 99*190 颜色->#3粉白拼色,ALL,AMAZON,B,T4B,48.37,19.74,27,-7.26,-0.2690,0.2690
DJ505405_1,"US UA DK-NS01 农舍风灯柜板式电脑桌 一件两箱 颜色->#1,白色+胡桃色",ALL,UNKNOWN,C,T4B,25.57,12.27,27,-14.73,-0.5454,0.5454
DJ505426_2,EU AG灯芯绒床 围环绕灯带 0.9*2m气杆床 2AC+1U1T插孔 一件两箱 颜色->深灰色,ALL,AMAZON,C,T4B,18.82,9.03,27,-17.97,-0.6654,0.6654
DJ505429_3,US RL- 923T 树屋地板床+绘本架 一件一箱 99*190 颜色->黑色,ALL,AMAZON,C,T4B,5.54,2.66,27,-24.34,-0.9016,0.9016
DJ505515_1,US AG 板式床 乡村风拼框 掀盖靠背 4抽 K款 一件两箱 颜色->白色,ALL,AMAZON,C,T4B,17.49,8.40,27,-18.60,-0.6890,0.6890
DJ505561_2,"USHA MFL-DT36 无拉手9抽悬浮矮柜含灯带 一件两箱 颜色->#2,白色麻面",ALL,AMAZON,C,T4B,46.64,25.07,27,-1.93,-0.0714,0.0714
DJ505598_3,US 床GSI-004T上下双层床带侧边办公桌床含插盘灯带99*190 一件两箱 颜色白铁+白山纹板,ALL,UNKNOWN,C,T4B,16.40,8.82,27,-18.18,-0.6734,0.6734
DJ505599_2,"EU KM BF-GJ04 铁木拐角床头侧软包带柜门 尺码->S,90*190;颜色->黑色,黑板+灰软包",ALL,AMAZON,C,T4B,15.99,8.60,27,-18.40,-0.6815,0.6815
DJ505626_2,US ER BF-TM03 双层F+T儿童床 一件一箱 颜色->黑色,ALL,AMAZON,C,T4B,30.78,14.77,27,-12.23,-0.4528,0.4528
DJ505631_2,EU AG JYUH230 棉麻软包气杆床 软壳双灯带 140*200cm 一件两箱 颜色->米白,ALL,AMAZON,C,T4B,4.43,2.13,27,-24.87,-0.9212,0.9212
DJ505660_3,US 双抽农舍竖条高文件柜 一件一箱 颜色->989-3灰,ALL,AMAZON,C,T4B,23.61,12.69,27,-14.31,-0.5299,0.5299
DJ505748_1,US AG 板式床 靠背翻盖 床头4布抽 6铁线抽 F 一件两箱 颜色->白色,ALL,AMAZON,C,T4B,10.85,5.21,27,-21.79,-0.8071,0.8071
DJ505784_2,US VD 高架床 L形上下铺 双书桌 T 一件两箱 颜色->黑色,ALL,AMAZON,C,T4B,7.53,3.61,27,-23.39,-0.8661,0.8661
DJ505844_2,US UA BD-WD 带屋顶T尺寸儿童床 一件一箱  颜色->白色,ALL,AMAZON,C,T4B,13.29,6.38,27,-20.62,-0.7638,0.7638
DJVN000018_2,US  2米飞机桌带两抽   一件一箱  颜色->黑色碳钎维,ALL,AMAZON,B,T3,177.23,186.09,27,159.09,5.8923,5.8923
DJVN000091_1,"US WIN 半工字型铁腿行政桌 一件两箱 颜色->#2,棕色：R13064K",ALL,AMAZON,C,T4B,35.12,18.88,27,-8.12,-0.3007,0.3007
DJ503164_3,US SD 1m悬浮升降咖啡桌 颜色->白色大理石 一件一箱,ALL,TIKTOK,C,T4B,19.88,9.54,26,-16.46,-0.6330,0.6330
DJ503164_4,US TA 1m悬浮升降咖啡桌 颜色->高光黑大理石 一件一箱,ALL,TIKTOK,B,T4B,21.50,10.32,26,-15.68,-0.6032,0.6032
DJ503625_1_WF,"US 床T-B263F软包全拆弧形床头悬浮含插盘灯带137*190 颜色->#1,黑色PU",ALL,UNKNOWN,D,T4B,18.60,8.93,26,-17.07,-0.6566,0.6566
DJ503799_1,US AG 软包床 蝴蝶床头+波浪床尾+尾抽+灯带+排插 T 一件一箱 颜色->米白,ALL,AMAZON,C,T4B,41.71,17.02,26,-8.98,-0.3454,0.3454
DJ503915_2,US HS 抽屉柜 DDBT-02 1x5+2 底座 无把手 一件一箱 颜色->白色,ALL,TIKTOK,B,T4B,20.94,10.05,26,-15.95,-0.6135,0.6135
DJ503917_2,US 玻璃门L桌高桌带布兜款 一件一箱 颜色->白色,ALL,TIKTOK,C,T4B,8.84,3.61,26,-22.39,-0.8613,0.8613
DJ504243_1,US UA 带推车侧架马桶柜（扩色） 一件一箱 颜色->黑色,ALL,UNKNOWN,C,T4B,18.89,7.71,26,-18.29,-0.7036,0.7036
DJ504542_2,US 梳妆台-VDRM-01圆弧镜玻璃桌面 一件一箱  颜色->白色,ALL,AMAZON,C,T4B,23.92,11.48,26,-14.52,-0.5584,0.5584
DJ504717_2,US 单人升降桌带竖条凹槽腿 一件一箱 颜色->棕色+白色,ALL,AMAZON,C,T4B,11.50,6.18,26,-19.82,-0.7623,0.7623
DJ504852_2,US AG 绒布皇冠公主床 尾两抽 F 颜色->白色,ALL,UNKNOWN,C,T4B,6.88,3.70,26,-22.30,-0.8578,0.8578
DJ505027_2,EU AG 6布抽角落床 90*200 一件两箱 颜色->白色,ALL,AMAZON,C,T4B,60.86,29.21,26,3.21,0.1235,0.1235
DJ505071_1,EU AG JYH208 棉麻软包气杆床 三灯带 90*200cm 一件两箱 颜色->深灰色,ALL,AMAZON,C,T4B,33.69,16.17,26,-9.83,-0.3780,0.3780
DJ505120_1,US SD L升降桌带文件柜  一件两箱  颜色->火烧云,ALL,UNKNOWN,C,T4B,24.25,9.90,26,-16.10,-0.6194,0.6194
DJ505225_2,US 594F款 F尺寸上床下桌8抽带灯带插排 一件两箱 颜色->白色,ALL,WALMART,A,T4B,17.15,8.23,26,-17.77,-0.6833,0.6833
DJ505251_2,US HS 储物柜-DSBL-02侧板自攻丝带插板 2x3+4 DFS 一件两箱 颜色->白色,ALL,TIKTOK,C,T4B,10.61,5.70,26,-20.30,-0.7806,0.7806
DJ505252_1,"US TS12 中世纪现代风两门加高电视柜带排插灯带，一件一箱 颜色->#1,胡桃木色",ALL,AMAZON,D,T4B,12.50,6.36,26,-19.64,-0.7553,0.7553
DJ505255_2,US AG 板式床 乡村风拼框 掀盖靠背 4抽 Q款 一件两箱 颜色->灰色,ALL,WALMART,B,T4B,21.48,10.31,26,-15.69,-0.6034,0.6034
DJ505337_1_WF,US VD 板式床 乡村风掀盖米字拼框 6抽 F款 一件两箱 颜色->白色,ALL,UNKNOWN,D,T4B,4.87,2.34,26,-23.66,-0.9101,0.9101
DJ505352_2,"UK DC铁木床LIW-01  HQ 黑色+火烧色  一件一箱,135*190",ALL,AMAZON,C,T4A,75.00,38.98,26,12.98,0.4991,0.4991
DJ505357_2,"US HA BT01 模块化竖条纹对开门餐边柜不超22kg 一件一箱 颜色->#2,黑色浮雕",ALL,AMAZON,C,T4B,18.28,8.77,26,-17.23,-0.6626,0.6626
DJ505377_1,EU VD 板式面盆柜 上下双抽 侧边置物层左右互换 一件一箱 颜色->白色,ALL,AMAZON,C,T4B,14.34,7.71,26,-18.29,-0.7035,0.7035
DJ505405_2,"US UA DK-NS01 农舍风灯柜板式电脑桌 一件两箱 颜色->#2,棕色",ALL,AMAZON,C,T4B,24.73,12.58,26,-13.42,-0.5160,0.5160
DJ505435_2,US SD 190cm两门高桌 一件一箱  颜色->白麻,ALL,AMAZON,C,T4B,12.21,6.21,26,-19.79,-0.7611,0.7611
DJ505450_4,"EU KM BF-CJ01 床头斜线绗缝 基础款软包床 单箱装 尺码->XL,140*200;颜色->灰色,亚麻-灰",ALL,AMAZON,C,T4B,7.53,3.61,26,-22.39,-0.8610,0.8610
DJ505478_1,US VD JYH216 PU软包4抽床 火烧云板 靠背掀盖 双灯带 F 一件两箱 颜色->黑色,ALL,AMAZON,C,T4B,15.12,6.17,26,-19.83,-0.7626,0.7626
DJ505550_2,"US UA DK-SJ03 L型板式储物升降电脑桌 一件两箱 颜色->#2,胡桃色+白色",ALL,AMAZON,C,T4B,23.56,12.66,26,-13.34,-0.5129,0.5129
DJ505648_2,US SD 1.2米悬浮升降咖啡桌 一件一箱  颜色->黑色高光大理石,ALL,AMAZON,C,T4B,13.06,6.27,26,-19.73,-0.7588,0.7588
DJ505673_3,US RL-597款 F尺寸5抽上下床带桌子含灯带插排，带侧袋和桌边布袋 一件两箱 颜色->灰色,ALL,UNKNOWN,A,T4B,22.43,12.06,26,-13.94,-0.5362,0.5362
DJ505801_1,"US ER BF-TM04 美国6抽儿童床带书桌 一件一箱 颜色->#1,黑色",ALL,AMAZON,C,T4B,8.19,3.93,26,-22.07,-0.8487,0.8487
DJ505825_2,US DC 铁木床 BCR-01 圆角软包翻门款- 2376G  白色 Q  一件两箱,ALL,AMAZON,C,T4B,5.98,2.87,26,-23.13,-0.8896,0.8896
DJVN000105_1,"US QZ 农舍风一抽床头柜，带插座，一件一箱,黄胡桃加云溪白",ALL,AMAZON,D,T4B,39.14,21.04,26,-4.96,-0.1907,0.1907
DJVN000187_1,"US WIN 小八字胡换鞋凳 一件一箱 颜色->#2,吉福Joyful: J8130-7V 3DPM7",ALL,AMAZON,D,T4B,8.19,3.93,26,-22.07,-0.8487,0.8487
DJ454146_2,US TP 折叠餐桌  方形玄关桌  一件一箱 颜色->YZ6630+寿光暖白（小麻）,ALL,UNKNOWN,C,T4B,29.83,12.17,25,-12.83,-0.5133,0.5133
DJ503910_2,US HS 抽屉柜 DDB-01 1x4+2 圆角底座 DFS 背板 一件一箱 颜色->白色,ALL,TIKTOK,C,T4B,5.67,2.89,25,-22.11,-0.8846,0.8846
DJ503916_2,US HS 抽屉柜 DDBT-03 1x6+2 底座 无把手 一件一箱 颜色->白色,ALL,AMAZON,A,T2,341.22,247.29,25,222.29,8.8915,8.8915
DJ504004_1,US HS 储物柜-DSGW-02抽面竖纹 1x5+2一件一箱 颜色->黑色,ALL,UNKNOWN,C,T4B,16.58,8.44,25,-16.56,-0.6626,0.6626
DJ504004_3,US HS 储物柜-DSGW-02抽面竖纹 1x5+2一件一箱 颜色->橡木灰,ALL,UNKNOWN,C,T4B,6.83,3.28,25,-21.72,-0.8688,0.8688
DJ504027_3,EU DC 悬浮床BXF-01L 铁管全拆装无床头-93款 HQ 黑色 140*190 一件一箱,ALL,AMAZON,B,T4A,122.61,63.72,25,38.72,1.5487,1.5487
DJ504027_6,EU DC 悬浮床BXF-01L 铁管全拆装无床头-93款 HQ 黑色 180*200 一件一箱,ALL,AMAZON,C,T4B,43.73,20.99,25,-4.01,-0.1604,0.1604
DJ504034_1_WF,"US 床T-B2355T皇冠灯带99*190 颜色->#1,TX-001米白+粉2024-17绒布+黑色铁",ALL,UNKNOWN,D,T4B,22.59,10.84,25,-14.16,-0.5664,0.5664
DJ504792_3,EU BW 软包气动床BQQ-01 HQ 608 灰色 一件两箱140*190,ALL,AMAZON,C,T4B,19.25,9.79,25,-15.21,-0.6083,0.6083
DJ504929_1,US 1.6米农舍L桌 一件一箱 颜色->白+黑,ALL,UNKNOWN,C,T4B,17.63,9.48,25,-15.52,-0.6209,0.6209
DJ504978_3,US R123款 5抽帐篷低阁楼床 带2条灯带床头置物袋 颜色->粉色,ALL,TIKTOK,A,T4B,7.97,3.83,25,-21.17,-0.8470,0.8470
DJ505019_1,US DC 高架床 LLB-04  YL 私密堡垒储物款 T 尺寸 一件一箱 颜色->黑色,ALL,WALMART,B,T4B,9.44,5.07,25,-19.93,-0.7971,0.7971
DJ505069_1,US AG 高架布抽角落床 F 一件一箱 颜色->火烧云,ALL,UNKNOWN,C,T4B,13.76,6.61,25,-18.39,-0.7358,0.7358
DJ505093_2,US TA 六层置物架+灯带+排插 一件一箱 颜色-> 颜色->黑色,ALL,TEMU,B,T4B,37.27,20.04,25,-4.96,-0.1986,0.1986
DJ505100_1,US 弧面带柜体三抽老板桌 一件一箱 颜色->复古灰+黑,ALL,UNKNOWN,C,T4B,52.41,28.18,25,3.18,0.1270,0.1270
DJ505200_4,US HA 书桌 VT11 8抽波浪纹大款梳妆台玻璃柜+七彩流光灯+插座 一件两箱A/B 颜色->#4胡桃色麻面,ALL,AMAZON,C,T4B,19.26,9.25,25,-15.75,-0.6301,0.6301
DJ505208_1,US DC 高架床 BB-02  YL 上T下F 二抽层架款   一件两箱 颜色->黑色,ALL,WALMART,B,T4B,30.13,12.29,25,-12.71,-0.5082,0.5082
DJ505226_3,US 595款 F尺寸上床下桌6抽U形桌面带灯带插排 一件两箱 颜色->灰色,ALL,WALMART,A,T4B,29.53,14.18,25,-10.82,-0.4329,0.4329
DJ505245_2,"US UA DK-XZ01 板式原木L型行政桌 一件两箱 颜色->#2,胡桃色",ALL,AMAZON,C,T4B,10.85,5.21,25,-19.79,-0.7917,0.7917
DJ505311_1,US HS 抽屉柜 DDB-09 3x3 底座 三孔插排 无把手 一件两箱 颜色->黑色,ALL,UNKNOWN,C,T4B,33.40,16.99,25,-8.01,-0.3202,0.3202
DJ505337_1,US VD 板式床 乡村风掀盖米字拼框 6抽 F款 一件两箱 颜色->白色,ALL,UNKNOWN,C,T4B,16.73,8.51,25,-16.49,-0.6596,0.6596
DJ505339_1,US VD JYH205 泰迪绒软包4抽床 弧形掀盖靠背 双灯带 F 一件两箱 颜色->米白,ALL,UNKNOWN,C,T4B,19.55,9.95,25,-15.05,-0.6021,0.6021
DJ505399_1,"US AG 双柜门翻盖板式床 侧边4抽 铝槽灯带+排插 F款 一件两箱 尺码->#10,橡木色",ALL,AMAZON,C,T4B,17.71,9.52,25,-15.48,-0.6191,0.6191
DJ505436_2,US SD 80cmL桌高桌 一件一箱  颜色->黑麻,ALL,TEMU,C,T4B,7.09,3.40,25,-21.60,-0.8640,0.8640
DJ505477_1,US VD 低高架床 侧边步梯 渐变色9布抽 F 一件两箱 颜色->白色,ALL,UNKNOWN,C,T4B,20.70,11.13,25,-13.87,-0.5550,0.5550
DJ505479_2,US AG 柜门翻盖四抽书架床 T 一件一箱 颜色->灰色,ALL,AMAZON,C,T4B,19.13,10.28,25,-14.72,-0.5887,0.5887
DJ505516_3,EU BW 软包气动床BQQ-01 HQ 608 白色 一件两箱 140*190,ALL,AMAZON,C,T4B,15.12,8.13,25,-16.87,-0.6747,0.6747
DJ505569_2,US 竖条正方形滑动咖啡桌 一件一箱 颜色->夏特胡桃,ALL,TEMU,C,T4B,10.41,4.99,25,-20.01,-0.8002,0.8002
DJ505579_1,US 八抽上床下桌带洞洞板  一件两箱  颜色->火烧云,ALL,AMAZON,B,T4B,20.80,8.48,25,-16.52,-0.6606,0.6606
DJ505694_2,US GSI-FB11款 7抽带窗上床下地板床带灯带斜梯带脚垫 一件一箱 颜色->白色,ALL,AMAZON,D,T4B,15.50,7.44,25,-17.56,-0.7024,0.7024
DJ505695_4,US YSY-599款 F尺寸上床下书架含灯带插排含床侧挂袋 一件两箱 颜色->黑色,ALL,UNKNOWN,C,T4B,10.41,4.99,25,-20.01,-0.8002,0.8002
DJ505725_1,US SD 矩形腿电动单人L三抽升降桌  一件一箱 颜色->火烧云,ALL,AMAZON,C,T4B,7.31,3.51,25,-21.49,-0.8598,0.8598
SFDJ503122_6,US TA 谷仓门双顶咖啡桌 一件一箱 颜色->白G42014K+仿古樱桃,ALL,TIKTOK,D,T4B,15.06,7.23,25,-17.77,-0.7110,0.7110
DJ502650_4,US TP 铁木梳妆台 带玻璃门五抽灯泡插排款 颜色->粉色,ALL,UNKNOWN,C,T4B,6.02,2.89,24,-21.11,-0.8795,0.8795
DJ503411_3,EU KM 铁木圆形升降咖啡桌 颜色->白色,ALL,AMAZON,C,T4B,47.98,19.58,24,-4.42,-0.1843,0.1843
DJ503450_4,EU KM 板式L型桌腿升降可展开咖啡桌 颜色->咖啡色,ALL,AMAZON,C,T4B,31.51,15.12,24,-8.88,-0.3699,0.3699
DJ503846_4,US TA X字板材厨房置物架 一件一箱 颜色->7625手抓纹,ALL,AMAZON,C,T4B,21.65,11.64,24,-12.36,-0.5151,0.5151
DJ503902_2,US AG 1x4简约立柱灯带储物柜 一件一箱 颜色->白色,ALL,AMAZON,C,T4B,39.05,19.87,24,-4.13,-0.1722,0.1722
DJ503905_2,US AG 高款板式三抽边桌 灯带+排插 一件一箱 颜色->白色,ALL,UNKNOWN,C,T4B,27.97,14.23,24,-9.77,-0.4071,0.4071
DJ504178_2,EU AG JYH208 棉麻软包气杆床 三灯带 140*200cm 一件两箱 颜色->米白,ALL,AMAZON,C,T4B,35.31,16.95,24,-7.05,-0.2938,0.2938
DJ504395_1,EU BW铁木软包床LIWS-01 床尾两抽屉 白色+原木色 一件一箱140*190,ALL,AMAZON,C,T4B,55.61,26.69,24,2.69,0.1121,0.1121
DJ504452_1,US UA 带推车侧架马桶柜 三七分布局 一件一箱 颜色->白色,ALL,AMAZON,C,T4B,59.38,28.50,24,4.50,0.1876,0.1876
DJ504625_2,US 6抽错层亚克力柜门L高桌 一件一箱 颜色->黑色,ALL,UNKNOWN,C,T4B,8.48,4.56,24,-19.44,-0.8099,0.8099
DJ504676_1,"US UA 拱顶带灯狭缝柜 一件一箱 颜色->黑色,山纹黑",ALL,UNKNOWN,C,T4B,25.90,12.43,24,-11.57,-0.4819,0.4819
DJ504692_2,UK AG JYH210A 棉麻软包气杆床 靠背2档调节 双灯带 135*190cm 一件两箱 颜色->米白,ALL,UNKNOWN,C,T4B,9.30,4.46,24,-19.54,-0.8140,0.8140
DJ504717_2,US 单人升降桌带竖条凹槽腿 一件一箱 颜色->棕色+白色,ALL,TEMU,C,T4B,7.89,4.24,24,-19.76,-0.8233,0.8233
DJ504899_1,"US 床TB-2362T FB-儿童床-002  99*190 颜色->#1,米白泰迪绒",ALL,UNKNOWN,A,T4B,3.44,1.85,24,-22.15,-0.9229,0.9229
DJ504989_1,EU AG 软包悬浮床 床头分隔置物层 1.4*2m 一件两箱 颜色->深灰色,ALL,AMAZON,C,T4B,32.43,17.43,24,-6.57,-0.2736,0.2736
DJ505048_3,"EU KM BF GY01 靠背储物液压床  双箱 尺码>XL,140*200;颜色>白色,PU-白",ALL,UNKNOWN,C,T4B,31.03,16.68,24,-7.32,-0.3048,0.3048
DJ505053,EU BW SCCC-01除臭鞋柜2翻盖+1储物格+塑料八层翻转 DFS 白色 一件一箱,ALL,AMAZON,C,T4B,18.62,10.01,24,-13.99,-0.5829,0.5829
DJ505171_1,US AG 翻盖布抽角落床 F 一件两箱 颜色->火烧云,ALL,UNKNOWN,B,T4B,13.22,7.11,24,-16.89,-0.7040,0.7040
DJ505189_3,US YW01F 7抽帐篷低阁楼床带2条灯带床头置物袋 颜色->粉色,ALL,UNKNOWN,C,T4B,4.87,2.34,24,-21.66,-0.9026,0.9026
DJ505196_4,US 床YL545 F板式5抽布抽床+集成书柜 灯带+插盘 一件2箱 137*190  颜色->#3 纯黑色,ALL,AMAZON,D,T4B,19.71,9.46,24,-14.54,-0.6059,0.6059
DJ505269_2,US 床RL-511T上床铁管下桌洞洞板抽屉含插盘灯带99*190一件两箱 颜色白铁+浅色板材,ALL,UNKNOWN,C,T4B,9.57,5.15,24,-18.85,-0.7856,0.7856
DJ505340_1,US VD JYH205 泰迪绒软包4抽床 弧形掀盖靠背 双灯带 Q 一件两箱 颜色->米白,ALL,AMAZON,C,T4B,24.22,11.63,24,-12.38,-0.5156,0.5156
DJ505394_2,US DC 铁木床 CBF-10L 铁木角落床气动款- 150G T 一件一箱 颜色->白色,ALL,AMAZON,C,T4B,26.71,13.59,24,-10.41,-0.4337,0.4337
DJ505429_1,US RL- 923T 树屋地板床+绘本架 一件一箱 99*190 颜色->白色,ALL,AMAZON,C,T4B,21.36,10.25,24,-13.75,-0.5728,0.5728
DJ505429_4,US RL- 923T 树屋地板床+绘本架 一件一箱 99*190 颜色->浅蓝色,ALL,AMAZON,C,T4B,4.87,2.34,24,-21.66,-0.9026,0.9026
DJ505489_1,"UK KM BF-RK01 软包基础靠背收纳款 尺码->L,135*190;颜色->灰色,亚麻-灰",ALL,AMAZON,C,T4B,21.77,11.70,24,-12.30,-0.5124,0.5124
DJ505627_2,US AG 高架床 下铺布抽可活动 Twin 一件两箱 颜色->灰色,ALL,AMAZON,C,T4B,4.99,2.68,24,-21.32,-0.8883,0.8883
DJVN000048_1,"US VD32 双开门智能镜梳妆台带七彩灯带镜子适配器 一件一箱 颜色->#1,原木色",ALL,UNKNOWN,C,T4B,8.23,4.42,24,-19.58,-0.8157,0.8157
DJVN000084_1,US WIN 37寸现代简约洗手台 一件二箱 颜色-白色光面(RX6603),ALL,AMAZON,C,T4B,18.16,9.24,24,-14.76,-0.6151,0.6151
DJVN000130_1,"US QZ 藤编六抽斗柜，一件一箱 尺码->#1,灰橡木",ALL,AMAZON,D,T4B,40.61,21.83,24,-2.17,-0.0904,0.0904
DJVN000184_1,"US WIN L型圆弧格栅升降桌 一件两箱 颜色->#2,大通元素B96005-204K4",ALL,AMAZON,C,T4B,12.84,6.17,24,-17.83,-0.7431,0.7431
DJ503440_2,US SD L桌三抽带单玻璃门  一件一箱 颜色->黑麻,ALL,UNKNOWN,C,T4B,43.61,20.93,23,-2.07,-0.0898,0.0898
DJ503514_3,EU MS 猫爬架3顶窝585增配版 一件一箱 颜色->浅灰色,ALL,AMAZON,C,T4B,56.09,26.92,23,3.92,0.1705,0.1705
DJ503516_1_WF,US SD 1.4米美式三抽纯板材电脑桌  一件一箱 颜色->白黑,ALL,UNKNOWN,C,T4B,101.56,48.75,23,25.75,1.1195,1.1195
DJ503647_1,"US AG 1x3藤编交叉腿边桌 含排插 一件一箱 尺码->#1,木色",ALL,AMAZON,B,T3,140.22,132.04,23,109.04,4.7408,4.7408
DJ503647_1,"US AG 1x3藤编交叉腿边桌 含排插 一件一箱 尺码->#1,木色",ALL,UNKNOWN,B,T4B,90.21,48.50,23,25.50,1.1085,1.1085
DJ503733_4,US DC 铁木床 CBF-01L 方管软包角落床带抽篮-112 灰 Q  一件一箱,ALL,UNKNOWN,B,T4B,12.52,6.01,23,-16.99,-0.7388,0.7388
DJ503955_1,US 美式角落桌带抽屉 一件一箱 颜色->白+黑,ALL,WALMART,B,T4B,22.84,10.96,23,-12.04,-0.5233,0.5233
DJ504088_2,VD10转角镜子开门梳妆台带凳子 一件一箱 颜色->黑色,ALL,TIKTOK,B,T4B,11.10,5.97,23,-17.03,-0.7405,0.7405
DJ504414_1,US UA 悬浮款单列六层斗柜 一个一箱 颜色-->黑色 山纹黑,ALL,WALMART,C,T4B,6.14,3.30,23,-19.70,-0.8563,0.8563
DJ504693_1,UK AG JYH210A 棉麻软包气杆床 靠背2档调节 双灯带 150*200cm 一件两箱 颜色->深灰色,ALL,UNKNOWN,C,T4B,7.09,3.40,23,-19.60,-0.8521,0.8521
DJ504705_2,"US UA 高款罗马柱床头柜带灯带插排 一件一箱 颜色->棕色,刀砍纹棕",ALL,WALMART,C,T4B,8.62,4.63,23,-18.37,-0.7985,0.7985
DJ504717_3,US 单人升降桌带竖条凹槽腿 一件一箱 颜色->白色,ALL,TEMU,C,T4B,9.72,5.23,23,-17.77,-0.7726,0.7726
DJ504887_3,US 低价款5布抽2m电脑桌 一件一箱 颜色->黑色,ALL,AMAZON,C,T4B,24.83,10.13,23,-12.87,-0.5595,0.5595
DJ504909_1,US DC 公主床 BPS-02 床侧三抽屉- T 米白色 一件一箱,ALL,AMAZON,C,T4B,31.60,16.98,23,-6.02,-0.2615,0.2615
DJ504950_2,US ER BF-TM02 八抽单层儿童床 一件一箱 颜色->白色,ALL,UNKNOWN,C,T4B,11.51,6.19,23,-16.81,-0.7308,0.7308
DJ504951_3,"EU KM BF-RC01 功能床头侧4抽 双包 尺码->XL,140*200;颜色 >白色,PU白",ALL,AMAZON,C,T4B,14.94,7.60,23,-15.40,-0.6695,0.6695
DJ504980_2,US VD 低高架床 天蓬 可移脚踏凳 9布抽 6格置物层 拱形板 T 一件一箱 颜色->灰色,ALL,AMAZON,C,T4B,21.12,8.62,23,-14.38,-0.6253,0.6253
DJ505032_2,US R124款 屋顶书架低阁楼床 带灯带床头置物袋侧边挂袋，一件一箱 颜色->黑色,ALL,UNKNOWN,B,T4B,10.37,4.23,23,-18.77,-0.8160,0.8160
DJ505048_7,"EU KM BF GY01 靠背储物液压床 双包 尺码>XXXL,180*200;颜色>白色,PU白",ALL,AMAZON,C,T4B,16.13,7.74,23,-15.26,-0.6633,0.6633
DJ505054_1,EU BW 床头柜 窄柜 NSQL-01+感应灯+插排 DFS 白色 一件一箱,ALL,AMAZON,C,T4B,22.87,10.98,23,-12.02,-0.5226,0.5226
DJ505093_3,US TA 六层置物架+灯带+排插 一件一箱 颜色-> 颜色->白色,ALL,AMAZON,C,T4B,41.39,19.87,23,-3.13,-0.1362,0.1362
DJ505145_1,US 1.2米拓1.6米长餐桌 一件一箱 颜色->原木色,ALL,AMAZON,D,T4B,12.62,6.06,23,-16.94,-0.7366,0.7366
DJ505162_1,US DC 铁木床 CBF-02L 方管铁木角落床带抽篮-113 F 黑 一件两箱,ALL,TIKTOK,A,T4B,12.47,6.34,23,-16.66,-0.7242,0.7242
DJ505178_1,US 双顶带软包凳咖啡桌 一件一箱 颜色->白+棕,ALL,UNKNOWN,C,T4B,9.11,4.90,23,-18.10,-0.7870,0.7870
DJ505227_1,US 596款 T尺寸高架床8抽斗柜带侧梯带灯带挂衣杆 一件两箱 颜色->火烧云,ALL,UNKNOWN,C,T4B,15.98,8.59,23,-14.41,-0.6265,0.6265
DJ505299_1,US AG 火烧云PU软包 抽屉床 Q 一件两箱 颜色->黑色,ALL,UNKNOWN,B,T4B,86.66,41.60,23,18.60,0.8086,0.8086
DJ505300_2,US 床GJ-013T低阁楼双层储物6布抽床+空格含灯带一件一箱白铁+白麻板,ALL,TIKTOK,A,T4B,12.52,6.73,23,-16.27,-0.7074,0.7074
DJ505338_2,US VD 板式床 乡村风掀盖米字拼框 6抽 Q款 一件两箱 颜色->棕色,ALL,UNKNOWN,C,T4B,6.76,3.44,23,-19.56,-0.8504,0.8504
DJ505341_2,US VD JYH205 绒布软包4抽床 弧形掀盖靠背 双灯带 F 一件两箱 颜色->粉色,ALL,AMAZON,C,T4B,7.09,3.40,23,-19.60,-0.8521,0.8521
DJ505356_2,EU BW 悬浮床BXF-Q01床头两层+灯带+插排HQ602白色麻布+原木色 一件一箱90*200,ALL,AMAZON,C,T4B,9.86,5.30,23,-17.70,-0.7695,0.7695
DJ505436_3,US SD 80cmL桌高桌 一件一箱  颜色->白麻,ALL,TIKTOK,C,T4B,2.88,1.38,23,-21.62,-0.9399,0.9399
DJ505441_2,US AG 升级款双柜门翻盖板式床 侧边4抽 铝槽灯带+排插 F款 一件两箱 颜色->白色,ALL,AMAZON,C,T4B,22.01,11.83,23,-11.17,-0.4857,0.4857
DJ505483_3,US 1.2米双铁网门厨房置物架 一件一箱 颜色-> 颜色->火烧云,ALL,TEMU,C,T4B,9.96,4.78,23,-18.22,-0.7920,0.7920
DJ505595_1,EU AG JYH234 棉麻软包气杆床 黑灰色2027板 掀盖靠背 双灯带 90*200cm 一件两箱 颜色->深灰色,ALL,AMAZON,C,T4B,9.08,4.36,23,-18.64,-0.8105,0.8105
DJ505670_4,US SD L桌带抽屉六抽款 一件一箱 颜色->火烧云,ALL,TEMU,C,T4B,3.76,1.81,23,-21.19,-0.9214,0.9214
DJ505671_1,US DC 公主床 BPS-01 GS-041钻石拉扣床侧带抽 T 粉色 一件一箱,ALL,WALMART,B,T4B,6.86,3.30,23,-19.70,-0.8567,0.8567
DJ505727_2,US 85cm四层四抽文件柜 一件一箱 颜色->0873-13棕,ALL,AMAZON,C,T4B,7.31,3.51,23,-19.49,-0.8476,0.8476
DJ505727_3,US 85cm四层四抽文件柜 一件一箱 颜色->989-3灰色,ALL,AMAZON,C,T4B,6.20,2.98,23,-20.02,-0.8706,0.8706
DJVN000080_1,"US WIN 两抽沙发桌 颜色->#2,原木色DS66122 一件一箱",ALL,AMAZON,D,T4B,32.41,17.43,23,-5.57,-0.2424,0.2424
DJVN000085_1,"US WIN L型铁配木马桶架 一件一箱 颜色->,山纹黑(DS6607)",ALL,AMAZON,D,T4B,23.13,9.44,23,-13.56,-0.5897,0.5897
DJ454909_1,"EU MS 猫爬架 猫勺2个 一件一箱 颜色->#3,米色",ALL,AMAZON,C,T4B,33.66,16.16,22,-5.84,-0.2656,0.2656
DJ487481_5,"EU MS 猫爬架 单勺两房 90MM 一件一箱 颜色->#4,米色+白麻",ALL,AMAZON,C,T4B,35.54,14.50,22,-7.50,-0.3410,0.3410
DJ502529_1,US AE 书柜 两抽托盘带灯无线充插排 颜色->白色,ALL,UNKNOWN,B,T4B,42.15,15.81,22,-6.19,-0.2814,0.2814
DJ502530_4,"US AE 书柜 三抽带储物空间加灯带插排 颜色->#4,浅粉色",ALL,UNKNOWN,C,T4B,4.97,2.67,22,-19.33,-0.8785,0.8785
DJ503574_1,VD 板竹浴室高柜 双门 开放储物格 白色+原色 一个一箱 颜色->白色,ALL,UNKNOWN,C,T4B,5.49,2.95,22,-19.05,-0.8659,0.8659
DJ503877_1,US 双抽美式文件柜 一件一箱 颜色->灰色,ALL,UNKNOWN,C,T4B,11.76,5.65,22,-16.35,-0.7434,0.7434
DJ503911_2,"US BF 储物柜 DT15 5抽无把手悬浮带灯带插头 一件一箱 颜色->#2,白色三胺麻面",ALL,TIKTOK,A,T4B,14.77,7.51,22,-14.49,-0.6584,0.6584
DJ503914_1,US HS 抽屉柜 DDBT-01 1x4+2 底座 无把手 一件一箱 颜色->黑色,ALL,UNKNOWN,C,T4B,12.17,5.84,22,-16.16,-0.7344,0.7344
DJ504024_2,US 1.2米四抽L桌  一件一箱 颜色->黑色,ALL,TEMU,C,T4B,51.80,24.86,22,2.86,0.1301,0.1301
DJ504104_1,"US 床BJS-592T布抽日间床含灯带、插盘99*190 颜色->#1,黑色+火烧云",ALL,AMAZON,C,T4B,57.07,23.28,22,1.28,0.0584,0.0584
DJ504149_3,US 单人书架桌配5布抽 一件一箱 颜色->白色,ALL,WALMART,C,T4B,6.18,2.97,22,-19.03,-0.8652,0.8652
DJ504354_4,US TA 双顶布抽层架带灯咖啡桌 一件一箱 颜色->淡雅胡桃,ALL,AMAZON,C,T4B,32.16,13.12,22,-8.88,-0.4035,0.4035
DJ504364_1,EU KM 喷漆水槽柜80cm两大抽可互换层架 一箱一个 颜色->白色,ALL,UNKNOWN,C,T4B,42.74,17.44,22,-4.56,-0.2074,0.2074
DJ504396_2,"EU KM 板式鞋柜 80cm单排3门鞋柜 单包  颜色->黑色,山纹黑",ALL,UNKNOWN,C,T4B,27.00,11.02,22,-10.98,-0.4992,0.4992
DJ504405_3,US TS01 12抽悬浮顶电视柜带插排一拖二灯带 一件一箱 颜色->白色,ALL,UNKNOWN,B,T4B,10.88,5.85,22,-16.15,-0.7340,0.7340
DJ504493_1,US UA 厚抽底菱形拼色单列五斗柜 一件一箱 颜色->黑色,ALL,WALMART,C,T4B,6.01,3.23,22,-18.77,-0.8532,0.8532
DJ504792_4,EU BW 软包气动床BQQ-01 HQ 608 灰色 一件两箱140*200,ALL,AMAZON,C,T4B,18.55,9.97,22,-12.03,-0.5467,0.5467
DJ504887_1,US 低价款5布抽2m电脑桌 一件一箱 颜色->火烧云+黑,ALL,AMAZON,C,T4B,18.92,9.08,22,-12.92,-0.5873,0.5873
DJ504950_3,US ER BF-TM02 八抽单层儿童床 一件一箱 颜色->粉色,ALL,AMAZON,C,T4B,10.10,5.43,22,-16.57,-0.7531,0.7531
DJ505055_1,EU BW 床头柜 三抽 NSQL-04+感应灯+插排 DFS 白色 一件一箱,ALL,AMAZON,C,T4B,23.71,12.75,22,-9.25,-0.4206,0.4206
DJ505083_2,"EU KM BF-TG01基础款铁木拐角床 单箱 尺码>S,90*190;颜色>黑色,亚麻灰+山纹黑",ALL,AMAZON,C,T4B,13.29,6.38,22,-15.62,-0.7102,0.7102
DJ505116_1,US 斜腿错层行政桌 一件一箱 颜色->火烧云,ALL,UNKNOWN,C,T4B,25.45,12.95,22,-9.05,-0.4114,0.4114
DJ505165_3,US GS03 7抽转角侧梯低阁楼床带灯带正面3空格储物 颜色->粉色,ALL,UNKNOWN,A,T4B,6.00,3.22,22,-18.78,-0.8535,0.8535
DJ505212_1_WF,US DC 铁木床 CBF-08改 铁木储物带尾桌 154 T款 一件两箱  颜色->黑色,ALL,UNKNOWN,D,T4B,5.31,2.55,22,-19.45,-0.8840,0.8840
DJ505212_3,US DC 铁木床 CBF-08改 铁木储物带尾桌 154 T款 一件两箱  颜色->粉色,ALL,UNKNOWN,B,T4B,16.71,8.50,22,-13.50,-0.6136,0.6136
DJ505214_3,"US 床YW541T 双层床+桌面  99*190 一件一箱 颜色->#3,黑铁+锯齿橡木灰",ALL,AMAZON,C,T4B,18.84,7.68,22,-14.32,-0.6507,0.6507
DJ505214_3,"US 床YW541T 双层床+桌面  99*190 一件一箱 颜色->#3,黑铁+锯齿橡木灰",ALL,UNKNOWN,C,T4B,14.33,7.70,22,-14.30,-0.6500,0.6500
DJ505235_2,US VD 高架床 上下铺 办公桌 书架 T 一件两箱 颜色->黑色,ALL,UNKNOWN,C,T4B,13.23,7.11,22,-14.89,-0.6766,0.6766
DJ505316_2,US BF VD19 书桌 铁木开门灯带镜子首饰玻璃门带凳子 一件一箱 颜色->黑色,ALL,AMAZON,C,T4B,23.90,12.16,22,-9.84,-0.4474,0.4474
DJ505321_1,US DC 高架床 LBOS-02 L型桌开放格储物款 F 一件两箱 颜色 黑色,ALL,UNKNOWN,C,T4B,14.05,7.55,22,-14.45,-0.6566,0.6566
DJ505328_2,US DC 矮高架床 LBB-02 BD163 树屋+短桌+层架双床 双T 白色 一件一箱,ALL,UNKNOWN,C,T4B,10.13,5.45,22,-16.55,-0.7523,0.7523
DJ505418_2,"US AG 乡村风板式翻盖气撑床架 F 一件两箱 尺码->#2,胡桃木色",ALL,AMAZON,D,T4B,11.65,5.59,22,-16.41,-0.7458,0.7458
DJ505464_2,"UK DC 悬浮床BXF-Q01 602 HQ 白色麻布+原木色 一件两箱135*190 尺码->M,150*200",ALL,AMAZON,C,T4B,15.35,8.25,22,-13.75,-0.6250,0.6250
DJ505473_2,UK AG 铁木悬浮床 软包靠背 双层置物 USB插排 灯带 床垫135*190cm 一件一箱 颜色->米白,ALL,AMAZON,C,T4B,9.30,4.46,22,-17.54,-0.7971,0.7971
DJ505478_2,US VD JYH216 PU软包4抽床 灰色板 靠背掀盖 双灯带 F 一件两箱 颜色->白色,ALL,AMAZON,C,T4B,25.57,13.01,22,-8.99,-0.4087,0.4087
DJ505515_1,US AG 板式床 乡村风拼框 掀盖靠背 4抽 K款 一件两箱 颜色->白色,ALL,UNKNOWN,C,T4B,8.86,4.25,22,-17.75,-0.8068,0.8068
DJ505551_1,"USHA MFL-TV07 格栅横条纹两门电视柜 1.5m 一件一箱 颜色->#1,原木橡木色",ALL,AMAZON,D,T4B,12.40,5.95,22,-16.05,-0.7295,0.7295
DJ505639_1,EU AG软包气杆床 绒布 床头可调+尾抽1.4*2m 1灯带 欧标排插3U1T 一件两箱 颜色->深灰色,ALL,AMAZON,C,T4B,6.42,3.08,22,-18.92,-0.8599,0.8599
DJ505694_3,US GSI-FB11款 7抽带窗上床下底板床带灯带斜梯带脚垫 一件一箱 颜色->粉色,ALL,AMAZON,D,T4B,21.48,10.31,22,-11.69,-0.5313,0.5313
DJ505710_2,US 85cm4层五抽农舍风文件柜 一件一箱 颜色->棕色,ALL,AMAZON,C,T4B,19.86,10.68,22,-11.32,-0.5147,0.5147
DJ505725_3,US SD 矩形腿电动单人L三抽升降桌  一件一箱 颜色->原木色,ALL,AMAZON,C,T4B,32.99,15.84,22,-6.16,-0.2801,0.2801
DJ505936_1,"UK KM  BF RY02 床头拼板液压床 双包 尺码->XL,135*190;颜色->白色,亚麻-白",ALL,AMAZON,C,T4B,2.88,1.38,22,-20.62,-0.9372,0.9372
DJVN000079_1,US 户外实木升级款3 piece patio set 一件两箱 米白色 颜色->米白,ALL,AMAZON,C,T4B,12.84,6.17,22,-15.83,-0.7197,0.7197
DJ487481_5,"EU MS 猫爬架 单勺两房 90MM 一件一箱 颜色->#4,米色+白麻",ALL,UNKNOWN,C,T4B,21.83,8.91,21,-12.09,-0.5759,0.5759
DJ502512_1,US AE 书柜 3抽屉 带插排小台款（大款） 颜色->白色,ALL,UNKNOWN,B,T4B,27.23,13.07,21,-7.93,-0.3775,0.3775
DJ502529_2,US AE 书柜 两抽托盘带灯无线充插排 颜色->黑色,ALL,UNKNOWN,B,T4B,43.53,10.54,21,-10.46,-0.4981,0.4981
DJ502834_2,US AG 铁木3抽边桌 灯带+排插  一件一箱 颜色->白色,ALL,UNKNOWN,C,T4B,22.86,10.97,21,-10.03,-0.4776,0.4776
DJ503553_2,EU MS 猫爬架 909增配款 一件一箱 颜色->深灰色,ALL,AMAZON,C,T4B,27.16,14.60,21,-6.40,-0.3049,0.3049
DJ503651_1,EU VD 板竹洗衣机架 双单门 2个开放储物格 白色+原色 一个一箱 颜色->白色,ALL,UNKNOWN,B,T4B,13.19,7.09,21,-13.91,-0.6624,0.6624
DJ503914_2,US HS 抽屉柜 DDBT-01 1x4+2 底座 无把手 一件一箱 颜色->白色,ALL,UNKNOWN,C,T4B,5.32,2.86,21,-18.14,-0.8637,0.8637
DJ504024_3,US 1.2米四抽L桌  一件一箱 颜色->白色,ALL,TEMU,C,T4B,38.47,18.46,21,-2.54,-0.1208,0.1208
DJ504027_5,EU DC 悬浮床BXF-01L 铁管全拆装无床头-93款 HQ 黑色 160*200 一件一箱,ALL,UNKNOWN,C,T4B,22.68,9.25,21,-11.75,-0.5594,0.5594
DJ504085_3,US 单人L高桌5布抽低价款 一件一箱 颜色->白麻,ALL,UNKNOWN,B,T4B,18.00,8.64,21,-12.36,-0.5884,0.5884
DJ504125_4,US DC 悬浮床BXF-01L 铁管全拆 HQ -75改 黑色 CK 一件一箱,ALL,WALMART,C,T4B,32.57,13.29,21,-7.71,-0.3672,0.3672
DJ504271_1,EU AG JYH210 棉麻软包气杆床 靠背2档调节 双灯带 160*200cm 一件两箱 颜色->深灰色,ALL,UNKNOWN,C,T4B,9.96,5.07,21,-15.93,-0.7586,0.7586
DJ504367_1,EU KM 板式镜柜LED 白色 一箱一个 颜色->白色,ALL,UNKNOWN,C,T4B,52.13,26.52,21,5.52,0.2630,0.2630
DJ504405_1,US TS01 12抽悬浮顶电视柜带插排一拖二灯带 一件一箱 颜色->黑色,ALL,UNKNOWN,A,T4B,14.43,7.76,21,-13.24,-0.6307,0.6307
DJ504405_2,US TS01 12抽悬浮顶电视柜带插排一拖二灯带 一件一箱 颜色->火烧云,ALL,UNKNOWN,B,T4B,22.74,9.28,21,-11.72,-0.5582,0.5582
DJ504565_2,"US 床YL545 T板式5抽布抽床+集成书柜 灯带+插盘99*190 颜色->#2,灰板+黑铁",ALL,UNKNOWN,C,T4B,25.31,10.33,21,-10.67,-0.5083,0.5083
DJ504889_2,"US AE 书桌 VT08 玻璃柜两抽玻璃桌面梳妆台带RGB灯带 颜色->#2,黑色麻面",ALL,AMAZON,C,T4B,32.47,17.45,21,-3.55,-0.1689,0.1689
DJ505079_3,US UA BK-GD01 高款拱顶书柜带推车 一件一箱 颜色->棕色G29024I,ALL,WALMART,C,T4B,5.98,2.87,21,-18.13,-0.8633,0.8633
DJ505119_3,US 1.5米两抽带亚克力门文件柜 一件两箱 颜色->黑+火烧云,ALL,UNKNOWN,C,T4B,16.06,7.71,21,-13.29,-0.6329,0.6329
DJ505120_2_WF,US SD L升降桌带文件柜  一件两箱   颜色->黑麻,ALL,UNKNOWN,C,T4B,27.83,14.96,21,-6.04,-0.2874,0.2874
DJ505168_1,"US 594款 T尺寸上床下桌8抽带灯带插排 一件一箱,箱规不超49kg 颜色->火烧云",ALL,UNKNOWN,A,T4B,20.30,10.33,21,-10.67,-0.5081,0.5081
DJ505171_2,US AG 翻盖布抽角落床 F 一件两箱 颜色->灰色,ALL,WALMART,B,T4B,14.46,7.77,21,-13.23,-0.6298,0.6298
DJ505173_1,US DC 铁木床 VABF-SP 铁木角落床可变双拼款- 160G 一件双箱 颜色->黑色,ALL,WALMART,C,T4B,5.78,3.10,21,-17.90,-0.8522,0.8522
DJ505212_2,US DC 铁木床 CBF-08改 铁木储物带尾桌 154 T款 一件两箱  颜色->白色,ALL,WALMART,B,T4B,15.45,6.30,21,-14.70,-0.6999,0.6999
DJ505224_2,US 593款 F尺寸上床下桌8抽带灯带插排 一件两箱 颜色->白色,ALL,UNKNOWN,C,T4B,11.80,5.67,21,-15.33,-0.7302,0.7302
DJ505225_3,US 594F款 F尺寸上床下桌8抽带灯带插排 一件两箱 颜色->灰色,ALL,UNKNOWN,A,T4B,19.49,9.35,21,-11.65,-0.5546,0.5546
DJ505243_2,US 床GJ-011T屋顶低阁楼床3布抽+2铁篮含灯带一件一箱白铁+白色山纹,ALL,UNKNOWN,C,T4B,20.03,10.77,21,-10.23,-0.4872,0.4872
DJ505300_2,US 床GJ-013T低阁楼双层储物6布抽床+空格含灯带一件一箱白铁+白麻板,ALL,WALMART,A,T4B,11.24,4.59,21,-16.41,-0.7815,0.7815
DJ505309_1,US HS 抽屉柜 DDB-06 2x4 底座 无把手 DFS 一件两箱 颜色->黑色,ALL,UNKNOWN,C,T4B,6.01,2.89,21,-18.11,-0.8626,0.8626
DJ505329_3,US ER DK-TM01 双侧储物行政电脑桌 一件两箱 颜色->#3 灰色（复古灰7201）+黑麻色,ALL,UNKNOWN,D,T4B,4.87,2.34,21,-18.66,-0.8887,0.8887
DJ505345_1,EU VD 角落气杆软包床 2层置物 欧标床垫0.9*2m 一件两箱 颜色->深灰色,ALL,UNKNOWN,C,T4B,4.43,2.13,21,-18.87,-0.8987,0.8987
DJ505425_1,US DC 板式床 BFX-03软包开合储物床下四抽屉-282 Q 黑麻面 一件两箱,ALL,AMAZON,C,T4B,10.41,4.99,21,-16.01,-0.7622,0.7622
DJ505486_1,"US UA SH 带轮托盘换鞋凳150cm 一件一箱 颜色->#1,做旧白+胡桃木",ALL,AMAZON,C,T4B,17.75,9.54,21,-11.46,-0.5456,0.5456
DJ505512_2,US VD JYH216 PU软包4抽床 灰色板 靠背掀盖 双灯带 Q 一件两箱 颜色->白色,ALL,AMAZON,C,T4B,8.86,4.25,21,-16.75,-0.7976,0.7976
DJ505516_4,EU BW 软包气动床BQQ-01 HQ 608 白色 一件两箱 140*200,ALL,AMAZON,C,T4B,18.16,8.71,21,-12.29,-0.5850,0.5850
DJ505642_2,EU AG气杆床 绒布 立耳简约款1.4*2m 1灯带 欧标排插3U1T 一件两箱 颜色->深灰色,ALL,AMAZON,C,T4B,6.86,3.30,21,-17.70,-0.8431,0.8431
DJ505657_4,US YSY-YW01 7抽帐篷低阁楼床带2条灯带床头置物袋 一件一箱 颜色->紫色,ALL,AMAZON,C,T4B,13.73,6.59,21,-14.41,-0.6862,0.6862
DJ505710_3,US 85cm4层五抽农舍风文件柜 一件一箱 颜色->989-3灰色,ALL,AMAZON,C,T4B,13.47,7.24,21,-13.76,-0.6552,0.6552
DJVN000048_2,US VD32 双开门智能镜梳妆台带七彩灯带镜子适配器 一件一箱 颜色->白色,ALL,UNKNOWN,C,T4B,6.75,3.63,21,-17.37,-0.8270,0.8270
DJVN000067_1,"US QZ 钢琴面一斗床头柜 -件一箱 尺码->#1,原橡木色",ALL,AMAZON,C,T4B,38.37,20.63,21,-0.37,-0.0176,0.0176
SFDJ503440_2,US SD L桌三抽带单玻璃门  一件一箱 颜色->黑麻,ALL,TIKTOK,D,T4B,15.61,7.49,21,-13.51,-0.6432,0.6432
SFDJ505120_2,US SD L升降桌带文件柜  一件两箱   颜色->黑麻,ALL,UNKNOWN,D,T4B,7.36,3.96,21,-17.04,-0.8116,0.8116
DJ502512_4,US AE 书柜 3抽屉 带插排小台款 颜色->#4,ALL,TIKTOK,B,T4B,39.19,12.62,20,-7.38,-0.3690,0.3690
DJ503171_3,US TA 双顶双抽带门咖啡桌 一件一箱 颜色->黑麻,ALL,TIKTOK,B,T4B,12.52,5.11,20,-14.89,-0.7446,0.7446
DJ503278,EU DC 欧标木质LED打砂镜柜单开门 50*16*70 白色 一件一箱,ALL,TIKTOK,C,T4B,7.74,3.94,20,-16.06,-0.8032,0.8032
DJ503315_2,US SD 1.67米游戏高桌  一件一箱 颜色->白色,ALL,AMAZON,C,T4B,24.68,10.07,20,-9.93,-0.4966,0.4966
DJ503347_4,US SD 1.5米单人桌三抽  一件一箱 颜色->顶棕+主体白,ALL,UNKNOWN,C,T4B,15.75,7.56,20,-12.44,-0.6220,0.6220
DJ503537_2,US SD 1.4米游戏桌 一件一箱 颜色->黑色,ALL,UNKNOWN,C,T4B,12.72,6.10,20,-13.90,-0.6948,0.6948
DJ503685_4,US 1米双抽高文件柜 一件一箱 颜色->灰色X字,ALL,UNKNOWN,C,T4B,13.36,5.45,20,-14.55,-0.7274,0.7274
DJ503948,EU DC 木质镜柜三开门 70*16*60 白色 一件一箱,ALL,TIKTOK,C,T4B,9.39,5.05,20,-14.95,-0.7475,0.7475
DJ504108_1,EU AG 悬浮床 软包床头 铁框架 灯带 USB插排 1.6*2m 一件一箱 颜色->深灰色,ALL,UNKNOWN,C,T4B,19.35,7.89,20,-12.11,-0.6054,0.6054
DJ504125_6,US DC 悬浮床BXF-01L 铁管全拆 HQ -75改 黑色 TXL 一件一箱,ALL,WALMART,C,T4B,24.11,11.57,20,-8.43,-0.4214,0.4214
DJ504259_2,US SD 2.4米双人八抽电脑桌  一件一箱 颜色->黑色,ALL,WALMART,B,T4B,9.58,5.15,20,-14.85,-0.7425,0.7425
DJ504269_1,EU AG JYH210 棉麻软包气杆床 靠背2档调节 双灯带 140*190cm 一件两箱 颜色->深灰色,ALL,UNKNOWN,C,T4B,8.68,4.67,20,-15.33,-0.7666,0.7666
DJ504453_1,"US UA 带推车侧架马桶柜 农舍风撞色 一件一箱 颜色->白色,做旧白+胡桃木",ALL,TEMU,B,T4B,19.16,9.20,20,-10.80,-0.5401,0.5401
DJ504454_1,US UA 带推车侧架马桶柜 十字贴条雾面玻璃柜门 一件一箱 颜色->白色,ALL,AMAZON,C,T4B,58.31,23.79,20,3.79,0.1895,0.1895
DJ504495_1,EU KM双侧储物梳妆台 一件两箱 颜色->白色,ALL,AMAZON,C,T4B,25.41,10.37,20,-9.63,-0.4815,0.4815
DJ504570_3,"EU KM 铁木床拐角床头软包带柜门 90*190 一件两箱 颜色->黑色,小浮雕黑板灰色床头",ALL,UNKNOWN,C,T4B,17.60,7.18,20,-12.82,-0.6410,0.6410
DJ504688_2,UK AG 悬浮床 软包床头 铁框架 英标排插 灯带 床垫135*190cm 一件一箱 颜色->米白,ALL,UNKNOWN,C,T4B,3.54,1.70,20,-18.30,-0.9149,0.9149
DJ504901_4,EU DC 铁木床IW-01带灯带欧标插排 HQ G黑色火烧云 140*200 一件一箱,ALL,AMAZON,B,T4B,49.75,25.31,20,5.31,0.2657,0.2657
DJ505048_6,"EU KM BF GY01 靠背储物液压床 双包 尺码>XXL,160*200;颜色>灰色,亚麻灰",ALL,UNKNOWN,C,T4B,20.22,10.87,20,-9.13,-0.4566,0.4566
DJ505048_7,"EU KM BF GY01 靠背储物液压床 双包 尺码>XXXL,180*200;颜色>白色,PU白",ALL,UNKNOWN,C,T4B,32.47,17.45,20,-2.55,-0.1274,0.1274
DJ505071_2,EU AG JYH208 棉麻软包气杆床 三灯带 90*200cm 一件两箱 颜色->米白,ALL,AMAZON,C,T4B,31.12,12.70,20,-7.30,-0.3651,0.3651
DJ505120_1_WF,US SD L升降桌带文件柜  一件两箱  颜色->火烧云,ALL,UNKNOWN,C,T4B,27.35,13.92,20,-6.08,-0.3041,0.3041
DJ505295_2,US SD 80cm转角升降桌 一件一箱  颜色->黑麻,ALL,WALMART,C,T4B,8.60,4.63,20,-15.37,-0.7687,0.7687
DJ505309_2_WF,US HS 抽屉柜 DDB-06 2x4 底座 无把手 DFS 一件两箱 颜色->白色,ALL,UNKNOWN,C,T4B,15.94,7.65,20,-12.35,-0.6173,0.6173
DJ505335_2,US YW03F 4抽双F上下铺含插排灯带床头挂袋 一件两箱 颜色->白色,ALL,AMAZON,D,T4B,39.48,16.11,20,-3.89,-0.1946,0.1946
DJ505341_2,US VD JYH205 绒布软包4抽床 弧形掀盖靠背 双灯带 F 一件两箱 颜色->粉色,ALL,UNKNOWN,C,T4B,2.88,1.38,20,-18.62,-0.9309,0.9309
DJ505436_2,US SD 80cmL桌高桌 一件一箱  颜色->黑麻,ALL,UNKNOWN,C,T4B,9.96,4.78,20,-15.22,-0.7608,0.7608
DJ505496_1,US 床BJS-2408T拱形双开门含插盘灯带 99*190 一件一箱 颜色 粉色绒布+白板,ALL,UNKNOWN,B,T4B,12.01,6.45,20,-13.55,-0.6773,0.6773
DJ505535_2,US 床YW-43F上床下电竞桌3抽储物柜含灯带137*190 一件两箱 颜色白色铁+白板,ALL,UNKNOWN,B,T4B,53.89,28.97,20,8.97,0.4486,0.4486
DJ505605_4,"EU KM BF-TG02 铁木软包大床头拐角床 双包装 尺码->XL,140*200;颜色->灰色,亚麻-灰",ALL,AMAZON,C,T4B,13.95,6.70,20,-13.30,-0.6652,0.6652
DJ505616_1,"EU KM BF GY03 靠背储物+开放格+尾抽液压床 尺码->L,140*190;颜色->灰色,亚麻灰",ALL,AMAZON,C,T4B,7.75,3.72,20,-16.28,-0.8140,0.8140
DJ505646_1,US VD 板式床 乡村风 3灯带 2柜门 4抽 Q 一件两箱 颜色->白色,ALL,UNKNOWN,C,T4B,7.53,3.61,20,-16.39,-0.8193,0.8193
DJ505741_1,US AG 高搁架6布抽角落床 T 一件一箱 颜色->火烧云,ALL,AMAZON,C,T4B,19.04,9.14,20,-10.86,-0.5429,0.5429
DJ505853_1,US RL-R170款上T下T上下铺4抽长桌面带灯带排插 一件两箱 颜色->黑色,ALL,AMAZON,C,T4B,5.09,2.45,20,-17.55,-0.8777,0.8777
DJVN000039_2,US SD 圆弧面转角高桌 一件一箱 颜色->黑色,ALL,UNKNOWN,C,T4B,22.39,10.74,20,-9.26,-0.4628,0.4628
DJ486092_1,EU MS 猫爬架909升级款 一件一箱 颜色->米白,ALL,AMAZON,C,T4B,33.58,16.12,19,-2.88,-0.1517,0.1517
DJ502860_2,US AG 立柱开放储物灯带边桌 含插座  一件一箱 颜色->白色,ALL,TIKTOK,C,T4B,4.87,2.34,19,-16.66,-0.8770,0.8770
DJ502952_1,US SD 23款L桌高桌 一件一箱 颜色->黑色,ALL,UNKNOWN,A,T4B,17.65,9.49,19,-9.51,-0.5006,0.5006
DJ503079_2,"US BF 书柜 板材美式+托盘含插盘（大款）加RGB灯带 一件一箱 颜色->#2,白色小麻",ALL,UNKNOWN,C,T4B,33.06,15.87,19,-3.13,-0.1648,0.1648
DJ503855_2,US 带柜门抽屉美式书架 一件一箱 颜色->灰色,ALL,UNKNOWN,B,T4B,25.60,13.02,19,-5.98,-0.3146,0.3146
DJ503856_5,EU DC铁木床LIW-01 床头一层盖板+灯带+插排 WS 黑色+火烧色  一件一箱 160*200,ALL,AMAZON,C,T4B,60.03,28.82,19,9.82,0.5167,0.5167
DJ503905_1,US AG 高款板式三抽边桌 灯带+排插 一件一箱 颜色->黑色,ALL,WALMART,A,T4B,18.58,9.99,19,-9.01,-0.4743,0.4743
DJ503913_2,US AG 软包床 郁金香花瓣 荷兰绒 4抽屉 F 一件一箱 颜色->粉色,ALL,AMAZON,C,T4B,33.92,16.28,19,-2.72,-0.1431,0.1431
DJ503917_3,US 玻璃门L桌高桌带布兜款 一件一箱 颜色->黑色,ALL,WALMART,B,T4B,4.46,2.14,19,-16.86,-0.8873,0.8873
DJ503966_1,"EU KM 板式梳妆台  50cm梳妆台 一箱一个 颜色->白色,麻面白",ALL,AMAZON,C,T4B,38.45,15.69,19,-3.31,-0.1743,0.1743
DJ504027_4,EU DC 悬浮床BXF-01L 铁管全拆装无床头-93款 HQ 黑色 140*200 一件一箱,ALL,UNKNOWN,C,T4B,23.72,11.38,19,-7.62,-0.4009,0.4009
DJ504105_1,"US 床BJS-593T软包菱格日间床含灯带插盘99*190 颜色->#1,黑色PU",ALL,AMAZON,C,T4B,65.30,33.23,19,14.23,0.7487,0.7487
DJ504118_1,US床T-B715F床头置物软包床前后铝材灯带四抽含垫137*193 颜色黑色PU,ALL,UNKNOWN,C,T4B,13.65,5.57,19,-13.43,-0.7070,0.7070
DJ504309_5,EU BW铁木床DIW-02 床头一层板+几何造型+灯带插排 ZY 火烧色 一件一箱 160*200,ALL,AMAZON,C,T4B,38.61,19.64,19,0.64,0.0338,0.0338
DJ504400_2,"US AE 书柜 NT25 四抽悬浮滑盖加灯带插排 颜色->#2,白色麻面",ALL,TIKTOK,B,T4B,14.61,7.86,19,-11.14,-0.5866,0.5866
DJ504622_2,US VD 板式床 掀盖软包靠背 双灯带 4抽 T款 一件一箱 颜色->白色,ALL,AMAZON,C,T4B,44.52,18.17,19,-0.83,-0.0439,0.0439
DJ504717_1,US 单人升降桌带竖条凹槽腿 一件一箱 颜色->棕色,ALL,AMAZON,C,T4B,29.50,15.86,19,-3.14,-0.1653,0.1653
DJ504808_2,US AG 乡村风长虹玻璃LED书桌 一件一箱 颜色->灰色,ALL,UNKNOWN,C,T4B,15.11,7.25,19,-11.75,-0.6184,0.6184
DJ504867_1,US SD U型书架桌带三抽   一件一箱 颜色 颜色->火烧云,ALL,TIKTOK,C,T4B,4.31,2.32,19,-16.68,-0.8781,0.8781
DJ504951_8,EU KM BF-RC01 功能床头侧4抽 魔术贴款 两箱装 尺码->E 160*200;颜色->白色,ALL,AMAZON,C,T4B,16.61,7.97,19,-11.03,-0.5805,0.5805
DJ504952_1,"US UA DK-SR02 板式原木两侧储物双人桌 一件一箱 颜色->#1,原木色",ALL,AMAZON,C,T4B,22.52,9.19,19,-9.81,-0.5164,0.5164
DJ504970_1,US VD JYH205 泰迪绒软包4抽床 弧形掀盖靠背 双灯带 K 一件两箱 颜色->米白,ALL,AMAZON,C,T4B,29.42,14.12,19,-4.88,-0.2568,0.2568
DJ505101_1,EU AG 高架床 一字桌 对称6布抽+4置物层 床垫90*200cm 一件两箱 颜色->黑色,ALL,AMAZON,C,T4B,41.10,19.73,19,0.73,0.0383,0.0383
DJ505156_1,US AG 7布抽高架床 F 一件两箱 颜色->火烧云,ALL,AMAZON,C,T4B,27.34,13.12,19,-5.88,-0.3094,0.3094
DJ505260_2,US VD 板式床 推拉谷仓门 4抽 F款 一件两箱 颜色->深灰色,ALL,AMAZON,C,T4B,23.33,12.55,19,-6.45,-0.3397,0.3397
DJ505267_3,"US 床RL-510F上床铁网+板下桌挂钩抽屉含插盘灯带137*190一件两箱 颜色->#3,黑铁+灰木纹板",ALL,AMAZON,B,T4B,33.95,13.85,19,-5.15,-0.2710,0.2710
DJ505273_3,US 床T-B303F软包床头翻开床尾铝材四抽137*190 一件一箱 颜色绒布白色+白色铁,ALL,UNKNOWN,A,T4B,11.41,6.13,19,-12.87,-0.6771,0.6771
DJ505351_3,UK BW铁木软包床LIWS-01  HQ 黑色PU+黑色 一件一箱 150*200,ALL,AMAZON,C,T4B,33.15,17.82,19,-1.18,-0.0622,0.0622
DJ505450_6,"EU KM BF-CJ01 床头斜线绗缝 基础款软包床 单箱装 尺码->XXL,160*200;颜色->灰色,亚麻-灰",ALL,AMAZON,C,T4B,7.53,3.61,19,-15.39,-0.8098,0.8098
DJ505511_2,UK AG JYH215A 棉麻软包气杆床 灰色板 靠背掀盖 双灯带 150*200cm 一件两箱 颜色->米白,ALL,UNKNOWN,C,T4B,9.30,4.46,19,-14.54,-0.7651,0.7651
DJ505702_3,EU MJ LED木质镜柜双门外扩 XF 80*16*60 白色 一件一箱,ALL,AMAZON,C,T4B,47.61,22.85,19,3.85,0.2026,0.2026
DJ505719_2,US MS 层架七布抽储物+鞋凳挂衣区低矮床 T 一件一箱 颜色->粉色,ALL,UNKNOWN,C,T4B,9.74,4.68,19,-14.32,-0.7538,0.7538
DJ505733_1,US 1.6米农舍L桌 一件一箱 颜色->木色藤编,ALL,WALMART,C,T4B,7.97,3.83,19,-15.17,-0.7987,0.7987
DJVN000013_2,"US AE 书柜（Vietnam）2抽屉板材带双灯 加高款 颜色->#1,白色麻面",ALL,TEMU,C,T4B,16.59,7.96,19,-11.04,-0.5810,0.5810
DJVN000013_2,"US AE 书柜（Vietnam）2抽屉板材带双灯 加高款 颜色->#1,白色麻面",ALL,UNKNOWN,C,T4B,12.20,5.86,19,-13.14,-0.6918,0.6918
DJ502529_2,US AE 书柜 两抽托盘带灯无线充插排 颜色->黑色,ALL,WALMART,B,T4B,19.87,10.11,18,-7.89,-0.4382,0.4382
DJ502952_3,US SD 23款L桌高桌 一件一箱 颜色->白色,ALL,UNKNOWN,B,T4B,19.42,9.88,18,-8.12,-0.4510,0.4510
DJ503164_3,US SD 1m悬浮升降咖啡桌 颜色->白色大理石 一件一箱,ALL,UNKNOWN,C,T4B,21.43,11.52,18,-6.48,-0.3599,0.3599
DJ503347_3,US SD 1.5米单人桌三抽  一件一箱 颜色->灰色989-3,ALL,AMAZON,C,T4B,68.20,21.96,18,3.96,0.2199,0.2199
DJ503385_1,US 床T-B208Q软包全拆弧形床头悬浮含插盘灯带153*203 颜色麻布深灰,ALL,AMAZON,B,T4B,49.62,23.82,18,5.82,0.3234,0.3234
DJ503712_2,US 亚克力双开门高文件柜 一件一箱 颜色->黑麻色,ALL,AMAZON,C,T4B,92.82,37.87,18,19.87,1.1039,1.1039
DJ503915_4,US HS 抽屉柜 DDBT-02 1x5+2 底座 无把手 一件一箱 颜色->深海蓝,ALL,UNKNOWN,C,T4B,6.70,3.21,18,-14.79,-0.8214,0.8214
DJ504078_3,US DC 铁木床 CBF-04L 方管铁木角落床带抽 128 黑色 F 一件一箱,ALL,WALMART,B,T4B,18.15,8.71,18,-9.29,-0.5161,0.5161
DJ504085_2,US 单人L高桌5布抽低价款 一件一箱 颜色->黑麻,ALL,UNKNOWN,B,T4B,10.68,5.74,18,-12.26,-0.6810,0.6810
DJ504107_3,EU AG 悬浮床 软包床头 铁框架 灯带 USB插排 1.4*2m 一件一箱 颜色->米白,ALL,UNKNOWN,C,T4B,10.75,5.78,18,-12.22,-0.6790,0.6790
DJ504119_1,US床T-B715T床头置物软包床前后铝材灯带四抽含垫99*190 颜色黑色PU,ALL,AMAZON,C,T4B,40.80,16.64,18,-1.36,-0.0753,0.0753
DJ504164_1,US TA 左侧置物1米三抽衣帽架 一件一箱 颜色->火烧云,ALL,UNKNOWN,B,T4B,16.42,7.28,18,-10.72,-0.5955,0.5955
DJ504259_1,US SD 2.4米双人八抽电脑桌  一件一箱 颜色->火烧云,ALL,UNKNOWN,B,T4B,21.72,8.86,18,-9.14,-0.5076,0.5076
DJ504308_6,EU DC铁木床LIW-02 床头一层板+交叉造型+灯带插排 ZY 火烧色 一件一箱 180*200,ALL,AMAZON,B,T4B,32.85,17.66,18,-0.34,-0.0190,0.0190
DJ504580_3,EU DC气动床BQD-01床头两层+灯带+插排HQ603白色麻面+原木色 一件两箱140*190,ALL,AMAZON,C,T4B,35.56,19.12,18,1.12,0.0621,0.0621
DJ504622_1,US VD 板式床 掀盖软包靠背 双灯带 4抽 T款 一件一箱 颜色->黑色,ALL,TIKTOK,B,T4B,10.68,5.13,18,-12.87,-0.7151,0.7151
DJ504657_1,"US HA 书桌 VT05 5抽单压波浪纹加高梳妆台玻璃柜+七彩流光灯+插座 颜色->#1,原木色",ALL,UNKNOWN,C,T4B,8.75,4.71,18,-13.29,-0.7386,0.7386
DJ504705_1,"US UA 高款罗马柱床头柜带灯带插排 一件一箱 颜色->白色,做旧白+刀砍纹棕",ALL,WALMART,C,T4B,9.08,4.36,18,-13.64,-0.7579,0.7579
DJ504707_1,US 板式带玻璃门升降咖啡桌 一件一箱 颜色->白色,ALL,AMAZON,C,T4B,13.51,6.48,18,-11.52,-0.6399,0.6399
DJ504792_5,EU BW 软包气动床BQQ-01 HQ 608 灰色 一件两箱 160*200,ALL,AMAZON,C,T4B,21.89,11.77,18,-6.23,-0.3462,0.3462
DJ504913_1,US VD 板式床 推拉谷仓门 4抽 K款 一件两箱 颜色->白色,ALL,AMAZON,C,T4B,18.60,7.59,18,-10.41,-0.5784,0.5784
DJ504929_1,US 1.6米农舍L桌 一件一箱 颜色->白+黑,ALL,WALMART,C,T4B,7.53,3.61,18,-14.39,-0.7992,0.7992
DJ505005_2,EU BW CBQ-06 客卧储物款青少年床90*200 橡木灰色 一件两箱,ALL,AMAZON,C,T4B,24.78,13.32,18,-4.68,-0.2598,0.2598
DJ505028_1,EU AG 6布抽角落床 140*200 一件两箱 颜色->火烧云,ALL,UNKNOWN,C,T4B,32.16,17.29,18,-0.71,-0.0395,0.0395
DJ505048_5,"EU KM BF GY01 靠背储物液压床 双箱 尺码>XXL,160*200;颜色>白色,PU-白",ALL,UNKNOWN,C,T4B,9.93,5.34,18,-12.66,-0.7034,0.7034
DJ505069_1,US AG 高架布抽角落床 F 一件一箱 颜色->火烧云,ALL,WALMART,C,T4B,5.11,2.60,18,-15.40,-0.8555,0.8555
DJ505069_2,US AG 高架布抽角落床 F 一件一箱 颜色->灰色,ALL,WALMART,B,T4B,13.40,6.44,18,-11.56,-0.6425,0.6425
DJ505087_1,EU AG 6布抽角落床 90*190 一件两箱 颜色->火烧云,ALL,AMAZON,C,T4B,12.28,6.60,18,-11.40,-0.6332,0.6332
DJ505119_2,US 1.5米两抽带亚克力门文件柜 一件两箱 颜色->白色,ALL,AMAZON,C,T4B,25.70,10.49,18,-7.51,-0.4174,0.4174
DJ505171_1,US AG 翻盖布抽角落床 F 一件两箱 颜色->火烧云,ALL,WALMART,B,T4B,4.68,2.52,18,-15.48,-0.8602,0.8602
DJ505204_2,EU DC 铁木床 CBF-01L HQ 软包角落床 606 140*200 米白 一件两箱,ALL,AMAZON,C,T4B,17.66,9.50,18,-8.50,-0.4725,0.4725
DJ505217_2,US DC 铁木床 BFH-02 X谷仓造型床尾部换鞋箱款- 902 Q 一件双箱 颜色->橡木灰,ALL,UNKNOWN,B,T4B,17.30,8.80,18,-9.20,-0.5109,0.5109
DJ505227_3,US 596款 T尺寸高架床8抽斗柜带侧梯带灯带挂衣杆 一件两箱 颜色->灰色,ALL,AMAZON,B,T4A,49.79,19.64,18,1.64,0.0909,0.0909
DJ505241_1,"US 床BJS-101T落地三床屋顶床 99*190+99*230一件两箱,黑铁+黑板+深灰布",ALL,UNKNOWN,C,T4B,16.61,8.93,18,-9.07,-0.5040,0.5040
DJ505243_2,US 床GJ-011T屋顶低阁楼床3布抽+2铁篮含灯带一件一箱白铁+白色山纹,ALL,AMAZON,C,T4B,23.81,12.11,18,-5.89,-0.3270,0.3270
DJ505279_2,US 床BJS-543T 落地双层床+储物台阶 一件一箱 99*190 颜色->#2 纯白,ALL,UNKNOWN,A,T4B,28.68,11.70,18,-6.30,-0.3499,0.3499
DJ505408_1,"EU KM BF-TCC01 板式-侧4抽双灯带 两箱包 尺码->L,140*190;颜色->白色,白色+原木色",ALL,AMAZON,C,T4B,17.02,9.15,18,-8.85,-0.4918,0.4918
DJ505427_4,EU DC 软包双灯款气动床BQQ-02 ZY 93款  灰色 一件两箱 160*200,ALL,AMAZON,C,T4B,25.46,12.22,18,-5.78,-0.3209,0.3209
DJ505427_6,EU DC 软包双灯款气动床BQQ-02 ZY 93款  灰色 一件两箱 90*190,ALL,AMAZON,C,T4B,21.92,10.52,18,-7.48,-0.4155,0.4155
DJ505480_1,US AG 柜门翻盖四抽书架床 F 一件两箱 颜色->白色,ALL,UNKNOWN,B,T4B,22.21,11.94,18,-6.06,-0.3366,0.3366
DJ505480_2,US AG 柜门翻盖四抽书架床 F 一件两箱 颜色->灰色,ALL,AMAZON,C,T4B,15.67,7.97,18,-10.03,-0.5570,0.5570
DJ505583_1,US SD 2.3米双人双抽电脑桌 一件一箱 颜色->7625手抓纹,ALL,AMAZON,C,T4B,20.17,10.84,18,-7.16,-0.3977,0.3977
DJ505612_1,UK BW 边柜NSD-03 英标插排氛围灯款 上空2抽 一件一箱 颜色->黑色,ALL,AMAZON,C,T4B,3.32,1.59,18,-16.41,-0.9115,0.9115
DJ505630_2,EU AG JYUH230 棉麻软包气杆床 软壳双灯带 140*190cm 一件两箱 颜色->米白,ALL,AMAZON,C,T4B,6.42,3.08,18,-14.92,-0.8288,0.8288
DJ505649_2,US DC 铁木床 CBF-04L 方管铁木角落床带抽 128 白色 TXL 一件一箱,ALL,AMAZON,C,T4B,10.19,4.89,18,-13.11,-0.7284,0.7284
DJ505667_6,"EU KM BF-RX03 带床头悬浮床 单包装 尺码->XXL,160*200;颜色->灰色,亚麻灰",ALL,AMAZON,C,T4B,2.88,1.38,18,-16.62,-0.9232,0.9232
DJ505725_2,US SD 矩形腿电动单人L三抽升降桌  一件一箱 颜色->黑色,ALL,AMAZON,C,T4B,6.42,3.08,18,-14.92,-0.8288,0.8288
DJVN000062_1,"US WIN 一抽一门接待桌 一件一箱 颜色->#1,胡桃木（E8034-2)+山纹黑（DS6607）",ALL,TEMU,C,T4B,9.74,4.68,18,-13.32,-0.7401,0.7401
DJVN000071_2,"US QZ 钢琴面六斗柜 -件一箱 尺码->#2,黑胡桃色",ALL,AMAZON,C,T4B,29.18,15.69,18,-2.31,-0.1286,0.1286
DJ486101_3,US TP 书桌 带灯泡  2小3大抽屉3折镜（拆装）  一件一箱 颜色->棕色,ALL,UNKNOWN,C,T4B,20.14,9.67,17,-7.33,-0.4314,0.4314
DJ503901_1,US 床T-B704T前后围栏含插盘灯带99*190 颜色TX-001米白绒布+白色铁,ALL,TIKTOK,C,T4B,6.60,3.55,17,-13.45,-0.7914,0.7914
DJ503917_2,US 玻璃门L桌高桌带布兜款 一件一箱 颜色->白色,ALL,UNKNOWN,C,T4B,13.57,5.53,17,-11.47,-0.6745,0.6745
DJ503966_1,"EU KM 板式梳妆台  50cm梳妆台 一箱一个 颜色->白色,麻面白",ALL,UNKNOWN,C,T4B,25.02,10.21,17,-6.79,-0.3995,0.3995
DJ504164_2,US TA 左侧置物1米三抽衣帽架 一件一箱 颜色->浅象牙灰,ALL,UNKNOWN,C,T4B,11.23,5.39,17,-11.61,-0.6829,0.6829
DJ504318_2,US 床T-B732T带屋顶软包床带护边含插盘灯带99*190 颜色粉色绒布+白色铁,ALL,WALMART,A,T4B,12.72,6.11,17,-10.89,-0.6408,0.6408
DJ504396_1,"EU KM 板式鞋柜 80cm单排3门鞋柜 单包 颜色->白色,麻面白",ALL,UNKNOWN,C,T4B,20.13,9.66,17,-7.34,-0.4318,0.4318
DJ504399_2,"US AE 书柜 NT24 两抽悬浮滑盖加灯带插排 颜色->#2,白色麻面",ALL,TIKTOK,C,T4B,9.55,5.14,17,-11.86,-0.6978,0.6978
DJ504408_2,"EU KM 80cm4门餐边柜 双包 颜色->黑色,浮雕黑",ALL,UNKNOWN,C,T4B,21.99,10.56,17,-6.44,-0.3791,0.3791
DJ504494_1,EU KM 布兜款咖啡桌 一件一箱 颜色->白色+米黄色布兜,ALL,AMAZON,C,T4B,27.52,13.21,17,-3.79,-0.2232,0.2232
DJ504652_2,US VD 板式床 乡村风掀盖米字拼框 5抽 T款 一件一箱 颜色->棕色,ALL,AMAZON,C,T4B,13.51,6.48,17,-10.52,-0.6187,0.6187
DJ504659_1,"EU KM 铁木 床头拼板3灯带 单包 尺码->L,140*190;颜色->黑色,包覆-麻面黑",ALL,AMAZON,C,T4B,59.79,32.14,17,15.14,0.8906,0.8906
DJ504719_1,UK KM 喷漆水槽柜60cm两抽金属底脚 一箱一个 颜色->白色,ALL,AMAZON,C,T4B,25.11,13.50,17,-3.50,-0.2060,0.2060
DJ504889_1,"US AE 书桌 VT08 玻璃柜两抽玻璃桌面梳妆台带RGB灯带 颜色->#1,白色麻面",ALL,AMAZON,C,T4B,36.32,17.43,17,0.43,0.0254,0.0254
DJ505054_2,EU BW 床头柜 窄柜 NSQL-01+感应灯+插排 DFS 白色 两件一箱,ALL,AMAZON,C,T4B,28.07,15.09,17,-1.91,-0.1123,0.1123
DJ505177_4,US AG 6布抽2小翻盖角落床 F 一件两箱 颜色->粉色,ALL,UNKNOWN,B,T4B,9.08,4.88,17,-12.12,-0.7130,0.7130
DJ505184_2,US DC 软包床 HQ112 三圈灯四抽2085款 CK尺寸 PU 一件两箱 颜色->白色,ALL,AMAZON,C,T4B,16.35,8.79,17,-8.21,-0.4828,0.4828
DJ505234_1,US VD 高架床 L形办公桌 侧边5层布抽 T 一件两箱 颜色->白色,ALL,WALMART,B,T4B,11.67,4.76,17,-12.24,-0.7199,0.7199
DJ505248_1,"US UA DK-XZ06 超大文件抽行政电脑桌一件两箱 颜色->#1,复古色",ALL,UNKNOWN,C,T4B,12.89,6.19,17,-10.81,-0.6360,0.6360
DJ505258_1,"US AG 板式床 藤编拼框 4抽 掀盖靠背 F款 一件两箱 颜色->#1,木纹色",ALL,AMAZON,C,T4B,37.49,20.15,17,3.15,0.1855,0.1855
DJ505273_2,US 床T-B303F软包床头翻开床尾铝材四抽137*190 一件一箱 颜色PU黑色,ALL,TIKTOK,B,T4B,20.00,10.17,17,-6.83,-0.4015,0.4015
DJ505329_4,US ER DK-TM01 双侧储物行政电脑桌 一件两箱 颜色->#4 大理石色+黑麻,ALL,UNKNOWN,D,T4B,3.32,1.59,17,-15.41,-0.9063,0.9063
DJ505393_1,"US UA CNT-CW01储物玄关桌180cm长 一件一箱 颜色->#1,原木色",ALL,TEMU,C,T4B,20.81,9.99,17,-7.01,-0.4123,0.4123
DJ505473_2,UK AG 铁木悬浮床 软包靠背 双层置物 USB插排 灯带 床垫135*190cm 一件一箱 颜色->米白,ALL,UNKNOWN,C,T4B,4.21,2.02,17,-14.98,-0.8813,0.8813
DJ505479_1,US AG 柜门翻盖四抽书架床 T 一件一箱 颜色->白色,ALL,AMAZON,C,T4B,23.06,11.73,17,-5.27,-0.3098,0.3098
DJ505481_1,US AG 柜门翻盖四抽书架床 Q 一件两箱 颜色->白色,ALL,UNKNOWN,C,T4B,14.15,6.80,17,-10.20,-0.6003,0.6003
DJ505601_2,US DC 炫酷软包床 BFCB-01 PU材质 床头下翻门 灯带插排 Q 白色 一件两箱,ALL,AMAZON,C,T4B,9.74,4.68,17,-12.32,-0.7248,0.7248
DJ505648_3,US SD 1.2米悬浮升降咖啡桌 一件一箱  颜色->白色高光大理石,ALL,AMAZON,C,T4B,9.96,4.78,17,-12.22,-0.7186,0.7186
DJ505695_1,US YSY-599款 F尺寸上床下书架含灯带插排含床侧挂袋 一件两箱 颜色->火烧云,ALL,AMAZON,C,T4B,10.77,5.79,17,-11.21,-0.6595,0.6595
DJ505770_2,US DC 高架床 BBC-01 BD173 新长短边储物双床 双T 白色 一件两箱,ALL,WALMART,B,T4B,3.76,1.81,17,-15.19,-0.8937,0.8937
DJVN000013_1,"US AE 书柜（Vietnam）2抽屉板材带双灯 加高款 颜色->#3,灰木纹色麻面",ALL,UNKNOWN,B,T4B,21.15,11.37,17,-5.63,-0.3309,0.3309
DJVN000039_1,US SD 圆弧面转角高桌 一件一箱 颜色->白色,ALL,UNKNOWN,C,T4B,13.63,7.33,17,-9.67,-0.5691,0.5691
SKDJ503451_3,"EU KM 铁木带布抽升降可展开咖啡桌 颜色->白色,白浮雕",ALL,TIKTOK,C,T4B,8.03,4.32,17,-12.68,-0.7462,0.7462
DJ502529_19,"US AE 书柜 两抽托盘带灯无线充插排 颜色->#3,灰木纹",ALL,WALMART,B,T4B,10.83,4.42,16,-11.58,-0.7237,0.7237
DJ502988_2,US SD L桌带两层网书架 一件一箱 颜色->黑色,ALL,UNKNOWN,C,T4B,15.30,7.34,16,-8.66,-0.5410,0.5410
DJ503164_4,US TA 1m悬浮升降咖啡桌 颜色->高光黑大理石 一件一箱,ALL,UNKNOWN,B,T4B,6.08,3.09,16,-12.91,-0.8066,0.8066
DJ503351_1,US SD L桌高桌带X字双抽  一件一箱 颜色->火烧云,ALL,UNKNOWN,C,T4B,12.29,6.61,16,-9.39,-0.5869,0.5869
DJ503451_3,"EU KM 铁木带布抽升降可展开咖啡桌 颜色->白色,白浮雕",ALL,AMAZON,C,T4B,63.71,26.00,16,10.00,0.6248,0.6248
DJ504105_2,"US 床BJS-593T软包菱格日间床含灯带插盘99*190 颜色->#2,白铁+白色绒布+浅木色",ALL,AMAZON,C,T4B,53.33,25.60,16,9.60,0.6000,0.6000
DJ504408_2,"EU KM 80cm4门餐边柜 双包 颜色->黑色,浮雕黑",ALL,AMAZON,C,T4B,25.38,10.36,16,-5.64,-0.3527,0.3527
DJ504477_1,US 床T-B737F拱形中间翻门水晶扣围栏含插盘灯带137*190 颜色白铁+粉色绒布+白板+白脚,ALL,TIKTOK,C,T4B,3.32,1.59,16,-14.41,-0.9004,0.9004
DJ504596_2,US DC 高架床 LLB-01  YL 床+阅读角 T 尺寸 一件一箱 颜色->白色,ALL,UNKNOWN,C,T4B,18.21,7.43,16,-8.57,-0.5356,0.5356
DJ504702_2,EU AG灯芯绒 床围环绕灯带 1.4*2m气杆床 2AC+1U1T插孔 一件两箱 颜色->深灰色,ALL,UNKNOWN,C,T4B,9.90,5.32,16,-10.68,-0.6675,0.6675
DJ504762_3,US SD T字双人桌 一件一箱  颜色->白色,ALL,UNKNOWN,C,T4B,6.27,2.56,16,-13.44,-0.8402,0.8402
DJ504817_1,US UA 拱顶壁柜大款带开放格 一件一箱 颜色->黑色,ALL,UNKNOWN,C,T4B,7.80,3.97,16,-12.03,-0.7520,0.7520
DJ505055_2,EU BW 床头柜 三抽 NSQL-04+感应灯+插排 DFS 白色 两件一箱,ALL,AMAZON,C,T4B,27.78,14.14,16,-1.86,-0.1165,0.1165
DJ505079_1,US UA BK-GD01 高款拱顶书柜带推车 一件一箱 颜色->黑色,ALL,WALMART,B,T4B,9.66,4.63,16,-11.37,-0.7103,0.7103
DJ505155_1,US 上床下床侧边带四抽挂衣架 一件一箱 颜色->火烧云,ALL,UNKNOWN,C,T4B,14.26,7.66,16,-8.34,-0.5211,0.5211
DJ505163_5,"EU KM BF-TR01 基础款铁木床头软包床 尺码->XXL,160*200;颜色->白色,麻布白+原木板材",ALL,AMAZON,C,T4B,11.17,4.56,16,-11.44,-0.7150,0.7150
DJ505220_1,US DC 铁木床 BFH-01 方管X谷仓吊轨推拉门置物格款- 橡木灰-901 K 一件两箱,ALL,AMAZON,C,T4B,13.95,5.69,16,-10.31,-0.6443,0.6443
DJ505225_1,US 594F款 F尺寸上床下桌8抽带灯带插排 一件两箱 颜色->火烧云,ALL,WALMART,B,T4B,10.88,4.44,16,-11.56,-0.7226,0.7226
DJ505226_1,US 595款 F尺寸上床下桌6抽U形桌面带灯带插排 一件两箱 颜色->火烧云,ALL,WALMART,A,T4B,22.25,11.32,16,-4.68,-0.2926,0.2926
DJ505262_1_WF,US VD 高架床 L形上下铺 侧边5层布抽 T 一件两箱 颜色->白色,ALL,UNKNOWN,D,T4B,4.43,2.13,16,-13.87,-0.8671,0.8671
DJ505290_1,US 高架床 LB-06  AF 上床下桌+F&T长桌二抽  F 一件两箱 颜色->黑色,ALL,WALMART,C,T4B,15.53,7.91,16,-8.10,-0.5059,0.5059
DJ505330_1,EU DC CBQ-05 客卧气动款青少年床90*190 灰色 一件两箱,ALL,AMAZON,C,T4B,19.43,10.45,16,-5.55,-0.3471,0.3471
DJ505334_3,"US BF VD22 书桌 造型款灯带镜子双十字造型玻璃门+灯带 一件两箱 颜色->#4,原木色",ALL,UNKNOWN,C,T4B,8.84,4.75,16,-11.25,-0.7030,0.7030
DJ505339_1,US VD JYH205 泰迪绒软包4抽床 弧形掀盖靠背 双灯带 F 一件两箱 颜色->米白,ALL,AMAZON,C,T4B,20.37,9.78,16,-6.22,-0.3889,0.3889
DJ505430_4,US RL- 923F 树屋地板床+绘本架 一件一箱 137*190 颜色->浅蓝色,ALL,AMAZON,C,T4B,6.20,2.98,16,-13.02,-0.8140,0.8140
DJ505495_1,US YL-924T储物低阁楼床+拖床 99*190cm 一件一箱 颜色->白色,ALL,UNKNOWN,C,T4B,8.98,4.83,16,-11.17,-0.6983,0.6983
DJ505503_1_WF,"US 床YLS-263K软包全拆弧形床头悬浮含插盘灯193*203 一件两箱 颜色->#1,黑色PU",ALL,UNKNOWN,C,T4B,43.84,21.05,16,5.05,0.3154,0.3154
DJ505508_2,UK AG JYH208A 棉麻软包气杆床 床耳床尾3灯带 靠背翻盖 150*200cm 一件两箱 颜色->米白,ALL,AMAZON,C,T4B,7.97,3.83,16,-12.17,-0.7609,0.7609
DJ505578_2,US 现代简约风移动柜行政桌 一件一箱 颜色->989-3+黑,ALL,AMAZON,C,T4B,22.59,10.84,16,-5.16,-0.3225,0.3225
DJ505627_1,US AG 高架床 下铺布抽可活动 Twin 一件两箱 颜色->白色,ALL,AMAZON,C,T4B,6.71,3.61,16,-12.39,-0.7745,0.7745
DJ505636_1,US DC 高架床 BBC-03 YC 折线造型床头+短桌 上F下F  一件两箱 颜色->黑色,ALL,AMAZON,C,T4B,19.71,9.46,16,-6.54,-0.4089,0.4089
DJ505732_1,US 1.5米农舍竖条对开门L桌 一件一箱 颜色->白+棕,ALL,AMAZON,C,T4B,35.21,16.90,16,0.90,0.0561,0.0561
DJ505770_1,US DC 高架床 BBC-01 BD173 新长短边储物双床 双T 黑色 一件两箱,ALL,WALMART,B,T4B,6.20,2.98,16,-13.02,-0.8140,0.8140
DJ502530_1,US AE 书柜 三抽带储物空间加灯带插排 颜色->白色,ALL,WALMART,B,T4B,15.52,6.33,15,-8.67,-0.5780,0.5780
DJ502566_4,US SD 双抽文件柜带排插 一件一箱 颜色->棕色,ALL,UNKNOWN,C,T4B,26.30,12.62,15,-2.38,-0.1585,0.1585
DJ502890_3,US SD L桌带洞洞铁皮带排插  一件一箱 颜色->黑色,ALL,UNKNOWN,B,T4B,6.92,3.52,15,-11.48,-0.7654,0.7654
DJ503351_1,US SD L桌高桌带X字双抽  一件一箱 颜色->火烧云,ALL,WALMART,C,T4B,11.51,6.19,15,-8.81,-0.5873,0.5873
DJ503411_3,EU KM 铁木圆形升降咖啡桌 颜色->白色,ALL,UNKNOWN,C,T4B,20.65,9.91,15,-5.09,-0.3391,0.3391
DJ503916_1,US HS 抽屉柜 DDBT-03 1x6+2 底座 无把手 一件一箱 颜色->黑色,ALL,AMAZON,B,T2,287.54,245.15,15,230.15,15.3436,15.3436
DJ504309_1,EU BW铁木床DIW-02 床头一层板+几何造型+灯带插排 ZY 火烧色 一件一箱 90*200,ALL,AMAZON,B,T4A,71.14,36.97,15,21.97,1.4645,1.4645
DJ504336_1,EU AG JYH213 泰迪绒软包气杆床 圆弧靠背掀盖 双灯带 140*200m 一件两箱 颜色->米白,ALL,UNKNOWN,C,T4B,13.39,6.43,15,-8.57,-0.5716,0.5716
DJ504396_1,"EU KM 板式鞋柜 80cm单排3门鞋柜 单包 颜色->白色,麻面白",ALL,AMAZON,C,T4B,25.54,10.42,15,-4.58,-0.3052,0.3052
DJ504494_1,EU KM 布兜款咖啡桌 一件一箱 颜色->白色+米黄色布兜,ALL,UNKNOWN,C,T4B,16.21,7.78,15,-7.22,-0.4815,0.4815
DJ504689_1,UK AG 悬浮床 软包床头 铁框架 英标排插 灯带 床垫150*200cm 一件一箱 颜色->深灰色,ALL,UNKNOWN,C,T4B,3.99,1.91,15,-13.09,-0.8725,0.8725
DJ504903_1,EU BW 铁木床IW-01带灯带欧标插排 HQ G黑色火烧云 160*200  一件一箱,ALL,AMAZON,C,T4B,27.03,11.03,15,-3.97,-0.2647,0.2647
DJ504937_1,EU AG JYH213 棉麻软包气杆床 圆弧靠背掀盖 双灯带 140*200m 一件两箱 颜色->深灰色,ALL,UNKNOWN,C,T4B,15.84,7.60,15,-7.40,-0.4930,0.4930
DJ505235_1,US VD 高架床 上下铺 办公桌 书架 T 一件两箱 颜色->白色,ALL,UNKNOWN,C,T4B,13.81,7.03,15,-7.97,-0.5315,0.5315
DJ505262_1,US VD 高架床 L形上下铺 侧边5层布抽 T 一件两箱 颜色->白色,ALL,WALMART,C,T4B,12.79,6.14,15,-8.86,-0.5906,0.5906
DJ505265_3,US 床YLS-006上F下T床8抽含灯带一件两箱 颜色黑铁+灰木纹板,ALL,AMAZON,C,T4B,20.35,8.30,15,-6.70,-0.4463,0.4463
DJ505266_3,US 床YLS-006上T下T床8抽含灯带一件两箱 颜色黑铁+灰木纹板,ALL,AMAZON,C,T4B,26.71,10.90,15,-4.10,-0.2736,0.2736
DJ505276_1,"US 床T-B259F床头翻开气压杆波浪含插盘灯带床137*190一件两箱 颜色->#1,黑色pu",ALL,UNKNOWN,B,T4B,34.95,17.78,15,2.78,0.1856,0.1856
DJ505290_2,US 高架床 LB-06  AF 上床下桌+F&T长桌二抽  F 一件两箱 颜色->白色,ALL,AMAZON,C,T4B,10.39,5.59,15,-9.41,-0.6276,0.6276
DJ505300_1,US 床GJ-013T低阁楼双层储物6布抽床+空格含灯带一件一箱 颜色黑铁+22022胡挑木,ALL,TIKTOK,B,T4B,5.09,2.45,15,-12.55,-0.8369,0.8369
DJ505300_1,US 床GJ-013T低阁楼双层储物6布抽床+空格含灯带一件一箱 颜色黑铁+22022胡挑木,ALL,UNKNOWN,B,T4B,13.59,6.53,15,-8.47,-0.5650,0.5650
DJ505303_2,US 床YLS-017上T下F床4抽办公桌含插盘灯带一件两箱白铁+白山纹板+白色PU抽面,ALL,UNKNOWN,C,T4B,8.50,4.57,15,-10.43,-0.6954,0.6954
DJ505321_2,US DC 高架床 LBOS-02 L型桌开放格储物款 F 一件两箱 颜色 白色,ALL,UNKNOWN,C,T4B,8.55,4.60,15,-10.40,-0.6935,0.6935
DJ505371_1,US UA 大款(120cm)可拉伸镜面梳妆台 一件两箱 颜色->白色,ALL,UNKNOWN,C,T4B,8.60,4.63,15,-10.37,-0.6917,0.6917
DJ505406_3,US BJS-102T带帐蓬屋顶双层床含灯带99*190 一件一箱  颜色黑铁+蓝色布,ALL,AMAZON,C,T4B,8.41,4.04,15,-10.96,-0.7307,0.7307
DJ505411_2,US SSR JYCS-01 5抽挂衣杆衣柜 带感应射灯 一件两箱 颜色->白色,ALL,AMAZON,D,T4B,16.39,7.86,15,-7.14,-0.4757,0.4757
DJ505525_1,US 床BJS-2406Q空格翻盖悬浮软包含插盘灯带153*203 一件一箱 颜色麻布深灰+木纹黑色板,ALL,UNKNOWN,C,T4B,6.69,3.60,15,-11.40,-0.7601,0.7601
DJ505666_6,"EU KM BF-RG01 软包拐角液压床 双包装 尺码->XL,140*200;颜色->灰色,亚麻灰",ALL,UNKNOWN,C,T4B,8.64,4.14,15,-10.86,-0.7237,0.7237
DJVN000013_3,"US AE 书柜（Vietnam）2抽屉板材带双灯 加高款 颜色->#2,黑色麻面",ALL,WALMART,A,T4B,47.46,22.78,15,7.78,0.5188,0.5188
DJVN000057_3,US SD 1.4米单人X字三抽电脑桌 一件一箱 颜色->象牙灰,ALL,UNKNOWN,C,T4B,6.81,3.27,15,-11.73,-0.7820,0.7820
DJVN000062_2,US WIN 一抽一门接待桌 一件一箱 颜色->山纹黑色（DS6607）,ALL,AMAZON,C,T4B,59.29,31.87,15,16.87,1.1249,1.1249
DJVN000135_1,"US N型玄关柜 胡桃木色 一件一箱 尺码->#13,胡桃木色",ALL,TIKTOK,C,T4B,29.21,15.70,15,0.70,0.0470,0.0470
DJVN000148_1,"US 电视柜带玻璃 哑黑 一件一箱 尺码->#19,哑黑",ALL,AMAZON,C,T4B,10.41,4.99,15,-10.01,-0.6671,0.6671
DJ502788,US  DC 美标LED金属镜柜排铰拆装双开门 白色 一件一箱,ALL,UNKNOWN,C,T4B,15.65,6.39,14,-7.61,-0.5439,0.5439
DJ503122_3,US SD 谷仓门双顶咖啡桌 一件一箱 颜色->白橡纹+卡罗橡纹,ALL,TEMU,B,T4B,25.62,9.30,14,-4.70,-0.3357,0.3357
DJ503385_1,US 床T-B208Q软包全拆弧形床头悬浮含插盘灯带153*203 颜色麻布深灰,ALL,TIKTOK,B,T4B,18.49,7.55,14,-6.45,-0.4610,0.4610
DJ503440_3,US SD L桌三抽带单玻璃门  一件一箱 颜色->白麻,ALL,UNKNOWN,B,T4B,29.25,11.17,14,-2.83,-0.2024,0.2024
DJ504019_3,US TA 100*80双抽谷仓门升降咖啡桌 一件一箱 颜色->灰古木-40三胺,ALL,UNKNOWN,B,T4B,15.01,8.07,14,-5.93,-0.4234,0.4234
DJ504085_1,US 单人L高桌5布抽低价款 一件一箱 颜色->火烧云,ALL,WALMART,B,T4B,10.71,5.45,14,-8.55,-0.6110,0.6110
DJ504197_2,EU BW 边柜NSD-04 欧标插排 3抽 两件一箱 颜色->白色,ALL,AMAZON,C,T4B,41.99,22.57,14,8.57,0.6124,0.6124
DJ504258_3,"US BF 书架  BC04 8抽7层双列书架（不可转角） 颜色->#2,灰色",ALL,AMAZON,C,T4B,19.53,7.97,14,-6.03,-0.4309,0.4309
DJ504354_4,US TA 双顶布抽层架带灯咖啡桌 一件一箱 颜色->淡雅胡桃,ALL,TEMU,C,T4B,9.22,4.69,14,-9.31,-0.6650,0.6650
DJ504405_4,US TS01 12抽悬浮顶电视柜带插排一拖二灯带 一件一箱 颜色->灰色,ALL,UNKNOWN,B,T4B,15.81,7.59,14,-6.41,-0.4579,0.4579
DJ504453_1,"US UA 带推车侧架马桶柜 农舍风撞色 一件一箱 颜色->白色,做旧白+胡桃木",ALL,UNKNOWN,B,T4B,24.33,9.93,14,-4.07,-0.2910,0.2910
DJ504510_1,EU FR 拼色浴室面盆柜单开门+左三层开放格 一件一箱 颜色->白色,ALL,UNKNOWN,C,T4B,8.64,4.64,14,-9.36,-0.6683,0.6683
DJ504522_2,EU AG JYH215 棉麻软包气杆床 灰色板 靠背掀盖 双灯带 90*200cm 一件两箱 颜色->米白,ALL,UNKNOWN,C,T4B,10.87,5.84,14,-8.16,-0.5826,0.5826
DJ504580_2,EU DC气动床BQD-01床头两层+灯带+插排HQ603白色麻面+原木色 一件两箱90*200,ALL,AMAZON,C,T4B,13.53,7.27,14,-6.73,-0.4805,0.4805
DJ504649_2,US YW01 7抽帐篷低阁楼床带2条灯带床头置物袋 颜色->黑色,ALL,WALMART,A,T4B,18.17,7.42,14,-6.58,-0.4703,0.4703
DJ504688_2,UK AG 悬浮床 软包床头 铁框架 英标排插 灯带 床垫135*190cm 一件一箱 颜色->米白,ALL,AMAZON,C,T4B,6.86,3.30,14,-10.70,-0.7646,0.7646
DJ504717_2,US 单人升降桌带竖条凹槽腿 一件一箱 颜色->棕色+白色,ALL,WALMART,C,T4B,11.80,6.35,14,-7.65,-0.5467,0.5467
DJ504759_3,US SD 1.7米五抽单人桌  一件一箱  颜色->白色,ALL,AMAZON,C,T4B,47.90,24.37,14,10.37,0.7407,0.7407
DJ504792_1,EU BW 软包气动床BQQ-01 HQ 608 灰色 一件两箱90*190,ALL,AMAZON,C,T4B,14.17,6.80,14,-7.20,-0.5142,0.5142
DJ505067_1,"US 床GS-920T 高背绘本架沙发床 含灯带、插盘 99*190 颜色->#1,纯黑",ALL,UNKNOWN,D,T4B,6.52,3.51,14,-10.49,-0.7496,0.7496
DJ505176_1,US AG 6布抽2小翻盖角落床 T 一件一箱 颜色->火烧云,ALL,WALMART,B,T4B,10.03,5.39,14,-8.61,-0.6147,0.6147
DJ505207_3,US 竖条纹吸塑错层板材L桌 一件两箱 颜色->白+黑,ALL,UNKNOWN,C,T4B,10.83,5.20,14,-8.80,-0.6287,0.6287
DJ505251_1,US HS 储物柜-DSBL-02侧板自攻丝带插板 2x3+4 DFS 一件两箱 颜色->黑色,ALL,UNKNOWN,B,T4B,6.62,3.37,14,-10.63,-0.7593,0.7593
DJ505269_1,US 床RL-511T上床铁管下桌洞洞板抽屉含插盘灯带99*190一件两箱 颜色黑铁+灰木纹板材,ALL,WALMART,C,T4B,5.09,2.45,14,-11.55,-0.8253,0.8253
DJ505279_1,"US 床BJS-543T 落地双层床+储物台阶 一件一箱 99*190 颜色->#1,黑铁+火烧云",ALL,WALMART,A,T4B,11.96,6.09,14,-7.91,-0.5653,0.5653
DJ505345_2,EU VD 角落气杆软包床 2层置物 欧标床垫0.9*2m 一件两箱 颜色->米白,ALL,UNKNOWN,C,T4B,3.32,1.59,14,-12.41,-0.8862,0.8862
DJ505405_2,"US UA DK-NS01 农舍风灯柜板式电脑桌 一件两箱 颜色->#2,棕色",ALL,UNKNOWN,C,T4B,10.82,5.19,14,-8.81,-0.6291,0.6291
DJ505515_2,US AG 板式床 乡村风拼框 掀盖靠背 4抽 K款 一件两箱 颜色->灰色,ALL,UNKNOWN,C,T4B,7.85,4.22,14,-9.78,-0.6984,0.6984
DJ505522_2,UK BW CBQ-06 客卧储物款青少年床90*190 白色 一件两箱,ALL,AMAZON,C,T4B,36.09,17.33,14,3.33,0.2376,0.2376
DJ505536_2,US DC 高架床 TPB-04  RL 幼儿风格 树屋款  三人床 一件一箱 颜色->白色,ALL,AMAZON,C,T4B,15.50,7.44,14,-6.56,-0.4686,0.4686
DJ505561_1,"USHA MFL-DT36 无拉手9抽悬浮矮柜含灯带 一件两箱 颜色->#1,黑色麻面",ALL,AMAZON,B,T4B,69.26,37.23,14,23.23,1.6594,1.6594
DJ505600,US DC 炫酷软包床 BFCB-01 PU材质 床头下翻门 灯带插排 T 白色 一件一箱,ALL,AMAZON,C,T4B,17.08,9.19,14,-4.81,-0.3439,0.3439
DJ505605_1,"EU KM BF-TG02 铁木软包大床头拐角床 双包装 尺码->S,90*190;颜色->灰色,亚麻-灰",ALL,AMAZON,C,T4B,6.64,3.19,14,-10.81,-0.7722,0.7722
DJ505650_2,US SD 1.4米单人三抽U型腿电脑桌  一件一箱 颜色->黑色大山纹零度,ALL,AMAZON,C,T4B,23.25,11.16,14,-2.84,-0.2029,0.2029
DJ505666_3,"EU KM BF-RG01 软包拐角液压床 双包装 尺码->M,90*200;颜色->灰色,亚麻灰",ALL,UNKNOWN,C,T4B,12.40,5.95,14,-8.05,-0.5749,0.5749
DJ505668_3,US SD L桌带文件抽桌面宽470mm  颜色->白色,ALL,TIKTOK,C,T4B,5.31,2.55,14,-11.45,-0.8178,0.8178
DJ505675_1,HS 储物柜-DSBL-03G DFS 侧板自攻丝 1x5+2一件一箱  颜色->黑色,ALL,UNKNOWN,B,T4B,72.63,34.86,14,20.86,1.4902,1.4902
DJ505719_2,US MS 层架七布抽储物+鞋凳挂衣区低矮床 T 一件一箱 颜色->粉色,ALL,WALMART,C,T4B,9.08,4.36,14,-9.64,-0.6887,0.6887
DJVN000014_4,US AE 书柜(Vietnam) 3抽屉 带插排小台款（大款）加RGB灯带 颜色->#4,ALL,UNKNOWN,C,T4B,7.09,3.40,14,-10.60,-0.7571,0.7571
DJVN000056_1,US SD 1.7米X字三抽L桌 一件一箱 颜色 颜色->棕色,ALL,AMAZON,C,T4A,109.98,51.03,14,37.03,2.6449,2.6449
DJVN000103_1,"US QZ 农舍风五抽斗柜，一件一箱 ,黄胡桃加云溪白",ALL,AMAZON,D,T4B,39.21,21.08,14,7.08,0.5057,0.5057
100102904,US TA 1.5米口子农舍推拉零食柜 一件两箱 颜色->黑+卡罗橡木黄,ALL,AMAZON,D,T4B,24.36,11.69,13,-1.31,-0.1008,0.1008
DJ503122_1_WF,US SD 谷仓门双顶咖啡桌 一件一箱 颜色->浅橡木灰,ALL,UNKNOWN,C,T4B,13.51,5.50,13,-7.50,-0.5767,0.5767
DJ503514_1,EU MS 猫爬架3顶窝585增配版 一件一箱 颜色->米白,ALL,UNKNOWN,C,T4B,6.69,3.40,13,-9.60,-0.7382,0.7382
DJ503901_1,US 床T-B704T前后围栏含插盘灯带99*190 颜色TX-001米白绒布+白色铁,ALL,AMAZON,C,T4B,73.75,22.84,13,9.84,0.7567,0.7567
DJ503915_4,US HS 抽屉柜 DDBT-02 1x5+2 底座 无把手 一件一箱 颜色->深海蓝,ALL,WALMART,C,T4B,7.16,2.92,13,-10.08,-0.7754,0.7754
DJ504015_1,US 纯板材三抽双人电脑桌  一件一箱 颜色 象牙灰色,ALL,UNKNOWN,C,T4B,34.77,14.19,13,1.19,0.0912,0.0912
DJ504038_3,US 1.6米五层书架U型桌  一件一箱 颜色->白色,ALL,TEMU,C,T4B,13.76,5.61,13,-7.39,-0.5681,0.5681
DJ504146_1,US DC 铁木床 BFH-01 方管X谷仓吊轨推拉门置物格款- 胡桃白 901TXL 一件一箱,ALL,WALMART,C,T4B,9.91,5.04,13,-7.96,-0.6120,0.6120
DJ504476_2,US 床T-B737Q拱形中间翻门水晶扣围栏含插盘灯带153*203 颜色白铁+米白绒布+白板+白脚,ALL,UNKNOWN,C,T4B,7.20,3.66,13,-9.34,-0.7181,0.7181
DJ504494_2,EU KM 布兜款咖啡桌 一件一箱 颜色->黑色+深灰色布兜,ALL,AMAZON,C,T4B,23.49,9.58,13,-3.42,-0.2629,0.2629
DJ504899_2,US 床TB-2362T FB-儿童床-002  99*190 颜色->#2灰泰迪绒,ALL,AMAZON,C,T4B,16.16,7.76,13,-5.24,-0.4031,0.4031
DJ504928_1,"US SK TS-DK01 铁木布抽高款带层架电视柜 一件一箱 颜色->黑色,小浮雕",ALL,UNKNOWN,C,T4B,2.88,1.38,13,-11.62,-0.8936,0.8936
DJ504982_2,US VD 低高架床 侧步梯 渐变色9布抽 书报架 拱形板 T 一件一箱 颜色->灰色,ALL,WALMART,C,T4B,5.33,2.18,13,-10.82,-0.8326,0.8326
DJ504991_2,US DC 铁木床 BFX-01 602床头床尾含灯带床头翻门置物 黑色麻面 Q 一件一箱,ALL,UNKNOWN,B,T4B,13.68,7.35,13,-5.65,-0.4344,0.4344
DJ504991_3,US DC 铁木床 BFX-01 床头床尾含灯带床头翻门置物 黑色麻面 K一件一箱,ALL,WALMART,C,T4B,18.38,8.82,13,-4.18,-0.3213,0.3213
DJ505019_2,US DC 高架床 LLB-04  YL 私密堡垒储物款 T 尺寸 一件一箱 颜色->白色,ALL,UNKNOWN,B,T4B,5.31,2.55,13,-10.45,-0.8037,0.8037
DJ505070_1,EU AG JYH210 棉麻软包气杆床 靠背2档调节 双灯带 90*200cm 一件两箱 颜色->深灰色,ALL,UNKNOWN,C,T4B,21.48,10.31,13,-2.69,-0.2069,0.2069
DJ505070_2,EU AG JYH210 棉麻软包气杆床 靠背2档调节 双灯带 90*200cm 一件两箱 颜色->米白,ALL,UNKNOWN,C,T4B,5.31,2.55,13,-10.45,-0.8037,0.8037
DJ505147_1,"US 床BJS-543F 落地双层床+储物台阶 含灯带、插盘 137*190 一件两箱 颜色->#1,纯白",ALL,UNKNOWN,C,T4B,18.55,9.97,13,-3.03,-0.2329,0.2329
DJ505170_1,US AG 翻盖布抽角落床 T 一件两箱 颜色->火烧云,ALL,UNKNOWN,B,T4B,13.17,6.70,13,-6.30,-0.4847,0.4847
DJ505252_1,"US TS12 中世纪现代风两门加高电视柜带排插灯带，一件一箱 颜色->#1,胡桃木色",ALL,UNKNOWN,D,T4B,5.38,2.89,13,-10.11,-0.7775,0.7775
DJ505347_3,US 1.1变1.5米圆形带层架餐桌椅套装 一件一箱 颜色->黑色,ALL,UNKNOWN,C,T4B,10.19,4.89,13,-8.11,-0.6239,0.6239
DJ505395_2,US DC 铁木床 CBF-10L 铁木角落床气动款- 150G F  一件两箱 颜色->白色,ALL,AMAZON,C,T4B,14.84,7.55,13,-5.45,-0.4193,0.4193
DJ505516_1,EU BW 软包气动床BQQ-01 HQ 608 白色 一件两箱90*190,ALL,AMAZON,C,T4B,9.74,4.68,13,-8.32,-0.6402,0.6402
DJ505569_1,US 竖条正方形滑动咖啡桌 一件一箱 颜色->洞石拼7625手抓纹,ALL,AMAZON,C,T4B,5.98,2.87,13,-10.13,-0.7792,0.7792
DJ505695_1,US YSY-599款 F尺寸上床下书架含灯带插排含床侧挂袋 一件两箱 颜色->火烧云,ALL,UNKNOWN,C,T4B,9.74,4.68,13,-8.32,-0.6402,0.6402
DJ505695_4,US YSY-599款 F尺寸上床下书架含灯带插排含床侧挂袋 一件两箱 颜色->黑色,ALL,AMAZON,C,T4B,14.17,6.80,13,-6.20,-0.4768,0.4768
DJ505702_2,EU MJ LED木质镜柜双门外扩 XF 70*16*60 白色 一件一箱,ALL,AMAZON,C,T4B,42.51,20.41,13,7.41,0.5698,0.5698
DJ505758_3,US SR RWD-02 1×4+2 6抽抽屉柜辐射松贴实木皮油漆 一件一箱 颜色->棕色,ALL,UNKNOWN,C,T4B,18.16,8.71,13,-4.29,-0.3297,0.3297
DJVN000095_2,"US QZ 四门餐边柜，单色灯带，带插座。一件一箱 ,黑胡桃木",ALL,AMAZON,D,T4B,21.68,10.41,13,-2.59,-0.1995,0.1995
DJVN000150_1,"US 双拱 玄关柜 哑黑 一件一箱 尺码->#1,哑黑",ALL,AMAZON,C,T4B,14.84,7.12,13,-5.88,-0.4523,0.4523
DJ503164_1,US SD 1m悬浮升降咖啡桌 颜色->黑色 一件一箱,ALL,UNKNOWN,C,T4B,14.26,6.84,12,-5.16,-0.4296,0.4296
DJ503712_1,US 亚克力双开门高文件柜 一件一箱 颜色->白麻色,ALL,UNKNOWN,C,T4B,13.05,5.33,12,-6.67,-0.5562,0.5562
DJ503900_2,US 床T-B704F前后围栏含插盘灯带137*190 颜色2024-17粉色绒布+白色铁,ALL,TIKTOK,B,T4B,4.33,2.33,12,-9.67,-0.8060,0.8060
DJ504081_1,US DC 铁木床 CBF-04L 方管铁木角落床带抽 128 橡木灰 T 一件一箱,ALL,WALMART,B,T4B,21.87,10.50,12,-1.50,-0.1250,0.1250
DJ504085_3,US 单人L高桌5布抽低价款 一件一箱 颜色->白麻,ALL,WALMART,B,T4B,7.97,4.05,12,-7.95,-0.6621,0.6621
DJ504125_2,US DC 悬浮床BXF-01L 铁管全拆 HQ -75改 黑色 Q 一件一箱,ALL,WALMART,B,T3P,351.17,298.50,12,286.50,23.8747,23.8747
DJ504178_2,EU AG JYH208 棉麻软包气杆床 三灯带 140*200cm 一件两箱 颜色->米白,ALL,UNKNOWN,C,T4B,21.99,11.82,12,-0.18,-0.0150,0.0150
DJ504309_4,EU BW铁木床DIW-02 床头一层板+几何造型+灯带插排 ZY 火烧色 一件一箱 140*200,ALL,AMAZON,C,T4B,48.32,19.71,12,7.71,0.6427,0.6427
DJ504372_1,"US AG 两抽斜百叶抽面边桌 灯带+排插 一件一箱 尺码->#1,黑+胡桃木色",ALL,AMAZON,C,T4B,35.92,14.65,12,2.65,0.2211,0.2211
DJ504469_3,US TA 1.1米衣帽架带鞋架层架 一件一箱 颜色->火烧云,ALL,TEMU,B,T4B,12.62,6.06,12,-5.94,-0.4952,0.4952
DJ504492_1,US UA 厚抽底菱形拼色单列四斗柜 一件一箱 颜色->黑色,ALL,WALMART,C,T4B,14.30,7.69,12,-4.31,-0.3593,0.3593
DJ504672_2,US TS11 板式六抽圆柱支撑顶电视柜带电视支架 颜色->白色,ALL,UNKNOWN,C,T4B,13.00,6.99,12,-5.01,-0.4177,0.4177
DJ504689_1,UK AG 悬浮床 软包床头 铁框架 英标排插 灯带 床垫150*200cm 一件一箱 颜色->深灰色,ALL,AMAZON,C,T4B,12.74,5.20,12,-6.80,-0.5668,0.5668
DJ504978_1,US R123款 5抽帐篷低阁楼床 带2条灯带床头置物袋 颜色->白色,ALL,UNKNOWN,B,T4B,12.98,5.29,12,-6.71,-0.5588,0.5588
DJ504991_1,US DC 铁木床 BFX-01 602床头床尾含灯带床头翻门置物 黑色麻面 F 一件一箱,ALL,UNKNOWN,C,T4B,8.84,4.75,12,-7.25,-0.6040,0.6040
DJ505048_3,"EU KM BF GY01 靠背储物液压床  双箱 尺码>XL,140*200;颜色>白色,PU-白",ALL,AMAZON,C,T4B,9.74,4.68,12,-7.32,-0.6102,0.6102
DJ505218_1,US DC 铁木床 BFH-01 方管X谷仓吊轨推拉门置物格款- 胡桃白-901 K 一件两箱,ALL,WALMART,C,T4B,6.98,3.75,12,-8.25,-0.6872,0.6872
DJ505223_1,US DC 铁木床 BFH-01 方管X谷仓吊轨推拉门简化款-901S 橡木灰 K 一件两箱,ALL,AMAZON,C,T4B,5.98,2.87,12,-9.13,-0.7608,0.7608
DJ505235_2,US VD 高架床 上下铺 办公桌 书架 T 一件两箱 颜色->黑色,ALL,WALMART,C,T4B,11.17,6.01,12,-5.99,-0.4994,0.4994
DJ505242_2,US 床GJ-014T屋顶低阁楼床8布抽+空格含灯带一件一箱白铁+白麻板,ALL,TIKTOK,B,T4B,6.12,3.29,12,-8.71,-0.7262,0.7262
DJ505242_4,US 床GJ-014T屋顶低阁楼床8布抽+空格含灯带一件一箱粉铁+粉色麻板,ALL,TIKTOK,B,T4B,7.53,3.61,12,-8.39,-0.6988,0.6988
DJ505277_2,US 床T-B259T床头翻开气压杆波浪含插盘灯带床99*190 颜色TX-001米白绒布,ALL,UNKNOWN,C,T4B,8.94,4.81,12,-7.19,-0.5993,0.5993
DJ505284_1,"US 床TB-2324K 5抽床+床头2布抽 一件两箱 颜色->#1,TX-001米白绒布",ALL,AMAZON,C,T4B,14.63,5.97,12,-6.03,-0.5025,0.5025
DJ505328_1,US DC 矮高架床 LBB-02 BD163 树屋+短桌+层架双床 双T 黑色 一件一箱,ALL,AMAZON,C,T4B,6.56,3.52,12,-8.48,-0.7063,0.7063
DJ505483_2,US 1.2米双铁网门厨房置物架 一件一箱 颜色-> 颜色->复古白,ALL,TEMU,C,T4B,6.86,3.30,12,-8.70,-0.7254,0.7254
DJ505532_3,US 1.4米单人6抽升降桌 一件两箱 颜色->橡木纹+白色,ALL,AMAZON,C,T4B,52.94,28.46,12,16.46,1.3718,1.3718
DJ505534_1,US SD L桌五抽带两组亚克力门  一件一箱 颜色->火烧云,ALL,TEMU,C,T4B,3.99,1.91,12,-10.09,-0.8406,0.8406
DJ505598_1,US 床GSI-004T上下双层床带侧边办公桌床含插盘灯带99*190 一件两箱 颜色黑铁+火烧云板,ALL,UNKNOWN,C,T4B,5.81,3.12,12,-8.88,-0.7399,0.7399
DJ505668_2,US SD L桌带文件抽桌面宽470mm  颜色->黑色,ALL,TIKTOK,B,T4B,7.97,3.83,12,-8.17,-0.6812,0.6812
DJVN000076_1,"US QZ 钢琴面五斗柜 -件一箱 尺码->#1,原橡木色",ALL,AMAZON,C,T4B,20.00,10.75,12,-1.25,-0.1041,0.1041
DJVN000076_2,"US QZ 钢琴面五斗柜 -件一箱 尺码->#2,黑胡桃色",ALL,AMAZON,C,T4B,23.06,12.40,12,0.40,0.0333,0.0333
DJ503079_2_WF,"US BF 书柜 板材美式+托盘含插盘（大款）加RGB灯带 一件一箱 颜色->#2,白色小麻",ALL,UNKNOWN,D,T4B,7.60,4.08,11,-6.92,-0.6288,0.6288
DJ503281,EU DC 欧标木质LED打砂镜柜双开门 80*16*60 白色 一件一箱,ALL,UNKNOWN,B,T4B,48.23,25.93,11,14.93,1.3571,1.3571
DJ503855_1,US 带柜门抽屉美式书架 一件一箱 颜色->白黑,ALL,TEMU,B,T4B,10.02,4.81,11,-6.19,-0.5629,0.5629
DJ503889,US UA 带推车侧架马桶柜>麻面白 一件一箱,ALL,WALMART,B,T4B,14.64,7.45,11,-3.55,-0.3231,0.3231
DJ503916_1,US HS 抽屉柜 DDBT-03 1x6+2 底座 无把手 一件一箱 颜色->黑色,ALL,WALMART,B,T4B,20.58,8.40,11,-2.60,-0.2366,0.2366
DJ504049_1,EU DC气动床BQD-01床头两层+灯带+插排HQ603黑色PU+黑色 一件两箱90*200,ALL,AMAZON,C,T4B,17.18,8.25,11,-2.75,-0.2504,0.2504
DJ504194_1,"US AG 收纳储物书桌 K字玻璃灯带柜门 LED镜门 凳子 一件一箱 尺码->#1,仿古白",ALL,UNKNOWN,C,T4B,22.84,9.32,11,-1.68,-0.1529,0.1529
DJ504348_1,"US 床RL-76T低阁楼床下8抽4空格含灯带99*190 颜色->#1,白色铁+白色PU布抽面",ALL,WALMART,A,T4B,17.46,8.38,11,-2.62,-0.2380,0.2380
DJ504371_1,EU KM 板式镜柜LED三门带层架 一箱一个 颜色->白色,ALL,UNKNOWN,C,T4B,26.24,10.70,11,-0.30,-0.0269,0.0269
DJ504535_2,"EU KM 软包液压床 假悬浮  双包 尺码->L,190*140;颜色->灰色,亚麻灰",ALL,AMAZON,C,T4B,24.22,12.33,11,1.33,0.1205,0.1205
DJ504978_2,US R123款 5抽帐篷低阁楼床 带2条灯带床头置物袋 颜色->黑色,ALL,UNKNOWN,B,T4B,7.87,4.01,11,-6.99,-0.6359,0.6359
DJ505067_2,"US 床GS-920T 高背绘本架沙发床 含灯带、插盘 99*190 颜色->#2,纯白",ALL,AMAZON,D,T4B,18.89,7.71,11,-3.29,-0.2994,0.2994
DJ505131_1,"US 床RL-312T 6抽单侧布抽床 99*190 颜色->#1,黑色",ALL,AMAZON,D,T4B,38.19,18.33,11,7.33,0.6664,0.6664
DJ505156_2,US AG 7布抽高架床 F 一件两箱 颜色->灰色,ALL,AMAZON,B,T4B,19.26,7.86,11,-3.14,-0.2856,0.2856
DJ505161_1,US R132款 侧梯7抽帐篷低阁楼床带2条灯带床头置物袋 一件一箱 颜色->黑色,ALL,TIKTOK,A,T4B,8.64,4.14,11,-6.86,-0.6232,0.6232
DJ505166_1,"US HA 书桌 VT10 小款异型加高梳妆台玻璃柜（含储物凳）+七彩流光灯+插座 颜色->#1,原木橡木色",ALL,AMAZON,C,T4A,83.41,41.02,11,30.02,2.7293,2.7293
DJ505184_1,US DC 软包床 HQ112 三圈灯四抽2085款 CK尺寸 PU 一件两箱 颜色->黑色,ALL,UNKNOWN,C,T4B,6.42,3.27,11,-7.73,-0.7030,0.7030
DJ505205_2,US DC 高架床 LB-X  AF 七抽L桌款 T尺寸 一件两箱 颜色->白色,ALL,WALMART,B,T4B,6.47,3.29,11,-7.71,-0.7007,0.7007
DJ505248_4,"US UA DK-XZ06 超大文件抽行政电脑桌一件两箱 颜色->#4,风轻云扬灰",ALL,UNKNOWN,C,T4B,12.82,6.16,11,-4.84,-0.4403,0.4403
DJ505278_2,US DC 高架床 LB-12 GS 错台U桌+七抽柜款 F尺寸  一件两箱 颜色->白色,ALL,WALMART,B,T4B,6.54,3.52,11,-7.48,-0.6804,0.6804
DJ505317_2,US BF WD03 写字桌带文件柜十字玻璃门带插排灯带，一件两箱 颜色->灰色,ALL,WALMART,A,T4B,11.53,4.71,11,-6.29,-0.5722,0.5722
DJ505435_1,US SD 190cm两门高桌 一件一箱  颜色->黑麻,ALL,UNKNOWN,C,T4B,18.18,9.77,11,-1.23,-0.1117,0.1117
DJ505477_2,US VD 低高架床 侧边步梯 渐变色9布抽 F 一件两箱 颜色->灰色,ALL,WALMART,B,T4B,6.68,3.59,11,-7.41,-0.6737,0.6737
DJ505549_2,US床ZY-221F软包Y形格子柜含插盘灯带137*190一件一箱 颜色黑铁+黑色PU+火烧云板,ALL,AMAZON,C,T4B,3.76,1.81,11,-9.19,-0.8357,0.8357
DJ505583_2,US SD 2.3米双人双抽电脑桌 一件一箱 颜色->胡桃棕+白,ALL,AMAZON,C,T4B,28.31,15.22,11,4.22,0.3834,0.3834
DJ505673_1,US RL-597款 F尺寸5抽上下床带桌子含灯带插排，带侧袋和桌边布袋 一件两箱 颜色->火烧云,ALL,WALMART,B,T4B,7.75,3.72,11,-7.28,-0.6618,0.6618
DJ505696_2,US WDL-926T 底部抬高储物沙发床+拖床 99*190 一件一箱 颜色->白色,ALL,AMAZON,D,T4B,4.87,2.34,11,-8.66,-0.7875,0.7875
DJ502555_2,US SD 2m带支架游戏高桌 颜色 >>白麻+银色铁管 一件一箱,ALL,AMAZON,C,T4B,47.90,19.54,10,9.54,0.9542,0.9542
DJ503351_2,US SD L桌高桌带X字双抽  一件一箱 颜色->白麻,ALL,TEMU,C,T4B,14.75,7.08,10,-2.92,-0.2920,0.2920
DJ503514_2,EU MS 猫爬架3顶窝585增配版 一件一箱 颜色->深灰色,ALL,UNKNOWN,C,T4B,5.07,2.72,10,-7.28,-0.7278,0.7278
DJ503835_3,US SD L桌高桌带洞洞铁皮带排插（小尺寸版）  一件一箱 颜色->黑色,ALL,UNKNOWN,C,T4B,10.41,5.00,10,-5.00,-0.5003,0.5003
DJ503855_2,US 带柜门抽屉美式书架 一件一箱 颜色->灰色,ALL,TEMU,B,T4B,4.86,2.61,10,-7.39,-0.7387,0.7387
DJ503905_3,US AG 高款板式三抽边桌 灯带+排插 一件一箱 颜色->火烧云,ALL,UNKNOWN,B,T4B,28.44,14.47,10,4.47,0.4471,0.4471
DJ504013_1,US 1.4米三抽吸塑桌 一件一箱 颜色->原木色,ALL,TIKTOK,C,T4B,6.18,2.97,10,-7.03,-0.7030,0.7030
DJ504050_4,"US 床BJS-590T低阁楼床下6抽屉含灯带99*190 颜色->#4,黑色铁+黑色板+黑PU抽面",ALL,WALMART,C,T4B,15.57,6.36,10,-3.65,-0.3645,0.3645
DJ504125_1,US DC 悬浮床BXF-01L 铁管全拆 HQ -75改 黑色 F 一件一箱,ALL,UNKNOWN,C,T4B,12.95,6.96,10,-3.04,-0.3041,0.3041
DJ504283_1,US AG 绒布软包皇冠公主床 T 一件一箱 颜色->粉色,ALL,WALMART,C,T4B,22.72,9.27,10,-0.73,-0.0731,0.0731
DJ504297_2,"US BF 储物柜 DT25 7抽无拉手悬浮顶带灯带一件一箱 颜色->#2,白色麻面",ALL,UNKNOWN,C,T4B,17.34,9.32,10,-0.68,-0.0675,0.0675
DJ504308_5,EU DC铁木床LIW-02 床头一层板+交叉造型+灯带插排 ZY 火烧色 一件一箱 160*200,ALL,UNKNOWN,C,T4B,10.48,5.03,10,-4.97,-0.4969,0.4969
DJ504469_1,US TA 1.1米衣帽架带鞋架层架 一件一箱 颜色->白+棕,ALL,TEMU,B,T4B,9.37,5.04,10,-4.96,-0.4963,0.4963
DJ504469_2,US TA 1.1米衣帽架带鞋架层架 一件一箱 颜色->黑色,ALL,TEMU,B,T4B,9.08,4.36,10,-5.64,-0.5641,0.5641
DJ504642_1,US SD 2米L桌带亚克力门文件柜  一件一箱 颜色->火烧云,ALL,UNKNOWN,C,T4B,9.71,4.66,10,-5.34,-0.5338,0.5338
DJ504644_1,"EU KM 板式展示柜玻璃带灯 一箱一个 颜色->白色,麻面白",ALL,UNKNOWN,C,T4B,21.90,10.51,10,0.51,0.0512,0.0512
DJ504705_1,"US UA 高款罗马柱床头柜带灯带插排 一件一箱 颜色->白色,做旧白+刀砍纹棕",ALL,AMAZON,C,T4B,8.41,4.04,10,-5.96,-0.5961,0.5961
DJ504864_2,US VD 板式床 床头床尾拼框 掀盖靠背 4抽 T款 一件一箱 颜色->灰色,ALL,WALMART,C,T4B,4.87,2.34,10,-7.66,-0.7663,0.7663
DJ504940_1,EU DC CBQ-03 客卧床头柜款青少年床90*190 黑色 一件两箱,ALL,AMAZON,C,T4B,22.18,11.28,10,1.28,0.1284,0.1284
DJ505032_1,US R124款 屋顶书架低阁楼床 带灯带床头置物袋侧边挂袋，一件一箱 颜色->白色,ALL,UNKNOWN,C,T4B,26.50,10.81,10,0.81,0.0813,0.0813
DJ505100_2_WF,US 弧面带柜体三抽老板桌 一件一箱 颜色->2133+黑,ALL,UNKNOWN,C,T4B,13.23,6.35,10,-3.65,-0.3648,0.3648
DJ505174_1,"US UA DK-XZ03 L型铁木3抽弧形腿行政桌 一件两箱 颜色->#1,胡桃色",ALL,UNKNOWN,C,T4B,7.09,3.81,10,-6.19,-0.6190,0.6190
DJ505184_1,US DC 软包床 HQ112 三圈灯四抽2085款 CK尺寸 PU 一件两箱 颜色->黑色,ALL,WALMART,C,T4B,5.81,3.12,10,-6.88,-0.6878,0.6878
DJ505217_1,US DC 铁木床 BFH-02 X谷仓造型床尾部换鞋箱款- 902 Q 一件双箱 颜色->胡桃白,ALL,UNKNOWN,B,T4B,18.12,8.70,10,-1.30,-0.1301,0.1301
DJ505249_2,HS 储物柜-DSTL-01顶板推拉无把手 2x3 DFS 一件两箱  颜色->白色,ALL,TIKTOK,C,T4B,27.42,14.74,10,4.74,0.4744,0.4744
DJ505255_1,US AG 板式床 乡村风拼框 掀盖靠背 4抽 Q款 一件两箱 颜色->白色,ALL,WALMART,C,T4B,5.76,2.76,10,-7.24,-0.7238,0.7238
DJ505269_1,US 床RL-511T上床铁管下桌洞洞板抽屉含插盘灯带99*190一件两箱 颜色黑铁+灰木纹板材,ALL,UNKNOWN,C,T4B,2.66,1.27,10,-8.73,-0.8726,0.8726
DJ505277_2,US 床T-B259T床头翻开气压杆波浪含插盘灯带床99*190 颜色TX-001米白绒布,ALL,WALMART,C,T4B,6.92,3.52,10,-6.48,-0.6482,0.6482
DJ505300_4,US 床GJ-013T低阁楼双层储物6布抽床+空格含灯带一件一箱粉铁+粉色板,ALL,TIKTOK,B,T4B,3.32,1.59,10,-8.41,-0.8407,0.8407
DJ505400_1,"US AG 双柜门翻盖板式床 侧边4抽 铝槽灯带+排插 Q款 一件两箱 尺码->#10,橡木色",ALL,AMAZON,C,T4B,25.41,10.37,10,0.37,0.0370,0.0370
DJ505413_2,US SSR JYCS-03 2×4 8抽挂衣杆衣柜 折叠穿衣镜 带感应射灯 一件两箱 颜色->白色,ALL,AMAZON,D,T4B,15.70,7.99,10,-2.01,-0.2008,0.2008
DJ505475_1,US AG 板式床 亚克力推拉门 靠背翻盖 造型立柱 4抽 F款 一件两箱 颜色->白色,ALL,AMAZON,C,T4B,14.17,6.80,10,-3.20,-0.3199,0.3199
DJ505517_2,"UK BW 软包气动床BQQ-01 HQ 608 白色 一件两箱,135*190",ALL,AMAZON,C,T4B,41.63,19.98,10,9.98,0.9983,0.9983
DJ505528_2,EU DC 铁木床 CBF-01L HQ 方管软包角落床带抽篮-606G 90*200 米白色 一件一箱,ALL,AMAZON,C,T4B,26.57,12.75,10,2.75,0.2753,0.2753
DJ505611_1,UK BW 边柜NSD-04 英标插排 3抽 两件一箱 颜色->黑色,ALL,AMAZON,D,T4B,2.66,1.27,10,-8.73,-0.8726,0.8726
DJ505732_3,US 1.5米农舍竖条对开门L桌 一件一箱 颜色->黑+棕,ALL,AMAZON,C,T4B,33.66,16.15,10,6.15,0.6154,0.6154
DJ505801_3,"US ER BF-TM04 美国6抽儿童床带书桌 一件一箱 颜色->#3,粉色",ALL,AMAZON,C,T4B,6.64,3.19,10,-6.81,-0.6810,0.6810
DJVN000056_1,US SD 1.7米X字三抽L桌 一件一箱 颜色 颜色->棕色,ALL,UNKNOWN,C,T4B,21.49,8.77,10,-1.23,-0.1233,0.1233
DJVN000057_3,US SD 1.4米单人X字三抽电脑桌 一件一箱 颜色->象牙灰,ALL,TEMU,C,T4B,18.24,8.76,10,-1.24,-0.1243,0.1243
DJ502988_1,US SD L桌带两层网书架 一件一箱 颜色->白色,ALL,UNKNOWN,B,T4B,33.63,16.14,9,7.14,0.7939,0.7939
DJ503080_1,"US BF 书柜 金色铁腿+托盘含插盘（大款）加RGB灯带 一件一箱 颜色->#1,黑色小麻",ALL,UNKNOWN,C,T4B,17.00,7.13,9,-1.87,-0.2078,0.2078
DJ503164_2,US SD 1m悬浮升降咖啡桌 颜色->白色 一件一箱,ALL,TEMU,C,T4B,15.24,6.22,9,-2.78,-0.3090,0.3090
DJ503351_4,US SD L桌高桌带X字双抽  一件一箱 颜色->黑色,ALL,WALMART,B,T4B,16.78,9.02,9,0.02,0.0027,0.0027
DJ504177_1,EU AG JYH208 棉麻软包气杆床 三灯带 140*190cm 一件两箱 颜色->深灰色,ALL,UNKNOWN,A,T4B,5.54,2.66,9,-6.34,-0.7048,0.7048
DJ504179_1,EU AG JYH208 棉麻软包气杆床 三灯带 160*200cm 一件两箱 颜色->深灰色,ALL,UNKNOWN,C,T4B,10.85,5.21,9,-3.79,-0.4213,0.4213
DJ504243_1,US UA 带推车侧架马桶柜（扩色） 一件一箱 颜色->黑色,ALL,WALMART,C,T4B,15.25,7.32,9,-1.68,-0.1868,0.1868
DJ504340_2,"US AG 乡村风高款边桌 一件一箱 尺码->#11,仿古白+棕色橡木",ALL,UNKNOWN,C,T4B,22.79,10.94,9,1.94,0.2155,0.2155
DJ504543_1,US TS08 1米6长11抽悬浮顶电视柜带灯带插排 一件一箱 颜色->黑色,ALL,UNKNOWN,C,T4B,8.21,4.41,9,-4.59,-0.5099,0.5099
DJ504792_2,EU BW 软包气动床BQQ-01 HQ 608 灰色 一件两箱 90*200,ALL,AMAZON,C,T4B,22.36,10.74,9,1.74,0.1928,0.1928
DJ504890_1,US SD L桌商用高桌带洞洞板 一件两箱 颜色->棕色+黑,ALL,TEMU,C,T4B,8.41,4.04,9,-4.96,-0.5512,0.5512
DJ504891_1_WF,"US SJ02款 T尺寸两布抽铁床 一件一箱,重量不超22kg 颜色->黑色",ALL,UNKNOWN,D,T4B,32.99,13.46,9,4.46,0.4956,0.4956
DJ504898_3,US BJS-549 T 儿童树屋床+布抽 含灯带 99*190cm 一件一箱 颜色->粉色,ALL,UNKNOWN,B,T4B,17.70,9.51,9,0.51,0.0571,0.0571
DJ504909_2,US DC 公主床 BPS-02 床侧三抽屉-F 米白色 一件一箱,ALL,AMAZON,C,T4B,18.97,9.11,9,0.11,0.0120,0.0120
DJ505032_3,US R124款 屋顶书架低阁楼床 带灯带床头置物袋侧边挂袋，一件一箱 颜色->粉色,ALL,WALMART,B,T4B,9.74,5.24,9,-3.76,-0.4179,0.4179
DJ505178_2,US 双顶带软包凳咖啡桌 一件一箱 颜色->火烧云,ALL,UNKNOWN,C,T4B,4.05,2.18,9,-6.82,-0.7579,0.7579
DJ505246_4,"US UA DK-XZ04 双拼色行政电脑桌一件两箱 颜色->#4,大理石（原4071 新洞洞板）",ALL,WALMART,C,T4B,5.40,2.75,9,-6.25,-0.6948,0.6948
DJ505259_1,"US AG 板式床 藤编拼框 4抽 掀盖靠背 Q款 一件两箱 颜色->#1,木纹色",ALL,UNKNOWN,C,T4B,7.37,3.96,9,-5.04,-0.5595,0.5595
DJ505406_2,US BJS-102T带帐蓬屋顶双层床含灯带99*190 一件一箱  颜色白铁+米色布,ALL,TIKTOK,B,T4B,3.39,1.82,9,-7.18,-0.7975,0.7975
DJ505443_2,US AG 3翻门板式四抽床 F款 一件两箱 颜色->灰色,ALL,AMAZON,C,T4B,13.61,7.32,9,-1.68,-0.1871,0.1871
DJ505483_1,US 1.2米双铁网门厨房置物架 一件一箱 颜色-> 颜色->黑麻,ALL,TEMU,C,T4B,7.97,3.83,9,-5.17,-0.5750,0.5750
DJ505516_6,EU BW 软包气动床BQQ-01 HQ 608 白色 一件两箱 180*200,ALL,AMAZON,C,T4B,29.01,13.92,9,4.92,0.5469,0.5469
DJ505536_2,US DC 高架床 TPB-04  RL 幼儿风格 树屋款  三人床 一件一箱 颜色->白色,ALL,WALMART,C,T4B,5.76,2.76,9,-6.24,-0.6931,0.6931
DJ505550_1,"US UA DK-SJ03 L型板式储物升降电脑桌 一件两箱 颜色->#1,胡桃色+黑色",ALL,WALMART,C,T4B,6.93,3.73,9,-5.27,-0.5860,0.5860
DJ505563_2,"USHA MFL-DT35 无拉手8抽悬浮矮柜含灯带 一件两箱 颜色->#2,白色麻面",ALL,AMAZON,C,T4B,52.24,28.08,9,19.08,2.1203,2.1203
DJ505565_2,US UA BK--ST01 上F下T儿童储物床 一件一箱 颜色->白色,ALL,AMAZON,C,T4B,15.72,7.55,9,-1.45,-0.1616,0.1616
DJ505599_4,"EU KM BF-GJ04 铁木拐角床头侧软包带柜门 尺码->M,90*200;颜色->黑色,黑板+灰软包",ALL,UNKNOWN,C,T4B,5.31,2.55,9,-6.45,-0.7165,0.7165
DJ505646_2,US VD 板式床 乡村风 3灯带 2柜门 4抽 Q 一件两箱 颜色->灰色,ALL,UNKNOWN,C,T4B,6.42,3.08,9,-5.92,-0.6576,0.6576
DJ505756_1,US AG 大款玻璃桌面 铁木3抽2门书桌 一件一箱 颜色->白色,ALL,UNKNOWN,C,T4B,5.31,2.55,9,-6.45,-0.7165,0.7165
DJ505757_3,US SR RWD-01 2×3 6抽抽屉柜辐射松贴实木皮油漆 一件一箱 颜色->棕色,ALL,UNKNOWN,C,T4B,8.41,4.04,9,-4.96,-0.5512,0.5512
DJ505770_1,US DC 高架床 BBC-01 BD173 新长短边储物双床 双T 黑色 一件两箱,ALL,UNKNOWN,B,T4B,7.75,3.72,9,-5.28,-0.5867,0.5867
SFDJ503915_1,US HS 抽屉柜 DDBT-02 1x5+2 底座 无把手 一件一箱 颜色->黑色,ALL,TIKTOK,C,T4B,11.51,5.53,9,-3.47,-0.3859,0.3859
DJ502919_1,US TA 双抽双顶咖啡桌 颜色->火烧云,ALL,TEMU,C,T4B,18.86,9.06,8,1.06,0.1319,0.1319
DJ503917_3,US 玻璃门L桌高桌带布兜款 一件一箱 颜色->黑色,ALL,UNKNOWN,B,T4B,15.02,7.21,8,-0.79,-0.0991,0.0991
DJ504377_1,"US AG 大镜面柔光灯箱书桌 含排插 一件一箱 尺码->#1,白色",ALL,AMAZON,C,T4B,27.41,14.73,8,6.73,0.8418,0.8418
DJ504490_1,"US UA 梯形柜门置物现代板式行政桌 一件一箱 浮雕黑 颜色->黑色,浮雕黑",ALL,WALMART,C,T4B,12.95,6.21,8,-1.79,-0.2235,0.2235
DJ504493_1,US UA 厚抽底菱形拼色单列五斗柜 一件一箱 颜色->黑色,ALL,UNKNOWN,C,T4B,9.67,5.20,8,-2.80,-0.3502,0.3502
DJ504808_1,US AG 乡村风长虹玻璃LED书桌 一件一箱 颜色->白色,ALL,AMAZON,C,T4B,18.28,8.78,8,0.78,0.0970,0.0970
DJ505078_2,US UA OTS-TC01 带推车侧架马桶柜三七分铣槽门板 一件一箱 颜色->黑色,ALL,WALMART,B,T4B,4.12,1.98,8,-6.02,-0.7528,0.7528
DJ505086_2,US DC PU床 双侧LED USB款 K 黑色 HQ一件一箱,ALL,WALMART,C,T4B,20.97,10.07,8,2.07,0.2582,0.2582
DJ505224_3,US 593款 F尺寸上床下桌8抽带灯带插排 一件两箱 颜色->灰色,ALL,UNKNOWN,C,T4B,9.23,3.77,8,-4.23,-0.5292,0.5292
DJ505246_5,US UA DK-XZ04 双拼色行政电脑桌一件两箱 颜色->#5，复古色（原3789 旧洞洞板）,ALL,UNKNOWN,C,T4B,7.43,3.99,8,-4.01,-0.5009,0.5009
DJ505319_1,US UA MV-HM01 弧面错层梳妆台五抽两柜 一件一箱 颜色->白色,ALL,WALMART,C,T4B,4.21,2.02,8,-5.98,-0.7477,0.7477
DJ505399_2,US AG 双柜门翻盖板式床 侧边4抽 铝槽灯带+排插 F款 一件两箱 颜色->白色,ALL,UNKNOWN,C,T4B,11.45,4.67,8,-3.33,-0.4164,0.4164
DJ505474_1,UK AG 铁木悬浮床 软包靠背 双层置物 USB插排 灯带 床垫150*200cm 一件一箱 颜色->深灰色,ALL,UNKNOWN,C,T4B,5.76,2.76,8,-5.24,-0.6547,0.6547
DJ505516_2,"EU BW 软包气动床BQQ-01 HQ 608 白色 一件两箱,90*200",ALL,AMAZON,C,T4B,13.95,6.70,8,-1.30,-0.1630,0.1630
DJ505578_3,US 现代简约风移动柜行政桌 一件一箱 颜色->浅棕+白,ALL,UNKNOWN,C,T4B,11.07,5.31,8,-2.69,-0.3358,0.3358
DJVN000101_1,"US QZ 条纹四门餐边柜，三个抽屉，一件一箱 ,原木色",ALL,TEMU,D,T4B,4.87,2.34,8,-5.66,-0.7078,0.7078
DJ503441_5,US PT 正方形升降谷仓咖啡桌 颜色->复古白+棕,ALL,UNKNOWN,B,T4B,7.87,3.21,7,-3.79,-0.5412,0.5412
DJ503466_5,US BF 电视柜 TV07 铁木6无纺布抽pu面转角直装两种安装 颜色->#5,ALL,UNKNOWN,C,T4B,7.42,3.78,7,-3.22,-0.4602,0.4602
DJ503698_2,US 80cm板式储物马桶架 一件一箱 颜色->灰古木+玻璃门,ALL,UNKNOWN,B,T4B,31.10,12.69,7,5.69,0.8126,0.8126
DJ504034_1,"US 床T-B2355T皇冠灯带99*190 颜色->#1,TX-001米白+粉2024-17绒布+黑色铁",ALL,WALMART,B,T4B,11.26,5.41,7,-1.59,-0.2277,0.2277
DJ504050_4,"US 床BJS-590T低阁楼床下6抽屉含灯带99*190 颜色->#4,黑色铁+黑色板+黑PU抽面",ALL,UNKNOWN,C,T4B,10.82,4.41,7,-2.59,-0.3694,0.3694
DJ504176_1,"US UA 高款拱顶书柜 藤编门板 一件一箱 颜色->黄色,木色手抓纹",ALL,WALMART,B,T4B,24.35,11.69,7,4.69,0.6700,0.6700
DJ504284_1,US AG 绒布软包皇冠公主床 F 一件一箱 颜色->粉色,ALL,UNKNOWN,C,T4B,9.67,4.64,7,-2.36,-0.3370,0.3370
DJ504340_4,US AG 乡村风高款边桌 一件一箱 颜色->灰色,ALL,UNKNOWN,C,T4B,6.28,3.02,7,-3.98,-0.5691,0.5691
DJ504808_1,US AG 乡村风长虹玻璃LED书桌 一件一箱 颜色->白色,ALL,UNKNOWN,C,T4B,27.51,14.79,7,7.79,1.1129,1.1129
DJ504874_3,US 1.2m6抽弧形文件柜 一件一箱 颜色->白色,ALL,UNKNOWN,C,T4B,9.40,4.78,7,-2.22,-0.3167,0.3167
DJ504899_3,US 床TB-2362T FB-儿童床-002  99*190 颜色->#3 灰色绒布,ALL,AMAZON,C,T4B,17.94,8.61,7,1.61,0.2298,0.2298
DJ505120_3_WF,US SD L升降桌带文件柜  一件两箱   颜色->白麻,ALL,UNKNOWN,C,T4B,28.65,13.75,7,6.75,0.9645,0.9645
DJ505134_1,US SD 1.6米单人升降行政桌  一件两箱 颜色->金丝楠木+黑麻,ALL,TEMU,C,T4B,8.23,4.19,7,-2.82,-0.4021,0.4021
DJ505177_1,US AG 6布抽2小翻盖角落床 F 一件两箱 颜色->火烧云,ALL,WALMART,C,T4B,8.60,4.63,7,-2.37,-0.3393,0.3393
DJ505214_3,"US 床YW541T 双层床+桌面  99*190 一件一箱 颜色->#3,黑铁+锯齿橡木灰",ALL,WALMART,C,T4B,12.72,6.47,7,-0.53,-0.0753,0.0753
DJ505225_1,US 594F款 F尺寸上床下桌8抽带灯带插排 一件两箱 颜色->火烧云,ALL,UNKNOWN,B,T4B,14.72,6.00,7,-1.00,-0.1422,0.1422
DJ505225_3,US 594F款 F尺寸上床下桌8抽带灯带插排 一件两箱 颜色->灰色,ALL,WALMART,A,T4B,9.59,4.60,7,-2.40,-0.3424,0.3424
DJ505229_2,"US HA 书桌 VT12 圆弧柱5抽两门波浪纹大镜子款 一件两箱A/B 颜色->#2,白色浮雕色",ALL,AMAZON,B,T4B,29.50,14.16,7,7.16,1.0230,1.0230
DJ505251_1,US HS 储物柜-DSBL-02侧板自攻丝带插板 2x3+4 DFS 一件两箱 颜色->黑色,ALL,TIKTOK,B,T4B,7.15,3.85,7,-3.15,-0.4504,0.4504
DJ505324_2,US 床GSI-006T带储物柜上床下桌床含灯带插盘99*190一件两箱白铁+白麻板,ALL,AMAZON,D,T4B,19.98,10.16,7,3.16,0.4521,0.4521
DJ505441_1,"US AG 升级款双柜门翻盖板式床 侧边4抽 铝槽灯带+排插 F款 一件两箱 尺码->#10,橡木色",ALL,AMAZON,C,T4B,13.93,7.49,7,0.49,0.0699,0.0699
DJ505512_1,US VD JYH216 PU软包4抽床 火烧云板 靠背掀盖 双灯带 Q 一件两箱 颜色->黑色,ALL,AMAZON,C,T4B,13.95,6.70,7,-0.30,-0.0434,0.0434
DJVN000013_1,"US AE 书柜（Vietnam）2抽屉板材带双灯 加高款 颜色->#3,灰木纹色麻面",ALL,WALMART,B,T4B,13.13,5.35,7,-1.65,-0.2352,0.2352
DJVN000040_3,"US AE 书柜 NT27 抽屉2个+空格 2件1箱小麻点款 二件一箱 颜色->#2,白色小麻点",ALL,TIKTOK,C,T4B,10.87,5.22,7,-1.78,-0.2547,0.2547
SFDJ505118_1,US 1.4米升降桌 一件两箱  颜色->主体白+顶板棕,ALL,WALMART,D,T4B,13.46,7.24,7,0.24,0.0336,0.0336
DJ502844,VD 板式边桌 编藤双抽+单隔层+插排+灯带 木色 一个一箱,ALL,UNKNOWN,C,T4B,6.87,3.70,6,-2.30,-0.3841,0.3841
DJ502890_4,US SD L桌带洞洞铁皮带排插  一件一箱 颜色->989-3,ALL,UNKNOWN,C,T4B,5.33,2.71,6,-3.29,-0.5479,0.5479
DJ503171_1_WF,US TA 双顶双抽带门咖啡桌 一件一箱 颜色->火烧云,ALL,UNKNOWN,C,T4B,64.77,26.42,6,20.42,3.4041,3.4041
DJ503648_2,"US AG 1x5藤编交叉腿储物柜 一件一箱 尺码->#2,黑色",ALL,AMAZON,C,T4B,23.49,9.59,6,3.59,0.5975,0.5975
DJ504048_3,EU DC气动床BQD-01床头两层+灯带+插排HQ603灰色麻布+火烧色 一件两箱140*200,ALL,UNKNOWN,C,T4B,8.73,4.19,6,-1.81,-0.3015,0.3015
DJ504358_1,EU VD 板式面盆柜 双开门 单抽 一件一箱 颜色->白色,ALL,UNKNOWN,B,T4B,7.32,3.51,6,-2.49,-0.4146,0.4146
DJ504360_2,US VD 低高架床 步梯 9布抽 T 一件一箱 颜色->灰色,ALL,UNKNOWN,C,T4B,20.62,9.90,6,3.90,0.6497,0.6497
DJ504400_1,"US AE 书柜 NT25 四抽悬浮滑盖加灯带插排 颜色->#1,黑色麻面",ALL,WALMART,A,T4B,6.45,3.09,6,-2.91,-0.4844,0.4844
DJ504484_1,"US AG 双层下翻浮雕门鞋柜 一件一箱 尺码->#1,黑色",ALL,UNKNOWN,C,T4B,24.22,11.63,6,5.63,0.9375,0.9375
DJ504543_2,US TS08 1米6长11抽悬浮顶电视柜带灯带插排 一件一箱 颜色->火烧云,ALL,UNKNOWN,C,T4B,5.99,3.05,6,-2.95,-0.4916,0.4916
DJ504577_1,"US BF 储物柜 DT30 7抽凹槽无把手高柜一件一箱 颜色->#1,黑色小麻",ALL,AMAZON,C,T4B,62.65,25.56,6,19.56,3.2604,3.2604
DJ504950_3,US ER BF-TM02 八抽单层儿童床 一件一箱 颜色->粉色,ALL,UNKNOWN,C,T4B,4.72,2.54,6,-3.46,-0.5774,0.5774
DJ504978_3,US R123款 5抽帐篷低阁楼床 带2条灯带床头置物袋 颜色->粉色,ALL,WALMART,A,T4B,8.64,4.14,6,-1.86,-0.3092,0.3092
DJ505068_3,US AG 高架布抽角落床 T 一件一箱 颜色->粉色,ALL,WALMART,B,T4B,4.41,2.37,6,-3.63,-0.6048,0.6048
DJ505079_2,"US UA BK-GD01 高款拱顶书柜带推车 一件一箱 颜色->黄色,橡木色",ALL,UNKNOWN,B,T4B,30.66,15.60,6,9.60,1.5999,1.5999
DJ505116_2,US 斜腿错层行政桌 一件一箱 颜色->989-3灰色,ALL,UNKNOWN,C,T4B,27.87,14.18,6,8.18,1.3632,1.3632
DJ505193_2,US AG 折叠储物沙发床架 左右互换+无纺布抽 T 一件两箱 颜色->灰橡木,ALL,WALMART,B,T4B,15.36,6.27,6,0.27,0.0447,0.0447
DJ505289_1_WF,US HS 梳妆台-VDND-01 金拱门01款 平桌面 七抽  一件两箱 颜色->白色,ALL,UNKNOWN,C,T4B,14.22,7.64,6,1.64,0.2741,0.2741
DJ505295_1,US SD 80cm转角升降桌 一件一箱  颜色->火烧云,ALL,WALMART,C,T4B,8.23,4.42,6,-1.58,-0.2627,0.2627
DJ505320_1,EU AG三抽一格玻璃台面床头柜40*35cm含插座2AC+1U+1T 一件一箱 颜色->白色,ALL,UNKNOWN,C,T4B,6.42,3.08,6,-2.92,-0.4864,0.4864
DJ505331_2,EU DC CBQ-05 客卧气动款青少年床90*200 白色 一件两箱,ALL,AMAZON,C,T4B,30.28,16.28,6,10.28,1.7135,1.7135
DJ505385_2,"USHA DFS-DT48 凹槽抽面无把手12抽矮柜 160cm 一件两箱 颜色->#2,白色麻面",ALL,AMAZON,C,T4B,20.83,8.50,6,2.50,0.4167,0.4167
DJ505466_2,US DC 软包床 BWR-01 ZY双侧护栏床尾带抽篮-2366 F 米色 一件一箱,ALL,UNKNOWN,C,T4B,6.17,2.96,6,-3.04,-0.5066,0.5066
DJ505468_1,US DC 矮高架床 LBB-07 BD164 适配成长 变形款储物双床+LED 双T 黑色 一件一箱,ALL,AMAZON,C,T4B,17.94,8.61,6,2.61,0.4348,0.4348
DJ505560_5,"EU KM BF-RX02 带床头靠背储物悬浮床 双包装 尺码->XXXL,180*200;颜色->灰色,亚麻灰",ALL,AMAZON,C,T4B,5.31,2.55,6,-3.45,-0.5748,0.5748
DJ505668_3,US SD L桌带文件抽桌面宽470mm  颜色->白色,ALL,TEMU,C,T4B,5.98,2.87,6,-3.13,-0.5216,0.5216
DJVN000013_4,US AE 书柜（Vietnam）2抽屉板材带双灯 加高款 颜色->#4,ALL,TEMU,C,T4B,15.04,7.22,6,1.22,0.2033,0.2033
DJVN000057_1,US SD 1.4米单人X字三抽电脑桌 一件一箱 颜色->棕色,ALL,AMAZON,C,T4A,78.45,36.40,6,30.40,5.0672,5.0672
DJVN000097_2,"US WIN 独立柜马桶架 一件一箱 颜色->黑色,浮雕大山纹黑",ALL,AMAZON,D,T4B,30.27,15.40,6,9.40,1.5668,1.5668
SFDJ504717_1,US 单人升降桌带竖条凹槽腿 一件一箱 颜色->棕色,ALL,TIKTOK,D,T4B,6.97,3.74,6,-2.26,-0.3759,0.3759
DJ502597,US TA 高文件柜带布抽 一件一箱 颜色->白色,ALL,AMAZON,C,T4B,66.97,27.32,5,22.32,4.4647,4.4647
DJ502890_2,US SD L桌带洞洞铁皮带排插  一件一箱 颜色->白色,ALL,UNKNOWN,C,T4B,4.48,2.15,5,-2.85,-0.5697,0.5697
DJ503315_1,US SD 1.67米游戏高桌  一件一箱 颜色->黑色,ALL,AMAZON,C,T4B,74.71,30.48,5,25.48,5.0965,5.0965
DJ503351_2,US SD L桌高桌带X字双抽  一件一箱 颜色->白麻,ALL,WALMART,C,T4B,7.26,3.90,5,-1.10,-0.2194,0.2194
DJ503916_1,US HS 抽屉柜 DDBT-03 1x6+2 底座 无把手 一件一箱 颜色->黑色,ALL,TIKTOK,B,T4B,16.36,7.85,5,2.85,0.5705,0.5705
DJ503946_1,"US 床T-B2451T软包水晶扣公主床抽屉灯带99*190 颜色->#1,TX-001米白色绒布+黑色铁",ALL,AMAZON,C,T4B,33.30,14.05,5,9.05,1.8105,1.8105
DJ504119_1,US床T-B715T床头置物软包床前后铝材灯带四抽含垫99*190 颜色黑色PU,ALL,TIKTOK,C,T4B,9.62,5.17,5,0.17,0.0348,0.0348
DJ504227_3,US SD 1.3米L桌高桌带置物架  一件一箱 颜色->989-3灰色,ALL,AMAZON,C,T4B,42.45,20.38,5,15.38,3.0759,3.0759
DJ504380_1,"EU KM 板式餐边柜大款玻璃单抽三柜门 两箱一件 颜色->白色,磨砂白",ALL,UNKNOWN,C,T4B,16.83,8.56,5,3.56,0.7124,0.7124
DJ504702_1,EU AG灯芯绒 床围环绕灯带 1.4*2m气杆床 2AC+1U1T插孔 一件两箱 颜色->米白,ALL,UNKNOWN,C,T4B,5.67,3.05,5,-1.95,-0.3899,0.3899
DJ504717_2,US 单人升降桌带竖条凹槽腿 一件一箱 颜色->棕色+白色,ALL,UNKNOWN,C,T4B,5.54,2.66,5,-2.34,-0.4687,0.4687
DJ504717_3,US 单人升降桌带竖条凹槽腿 一件一箱 颜色->白色,ALL,WALMART,C,T4B,11.80,6.35,5,1.35,0.2691,0.2691
DJ504744_1,US SD 1.6m5抽L桌带排插 一件一箱  颜色->黑色,ALL,WALMART,C,T4B,13.03,6.63,5,1.63,0.3262,0.3262
DJ504824_3,US 3抽农舍风竖条文件柜 一件一箱 颜色->灰色,ALL,UNKNOWN,C,T4B,9.96,4.78,5,-0.22,-0.0440,0.0440
DJ505071_1,EU AG JYH208 棉麻软包气杆床 三灯带 90*200cm 一件两箱 颜色->深灰色,ALL,UNKNOWN,C,T4B,8.64,4.14,5,-0.86,-0.1711,0.1711
DJ505099_2,"US 床GS-888T儿童双层床+集合绘本储物 含灯带、插排99*190 颜色->#2,火烧云",ALL,WALMART,B,T4B,6.81,3.27,5,-1.73,-0.3459,0.3459
DJ505120_1,US SD L升降桌带文件柜  一件两箱  颜色->火烧云,ALL,TEMU,C,T4B,8.53,4.10,5,-0.90,-0.1810,0.1810
DJ505208_2,US DC 高架床 BB-02  YL 上T下F 二抽层架款   一件两箱 颜色->白色,ALL,UNKNOWN,C,T4B,9.79,4.00,5,-1.00,-0.2008,0.2008
DJ505231_2,"US HA 储物柜 DT52 10抽凹槽无把手矮柜 一件两箱A/B 颜色->#2,白色麻点",ALL,AMAZON,C,T4B,21.51,8.78,5,3.78,0.7552,0.7552
DJ505286_1,"US 床TB-2324Q 5抽床+床头2布抽 一件两箱 颜色->#1,米白绒布",ALL,AMAZON,C,T4B,9.06,4.35,5,-0.65,-0.1301,0.1301
DJ505290_2,US 高架床 LB-06  AF 上床下桌+F&T长桌二抽  F 一件两箱 颜色->白色,ALL,WALMART,C,T4B,5.01,2.69,5,-2.31,-0.4618,0.4618
DJ505317_3,US BF WD03 写字桌带文件柜十字玻璃门带插排灯带，一件两箱 颜色->黑色,ALL,WALMART,A,T4B,7.87,4.01,5,-0.99,-0.1990,0.1990
DJ505467_1,US DC 软包床 BWR-01 ZY双侧护栏床尾带抽篮-2366 T 粉色 一件一箱,ALL,WALMART,C,T4B,6.93,3.73,5,-1.27,-0.2548,0.2548
DJ505468_2,US DC 矮高架床 LBB-07 BD164 适配成长 变形款储物双床+LED 双T 白色+粉抽 一件一箱,ALL,AMAZON,C,T4B,9.30,4.46,5,-0.54,-0.1072,0.1072
DJ505695_2,US YSY-599款 F尺寸上床下书架含灯带插排含床侧挂袋 一件两箱 颜色->白色,ALL,WALMART,B,T4B,3.99,1.91,5,-3.09,-0.6175,0.6175
DJ505710_3,US 85cm4层五抽农舍风文件柜 一件一箱 颜色->989-3灰色,ALL,UNKNOWN,C,T4B,8.84,4.75,5,-0.25,-0.0495,0.0495
DJ505801_2,"US ER BF-TM04 美国6抽儿童床带书桌 一件一箱 颜色->#2,白色",ALL,AMAZON,C,T4B,4.65,2.23,5,-2.77,-0.5536,0.5536
DJVN000013_3,"US AE 书柜（Vietnam）2抽屉板材带双灯 加高款 颜色->#2,黑色麻面",ALL,TEMU,A,T4B,37.57,18.04,5,13.04,2.6072,2.6072
SFDJ505124_1,US 美式升降可直排L桌 一件两箱 颜色->棕+白,ALL,UNKNOWN,D,T4B,23.18,11.13,5,6.13,1.2252,1.2252
DJ481034,US AE 写字桌  （80*40）四个小抽屉小款带插座 白色 一件一箱,ALL,AMAZON,C,T4B,35.83,10.03,4,6.03,1.5079,1.5079
DJ502683_4,US床T-B213F软包灯带和USB款四抽屉含垫137.5*190一件一箱 颜色->#4白色PU,ALL,AMAZON,C,T4B,12.49,3.72,4,-0.28,-0.0692,0.0692
DJ503440_2,US SD L桌三抽带单玻璃门  一件一箱 颜色->黑麻,ALL,TEMU,C,T4B,24.04,9.81,4,5.81,1.4521,1.4521
DJ503916_2,US HS 抽屉柜 DDBT-03 1x6+2 底座 无把手 一件一箱 颜色->白色,ALL,TIKTOK,A,T4B,36.17,17.36,4,13.36,3.3400,3.3400
DJ504050_3,"US 床BJS-590T低阁楼床下6抽屉含灯带99*190 颜色->#3,粉色铁+粉色板",ALL,WALMART,C,T4B,13.87,6.66,4,2.66,0.6639,0.6639
DJ504105_1,"US 床BJS-593T软包菱格日间床含灯带插盘99*190 颜色->#1,黑色PU",ALL,UNKNOWN,C,T4B,5.28,2.69,4,-1.31,-0.3281,0.3281
DJ504395_2,EU BW铁木软包床LIWS-01 床尾两抽屉 白色+原木色 一件一箱140*200,ALL,AMAZON,C,T4B,29.43,14.13,4,10.13,2.5325,2.5325
DJ504636_4,"EU KM 铁木床洞洞板基础款 一箱一件 尺码->XL,140*200;颜色->棕色,复古色",ALL,UNKNOWN,C,T4B,4.50,2.42,4,-1.58,-0.3955,0.3955
DJ504680_9,EU KM 软包床-双灯带液压床 尺码->XXL 160*200 ;颜色->深灰色 亚麻,ALL,AMAZON,C,T4B,4.21,2.02,4,-1.98,-0.4955,0.4955
DJ504691_1,UK AG 悬浮床 侧边托盘 英标排插 灯带 床垫150*200cm 一件一箱 颜色->黑色,ALL,AMAZON,C,T4B,37.07,18.86,4,14.86,3.7151,3.7151
DJ504789_1,EU AG 铁木软包床 方块软包 欧标USB排插 灯带 1.4*2m 一件一箱 颜色->深灰色,ALL,UNKNOWN,C,T4B,9.03,4.33,4,0.33,0.0835,0.0835
DJ505017_2,US SD 1.5米圆弧竖条形电脑桌 一件一箱 颜色->黑麻,ALL,TEMU,C,T4B,3.00,1.61,4,-2.39,-0.5970,0.5970
DJ505062_3,US SD 1.2米翻转升降桌 一件一箱 颜色->白色,ALL,WALMART,C,T4B,5.60,2.85,4,-1.15,-0.2870,0.2870
DJ505218_2,US DC 铁木床 BFH-01 方管X谷仓吊轨推拉门置物格款- 胡桃白-901 CK 一件两箱,ALL,WALMART,C,T4B,12.09,5.81,4,1.81,0.4516,0.4516
DJ505299_1,US AG 火烧云PU软包 抽屉床 Q 一件两箱 颜色->黑色,ALL,AMAZON,B,T4B,14.29,5.83,4,1.83,0.4578,0.4578
DJ505320_2,EU AG三抽一格玻璃台面床头柜40*35cm含插座2AC+1U+1T 一件一箱 颜色->黑色,ALL,UNKNOWN,C,T4B,6.20,2.98,4,-1.02,-0.2560,0.2560
DJ505338_1,US VD 板式床 乡村风掀盖米字拼框 6抽 Q款 一件两箱 颜色->白色,ALL,UNKNOWN,B,T4B,15.69,7.98,4,3.98,0.9956,0.9956
DJ505476_2,US AG 板式床 亚克力推拉门 靠背翻盖 造型立柱 4抽 Q款 一件两箱 颜色->灰色,ALL,AMAZON,C,T4B,16.16,7.76,4,3.76,0.9398,0.9398
SFDJ505118_2,US 1.4米升降桌 一件两箱  颜色->主体黑+顶板棕,ALL,TEMU,D,T4B,24.02,12.91,4,8.91,2.2279,2.2279
DJ503280,EU DC 欧标木质LED打砂镜柜双开门 70*16*60 白色 一件一箱,ALL,UNKNOWN,B,T4B,54.32,29.20,3,26.20,8.7340,8.7340
DJ503916_2,US HS 抽屉柜 DDBT-03 1x6+2 底座 无把手 一件一箱 颜色->白色,ALL,UNKNOWN,A,T4B,70.26,35.75,3,32.75,10.9164,10.9164
DJ504125_2,US DC 悬浮床BXF-01L 铁管全拆 HQ -75改 黑色 Q 一件一箱,ALL,UNKNOWN,B,T4B,47.54,24.19,3,21.19,7.0631,7.0631
DJ504297_1,"US BF 储物柜 DT25 7抽无拉手悬浮顶带灯带一件一箱 颜色->#1,黑色麻面",ALL,AMAZON,B,T3,145.77,150.28,3,147.28,49.0939,49.0939
DJ504744_2,US SD 1.6m5抽L桌带排插 一件一箱  颜色->火烧云,ALL,TEMU,C,T4B,4.21,2.02,3,-0.98,-0.3273,0.3273
DJ504900_2,US 床TB-2362F FB-儿童床-002  137*190 颜色->#2灰泰迪绒,ALL,AMAZON,C,T4B,16.61,7.97,3,4.97,1.6567,1.6567
DJ504949_1,"US ER BF-TM01 基础双层儿童床 一件一箱 颜色->白色,白色",ALL,WALMART,C,T4B,6.13,3.12,3,0.12,0.0395,0.0395
DJ504961_3,UK BW 软包气动床BQQ-01 HQ 608 灰色 一件两箱 90*190,ALL,AMAZON,C,T4B,51.81,24.87,3,21.87,7.2904,7.2904
DJ505086_2,US DC PU床 双侧LED USB款 K 黑色 HQ一件一箱,ALL,UNKNOWN,C,T4B,14.15,6.80,3,3.80,1.2651,1.2651
DJ505122_1,US UA SB-HM01 弧面餐边柜三抽两柜 一件两箱 颜色->灰色,ALL,TEMU,C,T4B,38.36,20.62,3,17.62,5.8737,5.8737
DJ505126_1,US SD L桌升降高桌带书架  一件两箱 颜色 颜色->火烧云,ALL,UNKNOWN,C,T4B,15.16,8.15,3,5.15,1.7166,1.7166
DJ505134_3,US SD 1.6米单人升降行政桌  一件两箱 颜色->白麻+木纹,ALL,TEMU,C,T4B,8.67,4.16,3,1.16,0.3867,0.3867
DJ505203_2,EU DC 铁木床 CBF-01L HQ 软包角落床 606 140*200  灰色  一件两箱,ALL,AMAZON,C,T4B,35.38,19.02,3,16.02,5.3395,5.3395
DJ505205_2,US DC 高架床 LB-X  AF 七抽L桌款 T尺寸 一件两箱 颜色->白色,ALL,AMAZON,B,T2,241.10,188.06,3,185.06,61.6861,61.6861
DJ505220_1,US DC 铁木床 BFH-01 方管X谷仓吊轨推拉门置物格款- 橡木灰-901 K 一件两箱,ALL,UNKNOWN,C,T4B,5.28,2.84,3,-0.16,-0.0535,0.0535
DJ505341_1,US VD JYH205 PU软包4抽床 弧形掀盖靠背 双灯带 F 一件两箱 颜色->黑色,ALL,UNKNOWN,B,T4B,78.74,37.80,3,34.80,11.5994,11.5994
DJ505350_2,UK BW铁木软包床LIWS-01  HQ 白色+原木色 一件一箱 135*190,ALL,AMAZON,C,T4B,36.52,19.63,3,16.63,5.5441,5.5441
DJ505370_3,UK DC气动床BQD-01 603 HQ 白色麻布+原木色一件两箱150*200,ALL,AMAZON,C,T4B,18.58,9.99,3,6.99,2.3304,2.3304
DJ505428_5,EU BW 软包折叠储物气动床BQQ-03 ZY 95款 灰色 一件两箱180*200,ALL,AMAZON,C,T4B,24.36,11.69,3,8.69,2.8967,2.8967
DJ505473_1,UK AG 铁木悬浮床 软包靠背 双层置物 USB插排 灯带 床垫135*190cm 一件一箱 颜色->深灰色,ALL,AMAZON,C,T4B,27.08,14.56,3,11.56,3.8536,3.8536
DJ505796_2,US 板材亚克力角落高桌 一件一箱 颜色->黑麻,ALL,AMAZON,C,T4B,36.54,17.54,3,14.54,4.8456,4.8456
DJVN000162_1,US WIN 四色五抽柜 一件一箱 颜色 浅色到深色 浮雕（E60176，E60176-1，E60176-2，E60176-3）,ALL,AMAZON,D,T4B,17.27,8.29,3,5.29,1.7631,1.7631
DJ503970_32,"EU KM 箱式液压床 一箱一个 尺码->XXL,160*200;颜色->黑色,PU黑",ALL,AMAZON,C,T4B,12.40,5.95,2,3.95,1.9760,1.9760
DJ504068_3,"EU BW悬浮床BXF-Q01床头两层+灯带+插排HQ602灰色麻布+火烧色一件两箱,140*190",ALL,AMAZON,B,T3,123.39,124.38,2,122.38,61.1891,61.1891
DJ504146_1,US DC 铁木床 BFH-01 方管X谷仓吊轨推拉门置物格款- 胡桃白 901TXL 一件一箱,ALL,UNKNOWN,C,T4B,9.54,4.86,2,2.86,1.4289,1.4289
DJ504296_2,"US BF 储物柜 DT24 6抽无拉手悬浮顶带灯带一件一箱 颜色->#2,白色麻面",ALL,TIKTOK,C,T4B,5.54,2.66,2,0.66,0.3284,0.3284
DJ504318_3,US 床T-B732T带屋顶软包床带护边含插盘灯带99*190 颜色深灰绒布+黑色铁,ALL,AMAZON,C,T4B,19.49,9.35,2,7.35,3.6764,3.6764
DJ504342_3,"US 床YW542T儿童双层床+绘本架 含灯带、插盘 颜色->#3,粉色",ALL,WALMART,C,T4B,5.01,2.40,2,0.40,0.2013,0.2013
DJ504475_1,US 床T-B737T拱形中间翻门水晶扣围栏含插盘灯带99*190 颜色白铁+粉色绒布+白板+白脚,ALL,TIKTOK,C,T4B,6.20,2.98,2,0.98,0.4880,0.4880
DJ504622_2,US VD 板式床 掀盖软包靠背 双灯带 4抽 T款 一件一箱 颜色->白色,ALL,UNKNOWN,C,T4B,20.92,10.04,2,8.04,4.0205,4.0205
DJ504636_2,"EU KM 铁木床洞洞板基础款 一箱一件 尺码->L,140*190;颜色->棕色,复古色",ALL,AMAZON,C,T4B,64.45,34.65,2,32.65,16.3244,16.3244
DJ505086_1,US DC PU床 双侧LED USB款 Q 黑色 HQ一件一箱,ALL,UNKNOWN,B,T4B,33.78,17.19,2,15.19,7.5932,7.5932
DJ505161_3,US R132款 侧梯7抽帐篷低阁楼床带2条灯带床头置物袋 一件一箱 颜色->粉色,ALL,TIKTOK,A,T4B,4.43,2.13,2,0.13,0.0633,0.0633
DJ505258_1,"US AG 板式床 藤编拼框 4抽 掀盖靠背 F款 一件两箱 颜色->#1,木纹色",ALL,UNKNOWN,C,T4B,9.52,4.57,2,2.57,1.2847,1.2847
DJ505400_1,"US AG 双柜门翻盖板式床 侧边4抽 铝槽灯带+排插 Q款 一件两箱 尺码->#10,橡木色",ALL,UNKNOWN,C,T4B,8.47,4.31,2,2.31,1.1530,1.1530
DJ505443_1,US AG 3翻门板式四抽床 F款 一件两箱 颜色->白色,ALL,AMAZON,C,T4B,20.00,10.75,2,8.75,4.3754,4.3754
DJ505465_2,US UA BK-GD02拱顶书柜宽60cm带灯 一件一箱 颜色->棕色G29024I,ALL,AMAZON,C,T4B,38.36,20.62,2,18.62,9.3106,9.3106
DJ505500_3,EU AG 布抽软包靠背角落床 140*200 一件两箱 颜色->黑灰色,ALL,AMAZON,C,T4B,19.26,9.25,2,7.25,3.6237,3.6237
DJ505501_2,US DC 高架床 LB-01  GS 上床下桌+L桌布抽款  T 尺寸 一件两箱 颜色->白色,ALL,AMAZON,C,T4B,24.34,9.93,2,7.93,3.9647,3.9647
DJ505539_1,UK VD 角落气杆软包床 2层置物 床垫90*190cm 一件两箱 颜色->深灰色,ALL,AMAZON,C,T4B,15.06,7.23,2,5.23,2.6131,2.6131
DJ505621_2,US DC 炫酷软包床 BFCB-01 PU材质 床头下翻门 灯带插排 白色  F改 一件一箱,ALL,AMAZON,C,T4B,17.47,9.40,2,7.40,3.6981,3.6981
SFDJ505134_3,US SD 1.6米单人升降行政桌  一件两箱 颜色->白麻+木纹,ALL,AMAZON,D,T4B,11.74,5.63,2,3.63,1.8164,1.8164
DJ502990,US  DC 美标LED金属镜柜排胶拆装双开门90 白色 一件一箱,ALL,AMAZON,C,T4B,97.87,34.26,1,33.26,33.2550,33.2550
DJ503346_1,"US BF VD18 书桌 铁木造型双开门款带凳子 一件一箱 颜色->#1,白色+金色铁件",ALL,AMAZON,C,T4B,58.64,31.53,1,30.53,30.5270,30.5270
DJ503782_1,US VD29 书桌 三折镜转角梳妆台 一件一箱 颜色->白色,ALL,WALMART,C,T4B,4.15,2.23,1,1.23,1.2320,1.2320
DJ504093_2,"US AG 谷仓门乡村风灯泡书桌 一件一箱 尺码->#2,仿古橡木",ALL,TIKTOK,C,T4B,6.49,3.12,1,2.12,2.1186,2.1186
DJ504119_1,US床T-B715T床头置物软包床前后铝材灯带四抽含垫99*190 颜色黑色PU,ALL,UNKNOWN,C,T4B,7.42,3.57,1,2.57,2.5650,2.5650
DJ504535_4,"EU KM 软包液压床 假悬浮 双包  尺码->XL,200*140;颜色->灰色,亚麻灰",ALL,AMAZON,C,T4B,19.26,9.24,1,8.24,8.2442,8.2442
DJ505051_3,EU BW铁木软包床LIWS-01 床头两层板+灯带+插排HQ 白色+原木色 一件一箱140*190,ALL,AMAZON,B,T4B,79.27,38.05,1,37.05,37.0494,37.0494
DJ505125_1,US 侧面爬梯上床下桌T 一件两箱 颜色->火烧云,ALL,WALMART,B,T4B,19.38,7.91,1,6.91,6.9081,6.9081
DJ505161_2,US R132款 侧梯7抽帐篷低阁楼床带2条灯带床头置物袋 一件一箱 颜色->白色,ALL,TIKTOK,C,T4B,3.99,1.91,1,0.91,0.9127,0.9127
DJ505330_1,EU DC CBQ-05 客卧气动款青少年床90*190 灰色 一件两箱,ALL,UNKNOWN,C,T4B,6.42,3.08,1,2.08,2.0814,2.0814
DJ505397_2,EU DC 铁木床 CBF-11L 方管铁木角落床带抽篮-138G 黑 90×200 一件两箱,ALL,AMAZON,C,T4B,27.05,14.54,1,13.54,13.5421,13.5421
DJ505432_3,US SD 1.7米美式乡村竖条纹L桌 一件两箱   颜色->黑色,ALL,AMAZON,C,T4B,34.07,18.31,1,17.31,17.3148,17.3148
DJ505495_3,US YL-924T储物低阁楼床+拖床 99*190cm 一件一箱 颜色->粉色,ALL,AMAZON,C,T4B,11.10,4.53,1,3.53,3.5322,3.5322
DJ505514_1,UK AG JYH208A 棉麻软包气杆床 床耳床尾3灯带 靠背翻盖 90*190cm 一件两箱 颜色->深灰色,ALL,AMAZON,C,T4B,21.70,10.42,1,9.42,9.4160,9.4160
DJ505525_1,US 床BJS-2406Q空格翻盖悬浮软包含插盘灯带153*203 一件一箱 颜色麻布深灰+木纹黑色板,ALL,TEMU,C,T4B,9.16,4.66,1,3.66,3.6624,3.6624
DJ505532_2,US 1.4米单人6抽升降桌 一件两箱 颜色->棕色+黑色,ALL,TIKTOK,B,T4B,12.18,5.85,1,4.85,4.8466,4.8466
DJ505536_1,US DC 高架床 TPB-04  RL 幼儿风格 树屋款  三人床 一件一箱 颜色->黑色,ALL,AMAZON,C,T4B,26.79,12.86,1,11.86,11.8619,11.8619
DJ505576_1,US SD 1.52米单门高桌 一件一箱  颜色->黑麻,ALL,TEMU,C,T4B,4.70,2.53,1,1.53,1.5265,1.5265
DJ505740_2,US 80cmX字谷仓门板材文件柜 一件一箱 颜色->YB-M941棕顶+黑,ALL,AMAZON,C,T4B,31.44,15.09,1,14.09,14.0939,14.0939
100102902,US TA 1.5米口子农舍推拉零食柜 一件两箱 颜色->白+棕,ALL,AMAZON,D,T4B,28.12,13.50,0,13.50,,
DJ502257_25_WF,"US AE 书柜 抽屉2个+插盘 2件1箱小麻点款 二件一箱 颜色->#3,灰木纹色",ALL,UNKNOWN,C,T4B,60.02,24.49,0,24.49,,
DJ502483,US TA 高文件柜带布抽 一件一箱 颜色->火烧云加黑色,ALL,UNKNOWN,C,T4B,25.65,10.47,0,10.47,,
DJ502512_13_WF,"US AE 书柜 3抽屉 带插排小台款（大款） 颜色->#3,灰木纹色",ALL,UNKNOWN,C,T4B,33.65,16.15,0,16.15,,
DJ502789_1,"US SD 复古款X字门L桌 一件一箱 颜色-白麻 颜色->白色,白色",ALL,UNKNOWN,C,T4B,19.21,10.33,0,10.33,,
DJ502954_1,US SD 圆弧面转角高桌 一件一箱 颜色->白色,ALL,AMAZON,C,T4B,34.51,2.91,0,2.91,,
DJ503139_2,US SD 1.6米双抽单人桌带排插  一件一箱 颜色->火烧云,ALL,UNKNOWN,C,T4B,5.62,3.02,0,3.02,,
DJ503347_1,US SD 1.5米单人桌三抽  一件一箱 颜色->火烧云,ALL,AMAZON,C,T4B,36.19,17.37,0,17.37,,
DJ503441_2,US PT 正方形升降谷仓咖啡桌 颜色->黑麻+火烧云,ALL,TEMU,A,T4B,143.35,68.81,0,68.81,,
DJ503441_3,US PT 正方形升降谷仓咖啡桌 颜色->灰色,ALL,TEMU,A,T4B,84.07,40.36,0,40.36,,
DJ503441_4,US PT 正方形升降谷仓咖啡桌 颜色->深蓝+棕,ALL,TEMU,B,T4B,45.20,21.70,0,21.70,,
DJ503441_5,US PT 正方形升降谷仓咖啡桌 颜色->复古白+棕,ALL,TEMU,B,T4B,36.55,17.55,0,17.55,,
DJ503648_1,"US AG 1x5藤编交叉腿储物柜 一件一箱 尺码->#1,木色",ALL,AMAZON,B,T3,135.79,122.21,0,122.21,,
DJ503698_1,US 80cm板式储物马桶架 一件一箱 颜色->藤编原色,ALL,AMAZON,C,T4B,75.03,40.33,0,40.33,,
DJ503860_1,"EU BW铁木床DIW-01 床头一层盖板+灯带+插排 HQ 黑色+火烧色  一件一箱 ,90*200",ALL,AMAZON,C,T4B,69.46,35.34,0,35.34,,
DJ503860_5,"EU BW铁木床DIW-01 床头一层盖板+灯带+插排 HQ 黑色+火烧色  一件一箱 ,180*200",ALL,AMAZON,C,T4B,75.09,30.64,0,30.64,,
DJ503877_2,US 双抽美式文件柜 一件一箱 颜色->白色,ALL,UNKNOWN,C,T4B,22.67,12.19,0,12.19,,
DJ503902_1,US AG 1x4简约立柱灯带储物柜 一件一箱 颜色->黑色,ALL,AMAZON,C,T3,171.52,164.18,0,164.18,,
DJ503904_1,US AG 2x3简约立柱灯带储物柜 一件一箱 颜色->黑色,ALL,AMAZON,C,T3,113.42,119.09,0,119.09,,
DJ503911_1,"US BF 储物柜 DT15 5抽无把手悬浮带灯带插头 一件一箱 颜色->#1,黑色三胺麻面",ALL,AMAZON,A,T3,217.05,207.18,0,207.18,,
DJ503916_2,US HS 抽屉柜 DDBT-03 1x6+2 底座 无把手 一件一箱 颜色->白色,ALL,WALMART,A,T4B,7.66,3.12,0,3.12,,
DJ503921_1,"US BF 储物柜 DT17 6抽凹槽无把手高柜一件一箱 颜色->#1,黑色麻面",ALL,AMAZON,B,T3,144.87,145.21,0,145.21,,
DJ504004_2,US HS 储物柜-DSGW-02抽面竖纹 1x5+2一件一箱 颜色->胡桃白,ALL,UNKNOWN,C,T4B,23.45,12.61,0,12.61,,
DJ504197_1,EU BW 边柜NSD-04 欧标插排 3抽 两件一箱 颜色->黑色,ALL,AMAZON,C,T4B,56.04,30.13,0,30.13,,
DJ504227_2,US SD 1.3米L桌高桌带置物架  一件一箱 颜色->黑浮雕,ALL,AMAZON,C,T4A,85.73,39.78,0,39.78,,
DJ504227_3,US SD 1.3米L桌高桌带置物架  一件一箱 颜色->989-3灰色,ALL,UNKNOWN,C,T4B,7.95,3.24,0,3.24,,
DJ504295_3,US TS06 现代简约风1米6两布袋6抽电视柜带灯带插排 颜色->火烧云,ALL,AMAZON,D,T4B,54.94,26.37,0,26.37,,
DJ504297_1,"US BF 储物柜 DT25 7抽无拉手悬浮顶带灯带一件一箱 颜色->#1,黑色麻面",ALL,UNKNOWN,B,T4B,41.92,22.53,0,22.53,,
DJ504342_1,"US 床YW542T儿童双层床+绘本架 含灯带、插盘 颜色->#1,黑铁+黑色大浮雕",ALL,UNKNOWN,B,T4B,57.93,27.80,0,27.80,,
DJ504405_2,US TS01 12抽悬浮顶电视柜带插排一拖二灯带 一件一箱 颜色->火烧云,ALL,TEMU,B,T4B,14.58,7.84,0,7.84,,
DJ504502_1,"US AG 一格两门餐边柜 浮雕门吸塑 含灯带 一件一箱 尺码->#1,黑色",ALL,AMAZON,C,T4B,15.43,8.29,0,8.29,,
DJ504531_1,US SD L桌带文件抽桌面宽470mm 一件一箱 颜色->火烧云,ALL,AMAZON,C,T3,138.53,145.46,0,145.46,,
DJ504531_4,US SD L桌带文件抽桌面宽470mm 一件一箱 颜色->989-3,ALL,AMAZON,B,T2,323.35,275.69,0,275.69,,
DJ504535_1,"EU KM 软包液压床 假悬浮  双包 尺码->L,190*140;颜色->白色,PU白",ALL,AMAZON,C,T4B,28.44,15.29,0,15.29,,
DJ504535_3,"EU KM 软包液压床 假悬浮  双包 尺码->XL,200*140;颜色->白色,PU白",ALL,AMAZON,C,T4B,21.66,11.64,0,11.64,,
DJ504535_5,"EU KM 软包液压床 假悬浮 双包  尺码->XXL,200*160;颜色->白色,PU白",ALL,AMAZON,C,T4B,24.07,12.94,0,12.94,,
DJ504613_2,EU DC 铁木床 CBF-11L 方管铁木角落床带抽篮-138 白 90×200 一件两箱,ALL,AMAZON,C,T4B,27.65,14.07,0,14.07,,
DJ504621_3,US TS04s 6抽1米6电视柜带灯带插排 颜色->白色,ALL,AMAZON,D,T4B,23.44,11.93,0,11.93,,
DJ504657_2,"US HA 书桌 VT05 5抽单压波浪纹加高梳妆台玻璃柜+七彩流光灯+插座 颜色->#2,白色麻点",ALL,AMAZON,D,T4B,31.75,17.07,0,17.07,,
DJ504657_2,"US HA 书桌 VT05 5抽单压波浪纹加高梳妆台玻璃柜+七彩流光灯+插座 颜色->#2,白色麻点",ALL,TIKTOK,D,T4B,4.36,2.34,0,2.34,,
DJ504657_2,"US HA 书桌 VT05 5抽单压波浪纹加高梳妆台玻璃柜+七彩流光灯+插座 颜色->#2,白色麻点",ALL,UNKNOWN,D,T4B,11.27,6.06,0,6.06,,
DJ504687_1,UK AG 铁木软包床 英标排插 灯带 床垫150*200cm 一件一箱 颜色->深灰色,ALL,AMAZON,C,T4B,33.12,16.85,0,16.85,,
DJ504780_2,US 1.2变1.6米铁木软包餐桌椅套装 一件一箱 颜色->胡桃色,ALL,AMAZON,B,T3,140.45,139.86,0,139.86,,
DJ504851_1,US AG 绒布皇冠公主床 尾抽 T  颜色->粉色,ALL,WALMART,C,T4B,4.40,2.36,0,2.36,,
DJ504852_1,US AG 绒布皇冠公主床 尾两抽 F 颜色->粉色,ALL,UNKNOWN,C,T4B,3.90,1.87,0,1.87,,
DJ504887_2,US 低价款5布抽2m电脑桌 一件一箱 颜色->顶板棕+白,ALL,WALMART,C,T4B,15.35,8.25,0,8.25,,
DJ504895_1,"US HA 储物柜 DT33 3抽格栅镂空抽面模块化斗柜 一件一箱 颜色->#1,原木橡木色",ALL,AMAZON,C,T4B,16.28,8.29,0,8.29,,
DJ504895_1,"US HA 储物柜 DT33 3抽格栅镂空抽面模块化斗柜 一件一箱 颜色->#1,原木橡木色",ALL,UNKNOWN,C,T4B,11.96,5.74,0,5.74,,
DJ504900_3,US 床TB-2362F FB-儿童床-002  137*190 颜色->#3 灰色绒布,ALL,AMAZON,C,T4B,14.61,7.02,0,7.02,,
DJ504922_2,"US SK CT-YX01 圆形咖啡桌 一件一箱 颜色->#2,胡桃木色",ALL,TEMU,C,T4B,13.09,6.28,0,6.28,,
DJ504952_1,"US UA DK-SR02 板式原木两侧储物双人桌 一件一箱 颜色->#1,原木色",ALL,UNKNOWN,C,T4B,46.36,24.92,0,24.92,,
DJ504990_1,EU AG 软包悬浮床 床头分隔置物层 1.6*2m 一件两箱 颜色->深灰色,ALL,AMAZON,C,T4B,30.92,16.62,0,16.62,,
DJ505002_2,US HS 铝槽环绕灯带两开门+开放格木质镜柜 90*18*78 白色 一件一箱,ALL,AMAZON,C,T4B,23.90,11.47,0,11.47,,
DJ505057_1,US UA BF-RB 粉色天鹅绒床+抽屉  T尺寸 一个一箱 颜色->粉色,ALL,AMAZON,C,T4B,49.70,26.72,0,26.72,,
DJ505059_1,US UA BF-RB 粉色天鹅绒床+抽屉  F尺寸 一个一箱 颜色->粉色,ALL,AMAZON,C,T4B,16.20,8.24,0,8.24,,
DJ505062_2,US SD 1.2米翻转升降桌 一件一箱 颜色->黑色,ALL,WALMART,C,T4B,8.09,4.35,0,4.35,,
DJ505067_2,"US 床GS-920T 高背绘本架沙发床 含灯带、插盘 99*190 颜色->#2,纯白",ALL,UNKNOWN,D,T4B,16.23,8.73,0,8.73,,
DJ505094_1,"US HA 储物柜 DT45 5抽凹槽无把手高柜一件一箱 颜色->#1,黑麻",ALL,AMAZON,C,T4B,30.75,12.54,0,12.54,,
DJ505114_2,US 竖条抽面拼亚克力6抽电脑桌  一件一箱 颜色->原木色,ALL,AMAZON,C,T4B,20.68,11.12,0,11.12,,
DJ505123_1,"US ER CT-YX02 小款圆形咖啡桌 一件一箱 颜色->#1,实木色",ALL,AMAZON,C,T4B,23.05,11.72,0,11.72,,
DJ505134_1,US SD 1.6米单人升降行政桌  一件两箱 颜色->金丝楠木+黑麻,ALL,WALMART,C,T4B,12.23,6.58,0,6.58,,
DJ505142_1,EU MJ MCQ-01铝槽环绕灯带双开门+开放格木质镜柜60*78*18 白色 一件一箱,ALL,AMAZON,C,T4B,31.70,17.04,0,17.04,,
DJ505143_2,EU MJ MCQ-02铝槽环绕灯带三开门+开放格木质镜柜 90*78*18 白色 一件一箱,ALL,AMAZON,C,T4B,37.51,20.16,0,20.16,,
DJ505145_1,US 1.2米拓1.6米长餐桌 一件一箱 颜色->原木色,ALL,TEMU,D,T4B,9.30,4.46,0,4.46,,
DJ505145_2,US 1.2米拓1.6米长餐桌 一件一箱 颜色->黑色,ALL,AMAZON,D,T4B,13.95,6.70,0,6.70,,
DJ505148,US DC 沙发凳折叠床 4英寸厚床垫*3 75*38英寸 颜色黑色 一件一箱,ALL,AMAZON,C,T4B,39.02,20.98,0,20.98,,
DJ505171_2_WF,US AG 翻盖布抽角落床 F 一件两箱 颜色->灰色,ALL,UNKNOWN,D,T4B,17.94,8.61,0,8.61,,
DJ505177_1_WF,US AG 6布抽2小翻盖角落床 F 一件两箱 颜色->火烧云,ALL,UNKNOWN,D,T4B,11.07,5.31,0,5.31,,
DJ505191_1,US UA DS-XF03  两列五层山纹黑色悬浮斗柜  一个两箱 颜色->黑色,ALL,TIKTOK,C,T4B,4.87,2.34,0,2.34,,
DJ505203_2,EU DC 铁木床 CBF-01L HQ 软包角落床 606 140*200  灰色  一件两箱,ALL,UNKNOWN,C,T4B,3.32,1.59,0,1.59,,
DJ505229_1,"US HA 书桌 VT12 圆弧柱5抽两门波浪纹大镜子款 一件两箱A/B 颜色->#1,原木橡木色",ALL,AMAZON,A,T3,141.78,136.67,0,136.67,,
DJ505229_1_WF,"US HA 书桌 VT12 圆弧柱5抽两门波浪纹大镜子款 一件两箱A/B 颜色->#1,原木橡木色",ALL,UNKNOWN,D,T4B,56.69,27.21,0,27.21,,
DJ505280_1,US UA OTS-TM01 带推车铁木马桶架 一件一箱 颜色->白色,ALL,TEMU,C,T4B,39.04,20.99,0,20.99,,
DJ505280_2,US UA OTS-TM01 带推车铁木马桶架 一件一箱 颜色->黑色,ALL,TEMU,C,T4B,36.52,19.63,0,19.63,,
DJ505311_2_WF,US HS 抽屉柜 DDB-09 3x3 底座 三孔插排 无把手 一件两箱 颜色->白色,ALL,UNKNOWN,C,T4B,26.57,12.75,0,12.75,,
DJ505325_1,US 床GSI-006F带储物柜上床下桌床含灯带插盘137*190一件两箱黑铁+火烧云板,ALL,AMAZON,C,T4B,64.85,32.99,0,32.99,,
DJ505325_1,US 床GSI-006F带储物柜上床下桌床含灯带插盘137*190一件两箱黑铁+火烧云板,ALL,TIKTOK,C,T4B,4.87,2.34,0,2.34,,
DJ505347_3,US 1.1变1.5米圆形带层架餐桌椅套装 一件一箱 颜色->黑色,ALL,TEMU,C,T4B,8.48,4.56,0,4.56,,
DJ505353_2,"US HA 书桌 VT06 冰箱门转角波浪纹加高梳妆台玻璃柜+七彩流光灯+插座 一件两箱A/B 颜色->#2,白色麻面",ALL,AMAZON,C,T4B,18.99,10.21,0,10.21,,
DJ505398_2,US DC 高架床 TPB-02  AF 9抽 F+2T尺寸 三人床 一件两箱 颜色->白色,ALL,AMAZON,C,T4B,27.15,14.59,0,14.59,,
DJ505445_2,"EU AG 软包沙发床 带挡板拖床棉麻 一件两箱 尺码->#2,米白色",ALL,AMAZON,C,T4B,18.82,9.03,0,9.03,,
DJ505465_2,US UA BK-GD02拱顶书柜宽60cm带灯 一件一箱 颜色->棕色G29024I,ALL,UNKNOWN,C,T4B,38.97,18.71,0,18.71,,
DJ505473_1,UK AG 铁木悬浮床 软包靠背 双层置物 USB插排 灯带 床垫135*190cm 一件一箱 颜色->深灰色,ALL,UNKNOWN,C,T4B,16.39,7.86,0,7.86,,
DJ505504_1,UK AG JYH213A 棉麻软包气杆床 圆弧掀盖靠背 双灯带 90*190cm 一件两箱 颜色->深灰色,ALL,AMAZON,C,T4B,20.37,9.78,0,9.78,,
DJ505504_2,UK AG JYH213A 棉麻软包气杆床 圆弧掀盖靠背 双灯带 90*190cm 一件两箱 颜色->米白,ALL,AMAZON,C,T4B,20.37,9.78,0,9.78,,
DJ505520_1,UK BW CBQ-02 客卧床尾桌款青少年床90*190 白色 一件两箱,ALL,AMAZON,C,T4B,39.86,19.13,0,19.13,,
DJ505521_1,UK BW CBQ-04 客卧床尾收纳柜款青少年床90*190 白色 一件两箱,ALL,AMAZON,C,T4B,38.97,18.71,0,18.71,,
DJ505536_1,US DC 高架床 TPB-04  RL 幼儿风格 树屋款  三人床 一件一箱 颜色->黑色,ALL,WALMART,C,T4B,5.54,2.66,0,2.66,,
DJ505539_1,UK VD 角落气杆软包床 2层置物 床垫90*190cm 一件两箱 颜色->深灰色,ALL,UNKNOWN,C,T4B,6.42,3.08,0,3.08,,
DJ505555_2,UK AG三抽一格玻璃台面床头柜40*35英规排插2AC+1U+1T 一件一箱 颜色->黑色,ALL,AMAZON,C,T4B,31.89,15.30,0,15.30,,
DJ505565_2,US UA BK--ST01 上F下T儿童储物床 一件一箱 颜色->白色,ALL,WALMART,C,T4B,3.54,1.70,0,1.70,,
DJ505574_1,US DC 步梯高架床 LBWS-01 八抽一字桌款GS031  黑色+橡木灰 一件二箱,ALL,AMAZON,B,T4B,36.09,17.33,0,17.33,,
DJ505574_1,US DC 步梯高架床 LBWS-01 八抽一字桌款GS031  黑色+橡木灰 一件二箱,ALL,WALMART,B,T4B,6.64,3.19,0,3.19,,
DJ505574_2,US DC 步梯高架床 LBWS-01 八抽一字桌款GS031  白色+原木色 一件二箱,ALL,AMAZON,C,T4B,32.11,15.41,0,15.41,,
DJ505574_2,US DC 步梯高架床 LBWS-01 八抽一字桌款GS031  白色+原木色 一件二箱,ALL,WALMART,C,T4B,11.29,5.42,0,5.42,,
DJ505574_3,US DC 步梯高架床 LBWS-01 八抽一字桌款GS031  白色+渐变粉 一件二箱,ALL,AMAZON,C,T4B,45.84,22.00,0,22.00,,
DJ505574_3,US DC 步梯高架床 LBWS-01 八抽一字桌款GS031  白色+渐变粉 一件二箱,ALL,WALMART,C,T4B,5.98,2.87,0,2.87,,
DJ505576_1,US SD 1.52米单门高桌 一件一箱  颜色->黑麻,ALL,UNKNOWN,C,T4B,14.75,7.93,0,7.93,,
DJ505578_1,US 现代简约风移动柜行政桌 一件一箱 颜色->棕+黑,ALL,AMAZON,C,T4B,18.60,8.93,0,8.93,,
DJ505650_1,US SD 1.4米单人三抽U型腿电脑桌  一件一箱 颜色->原木色零度浮雕,ALL,AMAZON,C,T4B,32.33,15.52,0,15.52,,
DJ505651_2,US 1.6米U型腿三抽板材L桌 一件两箱 颜色->黑色大山纹零度,ALL,AMAZON,C,T4B,23.91,11.48,0,11.48,,
DJ505651_3,US 1.6米U型腿三抽板材L桌 一件两箱 颜色->白色大山纹零度,ALL,AMAZON,C,T4B,18.60,8.93,0,8.93,,
DJ505655_1,US SD 1.65米X字双抽电脑桌 一件一箱 颜色->棕（顶）+白麻,ALL,AMAZON,C,T4B,38.31,18.39,0,18.39,,
DJ505694_1,US GSI-FB11款 7抽带窗上床下地板床带灯带斜梯带脚垫 一件一箱 颜色->黑色,ALL,AMAZON,D,T4B,38.09,18.28,0,18.28,,
DJ505711_1,US SD L桌六抽升降桌电脑桌 一件两箱 颜色->棕色+黑色,ALL,AMAZON,C,T4B,43.84,21.05,0,21.05,,
DJ505711_1,US SD L桌六抽升降桌电脑桌 一件两箱 颜色->棕色+黑色,ALL,TEMU,C,T4B,3.32,1.59,0,1.59,,
DJ505729_1,US SD X单人三铁木款升降桌 一件一箱 颜色->棕+黑,ALL,TEMU,C,T4B,6.64,3.19,0,3.19,,
DJ505740_1,US 80cmX字谷仓门板材文件柜 一件一箱 颜色->YB-M941棕顶+白,ALL,AMAZON,C,T4B,47.16,22.64,0,22.64,,
DJ505796_1,US 板材亚克力角落高桌 一件一箱 颜色->棕+白,ALL,AMAZON,C,T4B,37.86,18.18,0,18.18,,
DJVN000018_1,US  2米飞机桌带两抽   一件一箱  颜色->白色碳钎维,ALL,AMAZON,C,T4B,33.34,16.00,0,16.00,,
DJVN000018_1,US  2米飞机桌带两抽   一件一箱  颜色->白色碳钎维,ALL,TEMU,C,T4B,7.52,3.83,0,3.83,,
DJVN000018_2,US  2米飞机桌带两抽   一件一箱  颜色->黑色碳钎维,ALL,TEMU,B,T4B,30.86,16.59,0,16.59,,
DJVN000018_2,US  2米飞机桌带两抽   一件一箱  颜色->黑色碳钎维,ALL,TIKTOK,B,T4B,19.59,9.97,0,9.97,,
DJVN000018_3,US  2米飞机桌带两抽   一件一箱  颜色->黑色碳钎维板+红色PVC封边,ALL,AMAZON,C,T4B,48.54,19.80,0,19.80,,
DJVN000018_3,US  2米飞机桌带两抽   一件一箱  颜色->黑色碳钎维板+红色PVC封边,ALL,TEMU,C,T4B,11.20,5.38,0,5.38,,
DJVN000040_2,"US AE 书柜 NT27 抽屉2个+空格 2件1箱小麻点款 二件一箱 颜色->#1,黑色小麻点",ALL,UNKNOWN,D,T4B,46.58,22.36,0,22.36,,
DJVN000057_1,US SD 1.4米单人X字三抽电脑桌 一件一箱 颜色->棕色,ALL,UNKNOWN,C,T4B,19.26,9.80,0,9.80,,
DJVN000057_1,US SD 1.4米单人X字三抽电脑桌 一件一箱 颜色->棕色,ALL,WALMART,C,T4B,6.83,3.28,0,3.28,,
DJVN000057_2,US SD 1.4米单人X字三抽电脑桌 一件一箱 颜色->棕色（顶）+白,ALL,AMAZON,C,T3,153.60,138.24,0,138.24,,
DJVN000066_1,"US QZ 钢琴面两斗柜 一件一箱 ,原橡木色",ALL,AMAZON,C,T4B,40.03,21.52,0,21.52,,
DJVN000071_1,"US QZ 钢琴面六斗柜 -件一箱 尺码->#1,原橡木色",ALL,AMAZON,C,T4B,29.77,16.01,0,16.01,,
DJVN000072_1,US 16寸现代简约洗手台 一件一箱 颜色->白色麻面(DS6610-D),ALL,AMAZON,D,T4B,44.92,24.15,0,24.15,,
DJVN000072_1,US 16寸现代简约洗手台 一件一箱 颜色->白色麻面(DS6610-D),ALL,TEMU,D,T4B,10.19,4.89,0,4.89,,
DJVN000081_1,US WIN L型板式斜腿滑动门行政桌 一件二箱 颜色->山纹黑(DS6607),ALL,AMAZON,C,T4B,41.34,19.84,0,19.84,,
DJVN000083_1,US WIN L型U字腿铁木行政桌 一件两箱 颜色->山纹黑(DS6607),ALL,AMAZON,D,T4B,28.29,14.39,0,14.39,,
DJVN000084_2,US WIN 37寸现代简约洗手台 一件二箱 颜色->黑色光面(DS6607),ALL,AMAZON,D,T4B,12.95,5.28,0,5.28,,
DJVN000099_1,"US WIN 窄款浴室柜 一件一箱 颜色->#2,浮雕大山纹白-大通元素DS6610",ALL,AMAZON,D,T4B,34.58,14.11,0,14.11,,
DJVN000102_1,"US QZ 农舍风六抽斗柜，加长款，一件一箱 ,黄胡桃加云溪白",ALL,AMAZON,D,T4B,46.48,24.99,0,24.99,,
DJVN000102_2,"US QZ 农舍风六抽斗柜，加长款，一件一箱 ,灰橡木",ALL,AMAZON,D,T4B,23.45,12.61,0,12.61,,
DJVN000103_2,"US QZ 农舍风五抽斗柜，一件一箱 ,灰橡木",ALL,AMAZON,D,T4B,27.87,14.98,0,14.98,,
DJVN000104_1,"US QZ 农舍风六抽斗柜，常规款，一件一箱 ,黄胡桃加云溪白",ALL,AMAZON,D,T4B,43.43,23.35,0,23.35,,
DJVN000128_1,"US QZ 藤编两抽床头柜，带插座，一件一箱 尺码->#1,灰橡木",ALL,AMAZON,D,T4B,66.84,35.93,0,35.93,,
DJVN000160_1,"US WIN 凹肩五抽柜 一件一箱 颜色 山纹黑(DS6607) 颜色->黑色,山纹黑色",ALL,AMAZON,D,T4B,15.77,8.48,0,8.48,,
SFDJ503122_5,US TA 谷仓门双顶咖啡桌 一件一箱 颜色->黑+咖啡胡桃,ALL,TIKTOK,D,T4B,17.05,8.18,0,8.18,,
SFDJ504725_2,US 竖条纹美式铁木L桌 一件一箱 颜色->棕顶+黑,ALL,AMAZON,D,T4B,13.29,6.38,0,6.38,,
SFDJ505118_2,US 1.4米升降桌 一件两箱  颜色->主体黑+顶板棕,ALL,UNKNOWN,D,T4B,31.08,16.71,0,16.71,,
SFDJ505118_2,US 1.4米升降桌 一件两箱  颜色->主体黑+顶板棕,ALL,WALMART,D,T4B,6.62,3.56,0,3.56,,
SFDJ505651_1,US 1.6米U型腿三抽板材L桌 一件两箱 颜色->原木色零度浮雕,ALL,AMAZON,D,T4B,8.64,4.14,0,4.14,,
SFDJ505732_1,US 1.5米农舍竖条对开门L桌 一件一箱 颜色->白+棕,ALL,TIKTOK,D,T4B,7.97,3.83,0,3.83,,
